timestamp;total;ASH_COATED_OSMIUM;INTARIAN_PEPPER_ROOT
0;-63.0;0.0;-63.0
100;-119.0;0.0;-119.0
200;-93.5;0.0;-93.5
300;-175.0;0.0;-175.0
400;-269.0;-24.0;-245.0
500;-296.0;12.0;-308.0
600;-447.0;4.0;-451.0
700;-388.0;16.0;-404.0
800;-460.0;0.0;-460.0
900;-352.0;0.0;-352.0
1000;-480.0;8.0;-488.0
1100;-480.0;8.0;-488.0
1200;-366.0;8.0;-374.0
1300;-480.0;8.0;-488.0
1400;-480.0;8.0;-488.0
1500;-328.0;8.0;-336.0
1600;-404.0;8.0;-412.0
1700;-408.0;4.0;-412.0
1800;-380.0;32.0;-412.0
1900;-412.0;0.0;-412.0
2000;-412.0;0.0;-412.0
2100;-420.0;-8.0;-412.0
2200;-420.0;-8.0;-412.0
2300;-268.0;-8.0;-260.0
2400;-272.0;-12.0;-260.0
2500;-260.0;0.0;-260.0
2600;-324.0;12.0;-336.0
2700;-792.0;0.0;-792.0
2800;-344.0;-8.0;-336.0
2900;40.0;-4.0;44.0
3000;-222.0;0.0;-222.0
3100;-328.0;8.0;-336.0
3200;-328.0;8.0;-336.0
3300;-328.0;8.0;-336.0
3400;-328.0;8.0;-336.0
3500;-282.0;16.0;-298.0
3600;-252.0;8.0;-260.0
3700;-244.0;16.0;-260.0
3800;-280.0;-20.0;-260.0
3900;-252.0;8.0;-260.0
4000;-236.0;24.0;-260.0
4100;-268.0;-8.0;-260.0
4200;-252.0;8.0;-260.0
4300;-244.0;16.0;-260.0
4400;-252.0;8.0;-260.0
4500;-222.0;0.0;-222.0
4600;-184.0;0.0;-184.0
4700;-176.0;8.0;-184.0
4800;-354.0;20.0;-374.0
4900;-176.0;8.0;-184.0
5000;-176.0;8.0;-184.0
5100;-164.0;20.0;-184.0
5200;-164.0;20.0;-184.0
5300;-168.0;16.0;-184.0
5400;-188.0;-4.0;-184.0
5500;-36.0;-4.0;-32.0
5600;-100.0;8.0;-108.0
5700;-100.0;8.0;-108.0
5800;-100.0;8.0;-108.0
5900;-108.0;0.0;-108.0
6000;-214.0;8.0;-222.0
6100;-218.0;4.0;-222.0
6200;-100.0;8.0;-108.0
6300;-88.0;20.0;-108.0
6400;-214.0;8.0;-222.0
6500;-214.0;8.0;-222.0
6600;-214.0;8.0;-222.0
6700;-20.0;12.0;-32.0
6800;-24.0;8.0;-32.0
6900;82.0;0.0;82.0
7000;-24.0;8.0;-32.0
7100;-20.0;12.0;-32.0
7200;-44.0;-12.0;-32.0
7300;-24.0;8.0;-32.0
7400;-24.0;8.0;-32.0
7500;14.0;8.0;6.0
7600;80.0;36.0;44.0
7700;62.0;18.0;44.0
7800;-49.0;21.0;-70.0
7900;65.0;21.0;44.0
8000;176.0;18.0;158.0
8100;68.0;24.0;44.0
8200;69.5;25.5;44.0
8300;65.0;21.0;44.0
8400;65.0;21.0;44.0
8500;100.0;18.0;82.0
8600;138.0;18.0;120.0
8700;252.0;18.0;234.0
8800;253.5;19.5;234.0
8900;153.0;33.0;120.0
9000;153.0;33.0;120.0
9100;132.0;12.0;120.0
9200;258.0;24.0;234.0
9300;141.0;21.0;120.0
9400;278.0;6.0;272.0
9500;78.0;34.0;44.0
9600;230.0;34.0;196.0
9700;233.5;37.5;196.0
9800;230.0;34.0;196.0
9900;-226.0;34.0;-260.0
10000;230.0;34.0;196.0
10100;230.0;34.0;196.0
10200;240.5;44.5;196.0
10300;237.0;41.0;196.0
10400;244.0;48.0;196.0
10500;268.0;34.0;234.0
10600;313.0;41.0;272.0
10700;698.0;46.0;652.0
10800;316.0;44.0;272.0
10900;316.0;44.0;272.0
11000;284.5;12.5;272.0
11100;309.0;37.0;272.0
11200;195.0;37.0;158.0
11300;302.0;30.0;272.0
11400;454.0;30.0;424.0
11500;340.0;30.0;310.0
11600;378.0;30.0;348.0
11700;385.0;37.0;348.0
11800;388.5;40.5;348.0
11900;385.0;37.0;348.0
12000;378.0;30.0;348.0
12100;264.0;30.0;234.0
12200;388.5;40.5;348.0
12300;274.5;40.5;234.0
12400;378.0;30.0;348.0
12500;416.0;30.0;386.0
12600;-154.0;30.0;-184.0
12700;443.5;19.5;424.0
12800;454.0;30.0;424.0
12900;340.0;30.0;310.0
13000;454.0;30.0;424.0
13100;454.0;30.0;424.0
13200;454.0;30.0;424.0
13300;461.0;37.0;424.0
13400;461.0;37.0;424.0
13500;599.0;23.0;576.0
13600;537.0;37.0;500.0
13700;526.5;26.5;500.0
13800;526.5;26.5;500.0
13900;512.5;12.5;500.0
14000;626.5;12.5;614.0
14100;533.5;33.5;500.0
14200;637.0;23.0;614.0
14300;523.0;23.0;500.0
14400;371.0;23.0;348.0
14500;426.0;2.0;424.0
14600;599.0;23.0;576.0
14700;574.5;-1.5;576.0
14800;592.0;16.0;576.0
14900;606.0;30.0;576.0
15000;571.0;-5.0;576.0
15100;595.5;19.5;576.0
15200;730.5;40.5;690.0
15300;606.0;30.0;576.0
15400;620.0;44.0;576.0
15500;647.5;33.5;614.0
15600;661.0;47.0;614.0
15700;699.0;47.0;652.0
15800;697.5;45.5;652.0
15900;699.0;47.0;652.0
16000;700.5;48.5;652.0
16100;579.0;41.0;538.0
16200;585.0;47.0;538.0
16300;1117.0;47.0;1070.0
16400;699.0;47.0;652.0
16500;741.5;51.5;690.0
16600;623.0;47.0;576.0
16700;620.0;44.0;576.0
16800;775.0;47.0;728.0
16900;661.0;47.0;614.0
17000;775.0;47.0;728.0
17100;775.0;47.0;728.0
17200;775.0;47.0;728.0
17300;817.5;51.5;766.0
17400;360.0;50.0;310.0
17500;816.0;50.0;766.0
17600;855.5;51.5;804.0
17700;855.5;51.5;804.0
17800;851.0;47.0;804.0
17900;854.0;50.0;804.0
18000;857.0;53.0;804.0
18100;854.0;50.0;804.0
18200;854.0;50.0;804.0
18300;854.0;50.0;804.0
18400;854.0;50.0;804.0
18500;887.5;45.5;842.0
18600;930.0;50.0;880.0
18700;787.0;59.0;728.0
18800;816.0;50.0;766.0
18900;1054.5;60.5;994.0
19000;934.5;54.5;880.0
19100;930.0;50.0;880.0
19200;814.5;48.5;766.0
19300;814.5;48.5;766.0
19400;816.0;50.0;766.0
19500;1082.0;50.0;1032.0
19600;854.0;50.0;804.0
19700;1006.0;50.0;956.0
19800;895.0;53.0;842.0
19900;819.0;53.0;766.0
20000;1123.0;53.0;1070.0
20100;1123.0;53.0;1070.0
20200;1009.0;53.0;956.0
20300;1158.0;50.0;1108.0
20400;1164.0;56.0;1108.0
20500;1050.0;56.0;994.0
20600;1088.0;56.0;1032.0
20700;1091.0;59.0;1032.0
20800;1202.0;56.0;1146.0
20900;1206.5;60.5;1146.0
21000;1086.5;54.5;1032.0
21100;1091.0;59.0;1032.0
21200;1100.0;68.0;1032.0
21300;1100.0;68.0;1032.0
21400;1088.0;56.0;1032.0
21500;1120.0;50.0;1070.0
21600;1006.0;50.0;956.0
21700;1158.0;50.0;1108.0
21800;1161.0;53.0;1108.0
21900;1045.5;51.5;994.0
22000;1162.5;54.5;1108.0
22100;1165.5;57.5;1108.0
22200;1278.0;56.0;1222.0
22300;1164.0;56.0;1108.0
22400;1167.0;59.0;1108.0
22500;1202.0;56.0;1146.0
22600;1240.0;56.0;1184.0
22700;1240.0;56.0;1184.0
22800;1349.5;51.5;1298.0
22900;1127.5;57.5;1070.0
23000;1264.0;56.0;1208.0
23100;824.0;56.0;768.0
23200;1380.0;52.0;1328.0
23300;1282.0;74.0;1208.0
23400;1442.0;74.0;1368.0
23500;1322.0;74.0;1248.0
23600;1362.0;74.0;1288.0
23700;1356.0;68.0;1288.0
23800;1356.0;68.0;1288.0
23900;1368.0;80.0;1288.0
24000;1356.0;68.0;1288.0
24100;1362.0;74.0;1288.0
24200;1358.0;70.0;1288.0
24300;1238.0;70.0;1168.0
24400;1364.0;76.0;1288.0
24500;1518.0;70.0;1448.0
24600;1558.0;70.0;1488.0
24700;1278.0;70.0;1208.0
24800;1552.0;64.0;1488.0
24900;1438.0;70.0;1368.0
25000;1442.0;74.0;1368.0
25100;1432.0;64.0;1368.0
25200;1454.0;86.0;1368.0
25300;1454.0;86.0;1368.0
25400;1612.0;84.0;1528.0
25500;1498.0;90.0;1408.0
25600;1538.0;90.0;1448.0
25700;1378.0;90.0;1288.0
25800;1544.0;96.0;1448.0
25900;1542.0;94.0;1448.0
26000;1538.0;90.0;1448.0
26100;1542.0;94.0;1448.0
26200;1542.0;94.0;1448.0
26300;1530.0;82.0;1448.0
26400;1548.0;100.0;1448.0
26500;1584.0;96.0;1488.0
26600;1464.0;96.0;1368.0
26700;1462.0;94.0;1368.0
26800;1624.0;96.0;1528.0
26900;1630.0;102.0;1528.0
27000;1646.0;118.0;1528.0
27100;1646.0;118.0;1528.0
27200;1642.0;114.0;1528.0
27300;1636.0;108.0;1528.0
27400;1642.0;114.0;1528.0
27500;1678.0;110.0;1568.0
27600;1836.0;108.0;1728.0
27700;1722.0;114.0;1608.0
27800;1716.0;108.0;1608.0
27900;1722.0;114.0;1608.0
28000;1726.0;118.0;1608.0
28100;1846.0;118.0;1728.0
28200;1726.0;118.0;1608.0
28300;1886.0;118.0;1768.0
28400;1726.0;118.0;1608.0
28500;1886.0;118.0;1768.0
28600;1806.0;118.0;1688.0
28700;1966.0;118.0;1848.0
28800;1806.0;118.0;1688.0
28900;1926.0;118.0;1808.0
29000;1806.0;118.0;1688.0
29100;1806.0;118.0;1688.0
29200;1806.0;118.0;1688.0
29300;1806.0;118.0;1688.0
29400;1806.0;118.0;1688.0
29500;1966.0;118.0;1848.0
29600;1886.0;118.0;1768.0
29700;1886.0;118.0;1768.0
29800;1886.0;118.0;1768.0
29900;1886.0;118.0;1768.0
30000;1886.0;118.0;1768.0
30100;1886.0;118.0;1768.0
30200;1886.0;118.0;1768.0
30300;1886.0;118.0;1768.0
30400;1886.0;118.0;1768.0
30500;2046.0;118.0;1928.0
30600;1966.0;118.0;1848.0
30700;1966.0;118.0;1848.0
30800;1966.0;118.0;1848.0
30900;1966.0;118.0;1848.0
31000;1966.0;118.0;1848.0
31100;1966.0;118.0;1848.0
31200;1966.0;118.0;1848.0
31300;1966.0;118.0;1848.0
31400;1966.0;118.0;1848.0
31500;2006.0;118.0;1888.0
31600;2046.0;118.0;1928.0
31700;2166.0;118.0;2048.0
31800;2046.0;118.0;1928.0
31900;2046.0;118.0;1928.0
32000;2046.0;118.0;1928.0
32100;1926.0;118.0;1808.0
32200;1926.0;118.0;1808.0
32300;2206.0;118.0;2088.0
32400;2046.0;118.0;1928.0
32500;2526.0;118.0;2408.0
32600;2126.0;118.0;2008.0
32700;2126.0;118.0;2008.0
32800;2087.0;79.0;2008.0
32900;2165.0;157.0;2008.0
33000;2158.5;150.5;2008.0
33100;2158.5;150.5;2008.0
33200;2152.0;144.0;2008.0
33300;2624.5;176.5;2448.0
33400;2073.0;65.0;2008.0
33500;2223.0;175.0;2048.0
33600;2041.0;153.0;1888.0
33700;2285.0;197.0;2088.0
33800;2285.0;197.0;2088.0
33900;2285.0;197.0;2088.0
34000;2285.0;197.0;2088.0
34100;2285.0;197.0;2088.0
34200;2372.0;164.0;2208.0
34300;2285.0;197.0;2088.0
34400;2285.0;197.0;2088.0
34500;2467.0;219.0;2248.0
34600;2423.0;175.0;2248.0
34700;2343.0;175.0;2168.0
34800;2365.0;197.0;2168.0
34900;2485.0;197.0;2288.0
35000;2223.0;175.0;2048.0
35100;2267.0;219.0;2048.0
35200;2365.0;197.0;2168.0
35300;2365.0;197.0;2168.0
35400;2365.0;197.0;2168.0
35500;2405.0;197.0;2208.0
35600;2565.0;197.0;2368.0
35700;2845.0;197.0;2648.0
35800;1867.0;219.0;1648.0
35900;2445.0;197.0;2248.0
36000;2456.0;208.0;2248.0
36100;2918.0;230.0;2688.0
36200;2445.0;197.0;2248.0
36300;2445.0;197.0;2248.0
36400;2445.0;197.0;2248.0
36500;2485.0;197.0;2288.0
36600;2481.0;153.0;2328.0
36700;2503.0;175.0;2328.0
36800;2547.0;219.0;2328.0
36900;2558.0;230.0;2328.0
37000;2569.0;241.0;2328.0
37100;2525.0;197.0;2328.0
37200;2525.0;197.0;2328.0
37300;2525.0;197.0;2328.0
37400;2503.0;175.0;2328.0
37500;2630.0;142.0;2488.0
37600;2703.0;175.0;2528.0
37700;2423.0;175.0;2248.0
37800;2508.0;260.0;2248.0
37900;2577.0;169.0;2408.0
38000;2577.0;169.0;2408.0
38100;2598.0;190.0;2408.0
38200;2718.0;190.0;2528.0
38300;2697.0;169.0;2528.0
38400;2137.0;169.0;1968.0
38500;2497.0;169.0;2328.0
38600;2678.0;190.0;2488.0
38700;2671.0;183.0;2488.0
38800;2537.0;169.0;2368.0
38900;2657.0;169.0;2488.0
39000;2558.0;190.0;2368.0
39100;2657.0;169.0;2488.0
39200;2671.0;183.0;2488.0
39300;2636.0;148.0;2488.0
39400;2810.0;162.0;2648.0
39500;2683.0;155.0;2528.0
39600;2737.0;169.0;2568.0
39700;2723.0;155.0;2568.0
39800;2723.0;155.0;2568.0
39900;2737.0;169.0;2568.0
40000;2589.0;141.0;2448.0
40100;2737.0;169.0;2568.0
40200;2737.0;169.0;2568.0
40300;2744.0;176.0;2568.0
40400;2883.0;155.0;2728.0
40500;2763.0;155.0;2608.0
40600;2817.0;169.0;2648.0
40700;2817.0;169.0;2648.0
40800;2831.0;183.0;2648.0
40900;2845.0;197.0;2648.0
41000;2831.0;183.0;2648.0
41100;2831.0;183.0;2648.0
41200;2951.0;183.0;2768.0
41300;2697.0;169.0;2528.0
41400;2831.0;183.0;2648.0
41500;2751.0;183.0;2568.0
41600;2911.0;183.0;2728.0
41700;2925.0;197.0;2728.0
41800;2970.5;242.5;2728.0
41900;2921.0;193.0;2728.0
42000;2481.0;193.0;2288.0
42100;3050.0;202.0;2848.0
42200;2925.5;197.5;2728.0
42300;2939.0;211.0;2728.0
42400;2934.5;206.5;2728.0
42500;2992.5;224.5;2768.0
42600;3010.0;202.0;2808.0
42700;3130.0;202.0;2928.0
42800;2890.0;202.0;2688.0
42900;3014.5;206.5;2808.0
43000;2534.0;166.0;2368.0
43100;3001.0;193.0;2808.0
43200;3001.0;193.0;2808.0
43300;3001.0;193.0;2808.0
43400;3161.0;193.0;2968.0
43500;3032.0;184.0;2848.0
43600;3081.0;193.0;2888.0
43700;2925.5;197.5;2728.0
43800;3085.5;197.5;2888.0
43900;3085.5;197.5;2888.0
44000;3081.0;193.0;2888.0
44100;3201.0;193.0;3008.0
44200;2970.0;202.0;2768.0
44300;2970.0;202.0;2768.0
44400;2930.0;202.0;2728.0
44500;3250.0;202.0;3048.0
44600;3152.0;184.0;2968.0
44700;2690.0;202.0;2488.0
44800;3100.5;132.5;2968.0
44900;3194.0;226.0;2968.0
45000;3074.0;226.0;2848.0
45100;3194.0;226.0;2968.0
45200;2989.0;141.0;2848.0
45300;3108.0;260.0;2848.0
45400;3211.0;243.0;2968.0
45500;3251.0;243.0;3008.0
45600;3402.5;234.5;3168.0
45700;3274.0;226.0;3048.0
45800;3274.0;226.0;3048.0
45900;3274.0;226.0;3048.0
46000;3308.0;260.0;3048.0
46100;3411.0;243.0;3168.0
46200;3291.0;243.0;3048.0
46300;3206.0;158.0;3048.0
46400;3274.0;226.0;3048.0
46500;3492.0;284.0;3208.0
46600;3380.0;252.0;3128.0
46700;3372.0;244.0;3128.0
46800;2772.0;244.0;2528.0
46900;3372.0;244.0;3128.0
47000;3340.0;212.0;3128.0
47100;3512.0;264.0;3248.0
47200;3360.0;232.0;3128.0
47300;3432.0;264.0;3168.0
47400;3372.0;244.0;3128.0
47500;3412.0;244.0;3168.0
47600;3444.0;236.0;3208.0
47700;3444.0;236.0;3208.0
47800;3436.0;228.0;3208.0
47900;3452.0;244.0;3208.0
48000;3460.0;252.0;3208.0
48100;3900.0;252.0;3648.0
48200;3460.0;252.0;3208.0
48300;3460.0;252.0;3208.0
48400;3448.0;240.0;3208.0
48500;3480.0;232.0;3248.0
48600;3524.0;236.0;3288.0
48700;3652.0;244.0;3408.0
48800;3412.0;244.0;3168.0
48900;3404.0;236.0;3168.0
49000;3524.0;236.0;3288.0
49100;3524.0;236.0;3288.0
49200;3640.0;232.0;3408.0
49300;3408.0;240.0;3168.0
49400;3550.5;262.5;3288.0
49500;3468.0;260.0;3208.0
49600;3468.0;260.0;3208.0
49700;3470.0;262.0;3208.0
49800;3628.5;260.5;3368.0
49900;3628.5;260.5;3368.0
50000;3630.0;262.0;3368.0
50100;3510.0;262.0;3248.0
50200;3510.0;262.0;3248.0
50300;3630.5;262.5;3368.0
50400;3629.5;261.5;3368.0
50500;3669.0;261.0;3408.0
50600;3549.0;261.0;3288.0
50700;3709.0;261.0;3448.0
50800;3709.0;261.0;3448.0
50900;3709.0;261.0;3448.0
51000;3705.5;257.5;3448.0
51100;3708.0;260.0;3448.0
51200;3588.0;260.0;3328.0
51300;3709.0;261.0;3448.0
51400;3589.0;261.0;3328.0
51500;3747.0;259.0;3488.0
51600;3789.0;261.0;3528.0
51700;3788.0;260.0;3528.0
51800;3788.0;260.0;3528.0
51900;3789.0;261.0;3528.0
52000;3789.0;261.0;3528.0
52100;3669.0;261.0;3408.0
52200;3787.5;259.5;3528.0
52300;3790.5;262.5;3528.0
52400;3789.0;261.0;3528.0
52500;3949.0;261.0;3688.0
52600;4389.0;261.0;4128.0
52700;3710.0;262.0;3448.0
52800;3869.0;261.0;3608.0
52900;3869.0;261.0;3608.0
53000;3989.0;261.0;3728.0
53100;3866.0;258.0;3608.0
53200;4307.5;259.5;4048.0
53300;3748.0;260.0;3488.0
53400;3748.0;260.0;3488.0
53500;4029.0;261.0;3768.0
53600;3309.0;261.0;3048.0
53700;4069.0;261.0;3808.0
53800;3947.5;259.5;3688.0
53900;3948.0;260.0;3688.0
54000;3829.5;261.5;3568.0
54100;3948.0;260.0;3688.0
54200;3829.0;261.0;3568.0
54300;3830.0;262.0;3568.0
54400;3950.0;262.0;3688.0
54500;3989.0;261.0;3728.0
54600;4030.5;262.5;3768.0
54700;4029.0;261.0;3768.0
54800;4029.0;261.0;3768.0
54900;4147.0;259.0;3888.0
55000;4147.0;259.0;3888.0
55100;4028.0;260.0;3768.0
55200;4030.0;262.0;3768.0
55300;4190.0;262.0;3928.0
55400;4029.0;261.0;3768.0
55500;4069.0;261.0;3808.0
55600;4109.0;261.0;3848.0
55700;4267.5;259.5;4008.0
55800;4107.5;259.5;3848.0
55900;4108.0;260.0;3848.0
56000;4108.0;260.0;3848.0
56100;3986.5;258.5;3728.0
56200;4106.0;258.0;3848.0
56300;3987.0;259.0;3728.0
56400;4109.5;261.5;3848.0
56500;4149.5;261.5;3888.0
56600;4309.5;261.5;4048.0
56700;4026.0;258.0;3768.0
56800;4066.0;258.0;3808.0
56900;4066.0;258.0;3808.0
57000;4067.5;259.5;3808.0
57100;4067.0;259.0;3808.0
57200;4187.0;259.0;3928.0
57300;4190.0;262.0;3928.0
57400;4190.0;262.0;3928.0
57500;4227.0;259.0;3968.0
57600;4267.5;259.5;4008.0
57700;4265.5;257.5;4008.0
57800;4267.0;259.0;4008.0
57900;4148.5;260.5;3888.0
58000;4268.0;260.0;4008.0
58100;4126.0;238.0;3888.0
58200;4290.0;282.0;4008.0
58300;4294.0;286.0;4008.0
58400;4294.0;286.0;4008.0
58500;4334.0;286.0;4048.0
58600;4322.0;274.0;4048.0
58700;4374.0;286.0;4088.0
58800;4254.0;286.0;3968.0
58900;4254.0;286.0;3968.0
59000;4382.0;294.0;4088.0
59100;4382.0;294.0;4088.0
59200;4846.0;318.0;4528.0
59300;4406.0;318.0;4088.0
59400;4382.0;294.0;4088.0
59500;4426.0;298.0;4128.0
59600;4478.0;310.0;4168.0
59700;4246.0;278.0;3968.0
59800;4482.0;314.0;4168.0
59900;4338.0;290.0;4048.0
60000;4470.0;302.0;4168.0
60100;4462.0;294.0;4168.0
60200;4474.0;306.0;4168.0
60300;4275.0;227.0;4048.0
60400;4480.0;312.0;4168.0
60500;4520.0;312.0;4208.0
60600;4594.0;346.0;4248.0
60700;4577.0;329.0;4248.0
60800;4568.5;320.5;4248.0
60900;4577.0;329.0;4248.0
61000;4577.0;329.0;4248.0
61100;4577.0;329.0;4248.0
61200;4697.0;329.0;4368.0
61300;4577.0;329.0;4248.0
61400;4577.0;329.0;4248.0
61500;4617.0;329.0;4288.0
61600;4642.0;194.0;4448.0
61700;4669.0;341.0;4328.0
61800;4637.5;309.5;4328.0
61900;4637.5;309.5;4328.0
62000;4648.0;320.0;4328.0
62100;4496.5;288.5;4208.0
62200;4648.0;320.0;4328.0
62300;4648.0;320.0;4328.0
62400;4648.0;320.0;4328.0
62500;4688.0;320.0;4368.0
62600;4738.5;330.5;4408.0
62700;4827.0;299.0;4528.0
62800;4728.0;320.0;4408.0
62900;4608.0;320.0;4288.0
63000;4749.0;341.0;4408.0
63100;4749.0;341.0;4408.0
63200;4869.0;341.0;4528.0
63300;4717.5;309.5;4408.0
63400;4770.0;362.0;4408.0
63500;4669.0;341.0;4328.0
63600;4829.0;341.0;4488.0
63700;4648.0;320.0;4328.0
63800;4787.0;299.0;4488.0
63900;4667.0;299.0;4368.0
64000;4808.0;320.0;4488.0
64100;4808.0;320.0;4488.0
64200;4787.0;299.0;4488.0
64300;4347.0;299.0;4048.0
64400;4667.0;299.0;4368.0
64500;4827.0;299.0;4528.0
64600;4827.0;299.0;4528.0
64700;4888.0;320.0;4568.0
64800;5008.0;320.0;4688.0
64900;4768.0;320.0;4448.0
65000;4877.5;309.5;4568.0
65100;4867.0;299.0;4568.0
65200;4867.0;299.0;4568.0
65300;4867.0;299.0;4568.0
65400;4898.5;330.5;4568.0
65500;5027.0;299.0;4728.0
65600;4989.0;341.0;4648.0
65700;4968.0;320.0;4648.0
65800;4957.5;309.5;4648.0
65900;4989.0;341.0;4648.0
66000;4936.5;288.5;4648.0
66100;4968.0;320.0;4648.0
66200;4968.0;320.0;4648.0
66300;4999.5;351.5;4648.0
66400;5128.0;320.0;4808.0
66500;4856.5;288.5;4568.0
66600;5069.0;341.0;4728.0
66700;5048.0;320.0;4728.0
66800;5090.0;362.0;4728.0
66900;5069.0;341.0;4728.0
67000;5069.0;341.0;4728.0
67100;5069.0;341.0;4728.0
67200;5069.0;341.0;4728.0
67300;5069.0;341.0;4728.0
67400;5048.0;320.0;4728.0
67500;5109.0;341.0;4768.0
67600;5149.0;341.0;4808.0
67700;5170.0;362.0;4808.0
67800;5170.0;362.0;4808.0
67900;5191.0;383.0;4808.0
68000;5191.0;383.0;4808.0
68100;5029.0;341.0;4688.0
68200;5330.0;362.0;4968.0
68300;5309.0;341.0;4968.0
68400;5309.0;341.0;4968.0
68500;5189.0;341.0;4848.0
68600;5189.0;341.0;4848.0
68700;5229.0;341.0;4888.0
68800;5166.0;278.0;4888.0
68900;5239.5;351.5;4888.0
69000;5119.5;351.5;4768.0
69100;5197.5;309.5;4888.0
69200;5077.5;309.5;4768.0
69300;5229.0;341.0;4888.0
69400;5239.5;351.5;4888.0
69500;5279.5;351.5;4928.0
69600;5330.0;362.0;4968.0
69700;5309.0;341.0;4968.0
69800;5408.0;320.0;5088.0
69900;5168.0;320.0;4848.0
70000;4848.0;320.0;4528.0
70100;5408.0;320.0;5088.0
70200;5157.5;309.5;4848.0
70300;5288.0;320.0;4968.0
70400;5759.5;351.5;5408.0
70500;5328.0;320.0;5008.0
70600;5399.5;351.5;5048.0
70700;5389.0;341.0;5048.0
70800;5389.0;341.0;5048.0
70900;5389.0;341.0;5048.0
71000;5509.0;341.0;5168.0
71100;5389.0;341.0;5048.0
71200;5305.0;257.0;5048.0
71300;5410.0;362.0;5048.0
71400;5269.0;341.0;4928.0
71500;4917.5;309.5;4608.0
71600;5557.5;309.5;5248.0
71700;5610.0;362.0;5248.0
71800;5469.0;341.0;5128.0
71900;5448.0;320.0;5128.0
72000;5437.5;309.5;5128.0
72100;5427.0;299.0;5128.0
72200;5608.0;320.0;5288.0
72300;5473.0;185.0;5288.0
72400;5468.0;340.0;5128.0
72500;5523.5;355.5;5168.0
72600;5517.0;309.0;5208.0
72700;5517.0;309.0;5208.0
72800;5187.0;139.0;5048.0
72900;5563.0;355.0;5208.0
73000;5563.0;355.0;5208.0
73100;5123.0;355.0;4768.0
73200;5599.0;391.0;5208.0
73300;5599.0;391.0;5208.0
73400;5443.0;355.0;5088.0
73500;5443.0;355.0;5088.0
73600;5643.0;355.0;5288.0
73700;5643.0;355.0;5288.0
73800;5643.0;355.0;5288.0
73900;5397.0;229.0;5168.0
74000;5375.0;87.0;5288.0
74100;5655.0;367.0;5288.0
74200;5655.0;367.0;5288.0
74300;5655.0;367.0;5288.0
74400;5655.0;367.0;5288.0
74500;5655.0;327.0;5328.0
74600;5855.0;487.0;5368.0
74700;5795.0;307.0;5488.0
74800;5855.0;367.0;5488.0
74900;5735.0;367.0;5368.0
75000;5873.0;385.0;5488.0
75100;5753.0;385.0;5368.0
75200;5633.0;385.0;5248.0
75300;5822.0;454.0;5368.0
75400;5702.0;454.0;5248.0
75500;5862.0;454.0;5408.0
75600;5833.0;385.0;5448.0
75700;5833.0;385.0;5448.0
75800;5902.0;454.0;5448.0
75900;5833.0;385.0;5448.0
76000;5993.0;385.0;5608.0
76100;5787.0;339.0;5448.0
76200;5947.0;339.0;5608.0
76300;5787.0;339.0;5448.0
76400;5667.0;339.0;5328.0
76500;6034.0;546.0;5488.0
76600;5959.0;431.0;5528.0
76700;6267.0;339.0;5928.0
76800;5821.0;293.0;5528.0
76900;5867.0;339.0;5528.0
77000;6033.0;385.0;5648.0
77100;5867.0;339.0;5528.0
77200;6027.0;339.0;5688.0
77300;6165.0;477.0;5688.0
77400;5913.0;385.0;5528.0
77500;5930.0;362.0;5568.0
77600;5993.0;385.0;5608.0
77700;5833.0;385.0;5448.0
77800;5740.0;132.0;5608.0
77900;5947.0;339.0;5608.0
78000;5970.0;362.0;5608.0
78100;6039.0;431.0;5608.0
78200;5947.0;339.0;5608.0
78300;5993.0;385.0;5608.0
78400;6039.0;431.0;5608.0
78500;6079.0;431.0;5648.0
78600;6119.0;431.0;5688.0
78700;6119.0;431.0;5688.0
78800;6119.0;431.0;5688.0
78900;6045.0;477.0;5568.0
79000;6234.0;546.0;5688.0
79100;6119.0;431.0;5688.0
79200;6119.0;431.0;5688.0
79300;6165.0;477.0;5688.0
79400;6165.0;477.0;5688.0
79500;6228.0;500.0;5728.0
79600;6199.0;431.0;5768.0
79700;6199.0;431.0;5768.0
79800;6199.0;431.0;5768.0
79900;6245.0;477.0;5768.0
80000;6199.0;431.0;5768.0
80100;6245.0;477.0;5768.0
80200;6245.0;477.0;5768.0
80300;6153.0;385.0;5768.0
80400;5872.0;224.0;5648.0
80500;6032.0;224.0;5808.0
80600;6325.0;477.0;5848.0
80700;5965.0;477.0;5488.0
80800;6325.0;477.0;5848.0
80900;6445.0;477.0;5968.0
81000;6325.0;477.0;5848.0
81100;6302.0;454.0;5848.0
81200;6325.0;477.0;5848.0
81300;6325.0;477.0;5848.0
81400;6325.0;477.0;5848.0
81500;6319.0;431.0;5888.0
81600;6433.0;385.0;6048.0
81700;6405.0;477.0;5928.0
81800;6428.0;500.0;5928.0
81900;6479.0;431.0;6048.0
82000;6359.0;431.0;5928.0
82100;6799.0;431.0;6368.0
82200;6193.0;385.0;5808.0
82300;6313.0;385.0;5928.0
82400;6359.0;431.0;5928.0
82500;6468.0;500.0;5968.0
82600;6439.0;431.0;6008.0
82700;6439.0;431.0;6008.0
82800;6439.0;431.0;6008.0
82900;6439.0;431.0;6008.0
83000;6839.0;431.0;6408.0
83100;6439.0;431.0;6008.0
83200;6439.0;431.0;6008.0
83300;6439.0;431.0;6008.0
83400;6508.0;500.0;6008.0
83500;6405.0;477.0;5928.0
83600;6726.0;638.0;6088.0
83700;6359.0;431.0;5928.0
83800;6405.0;477.0;5928.0
83900;6290.0;362.0;5928.0
84000;6473.0;385.0;6088.0
84100;6913.0;385.0;6528.0
84200;6427.0;339.0;6088.0
84300;6473.0;385.0;6088.0
84400;6982.0;454.0;6528.0
84500;6421.0;293.0;6128.0
84600;6461.0;293.0;6168.0
84700;6461.0;293.0;6168.0
84800;6981.0;293.0;6688.0
84900;6627.0;339.0;6288.0
85000;6249.0;201.0;6048.0
85100;6535.0;247.0;6288.0
85200;6461.0;293.0;6168.0
85300;6621.0;293.0;6328.0
85400;6341.0;293.0;6048.0
85500;6941.0;293.0;6648.0
85600;6404.0;316.0;6088.0
85700;6265.0;17.0;6248.0
85800;6564.0;316.0;6248.0
85900;6495.0;247.0;6248.0
86000;6375.0;247.0;6128.0
86100;6615.0;247.0;6368.0
86200;6495.0;247.0;6248.0
86300;6655.0;247.0;6408.0
86400;6495.0;247.0;6248.0
86500;6466.0;178.0;6288.0
86600;6535.0;247.0;6288.0
86700;6695.0;247.0;6448.0
86800;6552.0;224.0;6328.0
86900;6552.0;224.0;6328.0
87000;6529.0;201.0;6328.0
87100;6529.0;201.0;6328.0
87200;6483.0;155.0;6328.0
87300;6689.0;201.0;6488.0
87400;6689.0;201.0;6488.0
87500;6569.0;201.0;6368.0
87600;6724.0;316.0;6408.0
87700;6609.0;201.0;6408.0
87800;6778.0;370.0;6408.0
87900;6573.0;165.0;6408.0
88000;6494.0;206.0;6288.0
88100;6614.0;206.0;6408.0
88200;6774.0;206.0;6568.0
88300;6655.0;247.0;6408.0
88400;6453.0;165.0;6288.0
88500;6654.0;206.0;6448.0
88600;6694.0;206.0;6488.0
88700;6855.0;247.0;6608.0
88800;6735.0;247.0;6488.0
88900;6735.0;247.0;6488.0
89000;6451.0;83.0;6368.0
89100;6776.0;288.0;6488.0
89200;6915.5;267.5;6648.0
89300;6694.0;206.0;6488.0
89400;6694.0;206.0;6488.0
89500;6795.5;267.5;6528.0
89600;6733.0;165.0;6568.0
89700;6952.0;384.0;6568.0
89800;6792.0;224.0;6568.0
89900;6792.0;224.0;6568.0
90000;6624.0;176.0;6448.0
90100;6792.0;224.0;6568.0
90200;6792.0;224.0;6568.0
90300;7000.0;272.0;6728.0
90400;6792.0;224.0;6568.0
90500;6800.0;192.0;6608.0
90600;6840.0;192.0;6648.0
90700;6960.0;192.0;6768.0
90800;6840.0;192.0;6648.0
90900;6840.0;192.0;6648.0
91000;6808.0;160.0;6648.0
91100;6936.0;288.0;6648.0
91200;6840.0;192.0;6648.0
91300;6672.0;144.0;6528.0
91400;6848.0;160.0;6688.0
91500;6696.0;128.0;6568.0
91600;6920.0;192.0;6728.0
91700;6440.0;192.0;6248.0
91800;6440.0;192.0;6248.0
91900;6800.0;192.0;6608.0
92000;6984.0;256.0;6728.0
92100;6952.0;224.0;6728.0
92200;6904.0;176.0;6728.0
92300;7112.0;224.0;6888.0
92400;6904.0;176.0;6728.0
92500;6992.0;224.0;6768.0
92600;7032.0;224.0;6808.0
92700;7032.0;224.0;6808.0
92800;7088.0;160.0;6928.0
92900;6880.0;192.0;6688.0
93000;7016.0;328.0;6688.0
93100;7136.0;208.0;6928.0
93200;7128.0;280.0;6848.0
93300;6896.0;208.0;6688.0
93400;7212.0;244.0;6968.0
93500;7032.0;184.0;6848.0
93600;7096.0;208.0;6888.0
93700;6972.0;244.0;6728.0
93800;7120.0;232.0;6888.0
93900;6976.0;208.0;6768.0
94000;7288.0;280.0;7008.0
94100;7264.0;256.0;7008.0
94200;7280.0;232.0;7048.0
94300;7120.0;232.0;6888.0
94400;7280.0;232.0;7048.0
94500;7304.0;256.0;7048.0
94600;7200.0;232.0;6968.0
94700;7200.0;232.0;6968.0
94800;7284.0;196.0;7088.0
94900;7176.0;208.0;6968.0
95000;7200.0;232.0;6968.0
95100;6760.0;232.0;6528.0
95200;7200.0;232.0;6968.0
95300;7056.0;208.0;6848.0
95400;7200.0;232.0;6968.0
95500;7132.0;244.0;6888.0
95600;7144.0;256.0;6888.0
95700;7436.0;268.0;7168.0
95800;7400.0;232.0;7168.0
95900;7280.0;232.0;7048.0
96000;7244.0;196.0;7048.0
96100;7244.0;196.0;7048.0
96200;7256.0;208.0;7048.0
96300;7328.0;280.0;7048.0
96400;7256.0;208.0;7048.0
96500;7176.0;208.0;6968.0
96600;7312.0;184.0;7128.0
96700;7336.0;208.0;7128.0
96800;7456.0;208.0;7248.0
96900;7324.0;196.0;7128.0
97000;7360.0;232.0;7128.0
97100;7360.0;232.0;7128.0
97200;7324.0;196.0;7128.0
97300;7168.0;160.0;7008.0
97400;6920.0;232.0;6688.0
97500;7364.0;196.0;7168.0
97600;7416.0;208.0;7208.0
97700;7392.0;184.0;7208.0
97800;7416.0;208.0;7208.0
97900;7518.0;310.0;7208.0
98000;7446.0;238.0;7208.0
98100;7446.0;238.0;7208.0
98200;7446.0;238.0;7208.0
98300;7326.0;238.0;7088.0
98400;7464.0;256.0;7208.0
98500;7366.0;238.0;7128.0
98600;7508.0;220.0;7288.0
98700;7406.0;118.0;7288.0
98800;7494.0;206.0;7288.0
98900;7538.0;250.0;7288.0
99000;7396.0;228.0;7168.0
99100;7439.0;151.0;7288.0
99200;7676.0;228.0;7448.0
99300;7676.0;228.0;7448.0
99400;7516.0;228.0;7288.0
99500;7556.0;228.0;7328.0
99600;7596.0;228.0;7368.0
99700;7596.0;228.0;7368.0
99800;7618.0;250.0;7368.0
99900;7640.0;272.0;7368.0
100000;7520.0;272.0;7248.0
100100;7530.0;162.0;7368.0
100200;7662.0;294.0;7368.0
100300;7618.0;250.0;7368.0
100400;7607.0;239.0;7368.0
100500;7680.0;272.0;7408.0
100600;7560.0;272.0;7288.0
100700;7840.0;272.0;7568.0
100800;7742.0;294.0;7448.0
100900;7720.0;272.0;7448.0
101000;7720.0;272.0;7448.0
101100;7720.0;272.0;7448.0
101200;7880.0;272.0;7608.0
101300;7760.0;272.0;7488.0
101400;7880.0;272.0;7608.0
101500;7880.0;272.0;7608.0
101600;7778.0;250.0;7528.0
101700;7800.0;272.0;7528.0
101800;7800.0;272.0;7528.0
101900;7822.0;294.0;7528.0
102000;7953.0;305.0;7648.0
102100;7800.0;272.0;7528.0
102200;7734.0;206.0;7528.0
102300;7833.0;305.0;7528.0
102400;7800.0;272.0;7528.0
102500;7840.0;272.0;7568.0
102600;7957.0;349.0;7608.0
102700;7742.0;294.0;7448.0
102800;7902.0;294.0;7608.0
102900;7902.0;294.0;7608.0
103000;7967.0;239.0;7728.0
103100;7924.0;316.0;7608.0
103200;7924.0;316.0;7608.0
103300;7836.0;228.0;7608.0
103400;8084.0;316.0;7768.0
103500;7451.0;283.0;7168.0
103600;7960.0;272.0;7688.0
103700;7822.0;294.0;7528.0
103800;7982.0;294.0;7688.0
103900;7960.0;272.0;7688.0
104000;7960.0;272.0;7688.0
104100;8026.0;338.0;7688.0
104200;7840.0;272.0;7568.0
104300;7938.0;250.0;7688.0
104400;7960.0;272.0;7688.0
104500;7960.0;272.0;7688.0
104600;8018.0;250.0;7768.0
104700;8018.0;250.0;7768.0
104800;8073.0;305.0;7768.0
104900;8018.0;250.0;7768.0
105000;8018.0;250.0;7768.0
105100;8007.0;239.0;7768.0
105200;7920.0;272.0;7648.0
105300;8062.0;294.0;7768.0
105400;7953.0;305.0;7648.0
105500;8113.0;305.0;7808.0
105600;8153.0;305.0;7848.0
105700;8120.0;272.0;7848.0
105800;8120.0;272.0;7848.0
105900;7978.0;250.0;7728.0
106000;8164.0;316.0;7848.0
106100;8022.0;294.0;7728.0
106200;8120.0;272.0;7848.0
106300;8120.0;272.0;7848.0
106400;8149.0;261.0;7888.0
106500;8280.0;272.0;8008.0
106600;8167.0;239.0;7928.0
106700;8200.0;272.0;7928.0
106800;8200.0;272.0;7928.0
106900;8200.0;272.0;7928.0
107000;8200.0;272.0;7928.0
107100;8200.0;272.0;7928.0
107200;8222.0;294.0;7928.0
107300;8124.0;316.0;7808.0
107400;8124.0;316.0;7808.0
107500;8404.0;316.0;8088.0
107600;8382.0;294.0;8088.0
107700;8302.0;294.0;8008.0
107800;8324.0;316.0;8008.0
107900;8182.0;294.0;7888.0
108000;8335.0;327.0;8008.0
108100;8302.0;294.0;8008.0
108200;8302.0;294.0;8008.0
108300;8182.0;294.0;7888.0
108400;8302.0;294.0;8008.0
108500;8342.0;294.0;8048.0
108600;8382.0;294.0;8088.0
108700;8382.0;294.0;8088.0
108800;8524.0;316.0;8208.0
108900;8404.0;316.0;8088.0
109000;8502.0;294.0;8208.0
109100;8382.0;294.0;8088.0
109200;8284.0;316.0;7968.0
109300;8404.0;316.0;8088.0
109400;8844.0;316.0;8528.0
109500;8444.0;316.0;8128.0
109600;8484.0;316.0;8168.0
109700;8352.0;184.0;8168.0
109800;8862.0;294.0;8568.0
109900;8473.0;305.0;8168.0
110000;8429.0;261.0;8168.0
110100;8440.0;272.0;8168.0
110200;8473.0;305.0;8168.0
110300;8600.0;272.0;8328.0
110400;8600.0;272.0;8328.0
110500;9040.0;272.0;8768.0
110600;8509.0;261.0;8248.0
110700;8542.0;294.0;8248.0
110800;8502.0;294.0;8208.0
110900;8662.0;294.0;8368.0
111000;8542.0;294.0;8248.0
111100;8422.0;294.0;8128.0
111200;8520.0;272.0;8248.0
111300;8960.0;272.0;8688.0
111400;8520.0;272.0;8248.0
111500;8560.0;272.0;8288.0
111600;8578.0;250.0;8328.0
111700;8578.0;250.0;8328.0
111800;8578.0;250.0;8328.0
111900;8578.0;250.0;8328.0
112000;8578.0;250.0;8328.0
112100;8578.0;250.0;8328.0
112200;8545.0;217.0;8328.0
112300;8501.0;173.0;8328.0
112400;8578.0;250.0;8328.0
112500;8530.0;162.0;8368.0
112600;8636.0;228.0;8408.0
112700;8559.0;151.0;8408.0
112800;8603.0;195.0;8408.0
112900;8636.0;228.0;8408.0
113000;8603.0;195.0;8408.0
113100;8603.0;195.0;8408.0
113200;8636.0;228.0;8408.0
113300;8549.0;261.0;8288.0
113400;8636.0;228.0;8408.0
113500;8676.0;228.0;8448.0
113600;8676.0;228.0;8448.0
113700;8676.0;228.0;8448.0
113800;8716.0;228.0;8488.0
113900;8716.0;228.0;8488.0
114000;8716.0;228.0;8488.0
114100;8694.0;206.0;8488.0
114200;8738.0;250.0;8488.0
114300;8716.0;228.0;8488.0
114400;8716.0;228.0;8488.0
114500;8636.0;228.0;8408.0
114600;8636.0;228.0;8408.0
114700;8636.0;228.0;8408.0
114800;8818.0;250.0;8568.0
114900;8796.0;228.0;8568.0
115000;8676.0;228.0;8448.0
115100;8898.5;330.5;8568.0
115200;8827.0;259.0;8568.0
115300;8827.0;259.0;8568.0
115400;8827.0;259.0;8568.0
115500;8847.5;239.5;8608.0
115600;8821.5;213.5;8608.0
115700;8907.0;259.0;8648.0
115800;8907.0;259.0;8648.0
115900;8907.0;259.0;8648.0
116000;8761.0;233.0;8528.0
116100;8894.0;246.0;8648.0
116200;8894.0;246.0;8648.0
116300;8774.0;246.0;8528.0
116400;8894.0;246.0;8648.0
116500;8934.0;246.0;8688.0
116600;8974.0;246.0;8728.0
116700;8974.0;246.0;8728.0
116800;8974.0;246.0;8728.0
116900;8854.0;246.0;8608.0
117000;8961.0;233.0;8728.0
117100;8974.0;246.0;8728.0
117200;8954.5;226.5;8728.0
117300;8854.0;246.0;8608.0
117400;8867.0;259.0;8608.0
117500;9014.0;246.0;8768.0
117600;9086.5;278.5;8808.0
117700;9054.0;246.0;8808.0
117800;8907.0;259.0;8648.0
117900;9067.0;259.0;8808.0
118000;9067.0;259.0;8808.0
118100;9067.0;259.0;8808.0
118200;9054.0;246.0;8808.0
118300;9054.0;246.0;8808.0
118400;9054.0;246.0;8808.0
118500;9094.0;246.0;8848.0
118600;9121.0;233.0;8888.0
118700;9101.5;213.5;8888.0
118800;9121.0;233.0;8888.0
118900;9121.0;233.0;8888.0
119000;9108.0;220.0;8888.0
119100;9263.0;255.0;9008.0
119200;9008.0;240.0;8768.0
119300;9128.0;240.0;8888.0
119400;9128.0;240.0;8888.0
119500;9171.0;243.0;8928.0
119600;9208.0;240.0;8968.0
119700;9211.0;243.0;8968.0
119800;9208.0;240.0;8968.0
119900;9212.5;244.5;8968.0
120000;9163.0;195.0;8968.0
120100;9228.0;260.0;8968.0
120200;9228.0;260.0;8968.0
120300;9134.0;166.0;8968.0
120400;9277.0;309.0;8968.0
120500;9295.0;287.0;9008.0
120600;9335.0;287.0;9048.0
120700;9335.0;287.0;9048.0
120800;9477.0;309.0;9168.0
120900;9477.0;309.0;9168.0
121000;9335.0;287.0;9048.0
121100;9135.0;287.0;8848.0
121200;9517.0;309.0;9208.0
121300;9204.0;276.0;8928.0
121400;9357.0;309.0;9048.0
121500;9358.5;390.5;8968.0
121600;9442.0;314.0;9128.0
121700;9442.0;314.0;9128.0
121800;9442.0;314.0;9128.0
121900;9459.0;331.0;9128.0
122000;9442.0;314.0;9128.0
122100;9442.0;314.0;9128.0
122200;9442.0;314.0;9128.0
122300;9442.0;314.0;9128.0
122400;9619.0;331.0;9288.0
122500;9619.0;331.0;9288.0
122600;9250.0;202.0;9048.0
122700;9540.0;332.0;9208.0
122800;9566.0;358.0;9208.0
122900;9579.0;371.0;9208.0
123000;9394.0;306.0;9088.0
123100;9579.0;371.0;9208.0
123200;9540.0;332.0;9208.0
123300;9540.0;332.0;9208.0
123400;9579.0;371.0;9208.0
123500;9580.0;332.0;9248.0
123600;9620.0;332.0;9288.0
123700;9740.0;332.0;9408.0
123800;9581.0;293.0;9288.0
123900;9620.0;332.0;9288.0
124000;9594.0;306.0;9288.0
124100;9594.0;306.0;9288.0
124200;9607.0;319.0;9288.0
124300;9594.0;306.0;9288.0
124400;9383.0;215.0;9168.0
124500;9608.0;280.0;9328.0
124600;9622.0;254.0;9368.0
124700;9674.0;306.0;9368.0
124800;9674.0;306.0;9368.0
124900;9768.0;280.0;9488.0
125000;9648.0;280.0;9368.0
125100;9554.0;306.0;9248.0
125200;9700.0;332.0;9368.0
125300;9609.0;241.0;9368.0
125400;9661.0;293.0;9368.0
125500;9860.0;332.0;9528.0
125600;9728.0;280.0;9448.0
125700;9754.0;306.0;9448.0
125800;9741.0;293.0;9448.0
125900;9861.0;293.0;9568.0
126000;9660.0;332.0;9328.0
126100;9900.0;332.0;9568.0
126200;9780.0;332.0;9448.0
126300;9780.0;332.0;9448.0
126400;9741.0;293.0;9448.0
126500;9700.0;332.0;9368.0
126600;9860.0;332.0;9528.0
126700;9860.0;332.0;9528.0
126800;9704.5;176.5;9528.0
126900;10026.0;378.0;9648.0
127000;9906.0;378.0;9528.0
127100;9921.5;393.5;9528.0
127200;9755.0;347.0;9408.0
127300;9875.0;347.0;9528.0
127400;9875.0;347.0;9528.0
127500;9778.0;90.0;9688.0
127600;10065.0;377.0;9688.0
127700;9825.0;377.0;9448.0
127800;9784.0;336.0;9448.0
127900;10105.0;377.0;9728.0
128000;9824.0;336.0;9488.0
128100;10105.0;377.0;9728.0
128200;9903.0;295.0;9608.0
128300;10165.5;397.5;9768.0
128400;9944.0;336.0;9608.0
128500;9984.0;336.0;9648.0
128600;10065.0;377.0;9688.0
128700;10024.0;336.0;9688.0
128800;9983.0;295.0;9688.0
128900;9983.0;295.0;9688.0
129000;9983.0;295.0;9688.0
129100;10024.0;336.0;9688.0
129200;10126.5;438.5;9688.0
129300;9983.0;295.0;9688.0
129400;9983.0;295.0;9688.0
129500;10023.0;295.0;9728.0
129600;10063.0;295.0;9768.0
129700;10104.0;336.0;9768.0
129800;10042.5;274.5;9768.0
129900;10377.0;489.0;9888.0
130000;10257.0;489.0;9768.0
130100;10081.0;313.0;9768.0
130200;10129.0;361.0;9768.0
130300;9737.0;409.0;9328.0
130400;10113.0;345.0;9768.0
130500;10153.0;345.0;9808.0
130600;10257.0;409.0;9848.0
130700;10241.0;393.0;9848.0
130800;10225.0;377.0;9848.0
130900;10225.0;377.0;9848.0
131000;10025.0;377.0;9648.0
131100;10193.0;345.0;9848.0
131200;10193.0;345.0;9848.0
131300;10241.0;393.0;9848.0
131400;10417.0;409.0;10008.0
131500;10385.0;377.0;10008.0
131600;10321.0;393.0;9928.0
131700;10273.0;345.0;9928.0
131800;10305.0;377.0;9928.0
131900;10305.0;377.0;9928.0
132000;10305.0;377.0;9928.0
132100;10337.0;409.0;9928.0
132200;10217.0;409.0;9808.0
132300;10337.0;409.0;9928.0
132400;10162.0;234.0;9928.0
132500;10387.0;419.0;9968.0
132600;10427.0;419.0;10008.0
132700;10371.5;363.5;10008.0
132800;10482.5;474.5;10008.0
132900;10307.0;419.0;9888.0
133000;10547.0;419.0;10128.0
133100;10371.5;363.5;10008.0
133200;10390.0;382.0;10008.0
133300;10251.5;363.5;9888.0
133400;10390.0;382.0;10008.0
133500;10430.0;382.0;10048.0
133600;10470.0;382.0;10088.0
133700;10507.0;419.0;10088.0
133800;10507.0;419.0;10088.0
133900;10377.5;289.5;10088.0
134000;10257.5;289.5;9968.0
134100;10664.0;456.0;10208.0
134200;10424.0;456.0;9968.0
134300;10350.0;382.0;9968.0
134400;10544.0;456.0;10088.0
134500;10584.0;456.0;10128.0
134600;10624.0;456.0;10168.0
134700;10624.0;456.0;10168.0
134800;10624.0;456.0;10168.0
134900;10624.0;456.0;10168.0
135000;10624.0;456.0;10168.0
135100;10790.5;622.5;10168.0
135200;10784.0;456.0;10328.0
135300;10541.0;493.0;10048.0
135400;10661.0;493.0;10168.0
135500;11104.0;456.0;10648.0
135600;10704.0;456.0;10248.0
135700;10704.0;456.0;10248.0
135800;10741.0;493.0;10248.0
135900;10685.5;437.5;10248.0
136000;10824.0;456.0;10368.0
136100;10741.0;493.0;10248.0
136200;10685.5;437.5;10248.0
136300;10685.5;437.5;10248.0
136400;10722.5;474.5;10248.0
136500;10892.0;604.0;10288.0
136600;10821.0;493.0;10328.0
136700;10839.5;511.5;10328.0
136800;10904.0;456.0;10448.0
136900;10821.0;493.0;10328.0
137000;10765.5;437.5;10328.0
137100;10719.5;511.5;10208.0
137200;10858.0;530.0;10328.0
137300;10981.0;493.0;10488.0
137400;10701.0;493.0;10208.0
137500;10861.0;493.0;10368.0
137600;10919.5;511.5;10408.0
137700;10938.0;530.0;10408.0
137800;10898.0;530.0;10368.0
137900;10898.0;530.0;10368.0
138000;11058.0;530.0;10528.0
138100;10938.0;530.0;10408.0
138200;10901.0;493.0;10408.0
138300;10901.0;493.0;10408.0
138400;10855.0;567.0;10288.0
138500;10818.0;530.0;10288.0
138600;11055.0;567.0;10488.0
138700;11492.0;604.0;10888.0
138800;11015.0;567.0;10448.0
138900;11055.0;567.0;10488.0
139000;11092.0;604.0;10488.0
139100;10972.0;604.0;10368.0
139200;10999.5;511.5;10488.0
139300;11055.0;567.0;10488.0
139400;11095.0;567.0;10528.0
139500;11095.0;567.0;10528.0
139600;11095.0;567.0;10528.0
139700;10938.0;530.0;10408.0
139800;10938.0;530.0;10408.0
139900;11042.5;474.5;10568.0
140000;11098.0;530.0;10568.0
140100;11042.5;474.5;10568.0
140200;11258.0;530.0;10728.0
140300;11098.0;530.0;10568.0
140400;11098.0;530.0;10568.0
140500;11615.0;567.0;11048.0
140600;11215.0;567.0;10648.0
140700;11215.0;567.0;10648.0
140800;11178.0;530.0;10648.0
140900;11335.0;567.0;10768.0
141000;11215.0;567.0;10648.0
141100;10947.0;419.0;10528.0
141200;11215.0;567.0;10648.0
141300;11375.0;567.0;10808.0
141400;11055.0;567.0;10488.0
141500;11055.0;567.0;10488.0
141600;11350.5;622.5;10728.0
141700;11258.0;530.0;10728.0
141800;11415.0;567.0;10848.0
141900;11295.0;567.0;10728.0
142000;11295.0;567.0;10728.0
142100;11350.5;622.5;10728.0
142200;11335.0;567.0;10768.0
142300;11679.5;511.5;11168.0
142400;11239.5;511.5;10728.0
142500;11455.0;567.0;10888.0
142600;11252.0;604.0;10648.0
142700;11393.5;585.5;10808.0
142800;11393.5;585.5;10808.0
142900;11282.5;474.5;10808.0
143000;11338.0;530.0;10808.0
143100;11338.0;530.0;10808.0
143200;11338.0;530.0;10808.0
143300;11412.0;604.0;10808.0
143400;11375.0;567.0;10808.0
143500;11378.0;530.0;10848.0
143600;11418.0;530.0;10888.0
143700;11239.0;351.0;10888.0
143800;11470.0;582.0;10888.0
143900;11470.0;582.0;10888.0
144000;11470.0;582.0;10888.0
144100;11470.0;582.0;10888.0
144200;11512.0;624.0;10888.0
144300;11952.0;624.0;11328.0
144400;11554.0;666.0;10888.0
144500;11552.0;624.0;10928.0
144600;11592.0;624.0;10968.0
144700;11411.0;603.0;10808.0
144800;11634.0;666.0;10968.0
144900;11550.0;582.0;10968.0
145000;11592.0;624.0;10968.0
145100;11592.0;624.0;10968.0
145200;11445.0;477.0;10968.0
145300;11508.0;540.0;10968.0
145400;11592.0;624.0;10968.0
145500;11548.0;540.0;11008.0
145600;11588.0;540.0;11048.0
145700;11672.0;624.0;11048.0
145800;11512.0;624.0;10888.0
145900;11714.0;666.0;11048.0
146000;11651.0;603.0;11048.0
146100;11714.0;666.0;11048.0
146200;11714.0;666.0;11048.0
146300;11672.0;624.0;11048.0
146400;11895.0;687.0;11208.0
146500;11712.0;624.0;11088.0
146600;11712.0;624.0;11088.0
146700;11712.0;624.0;11088.0
146800;11712.0;624.0;11088.0
146900;11872.0;624.0;11248.0
147000;11857.0;729.0;11128.0
147100;11773.0;645.0;11128.0
147200;11333.0;645.0;10688.0
147300;11752.0;624.0;11128.0
147400;11792.0;624.0;11168.0
147500;11750.0;582.0;11168.0
147600;11790.0;582.0;11208.0
147700;11672.0;624.0;11048.0
147800;11630.0;582.0;11048.0
147900;11670.0;582.0;11088.0
148000;11670.0;582.0;11088.0
148100;11790.0;582.0;11208.0
148200;11727.0;519.0;11208.0
148300;11895.0;687.0;11208.0
148400;11748.0;540.0;11208.0
148500;11788.0;540.0;11248.0
148600;11870.0;582.0;11288.0
148700;11870.0;582.0;11288.0
148800;11870.0;582.0;11288.0
148900;11750.0;582.0;11168.0
149000;11870.0;582.0;11288.0
149100;11639.0;351.0;11288.0
149200;11828.0;540.0;11288.0
149300;12148.0;540.0;11608.0
149400;11988.0;540.0;11448.0
149500;12057.0;729.0;11328.0
149600;11706.0;498.0;11208.0
149700;11866.0;498.0;11368.0
149800;11971.0;603.0;11368.0
149900;11971.0;603.0;11368.0
150000;11845.0;477.0;11368.0
150100;11908.0;540.0;11368.0
150200;12089.0;561.0;11528.0
150300;12068.0;540.0;11528.0
150400;12110.0;582.0;11528.0
150500;11948.0;540.0;11408.0
150600;11948.0;540.0;11408.0
150700;11988.0;540.0;11448.0
150800;11988.0;540.0;11448.0
150900;11988.0;540.0;11448.0
151000;11868.0;540.0;11328.0
151100;11988.0;540.0;11448.0
151200;11988.0;540.0;11448.0
151300;11988.0;540.0;11448.0
151400;12030.0;582.0;11448.0
151500;12154.0;666.0;11488.0
151600;12194.0;666.0;11528.0
151700;12152.0;624.0;11528.0
151800;11992.0;624.0;11368.0
151900;12131.0;603.0;11528.0
152000;12236.0;708.0;11528.0
152100;12236.0;708.0;11528.0
152200;12152.0;624.0;11528.0
152300;12152.0;624.0;11528.0
152400;12312.0;624.0;11688.0
152500;12312.0;624.0;11688.0
152600;12072.0;624.0;11448.0
152700;12072.0;624.0;11448.0
152800;12232.0;624.0;11608.0
152900;12211.0;603.0;11608.0
153000;12316.0;708.0;11608.0
153100;12274.0;666.0;11608.0
153200;12274.0;666.0;11608.0
153300;12211.0;603.0;11608.0
153400;12154.0;666.0;11488.0
153500;12314.0;666.0;11648.0
153600;12417.0;729.0;11688.0
153700;12278.0;750.0;11528.0
153800;12354.0;666.0;11688.0
153900;12417.0;729.0;11688.0
154000;12474.0;666.0;11808.0
154100;12234.0;666.0;11568.0
154200;12438.0;750.0;11688.0
154300;12836.0;708.0;12128.0
154400;12354.0;666.0;11688.0
154500;12373.0;645.0;11728.0
154600;12617.0;729.0;11888.0
154700;12518.0;750.0;11768.0
154800;12316.0;708.0;11608.0
154900;12497.0;729.0;11768.0
155000;12554.0;666.0;11888.0
155100;12994.0;666.0;12328.0
155200;12455.0;687.0;11768.0
155300;12356.0;708.0;11648.0
155400;12356.0;708.0;11648.0
155500;12293.0;645.0;11648.0
155600;12556.0;708.0;11848.0
155700;12998.0;750.0;12248.0
155800;12118.0;750.0;11368.0
155900;12556.0;708.0;11848.0
156000;12514.0;666.0;11848.0
156100;12514.0;666.0;11848.0
156200;12556.0;708.0;11848.0
156300;12577.0;729.0;11848.0
156400;12514.0;666.0;11848.0
156500;12554.0;666.0;11888.0
156600;12552.0;624.0;11928.0
156700;12552.0;624.0;11928.0
156800;12510.0;582.0;11928.0
156900;12243.0;435.0;11808.0
157000;12510.0;582.0;11928.0
157100;12670.0;582.0;12088.0
157200;12468.0;540.0;11928.0
157300;12468.0;540.0;11928.0
157400;12348.0;540.0;11808.0
157500;12508.0;540.0;11968.0
157600;12548.0;540.0;12008.0
157700;12548.0;540.0;12008.0
157800;12548.0;540.0;12008.0
157900;12401.0;393.0;12008.0
158000;12548.0;540.0;12008.0
158100;12548.0;540.0;12008.0
158200;12548.0;540.0;12008.0
158300;12548.0;540.0;12008.0
158400;12428.0;540.0;11888.0
158500;12708.0;540.0;12168.0
158600;12628.0;540.0;12088.0
158700;12630.0;582.0;12048.0
158800;12670.0;582.0;12088.0
158900;12733.0;645.0;12088.0
159000;12754.0;666.0;12088.0
159100;12670.0;582.0;12088.0
159200;12754.0;666.0;12088.0
159300;12712.0;624.0;12088.0
159400;12712.0;624.0;12088.0
159500;12794.0;666.0;12128.0
159600;12792.0;624.0;12168.0
159700;12632.0;624.0;12008.0
159800;12464.0;456.0;12008.0
159900;12912.0;624.0;12288.0
160000;12870.0;582.0;12288.0
160100;12750.0;582.0;12168.0
160200;12750.0;582.0;12168.0
160300;12708.0;540.0;12168.0
160400;12708.0;540.0;12168.0
160500;13070.0;582.0;12488.0
160600;13070.0;582.0;12488.0
160700;12872.0;624.0;12248.0
160800;13034.0;666.0;12368.0
160900;12914.0;666.0;12248.0
161000;12830.0;582.0;12248.0
161100;12914.0;666.0;12248.0
161200;12914.0;666.0;12248.0
161300;12956.0;708.0;12248.0
161400;12794.0;666.0;12128.0
161500;12954.0;666.0;12288.0
161600;12952.0;624.0;12328.0
161700;12855.0;687.0;12168.0
161800;12952.0;624.0;12328.0
161900;12994.0;666.0;12328.0
162000;12832.0;624.0;12208.0
162100;13015.0;687.0;12328.0
162200;12853.0;645.0;12208.0
162300;13078.0;750.0;12328.0
162400;12910.0;582.0;12328.0
162500;13034.0;666.0;12368.0
162600;13032.0;624.0;12408.0
162700;12872.0;624.0;12248.0
162800;13032.0;624.0;12408.0
162900;13032.0;624.0;12408.0
163000;12912.0;624.0;12288.0
163100;13152.0;624.0;12528.0
163200;12870.0;582.0;12288.0
163300;12975.0;687.0;12288.0
163400;12990.0;582.0;12408.0
163500;13072.0;624.0;12448.0
163600;13049.0;561.0;12488.0
163700;13154.0;666.0;12488.0
163800;13196.0;708.0;12488.0
163900;13091.0;603.0;12488.0
164000;13190.0;582.0;12608.0
164100;13630.0;582.0;13048.0
164200;12630.0;582.0;12048.0
164300;13112.0;624.0;12488.0
164400;13154.0;666.0;12488.0
164500;13131.0;603.0;12528.0
164600;13137.0;729.0;12408.0
164700;13234.0;666.0;12568.0
164800;13234.0;666.0;12568.0
164900;13171.0;603.0;12568.0
165000;13114.0;666.0;12448.0
165100;13234.0;666.0;12568.0
165200;13213.0;645.0;12568.0
165300;13114.0;666.0;12448.0
165400;13234.0;666.0;12568.0
165500;13477.0;869.0;12608.0
165600;13330.0;682.0;12648.0
165700;13164.0;716.0;12448.0
165800;13364.0;716.0;12648.0
165900;13364.0;716.0;12648.0
166000;13450.0;682.0;12768.0
166100;13552.0;784.0;12768.0
166200;13330.0;682.0;12648.0
166300;13330.0;682.0;12648.0
166400;13210.0;682.0;12528.0
166500;13387.0;699.0;12688.0
166600;13427.0;699.0;12728.0
166700;13376.0;648.0;12728.0
166800;13376.0;648.0;12728.0
166900;13410.0;682.0;12728.0
167000;13359.0;631.0;12728.0
167100;13410.0;682.0;12728.0
167200;13290.0;682.0;12608.0
167300;13410.0;682.0;12728.0
167400;13410.0;682.0;12728.0
167500;13450.0;682.0;12768.0
167600;13450.0;682.0;12768.0
167700;13450.0;682.0;12768.0
167800;13524.0;716.0;12808.0
167900;13490.0;682.0;12808.0
168000;13490.0;682.0;12808.0
168100;13490.0;682.0;12808.0
168200;13507.0;699.0;12808.0
168300;13507.0;699.0;12808.0
168400;13336.0;648.0;12688.0
168500;13530.0;682.0;12848.0
168600;13570.0;682.0;12888.0
168700;13570.0;682.0;12888.0
168800;13570.0;682.0;12888.0
168900;13434.0;546.0;12888.0
169000;13570.0;682.0;12888.0
169100;13450.0;682.0;12768.0
169200;13604.0;716.0;12888.0
169300;13519.0;631.0;12888.0
169400;13695.0;807.0;12888.0
169500;13618.0;690.0;12928.0
169600;13658.0;690.0;12968.0
169700;13658.0;690.0;12968.0
169800;13658.0;690.0;12968.0
169900;13139.0;651.0;12488.0
170000;13499.0;651.0;12848.0
170100;13658.0;690.0;12968.0
170200;13619.0;651.0;12968.0
170300;13671.0;703.0;12968.0
170400;13658.0;690.0;12968.0
170500;13658.0;690.0;12968.0
170600;13699.0;651.0;13048.0
170700;13578.0;690.0;12888.0
170800;13698.0;690.0;13008.0
170900;13685.0;677.0;13008.0
171000;13738.0;690.0;13048.0
171100;13764.0;716.0;13048.0
171200;13712.0;664.0;13048.0
171300;13738.0;690.0;13048.0
171400;13738.0;690.0;13048.0
171500;13298.0;690.0;12608.0
171600;13818.0;690.0;13128.0
171700;13818.0;690.0;13128.0
171800;13779.0;651.0;13128.0
171900;14059.0;651.0;13408.0
172000;13792.0;664.0;13128.0
172100;13792.0;664.0;13128.0
172200;13792.0;664.0;13128.0
172300;13792.0;664.0;13128.0
172400;13792.0;664.0;13128.0
172500;13832.0;664.0;13168.0
172600;14392.0;664.0;13728.0
172700;13803.0;755.0;13048.0
172800;13898.0;690.0;13208.0
172900;13898.0;690.0;13208.0
173000;13898.0;690.0;13208.0
173100;13898.0;690.0;13208.0
173200;13804.0;716.0;13088.0
173300;14019.0;651.0;13368.0
173400;13898.0;690.0;13208.0
173500;13924.0;716.0;13208.0
173600;13964.0;716.0;13248.0
173700;13964.0;716.0;13248.0
173800;14124.0;716.0;13408.0
173900;14004.0;716.0;13288.0
174000;14056.0;768.0;13288.0
174100;14150.0;742.0;13408.0
174200;14190.0;742.0;13448.0
174300;14069.0;781.0;13288.0
174400;14056.0;768.0;13288.0
174500;14135.0;807.0;13328.0
174600;14308.0;820.0;13488.0
174700;14136.0;768.0;13368.0
174800;14136.0;768.0;13368.0
174900;14123.0;755.0;13368.0
175000;14536.0;768.0;13768.0
175100;14497.0;729.0;13768.0
175200;14136.0;768.0;13368.0
175300;14136.0;768.0;13368.0
175400;14136.0;768.0;13368.0
175500;14176.0;768.0;13408.0
175600;14216.0;768.0;13448.0
175700;14310.0;742.0;13568.0
175800;14150.0;742.0;13408.0
175900;14336.0;768.0;13568.0
176000;14297.0;729.0;13568.0
176100;14229.0;781.0;13448.0
176200;14229.0;781.0;13448.0
176300;14376.0;768.0;13608.0
176400;14086.0;638.0;13448.0
176500;14282.0;794.0;13488.0
176600;14256.0;768.0;13488.0
176700;14096.0;768.0;13328.0
176800;14256.0;768.0;13488.0
176900;14335.0;807.0;13528.0
177000;14416.0;768.0;13648.0
177100;14176.0;768.0;13408.0
177200;14270.0;742.0;13528.0
177300;14335.0;807.0;13528.0
177400;14296.0;768.0;13528.0
177500;14336.0;768.0;13568.0
177600;14229.0;781.0;13448.0
177700;14363.0;755.0;13608.0
177800;14376.0;768.0;13608.0
177900;14350.0;742.0;13608.0
178000;14470.0;742.0;13728.0
178100;14256.0;768.0;13488.0
178200;13936.0;768.0;13168.0
178300;14402.0;794.0;13608.0
178400;14350.0;742.0;13608.0
178500;14296.0;768.0;13528.0
178600;14430.0;742.0;13688.0
178700;14456.0;768.0;13688.0
178800;14296.0;768.0;13528.0
178900;14336.0;768.0;13568.0
179000;14430.0;742.0;13688.0
179100;14430.0;742.0;13688.0
179200;14430.0;742.0;13688.0
179300;14430.0;742.0;13688.0
179400;14417.0;729.0;13688.0
179500;14496.0;768.0;13728.0
179600;14656.0;768.0;13888.0
179700;14614.0;846.0;13768.0
179800;14562.0;794.0;13768.0
179900;14536.0;768.0;13768.0
180000;14536.0;768.0;13768.0
180100;14536.0;768.0;13768.0
180200;14735.0;807.0;13928.0
180300;14575.0;807.0;13768.0
180400;14416.0;768.0;13648.0
180500;14722.0;794.0;13928.0
180600;14629.0;781.0;13848.0
180700;14749.0;781.0;13968.0
180800;14616.0;768.0;13848.0
180900;14590.0;742.0;13848.0
181000;14499.0;651.0;13848.0
181100;14590.0;742.0;13848.0
181200;14590.0;742.0;13848.0
181300;14590.0;742.0;13848.0
181400;14590.0;742.0;13848.0
181500;14656.0;768.0;13888.0
181600;14696.0;768.0;13928.0
181700;14696.0;768.0;13928.0
181800;14696.0;768.0;13928.0
181900;14670.0;742.0;13928.0
182000;14696.0;768.0;13928.0
182100;14777.0;729.0;14048.0
182200;14735.0;807.0;13928.0
182300;14576.0;768.0;13808.0
182400;14536.0;768.0;13768.0
182500;14736.0;768.0;13968.0
182600;14776.0;768.0;14008.0
182700;14724.0;716.0;14008.0
182800;14750.0;742.0;14008.0
182900;14789.0;781.0;14008.0
183000;14669.0;781.0;13888.0
183100;14724.0;716.0;14008.0
183200;14750.0;742.0;14008.0
183300;14750.0;742.0;14008.0
183400;14910.0;742.0;14168.0
183500;14790.0;742.0;14048.0
183600;14777.0;729.0;14048.0
183700;14804.0;716.0;14088.0
183800;14856.0;768.0;14088.0
183900;14830.0;742.0;14088.0
184000;14830.0;742.0;14088.0
184100;14788.0;820.0;13968.0
184200;14710.0;742.0;13968.0
184300;14830.0;742.0;14088.0
184400;14670.0;742.0;13928.0
184500;14870.0;742.0;14128.0
184600;14910.0;742.0;14168.0
184700;15013.0;845.0;14168.0
184800;15013.0;845.0;14168.0
184900;15013.0;845.0;14168.0
185000;14809.5;641.5;14168.0
185100;14958.0;790.0;14168.0
185200;14985.0;817.0;14168.0
185300;14985.0;817.0;14168.0
185400;14985.0;817.0;14168.0
185500;15025.0;817.0;14208.0
185600;14878.0;790.0;14088.0
185700;14878.0;790.0;14088.0
185800;15038.0;790.0;14248.0
185900;15158.0;790.0;14368.0
186000;15038.0;790.0;14248.0
186100;15038.0;790.0;14248.0
186200;15038.0;790.0;14248.0
186300;14918.0;790.0;14128.0
186400;14970.5;722.5;14248.0
186500;15105.0;817.0;14288.0
186600;15145.0;817.0;14328.0
186700;14985.0;817.0;14168.0
186800;15145.0;817.0;14328.0
186900;15172.0;844.0;14328.0
187000;15172.0;844.0;14328.0
187100;15238.0;790.0;14448.0
187200;15399.5;911.5;14488.0
187300;15278.0;790.0;14488.0
187400;15118.0;790.0;14328.0
187500;15158.0;790.0;14368.0
187600;15038.0;790.0;14248.0
187700;15198.0;790.0;14408.0
187800;15198.0;790.0;14408.0
187900;15198.0;790.0;14408.0
188000;15118.5;830.5;14288.0
188100;15078.0;790.0;14288.0
188200;14771.5;803.5;13968.0
188300;15225.0;817.0;14408.0
188400;15105.0;817.0;14288.0
188500;15265.0;817.0;14448.0
188600;15332.0;844.0;14488.0
188700;15359.0;871.0;14488.0
188800;15291.5;803.5;14488.0
188900;15332.0;844.0;14488.0
189000;15332.0;844.0;14488.0
189100;15452.0;844.0;14608.0
189200;15251.0;763.0;14488.0
189300;15359.0;871.0;14488.0
189400;15359.0;871.0;14488.0
189500;15426.0;898.0;14528.0
189600;15439.0;871.0;14568.0
189700;15289.0;721.0;14568.0
189800;15401.0;833.0;14568.0
189900;15097.0;849.0;14248.0
190000;15537.0;849.0;14688.0
190100;15385.0;817.0;14568.0
190200;15417.0;849.0;14568.0
190300;15417.0;849.0;14568.0
190400;15449.0;881.0;14568.0
190500;15353.0;865.0;14488.0
190600;15465.0;817.0;14648.0
190700;15417.0;769.0;14648.0
190800;15417.0;769.0;14648.0
190900;15345.0;817.0;14528.0
191000;15481.0;833.0;14648.0
191100;15313.0;785.0;14528.0
191200;15313.0;785.0;14528.0
191300;15401.0;753.0;14648.0
191400;15433.0;785.0;14648.0
191500;15353.0;785.0;14568.0
191600;15513.0;785.0;14728.0
191700;15353.0;785.0;14568.0
191800;15513.0;785.0;14728.0
191900;15601.0;753.0;14848.0
192000;15481.0;753.0;14728.0
192100;15449.0;721.0;14728.0
192200;15481.0;753.0;14728.0
192300;15167.5;559.5;14608.0
192400;15482.5;754.5;14728.0
192500;15503.0;735.0;14768.0
192600;15682.5;754.5;14928.0
192700;15582.0;774.0;14808.0
192800;15582.0;774.0;14808.0
192900;15663.0;735.0;14928.0
193000;15504.0;696.0;14808.0
193100;15523.5;715.5;14808.0
193200;15543.0;735.0;14808.0
193300;15696.0;888.0;14808.0
193400;15509.0;701.0;14808.0
193500;15498.0;650.0;14848.0
193600;15589.0;701.0;14888.0
193700;15640.0;752.0;14888.0
193800;15589.0;701.0;14888.0
193900;15589.0;701.0;14888.0
194000;15589.0;701.0;14888.0
194100;15709.0;701.0;15008.0
194200;15589.0;701.0;14888.0
194300;15487.0;599.0;14888.0
194400;15469.0;701.0;14768.0
194500;15629.0;701.0;14928.0
194600;15618.0;650.0;14968.0
194700;15755.0;667.0;15088.0
194800;15755.0;667.0;15088.0
194900;15155.0;667.0;14488.0
195000;15584.0;616.0;14968.0
195100;15532.0;684.0;14848.0
195200;15601.0;633.0;14968.0
195300;15652.0;684.0;14968.0
195400;15703.0;735.0;14968.0
195500;16201.0;633.0;15568.0
195600;15681.0;633.0;15048.0
195700;15681.0;633.0;15048.0
195800;15681.0;633.0;15048.0
195900;15345.0;497.0;14848.0
196000;15732.0;684.0;15048.0
196100;15681.0;633.0;15048.0
196200;15561.0;633.0;14928.0
196300;15681.0;633.0;15048.0
196400;15681.0;633.0;15048.0
196500;15721.0;633.0;15088.0
196600;15761.0;633.0;15128.0
196700;15315.0;667.0;14648.0
196800;15840.0;752.0;15088.0
196900;15755.0;667.0;15088.0
197000;15795.0;667.0;15128.0
197100;15795.0;667.0;15128.0
197200;15795.0;667.0;15128.0
197300;15812.0;684.0;15128.0
197400;15972.0;684.0;15288.0
197500;15681.0;633.0;15048.0
197600;16012.0;684.0;15328.0
197700;15807.0;599.0;15208.0
197800;15995.0;667.0;15328.0
197900;15995.0;667.0;15328.0
198000;15875.0;667.0;15208.0
198100;15926.0;718.0;15208.0
198200;15960.0;752.0;15208.0
198300;15755.0;667.0;15088.0
198400;15806.0;718.0;15088.0
198500;15795.0;667.0;15128.0
198600;15604.0;476.0;15128.0
198700;15809.0;681.0;15128.0
198800;15969.0;681.0;15288.0
198900;15849.0;681.0;15168.0
199000;15969.0;681.0;15288.0
199100;15969.0;681.0;15288.0
199200;15928.0;640.0;15288.0
199300;15928.0;640.0;15288.0
199400;15887.0;599.0;15288.0
199500;15968.0;640.0;15328.0
199600;15968.0;640.0;15328.0
199700;16128.0;640.0;15488.0
199800;16008.0;640.0;15368.0
199900;15926.0;558.0;15368.0
200000;15967.0;599.0;15368.0
200100;15967.0;599.0;15368.0
200200;15762.0;394.0;15368.0
200300;16065.5;537.5;15528.0
200400;15926.0;558.0;15368.0
200500;16007.0;599.0;15408.0
200600;15966.0;558.0;15408.0
200700;15887.0;599.0;15288.0
200800;16047.0;599.0;15448.0
200900;16167.0;599.0;15568.0
201000;15927.0;599.0;15328.0
201100;16126.0;558.0;15568.0
201200;16006.0;558.0;15448.0
201300;15384.5;496.5;14888.0
201400;16087.0;599.0;15488.0
201500;16166.0;558.0;15608.0
201600;16046.0;558.0;15488.0
201700;16004.0;476.0;15528.0
201800;16004.0;476.0;15528.0
201900;16065.5;537.5;15528.0
202000;15983.5;455.5;15528.0
202100;16045.0;517.0;15528.0
202200;16045.0;517.0;15528.0
202300;16004.0;476.0;15528.0
202400;15941.5;373.5;15568.0
202500;15821.5;373.5;15448.0
202600;16085.0;517.0;15568.0
202700;16085.0;517.0;15568.0
202800;16125.0;517.0;15608.0
202900;16245.0;517.0;15728.0
203000;16245.0;517.0;15728.0
203100;16125.0;517.0;15608.0
203200;16125.0;517.0;15608.0
203300;16285.0;517.0;15768.0
203400;16165.0;517.0;15648.0
203500;16725.0;517.0;16208.0
203600;15983.5;455.5;15528.0
203700;16284.0;476.0;15808.0
203800;16284.0;476.0;15808.0
203900;16164.0;476.0;15688.0
204000;16205.0;517.0;15688.0
204100;16205.0;517.0;15688.0
204200;16205.0;517.0;15688.0
204300;16406.0;558.0;15848.0
204400;16166.0;558.0;15608.0
204500;16286.0;558.0;15728.0
204600;16286.0;558.0;15728.0
204700;16446.0;558.0;15888.0
204800;16507.5;619.5;15888.0
204900;16166.0;558.0;15608.0
205000;16145.5;537.5;15608.0
205100;16244.0;476.0;15768.0
205200;16486.0;558.0;15928.0
205300;16326.0;558.0;15768.0
205400;16407.0;599.0;15808.0
205500;16325.0;517.0;15808.0
205600;16325.0;517.0;15808.0
205700;16526.0;558.0;15968.0
205800;16365.0;517.0;15848.0
205900;16205.0;517.0;15688.0
206000;16765.0;517.0;16248.0
206100;16245.0;517.0;15728.0
206200;16365.0;517.0;15848.0
206300;16160.0;312.0;15848.0
206400;16405.0;517.0;15888.0
206500;16364.0;476.0;15888.0
206600;16364.0;476.0;15888.0
206700;16475.0;707.0;15768.0
206800;16349.0;581.0;15768.0
206900;16455.0;527.0;15928.0
207000;16455.0;527.0;15928.0
207100;16563.0;635.0;15928.0
207200;16419.0;491.0;15928.0
207300;16455.0;527.0;15928.0
207400;16459.0;491.0;15968.0
207500;16459.0;491.0;15968.0
207600;16531.0;563.0;15968.0
207700;16619.0;491.0;16128.0
207800;16375.0;527.0;15848.0
207900;16535.0;527.0;16008.0
208000;16571.0;563.0;16008.0
208100;16571.0;563.0;16008.0
208200;16571.0;563.0;16008.0
208300;16571.0;563.0;16008.0
208400;16611.0;563.0;16048.0
208500;16731.0;563.0;16168.0
208600;16611.0;563.0;16048.0
208700;16615.0;527.0;16088.0
208800;16825.0;617.0;16208.0
208900;16735.0;527.0;16208.0
209000;16561.0;473.0;16088.0
209100;16883.0;635.0;16248.0
209200;16723.0;635.0;16088.0
209300;16691.0;563.0;16128.0
209400;16091.0;563.0;15528.0
209500;16607.0;599.0;16008.0
209600;16691.0;563.0;16128.0
209700;16785.0;617.0;16168.0
209800;16785.0;617.0;16168.0
209900;16713.0;545.0;16168.0
210000;16767.0;599.0;16168.0
210100;16683.0;635.0;16048.0
210200;16749.0;581.0;16168.0
210300;16803.0;635.0;16168.0
210400;16843.0;635.0;16208.0
210500;16843.0;635.0;16208.0
210600;16843.0;635.0;16208.0
210700;16723.0;635.0;16088.0
210800;16883.0;635.0;16248.0
210900;17009.0;761.0;16248.0
211000;16937.0;689.0;16248.0
211100;16799.0;671.0;16128.0
211200;16799.0;671.0;16128.0
211300;16727.0;599.0;16128.0
211400;16443.0;635.0;15808.0
211500;16923.0;635.0;16288.0
211600;16923.0;635.0;16288.0
211700;16963.0;635.0;16328.0
211800;16963.0;635.0;16328.0
211900;16963.0;635.0;16328.0
212000;16927.0;599.0;16328.0
212100;17527.0;599.0;16928.0
212200;17403.0;635.0;16768.0
212300;17159.0;671.0;16488.0
212400;16919.0;671.0;16248.0
212500;17039.0;671.0;16368.0
212600;16919.0;671.0;16248.0
212700;16688.0;440.0;16248.0
212800;17173.0;645.0;16528.0
212900;16991.5;583.5;16408.0
213000;17053.0;645.0;16408.0
213100;16974.0;686.0;16288.0
213200;16892.0;604.0;16288.0
213300;16971.0;563.0;16408.0
213400;17053.0;645.0;16408.0
213500;17072.5;624.5;16448.0
213600;17093.0;645.0;16448.0
213700;17314.5;706.5;16608.0
213800;17133.0;645.0;16488.0
213900;17010.0;522.0;16488.0
214000;17174.0;686.0;16488.0
214100;17112.5;624.5;16488.0
214200;17334.0;686.0;16648.0
214300;17054.0;686.0;16368.0
214400;17334.0;686.0;16648.0
214500;17334.0;686.0;16648.0
214600;17334.0;686.0;16648.0
214700;17213.0;645.0;16568.0
214800;17333.0;645.0;16688.0
214900;17213.0;645.0;16568.0
215000;17093.0;645.0;16448.0
215100;17192.5;624.5;16568.0
215200;17335.0;727.0;16608.0
215300;17254.0;686.0;16568.0
215400;17295.0;727.0;16568.0
215500;17335.0;727.0;16608.0
215600;17414.0;686.0;16728.0
215700;17334.0;686.0;16648.0
215800;17454.0;686.0;16768.0
215900;17454.0;686.0;16768.0
216000;17454.0;686.0;16768.0
216100;17334.0;686.0;16648.0
216200;17494.0;686.0;16808.0
216300;17214.0;686.0;16528.0
216400;17374.0;686.0;16688.0
216500;17254.0;686.0;16568.0
216600;17374.0;686.0;16688.0
216700;17414.0;686.0;16728.0
216800;17373.0;645.0;16728.0
216900;17534.0;686.0;16848.0
217000;17434.5;706.5;16728.0
217100;17615.0;727.0;16888.0
217200;16854.0;686.0;16168.0
217300;17533.0;645.0;16888.0
217400;17454.0;686.0;16768.0
217500;17454.0;686.0;16768.0
217600;17454.0;686.0;16768.0
217700;17432.5;624.5;16808.0
217800;17014.0;686.0;16328.0
217900;17494.0;686.0;16808.0
218000;17494.0;686.0;16808.0
218100;17494.0;686.0;16808.0
218200;17453.0;645.0;16808.0
218300;17494.0;686.0;16808.0
218400;17493.0;645.0;16848.0
218500;17373.0;645.0;16728.0
218600;17431.5;583.5;16848.0
218700;17492.0;604.0;16888.0
218800;17574.0;686.0;16888.0
218900;17373.0;645.0;16728.0
219000;17533.0;645.0;16888.0
219100;17652.0;604.0;17048.0
219200;17553.5;665.5;16888.0
219300;17492.0;604.0;16888.0
219400;17573.0;645.0;16928.0
219500;17491.0;563.0;16928.0
219600;17491.0;563.0;16928.0
219700;17491.0;563.0;16928.0
219800;17371.0;563.0;16808.0
219900;17651.0;563.0;17088.0
220000;17290.0;522.0;16768.0
220100;17572.0;604.0;16968.0
220200;17490.0;522.0;16968.0
220300;17490.0;522.0;16968.0
220400;17530.0;522.0;17008.0
220500;17530.0;522.0;17008.0
220600;16971.0;563.0;16408.0
220700;17571.0;563.0;17008.0
220800;18011.0;563.0;17448.0
220900;17731.0;563.0;17168.0
221000;17611.0;563.0;17048.0
221100;17590.5;542.5;17048.0
221200;17570.0;522.0;17048.0
221300;17549.5;501.5;17048.0
221400;17668.5;460.5;17208.0
221500;17410.0;522.0;16888.0
221600;17610.0;522.0;17088.0
221700;17609.0;481.0;17128.0
221800;17408.0;440.0;16968.0
221900;17487.0;399.0;17088.0
222000;17568.0;440.0;17128.0
222100;17609.0;481.0;17128.0
222200;17568.0;440.0;17128.0
222300;17568.0;440.0;17128.0
222400;17608.0;440.0;17168.0
222500;17731.0;563.0;17168.0
222600;17731.0;563.0;17168.0
222700;17525.0;317.0;17208.0
222800;17648.0;440.0;17208.0
222900;17648.0;440.0;17208.0
223000;17689.0;481.0;17208.0
223100;17832.5;624.5;17208.0
223200;17849.0;481.0;17368.0
223300;17931.0;563.0;17368.0
223400;17729.0;481.0;17248.0
223500;17749.5;501.5;17248.0
223600;17849.0;481.0;17368.0
223700;17810.0;522.0;17288.0
223800;17769.0;481.0;17288.0
223900;17799.0;671.0;17128.0
224000;17659.0;491.0;17168.0
224100;17695.0;527.0;17168.0
224200;17815.0;527.0;17288.0
224300;17779.0;491.0;17288.0
224400;17703.0;255.0;17448.0
224500;17911.0;583.0;17328.0
224600;17688.5;480.5;17208.0
224700;17869.0;501.0;17368.0
224800;17750.0;542.0;17208.0
224900;17647.5;439.5;17208.0
225000;17869.0;501.0;17368.0
225100;18029.0;501.0;17528.0
225200;17889.5;521.5;17368.0
225300;17708.0;460.0;17248.0
225400;17868.0;460.0;17408.0
225500;17888.5;480.5;17408.0
225600;17827.0;419.0;17408.0
225700;17987.0;419.0;17568.0
225800;17987.0;419.0;17568.0
225900;17867.0;419.0;17448.0
226000;17990.0;542.0;17448.0
226100;17908.0;460.0;17448.0
226200;17908.0;460.0;17448.0
226300;18006.5;398.5;17608.0
226400;17828.0;460.0;17368.0
226500;17907.0;419.0;17488.0
226600;18009.5;521.5;17488.0
226700;18009.5;521.5;17488.0
226800;18108.0;460.0;17648.0
226900;18108.0;460.0;17648.0
227000;17868.0;460.0;17408.0
227100;17844.5;316.5;17528.0
227200;17868.0;460.0;17408.0
227300;17988.0;460.0;17528.0
227400;18028.0;460.0;17568.0
227500;17987.0;419.0;17568.0
227600;17946.0;378.0;17568.0
227700;18027.0;419.0;17608.0
227800;18027.0;419.0;17608.0
227900;17986.0;378.0;17608.0
228000;17986.0;378.0;17608.0
228100;17986.0;378.0;17608.0
228200;18146.0;378.0;17768.0
228300;18170.0;562.0;17608.0
228400;18074.0;426.0;17648.0
228500;18040.0;392.0;17648.0
228600;18108.0;460.0;17648.0
228700;18148.0;460.0;17688.0
228800;18148.0;460.0;17688.0
228900;18148.0;460.0;17688.0
229000;18114.0;426.0;17688.0
229100;18165.0;477.0;17688.0
229200;18012.0;324.0;17688.0
229300;18148.0;460.0;17688.0
229400;17588.0;460.0;17128.0
229500;17673.0;545.0;17128.0
229600;18120.0;392.0;17728.0
229700;18262.0;494.0;17768.0
229800;18177.0;409.0;17768.0
229900;18262.0;494.0;17768.0
230000;18159.0;511.0;17648.0
230100;18228.0;460.0;17768.0
230200;18228.0;460.0;17768.0
230300;18194.0;426.0;17768.0
230400;18268.0;460.0;17808.0
230500;18166.0;358.0;17808.0
230600;18200.0;392.0;17808.0
230700;17944.0;256.0;17688.0
230800;18114.0;426.0;17688.0
230900;18274.0;426.0;17848.0
231000;18240.0;392.0;17848.0
231100;18154.0;426.0;17728.0
231200;18434.0;426.0;18008.0
231300;18434.0;426.0;18008.0
231400;18400.0;392.0;18008.0
231500;18280.0;392.0;17888.0
231600;17766.0;358.0;17408.0
231700;17800.0;392.0;17408.0
231800;18320.0;392.0;17928.0
231900;18320.0;392.0;17928.0
232000;18720.0;392.0;18328.0
232100;18286.0;358.0;17928.0
232200;18395.0;307.0;18088.0
232300;18149.0;341.0;17808.0
232400;18326.0;358.0;17968.0
232500;18326.0;358.0;17968.0
232600;18326.0;358.0;17968.0
232700;18366.0;358.0;18008.0
232800;18366.0;358.0;18008.0
232900;18451.0;443.0;18008.0
233000;18486.0;358.0;18128.0
233100;18457.0;409.0;18048.0
233200;18526.0;358.0;18168.0
233300;18366.0;358.0;18008.0
233400;18526.0;358.0;18168.0
233500;18304.0;256.0;18048.0
233600;18286.0;358.0;17928.0
233700;18438.0;510.0;17928.0
233800;18458.0;370.0;18088.0
233900;18500.0;412.0;18088.0
234000;18536.0;328.0;18208.0
234100;18338.0;370.0;17968.0
234200;18486.0;398.0;18088.0
234300;18458.0;370.0;18088.0
234400;18500.0;412.0;18088.0
234500;18596.0;468.0;18128.0
234600;18498.0;370.0;18128.0
234700;18378.0;370.0;18008.0
234800;18566.0;398.0;18168.0
234900;18378.0;370.0;18008.0
235000;18376.0;328.0;18048.0
235100;18578.0;370.0;18208.0
235200;18496.0;328.0;18168.0
235300;18376.0;328.0;18048.0
235400;18460.0;412.0;18048.0
235500;18600.0;272.0;18328.0
235600;18670.0;342.0;18328.0
235700;18660.0;412.0;18248.0
235800;18590.0;342.0;18248.0
235900;18590.0;342.0;18248.0
236000;18618.0;370.0;18248.0
236100;18806.0;398.0;18408.0
236200;18526.0;398.0;18128.0
236300;18526.0;398.0;18128.0
236400;18806.0;398.0;18408.0
236500;18644.0;356.0;18288.0
236600;18658.0;370.0;18288.0
236700;18658.0;370.0;18288.0
236800;18726.0;398.0;18328.0
236900;18306.0;138.0;18168.0
237000;18799.0;471.0;18328.0
237100;18743.5;415.5;18328.0
237200;18885.0;397.0;18488.0
237300;18725.0;397.0;18328.0
237400;18765.0;397.0;18368.0
237500;18728.0;360.0;18368.0
237600;18589.5;341.5;18248.0
237700;18768.0;360.0;18408.0
237800;18888.0;360.0;18528.0
237900;18888.0;360.0;18528.0
238000;18823.5;415.5;18408.0
238100;18768.0;360.0;18408.0
238200;18768.0;360.0;18408.0
238300;18928.0;360.0;18568.0
238400;18863.5;415.5;18448.0
238500;18863.5;415.5;18448.0
238600;18928.0;360.0;18568.0
238700;18848.0;360.0;18488.0
238800;18885.0;397.0;18488.0
238900;18885.0;397.0;18488.0
239000;18885.0;397.0;18488.0
239100;18829.5;341.5;18488.0
239200;19051.5;563.5;18488.0
239300;18885.0;397.0;18488.0
239400;19045.0;397.0;18648.0
239500;19008.0;360.0;18648.0
239600;18768.0;360.0;18408.0
239700;18928.0;360.0;18568.0
239800;18928.0;360.0;18568.0
239900;18854.0;286.0;18568.0
240000;18965.0;397.0;18568.0
240100;18891.0;323.0;18568.0
240200;18965.0;397.0;18568.0
240300;18928.0;360.0;18568.0
240400;18968.0;360.0;18608.0
240500;18949.5;341.5;18608.0
240600;18968.0;360.0;18608.0
240700;19165.0;397.0;18768.0
240800;19165.0;397.0;18768.0
240900;19174.5;526.5;18648.0
241000;19082.0;434.0;18648.0
241100;19205.0;397.0;18808.0
241200;18999.0;471.0;18528.0
241300;19082.0;434.0;18648.0
241400;19063.5;415.5;18648.0
241500;19085.0;397.0;18688.0
241600;19122.0;434.0;18688.0
241700;18965.0;397.0;18568.0
241800;19199.0;471.0;18728.0
241900;19088.0;360.0;18728.0
242000;19162.0;434.0;18728.0
242100;19162.0;434.0;18728.0
242200;19162.0;434.0;18728.0
242300;19125.0;397.0;18728.0
242400;19202.0;434.0;18768.0
242500;19183.5;415.5;18768.0
242600;19202.0;434.0;18768.0
242700;19205.0;397.0;18808.0
242800;19279.0;471.0;18808.0
242900;19362.0;434.0;18928.0
243000;19242.0;434.0;18808.0
243100;19402.0;434.0;18968.0
243200;19242.0;434.0;18808.0
243300;19402.0;434.0;18968.0
243400;19300.5;452.5;18848.0
243500;19722.0;434.0;19288.0
243600;19402.0;434.0;18968.0
243700;19162.0;434.0;18728.0
243800;19322.0;434.0;18888.0
243900;19322.0;434.0;18888.0
244000;19322.0;434.0;18888.0
244100;19322.0;434.0;18888.0
244200;19091.0;323.0;18768.0
244300;19322.0;434.0;18888.0
244400;19417.5;489.5;18928.0
244500;19306.5;378.5;18928.0
244600;19534.0;606.0;18928.0
244700;19514.0;546.0;18968.0
244800;19349.0;381.0;18968.0
244900;19219.0;411.0;18808.0
245000;19289.0;441.0;18848.0
245100;19409.0;441.0;18968.0
245200;19539.0;411.0;19128.0
245300;19229.0;261.0;18968.0
245400;19389.0;381.0;19008.0
245500;19344.0;336.0;19008.0
245600;19389.0;381.0;19008.0
245700;19474.0;426.0;19048.0
245800;19594.0;426.0;19168.0
245900;19534.0;486.0;19048.0
246000;19399.0;351.0;19048.0
246100;19429.0;381.0;19048.0
246200;19399.0;351.0;19048.0
246300;19399.0;351.0;19048.0
246400;19304.0;336.0;18968.0
246500;19349.0;381.0;18968.0
246600;19469.0;381.0;19088.0
246700;19304.0;336.0;18968.0
246800;19509.0;381.0;19128.0
246900;19379.0;411.0;18968.0
247000;19509.0;381.0;19128.0
247100;19509.0;381.0;19128.0
247200;19464.0;336.0;19128.0
247300;19464.0;336.0;19128.0
247400;19384.0;336.0;19048.0
247500;19624.0;456.0;19168.0
247600;19534.0;366.0;19168.0
247700;19604.0;276.0;19328.0
247800;19240.0;192.0;19048.0
247900;19735.0;407.0;19328.0
248000;19778.0;450.0;19328.0
248100;19818.0;450.0;19368.0
248200;19818.0;450.0;19368.0
248300;19658.0;450.0;19208.0
248400;19655.0;407.0;19248.0
248500;19784.0;536.0;19248.0
248600;19741.0;493.0;19248.0
248700;19781.0;493.0;19288.0
248800;19738.0;450.0;19288.0
248900;19944.0;536.0;19408.0
249000;19759.5;471.5;19288.0
249100;19759.5;471.5;19288.0
249200;19824.0;536.0;19288.0
249300;19824.0;536.0;19288.0
249400;19864.0;536.0;19328.0
249500;19864.0;536.0;19328.0
249600;19808.5;600.5;19208.0
249700;20088.5;600.5;19488.0
249800;19904.0;536.0;19368.0
249900;19861.0;493.0;19368.0
250000;20024.0;536.0;19488.0
250100;20064.0;536.0;19528.0
250200;20064.0;536.0;19528.0
250300;19861.0;493.0;19368.0
250400;19879.5;471.5;19408.0
250500;19987.0;579.0;19408.0
250600;19901.0;493.0;19408.0
250700;19941.0;493.0;19448.0
250800;20018.0;450.0;19568.0
250900;19898.0;450.0;19448.0
251000;19962.5;514.5;19448.0
251100;20101.0;493.0;19608.0
251200;19683.0;235.0;19448.0
251300;19941.0;493.0;19448.0
251400;20101.0;493.0;19608.0
251500;19861.0;493.0;19368.0
251600;19981.0;493.0;19488.0
251700;20021.0;493.0;19528.0
251800;20021.0;493.0;19528.0
251900;19904.0;536.0;19368.0
252000;19978.0;450.0;19528.0
252100;20021.0;493.0;19528.0
252200;20064.0;536.0;19528.0
252300;20021.0;493.0;19528.0
252400;20039.5;471.5;19568.0
252500;20039.5;471.5;19568.0
252600;20181.0;493.0;19688.0
252700;20101.0;493.0;19608.0
252800;20101.0;493.0;19608.0
252900;20221.0;493.0;19728.0
253000;20101.0;493.0;19608.0
253100;20165.5;557.5;19608.0
253200;20101.0;493.0;19608.0
253300;20101.0;493.0;19608.0
253400;20141.0;493.0;19648.0
253500;20141.0;493.0;19648.0
253600;20184.0;536.0;19648.0
253700;20021.0;493.0;19528.0
253800;20064.0;536.0;19528.0
253900;20064.0;536.0;19528.0
254000;20267.0;579.0;19688.0
254100;20147.0;579.0;19568.0
254200;20267.0;579.0;19688.0
254300;20147.0;579.0;19568.0
254400;20307.0;579.0;19728.0
254500;20491.5;643.5;19848.0
254600;20264.0;536.0;19728.0
254700;20462.5;694.5;19768.0
254800;20434.0;546.0;19888.0
254900;20330.5;562.5;19768.0
255000;20330.5;562.5;19768.0
255100;20347.0;579.0;19768.0
255200;20347.0;579.0;19768.0
255300;20387.0;579.0;19808.0
255400;20354.0;546.0;19808.0
255500;20234.0;546.0;19688.0
255600;20387.0;579.0;19808.0
255700;20394.0;546.0;19848.0
255800;20427.0;579.0;19848.0
255900;20427.0;579.0;19848.0
256000;20460.0;612.0;19848.0
256100;20460.0;612.0;19848.0
256200;20570.5;562.5;20008.0
256300;20427.0;579.0;19848.0
256400;20467.0;579.0;19888.0
256500;20417.5;529.5;19888.0
256600;20467.0;579.0;19888.0
256700;20573.0;645.0;19928.0
256800;20507.0;579.0;19928.0
256900;20507.0;579.0;19928.0
257000;20507.0;579.0;19928.0
257100;20474.0;546.0;19928.0
257200;20507.0;579.0;19928.0
257300;20733.0;645.0;20088.0
257400;20530.5;562.5;19968.0
257500;20580.0;612.0;19968.0
257600;20547.0;579.0;19968.0
257700;20587.0;579.0;20008.0
257800;20707.0;579.0;20128.0
257900;20587.0;579.0;20008.0
258000;20636.5;628.5;20008.0
258100;20620.0;612.0;20008.0
258200;20653.0;645.0;20008.0
258300;20620.0;612.0;20008.0
258400;20627.0;579.0;20048.0
258500;20747.0;579.0;20168.0
258600;20610.5;562.5;20048.0
258700;20700.0;612.0;20088.0
258800;20467.0;579.0;19888.0
258900;20787.0;579.0;20208.0
259000;20787.0;579.0;20208.0
259100;20820.0;612.0;20208.0
259200;20683.5;595.5;20088.0
259300;20634.0;546.0;20088.0
259400;20634.0;546.0;20088.0
259500;20674.0;546.0;20128.0
259600;20674.0;546.0;20128.0
259700;20603.5;595.5;20008.0
259800;20883.5;595.5;20288.0
259900;20714.0;546.0;20168.0
260000;20747.0;579.0;20168.0
260100;20714.0;546.0;20168.0
260200;20714.0;546.0;20168.0
260300;20841.0;513.0;20328.0
260400;20601.0;513.0;20088.0
260500;20721.0;513.0;20208.0
260600;20857.5;529.5;20328.0
260700;20728.0;480.0;20248.0
260800;20601.0;513.0;20088.0
260900;20761.0;513.0;20248.0
261000;20761.0;513.0;20248.0
261100;20794.0;546.0;20248.0
261200;20794.0;546.0;20248.0
261300;20794.0;546.0;20248.0
261400;21003.5;595.5;20408.0
261500;20714.0;546.0;20168.0
261600;20954.0;546.0;20408.0
261700;20907.0;579.0;20328.0
261800;21006.0;678.0;20328.0
261900;20780.0;612.0;20168.0
262000;21081.0;753.0;20328.0
262100;21116.0;628.0;20488.0
262200;20893.5;565.5;20328.0
262300;20893.5;565.5;20328.0
262400;21116.0;628.0;20488.0
262500;20996.0;628.0;20368.0
262600;20876.0;628.0;20248.0
262700;21036.0;628.0;20408.0
262800;21036.0;628.0;20408.0
262900;21036.0;628.0;20408.0
263000;21036.0;628.0;20408.0
263100;21036.0;628.0;20408.0
263200;21171.0;603.0;20568.0
263300;21171.0;603.0;20568.0
263400;21051.0;603.0;20448.0
263500;21088.5;640.5;20448.0
263600;21138.5;690.5;20448.0
263700;21276.0;628.0;20648.0
263800;21116.0;628.0;20488.0
263900;20611.0;603.0;20008.0
264000;20958.5;590.5;20368.0
264100;20958.5;590.5;20368.0
264200;21203.5;715.5;20488.0
264300;21116.0;628.0;20488.0
264400;20998.5;590.5;20408.0
264500;21181.0;653.0;20528.0
264600;21131.0;603.0;20528.0
264700;21221.0;653.0;20568.0
264800;21196.0;628.0;20568.0
264900;21121.0;553.0;20568.0
265000;21221.0;653.0;20568.0
265100;20636.0;628.0;20008.0
265200;21158.5;590.5;20568.0
265300;21196.0;628.0;20568.0
265400;21248.5;640.5;20608.0
265500;21236.0;628.0;20608.0
265600;21091.0;603.0;20488.0
265700;21288.5;640.5;20648.0
265800;21276.0;628.0;20648.0
265900;21276.0;628.0;20648.0
266000;21276.0;628.0;20648.0
266100;21276.0;628.0;20648.0
266200;21291.0;603.0;20688.0
266300;21276.0;628.0;20648.0
266400;21316.0;628.0;20688.0
266500;21316.0;628.0;20688.0
266600;21316.0;628.0;20688.0
266700;21451.0;603.0;20848.0
266800;21318.5;590.5;20728.0
266900;21331.0;603.0;20728.0
267000;21826.0;578.0;21248.0
267100;21331.0;603.0;20728.0
267200;21393.5;665.5;20728.0
267300;21331.0;603.0;20728.0
267400;20891.0;603.0;20288.0
267500;21371.0;603.0;20768.0
267600;21371.0;603.0;20768.0
267700;21506.0;578.0;20928.0
267800;21386.0;578.0;20808.0
267900;21046.0;398.0;20648.0
268000;21363.5;555.5;20808.0
268100;21663.5;695.5;20968.0
268200;20906.0;538.0;20368.0
268300;21381.0;573.0;20808.0
268400;21353.5;625.5;20728.0
268500;21421.0;573.0;20848.0
268600;21386.0;538.0;20848.0
268700;21426.0;538.0;20888.0
268800;21496.0;608.0;20888.0
268900;21496.0;608.0;20888.0
269000;21478.5;590.5;20888.0
269100;21461.0;573.0;20888.0
269200;21408.5;520.5;20888.0
269300;21624.0;736.0;20888.0
269400;21422.5;534.5;20888.0
269500;21629.0;581.0;21048.0
269600;21555.5;627.5;20928.0
269700;21611.0;643.0;20968.0
269800;21518.0;550.0;20968.0
269900;21626.5;658.5;20968.0
270000;21580.0;612.0;20968.0
270100;21589.0;581.0;21008.0
270200;21580.0;612.0;20968.0
270300;21595.5;627.5;20968.0
270400;21589.0;581.0;21008.0
270500;21589.0;581.0;21008.0
270600;21589.0;581.0;21008.0
270700;21598.0;550.0;21048.0
270800;21675.5;627.5;21048.0
270900;21660.0;612.0;21048.0
271000;21737.5;689.5;21048.0
271100;21344.0;736.0;20608.0
271200;21344.0;736.0;20608.0
271300;21660.0;612.0;21048.0
271400;21700.0;612.0;21088.0
271500;21851.0;643.0;21208.0
271600;21669.0;581.0;21088.0
271700;21740.0;612.0;21128.0
271800;21709.0;581.0;21128.0
271900;21829.0;581.0;21248.0
272000;21724.5;596.5;21128.0
272100;21869.0;581.0;21288.0
272200;21589.0;581.0;21008.0
272300;21755.5;627.5;21128.0
272400;21718.0;550.0;21168.0
272500;21749.0;581.0;21168.0
272600;21909.0;581.0;21328.0
272700;21293.5;565.5;20728.0
272800;21598.0;550.0;21048.0
272900;21789.0;581.0;21208.0
273000;21742.5;534.5;21208.0
273100;21665.0;457.0;21208.0
273200;21758.0;550.0;21208.0
273300;21789.0;581.0;21208.0
273400;21709.0;581.0;21128.0
273500;21709.0;581.0;21128.0
273600;21829.0;581.0;21248.0
273700;21869.0;581.0;21288.0
273800;21869.0;581.0;21288.0
273900;21755.5;627.5;21128.0
274000;21826.5;658.5;21168.0
274100;21429.0;581.0;20848.0
274200;21909.0;581.0;21328.0
274300;21909.0;581.0;21328.0
274400;21789.0;581.0;21208.0
274500;21998.0;550.0;21448.0
274600;21429.0;581.0;20848.0
274700;22069.0;581.0;21488.0
274800;21949.0;581.0;21368.0
274900;21949.0;581.0;21368.0
275000;21949.0;581.0;21368.0
275100;21995.5;627.5;21368.0
275200;21989.0;581.0;21408.0
275300;21995.5;627.5;21368.0
275400;22035.5;627.5;21408.0
275500;22020.0;612.0;21408.0
275600;21989.0;581.0;21408.0
275700;22060.0;612.0;21448.0
275800;22013.5;565.5;21448.0
275900;21900.0;612.0;21288.0
276000;21909.0;581.0;21328.0
276100;22029.0;581.0;21448.0
276200;22189.0;581.0;21608.0
276300;22069.0;581.0;21488.0
276400;21767.0;399.0;21368.0
276500;22167.0;679.0;21488.0
276600;22127.0;639.0;21488.0
276700;22167.0;639.0;21528.0
276800;22007.0;639.0;21368.0
276900;22067.0;699.0;21368.0
277000;22067.0;659.0;21408.0
277100;21887.0;679.0;21208.0
277200;22087.0;679.0;21408.0
277300;22087.0;679.0;21408.0
277400;22247.0;679.0;21568.0
277500;22247.0;679.0;21568.0
277600;22247.0;679.0;21568.0
277700;22087.0;639.0;21448.0
277800;22427.0;699.0;21728.0
277900;22387.0;779.0;21608.0
278000;22407.0;679.0;21728.0
278100;22287.0;679.0;21608.0
278200;22287.0;679.0;21608.0
278300;22287.0;679.0;21608.0
278400;22347.0;739.0;21608.0
278500;22207.0;679.0;21528.0
278600;22387.0;739.0;21648.0
278700;22807.0;719.0;22088.0
278800;22827.0;739.0;22088.0
278900;22207.0;519.0;21688.0
279000;22347.0;659.0;21688.0
279100;22427.0;739.0;21688.0
279200;22307.0;739.0;21568.0
279300;22327.0;639.0;21688.0
279400;22407.0;679.0;21728.0
279500;22407.0;679.0;21728.0
279600;22367.0;639.0;21728.0
279700;22527.0;639.0;21888.0
279800;22487.0;599.0;21888.0
279900;22307.0;539.0;21768.0
280000;22247.0;599.0;21648.0
280100;22527.0;599.0;21928.0
280200;22527.0;599.0;21928.0
280300;22247.0;599.0;21648.0
280400;22407.0;599.0;21808.0
280500;22567.0;639.0;21928.0
280600;22447.0;639.0;21808.0
280700;22007.0;639.0;21368.0
280800;22007.0;639.0;21368.0
280900;22427.0;579.0;21848.0
281000;22487.0;639.0;21848.0
281100;22487.0;639.0;21848.0
281200;22487.0;639.0;21848.0
281300;22447.0;599.0;21848.0
281400;22487.0;599.0;21888.0
281500;22347.0;459.0;21888.0
281600;22367.0;599.0;21768.0
281700;22567.0;639.0;21928.0
281800;22647.0;599.0;22048.0
281900;22567.0;639.0;21928.0
282000;22527.0;599.0;21928.0
282100;22527.0;599.0;21928.0
282200;22687.0;599.0;22088.0
282300;22687.0;599.0;22088.0
282400;22687.0;599.0;22088.0
282500;22567.0;599.0;21968.0
282600;23007.0;599.0;22408.0
282700;22407.0;559.0;21848.0
282800;22607.0;599.0;22008.0
282900;22607.0;599.0;22008.0
283000;22607.0;599.0;22008.0
283100;22607.0;599.0;22008.0
283200;22567.0;559.0;22008.0
283300;22167.0;599.0;21568.0
283400;22807.0;639.0;22168.0
283500;22647.0;599.0;22048.0
283600;22587.0;539.0;22048.0
283700;22607.0;559.0;22048.0
283800;22607.0;559.0;22048.0
283900;22487.0;559.0;21928.0
284000;22667.0;579.0;22088.0
284100;22527.0;559.0;21968.0
284200;22647.0;559.0;22088.0
284300;22607.0;519.0;22088.0
284400;22727.0;479.0;22248.0
284500;22567.0;559.0;22008.0
284600;22687.0;559.0;22128.0
284700;22727.0;559.0;22168.0
284800;22687.0;519.0;22168.0
284900;22787.0;619.0;22168.0
285000;22687.0;519.0;22168.0
285100;22567.0;519.0;22048.0
285200;22567.0;399.0;22168.0
285300;22927.0;599.0;22328.0
285400;22767.0;559.0;22208.0
285500;22767.0;559.0;22208.0
285600;23167.0;519.0;22648.0
285700;22807.0;559.0;22248.0
285800;22647.0;559.0;22088.0
285900;22647.0;559.0;22088.0
286000;22687.0;559.0;22128.0
286100;22367.0;559.0;21808.0
286200;22807.0;559.0;22248.0
286300;22567.0;519.0;22048.0
286400;22827.0;539.0;22288.0
286500;22847.0;559.0;22288.0
286600;22947.0;539.0;22408.0
286700;22907.0;499.0;22408.0
286800;22807.0;519.0;22288.0
286900;22867.0;539.0;22328.0
287000;22887.0;559.0;22328.0
287100;22887.0;559.0;22328.0
287200;22887.0;559.0;22328.0
287300;22887.0;559.0;22328.0
287400;22967.0;599.0;22368.0
287500;22927.0;559.0;22368.0
287600;22927.0;559.0;22368.0
287700;22967.0;559.0;22408.0
287800;22927.0;519.0;22408.0
287900;22927.0;519.0;22408.0
288000;22607.0;639.0;21968.0
288100;22887.0;479.0;22408.0
288200;22967.0;559.0;22408.0
288300;23007.0;599.0;22408.0
288400;22947.0;499.0;22448.0
288500;22967.0;519.0;22448.0
288600;22867.0;539.0;22328.0
288700;22747.0;419.0;22328.0
288800;22887.0;559.0;22328.0
288900;23047.0;559.0;22488.0
289000;23007.0;519.0;22488.0
289100;22887.0;519.0;22368.0
289200;23047.0;559.0;22488.0
289300;23047.0;559.0;22488.0
289400;22863.0;215.0;22648.0
289500;23065.0;537.0;22528.0
289600;23019.0;491.0;22528.0
289700;23059.0;491.0;22568.0
289800;23179.0;491.0;22688.0
289900;23128.0;560.0;22568.0
290000;23128.0;560.0;22568.0
290100;22985.0;537.0;22448.0
290200;23265.0;537.0;22728.0
290300;23059.0;491.0;22568.0
290400;23145.0;537.0;22608.0
290500;23076.0;468.0;22608.0
290600;23145.0;537.0;22608.0
290700;23185.0;537.0;22648.0
290800;23185.0;537.0;22648.0
290900;23231.0;583.0;22648.0
291000;23162.0;514.0;22648.0
291100;23162.0;514.0;22648.0
291200;23231.0;583.0;22648.0
291300;23231.0;583.0;22648.0
291400;23271.0;583.0;22688.0
291500;23460.0;652.0;22808.0
291600;23460.0;652.0;22808.0
291700;23357.0;629.0;22728.0
291800;22831.0;583.0;22248.0
291900;23219.0;491.0;22728.0
292000;23334.0;606.0;22728.0
292100;23448.0;560.0;22888.0
292200;23173.0;445.0;22728.0
292300;23311.0;583.0;22728.0
292400;23300.0;652.0;22648.0
292500;23231.0;583.0;22648.0
292600;23185.0;537.0;22648.0
292700;23391.0;583.0;22808.0
292800;23511.0;583.0;22928.0
292900;23437.0;629.0;22808.0
293000;23437.0;629.0;22808.0
293100;23785.0;537.0;23248.0
293200;23391.0;583.0;22808.0
293300;23391.0;583.0;22808.0
293400;23871.0;583.0;23288.0
293500;23551.0;583.0;22968.0
293600;23551.0;583.0;22968.0
293700;22922.0;514.0;22408.0
293800;23471.0;583.0;22888.0
293900;23471.0;583.0;22888.0
294000;23471.0;583.0;22888.0
294100;23471.0;583.0;22888.0
294200;23540.0;652.0;22888.0
294300;23517.0;629.0;22888.0
294400;23557.0;629.0;22928.0
294500;23511.0;583.0;22928.0
294600;23511.0;583.0;22928.0
294700;23511.0;583.0;22928.0
294800;23597.0;629.0;22968.0
294900;23551.0;583.0;22968.0
295000;23551.0;583.0;22968.0
295100;23431.0;583.0;22848.0
295200;23528.0;560.0;22968.0
295300;23477.0;629.0;22848.0
295400;23586.0;698.0;22888.0
295500;23591.0;583.0;23008.0
295600;23591.0;583.0;23008.0
295700;23705.0;537.0;23168.0
295800;23517.0;629.0;22888.0
295900;23751.0;583.0;23168.0
296000;23631.0;583.0;23048.0
296100;23631.0;583.0;23048.0
296200;23585.0;537.0;23048.0
296300;23585.0;537.0;23048.0
296400;23671.0;583.0;23088.0
296500;23671.0;583.0;23088.0
296600;23717.0;629.0;23088.0
296700;23711.0;583.0;23128.0
296800;23071.0;583.0;22488.0
296900;23711.0;583.0;23128.0
297000;23665.0;537.0;23128.0
297100;23665.0;537.0;23128.0
297200;23705.0;537.0;23168.0
297300;23665.0;537.0;23128.0
297400;23705.0;537.0;23168.0
297500;23963.0;675.0;23288.0
297600;23659.0;491.0;23168.0
297700;23705.0;537.0;23168.0
297800;23705.0;537.0;23168.0
297900;23791.0;583.0;23208.0
298000;23791.0;583.0;23208.0
298100;23951.0;583.0;23368.0
298200;23745.0;537.0;23208.0
298300;23745.0;537.0;23208.0
298400;23739.0;491.0;23248.0
298500;23785.0;537.0;23248.0
298600;23665.0;537.0;23128.0
298700;23825.0;537.0;23288.0
298800;23871.0;583.0;23288.0
298900;23871.0;583.0;23288.0
299000;23917.0;629.0;23288.0
299100;24077.0;629.0;23448.0
299200;23751.0;583.0;23168.0
299300;24031.0;583.0;23448.0
299400;23791.0;583.0;23208.0
299500;23957.0;629.0;23328.0
299600;23957.0;629.0;23328.0
299700;23905.0;537.0;23368.0
299800;24043.0;675.0;23368.0
299900;24140.0;652.0;23488.0
300000;23951.0;583.0;23368.0
300100;24020.0;652.0;23368.0
300200;23974.0;606.0;23368.0
300300;23951.0;583.0;23368.0
300400;24060.0;652.0;23408.0
300500;23853.0;445.0;23408.0
300600;23940.0;652.0;23288.0
300700;24031.0;583.0;23448.0
300800;24105.0;537.0;23568.0
300900;24077.0;629.0;23448.0
301000;23660.0;652.0;23008.0
301100;24008.0;560.0;23448.0
301200;24077.0;629.0;23448.0
301300;24077.0;629.0;23448.0
301400;24163.0;675.0;23488.0
301500;24117.0;629.0;23488.0
301600;24283.0;675.0;23608.0
301700;24203.0;675.0;23528.0
301800;24111.0;583.0;23528.0
301900;24157.0;629.0;23528.0
302000;24249.0;721.0;23528.0
302100;24037.0;629.0;23408.0
302200;24157.0;629.0;23528.0
302300;24157.0;629.0;23528.0
302400;24077.0;629.0;23448.0
302500;23946.0;698.0;23248.0
302600;23831.0;583.0;23248.0
302700;24329.0;721.0;23608.0
302800;24400.0;792.0;23608.0
302900;24205.0;597.0;23608.0
303000;24205.0;597.0;23608.0
303100;24224.5;616.5;23608.0
303200;24205.0;597.0;23608.0
303300;24205.0;597.0;23608.0
303400;24245.0;597.0;23648.0
303500;24245.0;597.0;23648.0
303600;24167.0;519.0;23648.0
303700;24246.0;558.0;23688.0
303800;24167.0;519.0;23648.0
303900;24246.0;558.0;23688.0
304000;24246.0;558.0;23688.0
304100;24403.0;675.0;23728.0
304200;24246.0;558.0;23688.0
304300;24126.0;558.0;23568.0
304400;24286.0;558.0;23728.0
304500;24286.0;558.0;23728.0
304600;24325.0;597.0;23728.0
304700;24365.0;597.0;23768.0
304800;24326.0;558.0;23768.0
304900;24365.0;597.0;23768.0
305000;24404.0;636.0;23768.0
305100;24365.0;597.0;23768.0
305200;24525.0;597.0;23928.0
305300;24365.0;597.0;23768.0
305400;24405.0;597.0;23808.0
305500;24405.0;597.0;23808.0
305600;23844.0;636.0;23208.0
305700;24523.0;675.0;23848.0
305800;24445.0;597.0;23848.0
305900;24445.0;597.0;23848.0
306000;24864.5;616.5;24248.0
306100;24445.0;597.0;23848.0
306200;24425.5;577.5;23848.0
306300;24305.5;577.5;23728.0
306400;24644.0;636.0;24008.0
306500;24602.0;714.0;23888.0
306600;24504.5;616.5;23888.0
306700;24583.5;655.5;23928.0
306800;24525.0;597.0;23928.0
306900;24844.0;636.0;24208.0
307000;24502.5;694.5;23808.0
307100;24564.0;636.0;23928.0
307200;24564.0;636.0;23928.0
307300;24603.0;675.0;23928.0
307400;24763.0;675.0;24088.0
307500;24443.0;675.0;23768.0
307600;24701.5;733.5;23968.0
307700;24644.0;636.0;24008.0
307800;24722.0;714.0;24008.0
307900;24300.5;772.5;23528.0
308000;24722.0;714.0;24008.0
308100;24722.0;714.0;24008.0
308200;24663.5;655.5;24008.0
308300;24602.0;714.0;23888.0
308400;24602.0;714.0;23888.0
308500;24762.0;714.0;24048.0
308600;24762.0;714.0;24048.0
308700;24883.0;675.0;24208.0
308800;24883.0;675.0;24208.0
308900;24802.0;714.0;24088.0
309000;24802.0;714.0;24088.0
309100;24682.0;714.0;23968.0
309200;24802.0;714.0;24088.0
309300;24682.0;714.0;23968.0
309400;24842.0;714.0;24128.0
309500;24803.0;675.0;24128.0
309600;24803.0;675.0;24128.0
309700;24963.0;675.0;24288.0
309800;24843.0;675.0;24168.0
309900;24843.0;675.0;24168.0
310000;24901.5;733.5;24168.0
310100;25003.0;675.0;24328.0
310200;24921.0;753.0;24168.0
310300;25020.0;852.0;24168.0
310400;24928.0;720.0;24208.0
310500;24928.0;720.0;24208.0
310600;24928.0;720.0;24208.0
310700;24968.0;720.0;24248.0
310800;25001.0;753.0;24248.0
310900;25001.0;753.0;24248.0
311000;25001.0;753.0;24248.0
311100;25128.0;720.0;24408.0
311200;24528.0;720.0;23808.0
311300;24968.0;720.0;24248.0
311400;24975.0;687.0;24288.0
311500;24888.0;720.0;24168.0
311600;25057.5;769.5;24288.0
311700;25514.0;786.0;24728.0
311800;25048.0;720.0;24328.0
311900;25147.0;819.0;24328.0
312000;25078.0;870.0;24208.0
312100;25058.0;730.0;24328.0
312200;25030.0;702.0;24328.0
312300;25058.0;730.0;24328.0
312400;25126.0;758.0;24368.0
312500;25168.0;800.0;24368.0
312600;25154.0;786.0;24368.0
312700;25272.0;744.0;24528.0
312800;25138.0;730.0;24408.0
312900;25138.0;730.0;24408.0
313000;25180.0;772.0;24408.0
313100;25138.0;730.0;24408.0
313200;25138.0;730.0;24408.0
313300;25002.0;594.0;24408.0
313400;25222.0;774.0;24448.0
313500;25222.0;774.0;24448.0
313600;25502.0;774.0;24728.0
313700;25064.0;576.0;24488.0
313800;25064.0;576.0;24488.0
313900;25198.0;870.0;24328.0
314000;25295.0;807.0;24488.0
314100;25316.0;828.0;24488.0
314200;24965.0;597.0;24368.0
314300;25154.0;786.0;24368.0
314400;25236.0;828.0;24408.0
314500;25236.0;828.0;24408.0
314600;25293.0;765.0;24528.0
314700;25356.0;828.0;24528.0
314800;25396.0;828.0;24568.0
314900;25438.0;870.0;24568.0
315000;25438.0;870.0;24568.0
315100;25438.0;870.0;24568.0
315200;25396.0;828.0;24568.0
315300;25396.0;828.0;24568.0
315400;25478.0;870.0;24608.0
315500;25499.0;891.0;24608.0
315600;25184.0;576.0;24608.0
315700;25518.0;870.0;24648.0
315800;25371.0;723.0;24648.0
315900;25518.0;870.0;24648.0
316000;25518.0;870.0;24648.0
316100;25434.0;786.0;24648.0
316200;25476.0;828.0;24648.0
316300;25413.0;765.0;24648.0
316400;25720.0;912.0;24808.0
316500;25480.0;912.0;24568.0
316600;25594.0;786.0;24808.0
316700;25634.0;786.0;24848.0
316800;25556.0;828.0;24728.0
316900;25556.0;828.0;24728.0
317000;25556.0;828.0;24728.0
317100;25758.0;870.0;24888.0
317200;25352.0;744.0;24608.0
317300;25520.0;912.0;24608.0
317400;25249.0;681.0;24568.0
317500;25596.0;828.0;24768.0
317600;25596.0;828.0;24768.0
317700;25636.0;828.0;24808.0
317800;25636.0;828.0;24808.0
317900;25636.0;828.0;24808.0
318000;25495.0;807.0;24688.0
318100;25699.0;891.0;24808.0
318200;25838.0;870.0;24968.0
318300;25678.0;870.0;24808.0
318400;25598.0;870.0;24728.0
318500;25697.0;849.0;24848.0
318600;25775.0;807.0;24968.0
318700;25800.0;912.0;24888.0
318800;25758.0;870.0;24888.0
318900;25598.0;870.0;24728.0
319000;25800.0;912.0;24888.0
319100;25980.0;1092.0;24888.0
319200;25748.0;980.0;24768.0
319300;25732.0;964.0;24768.0
319400;25892.0;964.0;24928.0
319500;25860.0;932.0;24928.0
319600;25788.0;980.0;24808.0
319700;25900.0;932.0;24968.0
319800;25988.0;900.0;25088.0
319900;25812.0;884.0;24928.0
320000;25868.0;900.0;24968.0
320100;25868.0;900.0;24968.0
320200;25836.0;868.0;24968.0
320300;25868.0;900.0;24968.0
320400;25940.0;932.0;25008.0
320500;25788.0;900.0;24888.0
320600;25940.0;932.0;25008.0
320700;25908.0;900.0;25008.0
320800;25852.0;804.0;25048.0
320900;25948.0;900.0;25048.0
321000;25948.0;900.0;25048.0
321100;25964.0;916.0;25048.0
321200;25948.0;900.0;25048.0
321300;26108.0;900.0;25208.0
321400;25900.0;932.0;24968.0
321500;25900.0;932.0;24968.0
321600;26052.0;964.0;25088.0
321700;26060.0;932.0;25128.0
321800;26180.0;932.0;25248.0
321900;26092.0;964.0;25128.0
322000;26092.0;964.0;25128.0
322100;25972.0;964.0;25008.0
322200;26076.0;948.0;25128.0
322300;26012.0;884.0;25128.0
322400;26100.0;932.0;25168.0
322500;26068.0;900.0;25168.0
322600;26100.0;932.0;25168.0
322700;26140.0;932.0;25208.0
322800;26172.0;964.0;25208.0
322900;26140.0;932.0;25208.0
323000;26052.0;964.0;25088.0
323100;26188.0;980.0;25208.0
323200;26628.0;980.0;25648.0
323300;26300.0;932.0;25368.0
323400;26060.0;932.0;25128.0
323500;26092.0;964.0;25128.0
323600;26316.0;948.0;25368.0
323700;26060.0;932.0;25128.0
323800;26220.0;932.0;25288.0
323900;26188.0;900.0;25288.0
324000;26188.0;900.0;25288.0
324100;26188.0;900.0;25288.0
324200;26188.0;900.0;25288.0
324300;26188.0;900.0;25288.0
324400;26028.0;900.0;25128.0
324500;26228.0;900.0;25328.0
324600;26228.0;900.0;25328.0
324700;26388.0;900.0;25488.0
324800;26196.0;868.0;25328.0
324900;26236.0;868.0;25368.0
325000;26268.0;900.0;25368.0
325100;26100.0;852.0;25248.0
325200;26300.0;932.0;25368.0
325300;26300.0;932.0;25368.0
325400;26308.0;900.0;25408.0
325500;26308.0;900.0;25408.0
325600;26308.0;900.0;25408.0
325700;26308.0;900.0;25408.0
325800;26348.0;900.0;25448.0
325900;26348.0;900.0;25448.0
326000;26348.0;900.0;25448.0
326100;26380.0;932.0;25448.0
326200;26260.0;932.0;25328.0
326300;26380.0;932.0;25448.0
326400;26420.0;932.0;25488.0
326500;26420.0;932.0;25488.0
326600;26420.0;932.0;25488.0
326700;26412.0;884.0;25528.0
326800;26564.0;916.0;25648.0
326900;26444.0;916.0;25528.0
327000;26348.0;820.0;25528.0
327100;26428.0;900.0;25528.0
327200;26572.0;1044.0;25528.0
327300;26572.0;1044.0;25528.0
327400;26468.0;900.0;25568.0
327500;26468.0;900.0;25568.0
327600;27028.0;900.0;26128.0
327700;27028.0;900.0;26128.0
327800;26508.0;900.0;25608.0
327900;26540.0;932.0;25608.0
328000;26540.0;932.0;25608.0
328100;26540.0;932.0;25608.0
328200;26540.0;932.0;25608.0
328300;26588.0;980.0;25608.0
328400;26580.0;932.0;25648.0
328500;26612.0;964.0;25648.0
328600;26564.0;916.0;25648.0
328700;27052.0;964.0;26088.0
328800;26604.0;916.0;25688.0
328900;26820.0;1012.0;25808.0
329000;26772.0;964.0;25808.0
329100;26532.0;964.0;25568.0
329200;26684.0;996.0;25688.0
329300;26484.0;916.0;25568.0
329400;26692.0;964.0;25728.0
329500;26692.0;964.0;25728.0
329600;26692.0;964.0;25728.0
329700;26732.0;964.0;25768.0
329800;26732.0;964.0;25768.0
329900;26732.0;964.0;25768.0
330000;26732.0;964.0;25768.0
330100;26700.0;932.0;25768.0
330200;26700.0;932.0;25768.0
330300;26848.0;1080.0;25768.0
330400;26748.0;940.0;25808.0
330500;26706.0;898.0;25808.0
330600;26748.0;940.0;25808.0
330700;26760.0;912.0;25848.0
330800;26760.0;912.0;25848.0
330900;26838.0;870.0;25968.0
331000;26788.0;940.0;25848.0
331100;26760.0;912.0;25848.0
331200;26732.0;884.0;25848.0
331300;26732.0;884.0;25848.0
331400;26732.0;884.0;25848.0
331500;26892.0;884.0;26008.0
331600;26772.0;884.0;25888.0
331700;26784.0;856.0;25928.0
331800;26826.0;898.0;25928.0
331900;26840.0;912.0;25928.0
332000;26784.0;856.0;25928.0
332100;26664.0;856.0;25808.0
332200;26664.0;856.0;25808.0
332300;26784.0;856.0;25928.0
332400;26944.0;856.0;26088.0
332500;26662.0;814.0;25848.0
332600;27236.0;828.0;26408.0
332700;26704.0;856.0;25848.0
332800;26822.0;814.0;26008.0
332900;26752.0;744.0;26008.0
333000;26864.0;856.0;26008.0
333100;26864.0;856.0;26008.0
333200;26986.0;978.0;26008.0
333300;26898.0;890.0;26008.0
333400;26865.0;857.0;26008.0
333500;26905.0;857.0;26048.0
333600;26905.0;857.0;26048.0
333700;26818.0;890.0;25928.0
333800;26967.0;879.0;26088.0
333900;27400.0;912.0;26488.0
334000;27000.0;912.0;26088.0
334100;27138.0;890.0;26248.0
334200;27138.0;890.0;26248.0
334300;26858.0;890.0;25968.0
334400;27160.0;912.0;26248.0
334500;26985.0;857.0;26128.0
334600;26985.0;857.0;26128.0
334700;27051.0;923.0;26128.0
334800;27080.0;912.0;26168.0
334900;27102.0;934.0;26168.0
335000;27058.0;890.0;26168.0
335100;27120.0;912.0;26208.0
335200;27098.0;890.0;26208.0
335300;27058.0;890.0;26168.0
335400;27218.0;890.0;26328.0
335500;27120.0;912.0;26208.0
335600;27120.0;912.0;26208.0
335700;27160.0;912.0;26248.0
335800;27138.0;890.0;26248.0
335900;26978.0;890.0;26088.0
336000;27138.0;890.0;26248.0
336100;27160.0;912.0;26248.0
336200;27138.0;890.0;26248.0
336300;27171.0;923.0;26248.0
336400;27320.0;912.0;26408.0
336500;27058.0;890.0;26168.0
336600;27036.0;868.0;26168.0
336700;27196.0;868.0;26328.0
336800;27218.0;890.0;26328.0
336900;27178.0;890.0;26288.0
337000;27218.0;890.0;26328.0
337100;27218.0;890.0;26328.0
337200;27229.0;901.0;26328.0
337300;27240.0;912.0;26328.0
337400;27280.0;912.0;26368.0
337500;27236.0;868.0;26368.0
337600;27258.0;890.0;26368.0
337700;27320.0;912.0;26408.0
337800;27352.0;824.0;26528.0
337900;27258.0;890.0;26368.0
338000;27298.0;890.0;26408.0
338100;27298.0;890.0;26408.0
338200;27298.0;890.0;26408.0
338300;27298.0;890.0;26408.0
338400;27207.0;879.0;26328.0
338500;27360.0;912.0;26448.0
338600;27240.0;912.0;26328.0
338700;27400.0;912.0;26488.0
338800;27400.0;912.0;26488.0
338900;27240.0;912.0;26328.0
339000;27367.0;879.0;26488.0
339100;27400.0;912.0;26488.0
339200;27560.0;912.0;26648.0
339300;27400.0;912.0;26488.0
339400;27451.0;923.0;26528.0
339500;27418.0;890.0;26528.0
339600;27407.0;879.0;26528.0
339700;27436.0;868.0;26568.0
339800;27480.0;912.0;26568.0
339900;27578.0;890.0;26688.0
340000;27458.0;890.0;26568.0
340100;27458.0;890.0;26568.0
340200;27618.0;890.0;26728.0
340300;27327.0;879.0;26448.0
340400;27498.0;890.0;26608.0
340500;27422.0;934.0;26488.0
340600;27542.0;934.0;26608.0
340700;27542.0;934.0;26608.0
340800;27582.0;934.0;26648.0
340900;27560.0;912.0;26648.0
341000;27593.0;945.0;26648.0
341100;27709.0;901.0;26808.0
341200;27560.0;912.0;26648.0
341300;27560.0;912.0;26648.0
341400;27644.0;956.0;26688.0
341500;27764.0;956.0;26808.0
341600;27644.0;956.0;26688.0
341700;27684.0;956.0;26728.0
341800;27513.0;945.0;26568.0
341900;27666.0;978.0;26688.0
342000;27684.0;956.0;26728.0
342100;27844.0;956.0;26888.0
342200;27564.0;956.0;26608.0
342300;27717.0;989.0;26728.0
342400;27724.0;956.0;26768.0
342500;27724.0;956.0;26768.0
342600;27735.0;967.0;26768.0
342700;27764.0;956.0;26808.0
342800;27786.0;978.0;26808.0
342900;27768.0;1000.0;26768.0
343000;27742.0;934.0;26808.0
343100;27863.0;1055.0;26808.0
343200;27742.0;934.0;26808.0
343300;27731.0;923.0;26808.0
343400;27804.0;956.0;26848.0
343500;27804.0;956.0;26848.0
343600;27684.0;956.0;26728.0
343700;27800.0;912.0;26888.0
343800;27822.0;934.0;26888.0
343900;27964.0;956.0;27008.0
344000;27364.0;956.0;26408.0
344100;27844.0;956.0;26888.0
344200;27702.0;934.0;26768.0
344300;27735.0;967.0;26768.0
344400;27895.0;967.0;26928.0
344500;27982.0;934.0;27048.0
344600;27404.0;956.0;26448.0
344700;27902.0;934.0;26968.0
344800;27902.0;934.0;26968.0
344900;27902.0;934.0;26968.0
345000;27858.0;890.0;26968.0
345100;27869.0;901.0;26968.0
345200;27869.0;901.0;26968.0
345300;27880.0;912.0;26968.0
345400;27880.0;912.0;26968.0
345500;27880.0;912.0;26968.0
345600;27800.0;912.0;26888.0
345700;27960.0;912.0;27048.0
345800;27993.0;945.0;27048.0
345900;28080.0;912.0;27168.0
346000;27982.0;934.0;27048.0
346100;27982.0;934.0;27048.0
346200;27982.0;934.0;27048.0
346300;28048.0;1000.0;27048.0
346400;28088.0;1000.0;27088.0
346500;28208.0;1000.0;27208.0
346600;28022.0;934.0;27088.0
346700;28062.0;934.0;27128.0
346800;28084.0;956.0;27128.0
346900;28204.0;956.0;27248.0
347000;28018.0;890.0;27128.0
347100;28084.0;956.0;27128.0
347200;28084.0;956.0;27128.0
347300;27964.0;956.0;27008.0
347400;28222.0;934.0;27288.0
347500;28244.0;956.0;27288.0
347600;28091.0;923.0;27168.0
347700;28164.0;956.0;27208.0
347800;28153.0;945.0;27208.0
347900;28164.0;956.0;27208.0
348000;28164.0;956.0;27208.0
348100;28044.0;956.0;27088.0
348200;28044.0;956.0;27088.0
348300;28120.0;912.0;27208.0
348400;28182.0;934.0;27248.0
348500;28182.0;934.0;27248.0
348600;28281.0;1033.0;27248.0
348700;28222.0;934.0;27288.0
348800;28222.0;934.0;27288.0
348900;28342.0;934.0;27408.0
349000;28222.0;934.0;27288.0
349100;28244.0;956.0;27288.0
349200;28459.0;1011.0;27448.0
349300;28244.0;956.0;27288.0
349400;28316.0;868.0;27448.0
349500;28262.0;934.0;27328.0
349600;28229.0;901.0;27328.0
349700;28422.0;934.0;27488.0
349800;28422.0;934.0;27488.0
349900;28302.0;934.0;27368.0
350000;28236.0;868.0;27368.0
350100;28269.0;901.0;27368.0
350200;28269.0;901.0;27368.0
350300;28324.0;956.0;27368.0
350400;28462.0;934.0;27528.0
350500;28440.0;912.0;27528.0
350600;28880.0;912.0;27968.0
350700;28360.0;912.0;27448.0
350800;28360.0;912.0;27448.0
350900;28338.0;890.0;27448.0
351000;28360.0;912.0;27448.0
351100;28240.0;912.0;27328.0
351200;28360.0;912.0;27448.0
351300;28360.0;912.0;27448.0
351400;28400.0;912.0;27488.0
351500;28400.0;912.0;27488.0
351600;28356.0;868.0;27488.0
351700;28418.0;890.0;27528.0
351800;28571.0;923.0;27648.0
351900;28593.0;945.0;27648.0
352000;28396.0;868.0;27528.0
352100;28396.0;868.0;27528.0
352200;28196.0;868.0;27328.0
352300;28996.0;868.0;28128.0
352400;28403.0;835.0;27568.0
352500;28436.0;868.0;27568.0
352600;28436.0;868.0;27568.0
352700;28454.0;846.0;27608.0
352800;28443.0;835.0;27608.0
352900;28316.0;868.0;27448.0
353000;28476.0;868.0;27608.0
353100;28356.0;868.0;27488.0
353200;28476.0;868.0;27608.0
353300;28494.0;846.0;27648.0
353400;28494.0;846.0;27648.0
353500;28494.0;846.0;27648.0
353600;28014.0;846.0;27168.0
353700;28058.0;890.0;27168.0
353800;28556.0;868.0;27688.0
353900;28578.0;890.0;27688.0
354000;28578.0;890.0;27688.0
354100;28578.0;890.0;27688.0
354200;28578.0;890.0;27688.0
354300;28578.0;890.0;27688.0
354400;28498.0;890.0;27608.0
354500;28618.0;890.0;27728.0
354600;28498.0;890.0;27608.0
354700;28680.0;912.0;27768.0
354800;28800.0;912.0;27888.0
354900;28647.0;879.0;27768.0
355000;28680.0;912.0;27768.0
355100;28680.0;912.0;27768.0
355200;28658.0;890.0;27768.0
355300;28720.0;912.0;27808.0
355400;28720.0;912.0;27808.0
355500;28709.0;901.0;27808.0
355600;28840.0;912.0;27928.0
355700;28771.0;923.0;27848.0
355800;28578.0;890.0;27688.0
355900;28738.0;890.0;27848.0
356000;28716.0;868.0;27848.0
356100;28738.0;890.0;27848.0
356200;28760.0;912.0;27848.0
356300;28760.0;912.0;27848.0
356400;28778.0;890.0;27888.0
356500;29240.0;912.0;28328.0
356600;28800.0;912.0;27888.0
356700;28840.0;912.0;27928.0
356800;28927.0;879.0;28048.0
356900;28862.0;934.0;27928.0
357000;28840.0;912.0;27928.0
357100;28840.0;912.0;27928.0
357200;28807.0;879.0;27928.0
357300;29000.0;912.0;28088.0
357400;28880.0;912.0;27968.0
357500;28880.0;912.0;27968.0
357600;28847.0;879.0;27968.0
357700;28760.0;912.0;27848.0
357800;28760.0;912.0;27848.0
357900;29200.0;912.0;28288.0
358000;28694.0;846.0;27848.0
358100;28898.0;890.0;28008.0
358200;28876.0;868.0;28008.0
358300;28898.0;890.0;28008.0
358400;29400.0;912.0;28488.0
358500;29400.0;912.0;28488.0
358600;29080.0;912.0;28168.0
358700;29160.0;912.0;28248.0
358800;29160.0;912.0;28248.0
358900;29160.0;912.0;28248.0
359000;28778.0;890.0;27888.0
359100;28978.0;890.0;28088.0
359200;28956.0;868.0;28088.0
359300;29000.0;912.0;28088.0
359400;29040.0;912.0;28128.0
359500;29040.0;912.0;28128.0
359600;29018.0;890.0;28128.0
359700;29113.0;945.0;28168.0
359800;29014.0;846.0;28168.0
359900;29080.0;912.0;28168.0
360000;29520.0;912.0;28608.0
360100;29080.0;912.0;28168.0
360200;29273.0;945.0;28328.0
360300;29240.0;912.0;28328.0
360400;29022.0;934.0;28088.0
360500;29284.0;956.0;28328.0
360600;29022.0;934.0;28088.0
360700;29022.0;934.0;28088.0
360800;29000.0;912.0;28088.0
360900;29302.0;934.0;28368.0
361000;29302.0;934.0;28368.0
361100;29342.0;934.0;28408.0
361200;29182.0;934.0;28248.0
361300;29622.0;934.0;28688.0
361400;29102.0;934.0;28168.0
361500;29222.0;934.0;28288.0
361600;28835.0;1027.0;27808.0
361700;29306.0;978.0;28328.0
361800;29426.0;978.0;28448.0
361900;29292.0;964.0;28328.0
362000;29452.0;964.0;28488.0
362100;29431.0;943.0;28488.0
362200;29172.0;964.0;28208.0
362300;29158.0;950.0;28208.0
362400;29297.0;929.0;28368.0
362500;28718.0;950.0;27768.0
362600;28760.0;992.0;27768.0
362700;29372.0;964.0;28408.0
362800;29358.0;950.0;28408.0
362900;29372.0;964.0;28408.0
363000;29532.0;964.0;28568.0
363100;29372.0;964.0;28408.0
363200;29407.0;999.0;28408.0
363300;29386.0;978.0;28408.0
363400;29436.0;988.0;28448.0
363500;29436.0;988.0;28448.0
363600;29316.0;988.0;28328.0
363700;29314.0;986.0;28328.0
363800;29474.0;986.0;28488.0
363900;29476.0;988.0;28488.0
364000;29476.0;988.0;28488.0
364100;29472.0;984.0;28488.0
364200;29472.0;984.0;28488.0
364300;29470.0;982.0;28488.0
364400;29510.0;982.0;28528.0
364500;29514.0;986.0;28528.0
364600;29512.0;984.0;28528.0
364700;29671.0;983.0;28688.0
364800;29554.0;986.0;28568.0
364900;29557.0;989.0;28568.0
365000;29552.0;984.0;28568.0
365100;29552.0;984.0;28568.0
365200;29434.0;986.0;28448.0
365300;29592.0;984.0;28608.0
365400;28992.0;984.0;28008.0
365500;28992.0;984.0;28008.0
365600;29591.0;983.0;28608.0
365700;29477.0;989.0;28488.0
365800;29634.0;986.0;28648.0
365900;29486.0;998.0;28488.0
366000;29646.0;998.0;28648.0
366100;29529.0;1001.0;28528.0
366200;29680.0;992.0;28688.0
366300;29640.0;992.0;28648.0
366400;29680.0;992.0;28688.0
366500;29680.0;992.0;28688.0
366600;29677.0;989.0;28688.0
366700;29729.0;1001.0;28728.0
366800;29526.0;998.0;28528.0
366900;29729.0;1001.0;28728.0
367000;29720.0;992.0;28728.0
367100;29722.0;994.0;28728.0
367200;29910.0;1022.0;28888.0
367300;29750.0;1022.0;28728.0
367400;29674.0;1026.0;28648.0
367500;29790.0;1022.0;28768.0
367600;29910.0;1022.0;28888.0
367700;29832.0;1024.0;28808.0
367800;29834.0;1026.0;28808.0
367900;29676.0;1028.0;28648.0
368000;29670.0;1022.0;28648.0
368100;29990.0;1022.0;28968.0
368200;29870.0;1022.0;28848.0
368300;29870.0;1022.0;28848.0
368400;29872.0;1024.0;28848.0
368500;29874.0;1026.0;28848.0
368600;29742.0;1014.0;28728.0
368700;29754.0;1026.0;28728.0
368800;29914.0;1026.0;28888.0
368900;29754.0;1026.0;28728.0
369000;29867.0;979.0;28888.0
369100;30105.0;1057.0;29048.0
369200;29945.0;1057.0;28888.0
369300;29958.0;1070.0;28888.0
369400;30118.0;1070.0;29048.0
369500;30085.5;1037.5;29048.0
369600;29978.5;1050.5;28928.0
369700;29979.5;1011.5;28968.0
369800;30145.0;1057.0;29088.0
369900;30025.0;1057.0;28968.0
370000;30038.0;1070.0;28968.0
370100;30078.0;1070.0;29008.0
370200;30038.0;1070.0;28968.0
370300;30038.0;1070.0;28968.0
370400;29951.0;943.0;29008.0
370500;30178.0;1170.0;29008.0
370600;30067.5;1059.5;29008.0
370700;30253.0;1085.0;29168.0
370800;30048.0;1000.0;29048.0
370900;30158.5;1110.5;29048.0
371000;30133.0;1085.0;29048.0
371100;30133.0;1085.0;29048.0
371200;30038.5;1110.5;28928.0
371300;30158.5;1110.5;29048.0
371400;30181.5;1093.5;29088.0
371500;30173.0;1085.0;29088.0
371600;30173.0;1085.0;29088.0
371700;30173.0;1085.0;29088.0
371800;30213.0;1085.0;29128.0
371900;30230.0;1102.0;29128.0
372000;30230.0;1102.0;29128.0
372100;30213.0;1085.0;29128.0
372200;30213.0;1085.0;29128.0
372300;29653.0;1085.0;28568.0
372400;30253.0;1085.0;29168.0
372500;30253.0;1085.0;29168.0
372600;30236.0;1068.0;29168.0
372700;30276.0;1068.0;29208.0
372800;30293.0;1085.0;29208.0
372900;30396.0;1068.0;29328.0
373000;30284.5;1076.5;29208.0
373100;30293.0;1085.0;29208.0
373200;30276.0;1068.0;29208.0
373300;30293.0;1085.0;29208.0
373400;30316.0;1068.0;29248.0
373500;30316.0;1068.0;29248.0
373600;30324.5;1076.5;29248.0
373700;30373.0;1085.0;29288.0
373800;30373.0;1085.0;29288.0
373900;30364.5;1076.5;29288.0
374000;30339.0;1051.0;29288.0
374100;30490.5;1042.5;29448.0
374200;30339.0;1051.0;29288.0
374300;30339.0;1051.0;29288.0
374400;30345.0;1017.0;29328.0
374500;30362.0;1034.0;29328.0
374600;30482.0;1034.0;29448.0
374700;30402.0;1034.0;29368.0
374800;30368.0;1000.0;29368.0
374900;30208.0;1000.0;29208.0
375000;30376.5;1008.5;29368.0
375100;30545.0;1017.0;29528.0
375200;30402.0;1034.0;29368.0
375300;30416.5;1008.5;29408.0
375400;30467.5;1059.5;29408.0
375500;30339.0;1051.0;29288.0
375600;30322.0;1034.0;29288.0
375700;30322.0;1034.0;29288.0
375800;30602.0;1034.0;29568.0
375900;30499.0;1051.0;29448.0
376000;30499.0;1051.0;29448.0
376100;30482.0;1034.0;29448.0
376200;30465.0;1017.0;29448.0
376300;30448.0;1000.0;29448.0
376400;30505.0;1017.0;29488.0
376500;30505.0;1017.0;29488.0
376600;30393.5;1025.5;29368.0
376700;30048.0;1000.0;29048.0
376800;30528.0;1000.0;29528.0
376900;30545.0;1017.0;29528.0
377000;30553.5;1025.5;29528.0
377100;30528.0;1000.0;29528.0
377200;30511.0;983.0;29528.0
377300;30382.5;974.5;29408.0
377400;30568.0;1000.0;29568.0
377500;30568.0;1000.0;29568.0
377600;30551.0;983.0;29568.0
377700;30608.0;1000.0;29608.0
377800;30625.0;1017.0;29608.0
377900;30625.0;1017.0;29608.0
378000;30625.0;1017.0;29608.0
378100;30547.5;1059.5;29488.0
378200;30522.0;1034.0;29488.0
378300;30802.0;1034.0;29768.0
378400;30716.0;1068.0;29648.0
378500;30699.0;1051.0;29648.0
378600;30562.0;1034.0;29528.0
378700;30739.0;1051.0;29688.0
378800;30867.5;1059.5;29808.0
378900;30739.0;1051.0;29688.0
379000;30739.0;1051.0;29688.0
379100;30804.5;1076.5;29728.0
379200;30773.0;1085.0;29688.0
379300;30916.0;1068.0;29848.0
379400;30796.0;1068.0;29728.0
379500;30796.0;1068.0;29728.0
379600;30838.5;1110.5;29728.0
379700;30819.0;1051.0;29768.0
379800;30659.0;1051.0;29608.0
379900;30836.0;948.0;29888.0
380000;30831.0;1063.0;29768.0
380100;30979.5;1051.5;29928.0
380200;30842.5;1074.5;29768.0
380300;30808.0;1040.0;29768.0
380400;30808.0;1040.0;29768.0
380500;30762.0;994.0;29768.0
380600;30894.0;1086.0;29808.0
380700;30894.0;1086.0;29808.0
380800;30888.0;1040.0;29848.0
380900;31008.0;1040.0;29968.0
381000;30751.0;1063.0;29688.0
381100;30934.0;1086.0;29848.0
381200;30934.0;1086.0;29848.0
381300;30911.0;1063.0;29848.0
381400;30911.0;1063.0;29848.0
381500;30951.0;1063.0;29888.0
381600;30951.0;1063.0;29888.0
381700;31210.5;1162.5;30048.0
381800;31100.0;1052.0;30048.0
381900;31100.0;1052.0;30048.0
382000;30820.0;1052.0;29768.0
382100;30988.5;1060.5;29928.0
382200;30980.0;1052.0;29928.0
382300;30971.5;1043.5;29928.0
382400;31011.5;1043.5;29968.0
382500;31020.0;1052.0;29968.0
382600;31157.0;1069.0;30088.0
382700;31119.5;1111.5;30008.0
382800;31077.0;1069.0;30008.0
382900;31197.0;1069.0;30128.0
383000;31077.0;1069.0;30008.0
383100;31483.0;1035.0;30448.0
383200;31474.5;1026.5;30448.0
383300;31077.0;1069.0;30008.0
383400;31237.0;1069.0;30168.0
383500;31254.0;1086.0;30168.0
383600;31296.0;1128.0;30168.0
383700;31150.0;1062.0;30088.0
383800;31150.0;1062.0;30088.0
383900;31150.0;1062.0;30088.0
384000;31162.0;1074.0;30088.0
384100;31150.0;1062.0;30088.0
384200;31138.0;1050.0;30088.0
384300;31298.0;1050.0;30248.0
384400;31070.0;1062.0;30008.0
384500;31058.0;1050.0;30008.0
384600;31046.0;1038.0;30008.0
384700;31058.0;1050.0;30008.0
384800;31245.0;1077.0;30168.0
384900;31222.5;1054.5;30168.0
385000;31220.0;1052.0;30168.0
385100;31105.0;1057.0;30048.0
385200;31225.0;1057.0;30168.0
385300;31105.0;1057.0;30048.0
385400;31145.0;1057.0;30088.0
385500;31385.0;1057.0;30328.0
385600;31282.5;1074.5;30208.0
385700;31305.0;1057.0;30248.0
385800;31307.5;1059.5;30248.0
385900;31300.0;1052.0;30248.0
386000;31300.0;1052.0;30248.0
386100;31300.0;1052.0;30248.0
386200;31305.0;1057.0;30248.0
386300;31305.0;1057.0;30248.0
386400;31345.0;1057.0;30288.0
386500;31355.0;1067.0;30288.0
386600;31355.0;1067.0;30288.0
386700;31395.0;1067.0;30328.0
386800;31235.0;1067.0;30168.0
386900;31515.0;1067.0;30448.0
387000;31555.0;1067.0;30488.0
387100;31395.0;1067.0;30328.0
387200;31395.0;1067.0;30328.0
387300;31555.0;1067.0;30488.0
387400;31435.0;1067.0;30368.0
387500;31435.0;1067.0;30368.0
387600;31435.0;1067.0;30368.0
387700;31475.0;1067.0;30408.0
387800;31475.0;1067.0;30408.0
387900;31315.0;1067.0;30248.0
388000;31475.0;1067.0;30408.0
388100;31475.0;1067.0;30408.0
388200;31475.0;1067.0;30408.0
388300;31355.0;1067.0;30288.0
388400;31515.0;1067.0;30448.0
388500;31315.0;1067.0;30248.0
388600;31515.0;1067.0;30448.0
388700;31555.0;1067.0;30488.0
388800;31555.0;1067.0;30488.0
388900;31395.0;1067.0;30328.0
389000;31715.0;1067.0;30648.0
389100;31715.0;1067.0;30648.0
389200;31555.0;1067.0;30488.0
389300;31555.0;1067.0;30488.0
389400;31595.0;1067.0;30528.0
389500;31595.0;1067.0;30528.0
389600;31115.0;1067.0;30048.0
389700;31635.0;1067.0;30568.0
389800;31755.0;1067.0;30688.0
389900;31475.0;1067.0;30408.0
390000;31635.0;1067.0;30568.0
390100;31635.0;1067.0;30568.0
390200;31635.0;1067.0;30568.0
390300;31635.0;1067.0;30568.0
390400;31555.0;1067.0;30488.0
390500;31555.0;1067.0;30488.0
390600;31675.0;1067.0;30608.0
390700;31835.0;1067.0;30768.0
390800;31835.0;1067.0;30768.0
390900;31715.0;1067.0;30648.0
391000;31715.0;1067.0;30648.0
391100;31595.0;1067.0;30528.0
391200;31715.0;1067.0;30648.0
391300;31715.0;1067.0;30648.0
391400;31635.0;1067.0;30568.0
391500;31755.0;1067.0;30688.0
391600;31755.0;1067.0;30688.0
391700;31795.0;1067.0;30728.0
391800;31795.0;1067.0;30728.0
391900;31915.0;1067.0;30848.0
392000;31795.0;1067.0;30728.0
392100;31795.0;1067.0;30728.0
392200;31795.0;1067.0;30728.0
392300;31795.0;1067.0;30728.0
392400;31835.0;1067.0;30768.0
392500;31835.0;1067.0;30768.0
392600;31835.0;1067.0;30768.0
392700;31875.0;1067.0;30808.0
392800;31875.0;1067.0;30808.0
392900;31875.0;1067.0;30808.0
393000;31875.0;1067.0;30808.0
393100;32035.0;1067.0;30968.0
393200;31875.0;1067.0;30808.0
393300;32035.0;1067.0;30968.0
393400;31915.0;1067.0;30848.0
393500;31915.0;1067.0;30848.0
393600;31915.0;1067.0;30848.0
393700;32075.0;1067.0;31008.0
393800;31768.0;1040.0;30728.0
393900;31973.0;1085.0;30888.0
394000;31813.0;1085.0;30728.0
394100;31973.0;1085.0;30888.0
394200;31973.0;1085.0;30888.0
394300;31862.0;1094.0;30768.0
394400;32022.0;1094.0;30928.0
394500;32022.0;1094.0;30928.0
394600;32022.0;1094.0;30928.0
394700;31962.0;1034.0;30928.0
394800;32072.0;1104.0;30968.0
394900;32234.0;1146.0;31088.0
395000;32239.0;1111.0;31128.0
395100;32232.0;1104.0;31128.0
395200;32072.0;1104.0;30968.0
395300;32218.0;1090.0;31128.0
395400;32112.0;1104.0;31008.0
395500;32112.0;1104.0;31008.0
395600;32112.0;1104.0;31008.0
395700;32145.0;1097.0;31048.0
395800;32166.0;1118.0;31048.0
395900;32166.0;1118.0;31048.0
396000;32166.0;1118.0;31048.0
396100;32046.0;1118.0;30928.0
396200;32166.0;1118.0;31048.0
396300;32159.0;1111.0;31048.0
396400;32107.0;1139.0;30968.0
396500;32072.0;1104.0;30968.0
396600;32220.0;1132.0;31088.0
396700;32093.0;1125.0;30968.0
396800;32232.0;1104.0;31128.0
396900;32246.0;1118.0;31128.0
397000;32246.0;1118.0;31128.0
397100;32253.0;1125.0;31128.0
397200;32246.0;1118.0;31128.0
397300;32246.0;1118.0;31128.0
397400;32272.0;1104.0;31168.0
397500;32392.0;1104.0;31288.0
397600;32392.0;1104.0;31288.0
397700;32312.0;1104.0;31208.0
397800;32312.0;1104.0;31208.0
397900;32298.0;1090.0;31208.0
398000;32451.0;1083.0;31368.0
398100;32291.0;1083.0;31208.0
398200;32312.0;1104.0;31208.0
398300;32312.0;1104.0;31208.0
398400;32352.0;1104.0;31248.0
398500;32232.0;1104.0;31128.0
398600;32232.0;1104.0;31128.0
398700;32392.0;1104.0;31288.0
398800;32392.0;1104.0;31288.0
398900;32392.0;1104.0;31288.0
399000;32232.0;1104.0;31128.0
399100;32246.0;1118.0;31128.0
399200;32406.0;1118.0;31288.0
399300;32406.0;1118.0;31288.0
399400;32326.0;1118.0;31208.0
399500;32446.0;1118.0;31328.0
399600;32446.0;1118.0;31328.0
399700;32606.0;1118.0;31488.0
399800;32439.0;1111.0;31328.0
399900;32326.0;1118.0;31208.0
400000;32646.0;1118.0;31528.0
400100;32486.0;1118.0;31368.0
400200;32486.0;1118.0;31368.0
400300;32486.0;1118.0;31368.0
400400;32512.0;1104.0;31408.0
400500;32561.0;1153.0;31408.0
400600;32526.0;1118.0;31408.0
400700;32526.0;1118.0;31408.0
400800;32580.0;1132.0;31448.0
400900;32512.0;1104.0;31408.0
401000;32072.0;1104.0;30968.0
401100;32552.0;1104.0;31448.0
401200;32641.0;1153.0;31488.0
401300;32592.0;1104.0;31488.0
401400;32647.0;1159.0;31488.0
401500;32602.0;1114.0;31488.0
401600;32602.0;1114.0;31488.0
401700;32602.0;1114.0;31488.0
401800;32482.0;1114.0;31368.0
401900;32753.0;1105.0;31648.0
402000;32624.0;1096.0;31528.0
402100;32633.0;1105.0;31528.0
402200;32619.5;1091.5;31528.0
402300;32513.0;1105.0;31408.0
402400;32673.0;1105.0;31568.0
402500;32571.0;1123.0;31448.0
402600;32793.0;1105.0;31688.0
402700;32566.5;1118.5;31448.0
402800;32713.0;1105.0;31608.0
402900;32726.5;1118.5;31608.0
403000;32713.0;1105.0;31608.0
403100;32713.0;1105.0;31608.0
403200;32713.0;1105.0;31608.0
403300;32753.0;1105.0;31648.0
403400;32748.5;1100.5;31648.0
403500;32864.0;1096.0;31768.0
403600;32744.0;1096.0;31648.0
403700;32784.5;1136.5;31648.0
403800;32793.0;1105.0;31688.0
403900;32793.0;1105.0;31688.0
404000;32633.0;1105.0;31528.0
404100;32784.0;1096.0;31688.0
404200;32793.0;1105.0;31688.0
404300;32713.0;1105.0;31608.0
404400;32833.0;1105.0;31728.0
404500;32806.0;1078.0;31728.0
404600;32806.0;1078.0;31728.0
404700;32713.0;1105.0;31608.0
404800;32873.0;1105.0;31768.0
404900;32873.0;1105.0;31768.0
405000;32882.0;1114.0;31768.0
405100;32877.5;1109.5;31768.0
405200;33033.0;1105.0;31928.0
405300;33033.0;1105.0;31928.0
405400;32913.0;1105.0;31808.0
405500;32913.0;1105.0;31808.0
405600;32699.5;1091.5;31608.0
405700;32922.0;1114.0;31808.0
405800;32953.0;1105.0;31848.0
405900;32953.0;1105.0;31848.0
406000;32793.0;1105.0;31688.0
406100;32522.0;1114.0;31408.0
406200;32953.0;1105.0;31848.0
406300;32993.0;1105.0;31888.0
406400;32993.0;1105.0;31888.0
406500;33006.5;1118.5;31888.0
406600;32993.0;1105.0;31888.0
406700;32993.0;1105.0;31888.0
406800;32997.5;1109.5;31888.0
406900;32993.0;1105.0;31888.0
407000;32993.0;1105.0;31888.0
407100;32926.5;1118.5;31808.0
407200;33042.0;1114.0;31928.0
407300;32824.0;1096.0;31728.0
407400;33064.0;1096.0;31968.0
407500;33073.0;1105.0;31968.0
407600;33059.5;1091.5;31968.0
407700;33073.0;1105.0;31968.0
407800;33224.0;1096.0;32128.0
407900;33117.5;1109.5;32008.0
408000;33104.0;1096.0;32008.0
408100;33104.0;1096.0;32008.0
408200;33104.0;1096.0;32008.0
408300;33144.0;1096.0;32048.0
408400;33015.0;1087.0;31928.0
408500;33135.0;1087.0;32048.0
408600;33135.0;1087.0;32048.0
408700;33135.0;1087.0;32048.0
408800;33175.0;1087.0;32088.0
408900;33188.5;1100.5;32088.0
409000;33175.0;1087.0;32088.0
409100;33055.0;1087.0;31968.0
409200;33269.0;1021.0;32248.0
409300;33253.0;1125.0;32128.0
409400;33245.0;1117.0;32128.0
409500;33128.0;1000.0;32128.0
409600;33243.0;1115.0;32128.0
409700;33231.5;1103.5;32128.0
409800;33248.5;1080.5;32168.0
409900;33283.0;1115.0;32168.0
410000;33283.0;1115.0;32168.0
410100;33260.0;1092.0;32168.0
410200;33443.0;1115.0;32328.0
410300;33323.0;1115.0;32208.0
410400;33300.0;1092.0;32208.0
410500;33443.0;1115.0;32328.0
410600;33380.5;1172.5;32208.0
410700;33288.5;1080.5;32208.0
410800;33363.0;1115.0;32248.0
410900;33374.5;1126.5;32248.0
411000;33226.0;1138.0;32088.0
411100;33386.0;1138.0;32248.0
411200;33266.0;1138.0;32128.0
411300;33266.0;1138.0;32128.0
411400;33403.0;1115.0;32288.0
411500;33426.0;1138.0;32288.0
411600;33426.0;1138.0;32288.0
411700;33546.0;1138.0;32408.0
411800;33586.0;1138.0;32448.0
411900;33466.0;1138.0;32328.0
412000;33477.5;1149.5;32328.0
412100;33420.0;1092.0;32328.0
412200;33443.0;1115.0;32328.0
412300;33466.0;1138.0;32328.0
412400;33443.0;1115.0;32328.0
412500;33483.0;1115.0;32368.0
412600;33483.0;1115.0;32368.0
412700;33363.0;1115.0;32248.0
412800;33477.0;1069.0;32408.0
412900;33465.5;1057.5;32408.0
413000;33340.0;1092.0;32248.0
413100;33500.0;1092.0;32408.0
413200;33660.0;1092.0;32568.0
413300;33540.0;1092.0;32448.0
413400;33574.5;1126.5;32448.0
413500;33528.5;1080.5;32448.0
413600;33563.0;1115.0;32448.0
413700;33586.0;1138.0;32448.0
413800;33466.0;1138.0;32328.0
413900;33700.0;1092.0;32608.0
414000;33580.0;1092.0;32488.0
414100;33580.0;1092.0;32488.0
414200;33460.0;1092.0;32368.0
414300;33620.0;1092.0;32528.0
414400;33666.0;1138.0;32528.0
414500;33620.0;1092.0;32528.0
414600;33654.5;1126.5;32528.0
414700;33620.0;1092.0;32528.0
414800;33757.0;1069.0;32688.0
414900;33625.5;1057.5;32568.0
415000;33660.0;1092.0;32568.0
415100;33843.0;1115.0;32728.0
415200;33683.0;1115.0;32568.0
415300;33637.0;1069.0;32568.0
415400;33580.0;1092.0;32488.0
415500;33700.0;1092.0;32608.0
415600;33700.0;1092.0;32608.0
415700;33797.0;1069.0;32728.0
415800;33717.0;1069.0;32648.0
415900;33717.0;1069.0;32648.0
416000;33534.0;1046.0;32488.0
416100;33694.0;1046.0;32648.0
416200;33659.5;1011.5;32648.0
416300;33734.0;1046.0;32688.0
416400;33699.5;1011.5;32688.0
416500;33734.0;1046.0;32688.0
416600;33734.0;1046.0;32688.0
416700;33734.0;1046.0;32688.0
416800;33820.0;1092.0;32728.0
416900;33660.0;1092.0;32568.0
417000;33751.0;1023.0;32728.0
417100;33654.0;1046.0;32608.0
417200;33814.0;1046.0;32768.0
417300;33837.0;1069.0;32768.0
417400;33837.0;1069.0;32768.0
417500;33717.0;1069.0;32648.0
417600;33682.5;1034.5;32648.0
417700;33756.5;988.5;32768.0
417800;33997.0;1069.0;32928.0
417900;33877.0;1069.0;32808.0
418000;33911.5;1103.5;32808.0
418100;33877.0;1069.0;32808.0
418200;33900.0;1092.0;32808.0
418300;33940.0;1092.0;32848.0
418400;33963.0;1115.0;32848.0
418500;33917.0;1069.0;32848.0
418600;33951.5;1103.5;32848.0
418700;33940.0;1092.0;32848.0
418800;33980.0;1092.0;32888.0
418900;34060.5;1172.5;32888.0
419000;33843.0;1115.0;32728.0
419100;34003.0;1115.0;32888.0
419200;33860.0;1092.0;32768.0
419300;33865.5;1057.5;32808.0
419400;34020.0;1092.0;32928.0
419500;34031.5;1103.5;32928.0
419600;33865.5;1057.5;32808.0
419700;34117.0;1069.0;33048.0
419800;34094.5;1126.5;32968.0
419900;34060.0;1092.0;32968.0
420000;34025.5;1057.5;32968.0
420100;34037.0;1069.0;32968.0
420200;34060.0;1092.0;32968.0
420300;34088.5;1080.5;33008.0
420400;34100.0;1092.0;33008.0
420500;33968.5;1080.5;32888.0
420600;33968.5;1080.5;32888.0
420700;34100.0;1092.0;33008.0
420800;34117.0;1069.0;33048.0
420900;33980.0;1092.0;32888.0
421000;34140.0;1092.0;33048.0
421100;34105.5;1057.5;33048.0
421200;34140.0;1092.0;33048.0
421300;34060.0;1092.0;32968.0
421400;34597.0;1069.0;33528.0
421500;34346.0;1138.0;33208.0
421600;34226.0;1138.0;33088.0
421700;34300.0;1092.0;33208.0
421800;34277.5;1149.5;33128.0
421900;34277.5;1149.5;33128.0
422000;34277.5;1149.5;33128.0
422100;34426.0;1138.0;33288.0
422200;34266.0;1138.0;33128.0
422300;34306.0;1138.0;33168.0
422400;34306.0;1138.0;33168.0
422500;34329.0;1161.0;33168.0
422600;34329.0;1161.0;33168.0
422700;34340.5;1172.5;33168.0
422800;34346.0;1138.0;33208.0
422900;34346.0;1138.0;33208.0
423000;34426.5;1218.5;33208.0
423100;34323.0;1115.0;33208.0
423200;34334.5;1126.5;33208.0
423300;34328.5;1080.5;33248.0
423400;34409.0;1161.0;33248.0
423500;34529.0;1161.0;33368.0
423600;34386.0;1138.0;33248.0
423700;34506.0;1138.0;33368.0
423800;34569.0;1161.0;33408.0
423900;34528.0;1240.0;33288.0
424000;34424.0;1136.0;33288.0
424100;34424.0;1136.0;33288.0
424200;34336.0;1168.0;33168.0
424300;34632.0;1184.0;33448.0
424400;34624.0;1176.0;33448.0
424500;34496.0;1168.0;33328.0
424600;34496.0;1168.0;33328.0
424700;34496.0;1168.0;33328.0
424800;34536.0;1168.0;33368.0
424900;34512.0;1144.0;33368.0
425000;34536.0;1168.0;33368.0
425100;34536.0;1168.0;33368.0
425200;34536.0;1168.0;33368.0
425300;35136.0;1168.0;33968.0
425400;34576.0;1168.0;33408.0
425500;34576.0;1168.0;33408.0
425600;34592.0;1184.0;33408.0
425700;34712.0;1184.0;33528.0
425800;34592.0;1184.0;33408.0
425900;34632.0;1184.0;33448.0
426000;34632.0;1184.0;33448.0
426100;34648.0;1200.0;33448.0
426200;34616.0;1168.0;33448.0
426300;34792.0;1184.0;33608.0
426400;34792.0;1184.0;33608.0
426500;34552.0;1184.0;33368.0
426600;34672.0;1184.0;33488.0
426700;34688.0;1200.0;33488.0
426800;34744.0;1216.0;33528.0
426900;34552.0;1184.0;33368.0
427000;34712.0;1184.0;33528.0
427100;34736.0;1208.0;33528.0
427200;34712.0;1184.0;33528.0
427300;34776.0;1208.0;33568.0
427400;35176.0;1168.0;34008.0
427500;34752.0;1184.0;33568.0
427600;34752.0;1184.0;33568.0
427700;34872.0;1184.0;33688.0
427800;34736.0;1128.0;33608.0
427900;34896.0;1168.0;33728.0
428000;34676.0;1228.0;33448.0
428100;34952.0;1184.0;33768.0
428200;34784.0;1176.0;33608.0
428300;34840.0;1192.0;33648.0
428400;34840.0;1192.0;33648.0
428500;34832.0;1184.0;33648.0
428600;34712.0;1184.0;33528.0
428700;34828.0;1180.0;33648.0
428800;34892.0;1204.0;33688.0
428900;34872.0;1184.0;33688.0
429000;34880.0;1192.0;33688.0
429100;34872.0;1184.0;33688.0
429200;34872.0;1184.0;33688.0
429300;34912.0;1184.0;33728.0
429400;34908.0;1180.0;33728.0
429500;34920.0;1192.0;33728.0
429600;35040.0;1192.0;33848.0
429700;34912.0;1184.0;33728.0
429800;34934.0;1206.0;33728.0
429900;34964.0;1196.0;33768.0
430000;34964.0;1196.0;33768.0
430100;34964.0;1196.0;33768.0
430200;34966.0;1198.0;33768.0
430300;35006.0;1198.0;33808.0
430400;35008.0;1200.0;33808.0
430500;35006.0;1198.0;33808.0
430600;35008.0;1200.0;33808.0
430700;35128.0;1200.0;33928.0
430800;34888.0;1200.0;33688.0
430900;35048.0;1200.0;33848.0
431000;35048.0;1200.0;33848.0
431100;35050.0;1202.0;33848.0
431200;35050.0;1202.0;33848.0
431300;35208.0;1200.0;34008.0
431400;34966.0;1198.0;33768.0
431500;34967.0;1199.0;33768.0
431600;35086.0;1198.0;33888.0
431700;35086.0;1198.0;33888.0
431800;35126.0;1198.0;33928.0
431900;35124.0;1196.0;33928.0
432000;35126.0;1198.0;33928.0
432100;35289.0;1201.0;34088.0
432200;35125.0;1197.0;33928.0
432300;35046.0;1198.0;33848.0
432400;35288.0;1200.0;34088.0
432500;35165.0;1197.0;33968.0
432600;35166.0;1198.0;33968.0
432700;35168.0;1200.0;33968.0
432800;35326.0;1198.0;34128.0
432900;35203.0;1195.0;34008.0
433000;34726.0;1198.0;33528.0
433100;35209.0;1201.0;34008.0
433200;35366.0;1198.0;34168.0
433300;35255.0;1207.0;34048.0
433400;35248.0;1200.0;34048.0
433500;35250.0;1202.0;34048.0
433600;35248.0;1200.0;34048.0
433700;35248.0;1200.0;34048.0
433800;35127.0;1199.0;33928.0
433900;35408.0;1200.0;34208.0
434000;35294.0;1206.0;34088.0
434100;35295.0;1207.0;34088.0
434200;35291.0;1203.0;34088.0
434300;35451.0;1203.0;34248.0
434400;35448.0;1200.0;34248.0
434500;35328.0;1200.0;34128.0
434600;35445.0;1197.0;34248.0
434700;35445.0;1197.0;34248.0
434800;35366.0;1198.0;34168.0
434900;35366.0;1198.0;34168.0
435000;35366.0;1198.0;34168.0
435100;35686.0;1198.0;34488.0
435200;35686.0;1198.0;34488.0
435300;35406.0;1198.0;34208.0
435400;35288.0;1200.0;34088.0
435500;35404.0;1196.0;34208.0
435600;35404.0;1196.0;34208.0
435700;35406.0;1198.0;34208.0
435800;35446.0;1198.0;34248.0
435900;35286.0;1198.0;34088.0
436000;35604.0;1196.0;34408.0
436100;35885.0;1197.0;34688.0
436200;35446.0;1198.0;34248.0
436300;35488.0;1200.0;34288.0
436400;35367.0;1199.0;34168.0
436500;35601.0;1193.0;34408.0
436600;35484.0;1196.0;34288.0
436700;35490.0;1202.0;34288.0
436800;35531.0;1203.0;34328.0
436900;35638.0;1190.0;34448.0
437000;35684.0;1196.0;34488.0
437100;35401.0;1193.0;34208.0
437200;35522.0;1194.0;34328.0
437300;35560.0;1192.0;34368.0
437400;35559.0;1191.0;34368.0
437500;35442.0;1194.0;34248.0
437600;35442.0;1194.0;34248.0
437700;35442.0;1194.0;34248.0
437800;35598.0;1190.0;34408.0
437900;35598.0;1190.0;34408.0
438000;35598.0;1190.0;34408.0
438100;35600.0;1192.0;34408.0
438200;35600.0;1192.0;34408.0
438300;35640.0;1192.0;34448.0
438400;35800.0;1192.0;34608.0
438500;36078.0;1190.0;34888.0
438600;35634.0;1186.0;34448.0
438700;35634.0;1186.0;34448.0
438800;35675.0;1187.0;34488.0
438900;35516.0;1188.0;34328.0
439000;35519.0;1191.0;34328.0
439100;35839.0;1191.0;34648.0
439200;35840.0;1192.0;34648.0
439300;35840.0;1192.0;34648.0
439400;35718.0;1190.0;34528.0
439500;35715.0;1187.0;34528.0
439600;35715.0;1187.0;34528.0
439700;35836.0;1188.0;34648.0
439800;35756.0;1188.0;34568.0
439900;35758.0;1190.0;34568.0
440000;35756.0;1188.0;34568.0
440100;35756.0;1188.0;34568.0
440200;35916.0;1188.0;34728.0
440300;35798.0;1190.0;34608.0
440400;35678.0;1190.0;34488.0
440500;35916.0;1188.0;34728.0
440600;35676.0;1188.0;34488.0
440700;35920.0;1192.0;34728.0
440800;35840.0;1192.0;34648.0
440900;35840.0;1192.0;34648.0
441000;35833.0;1185.0;34648.0
441100;35838.0;1190.0;34648.0
441200;35840.0;1192.0;34648.0
441300;36038.0;1190.0;34848.0
441400;35878.0;1190.0;34688.0
441500;35880.0;1192.0;34688.0
441600;35877.0;1189.0;34688.0
441700;35880.0;1192.0;34688.0
441800;35762.0;1194.0;34568.0
441900;35889.0;1161.0;34728.0
442000;35943.0;1215.0;34728.0
442100;35947.0;1179.0;34768.0
442200;35814.0;1206.0;34608.0
442300;35974.0;1206.0;34768.0
442400;35854.0;1206.0;34648.0
442500;35974.0;1206.0;34768.0
442600;35983.0;1215.0;34768.0
442700;35974.0;1206.0;34768.0
442800;36005.0;1197.0;34808.0
442900;35991.5;1183.5;34808.0
443000;35991.5;1183.5;34808.0
443100;36000.5;1192.5;34808.0
443200;36000.5;1192.5;34808.0
443300;36054.0;1206.0;34848.0
443400;36054.0;1206.0;34848.0
443500;36072.0;1224.0;34848.0
443600;36183.0;1215.0;34968.0
443700;36072.0;1224.0;34848.0
443800;36112.0;1224.0;34888.0
443900;36103.0;1215.0;34888.0
444000;36118.0;1230.0;34888.0
444100;36278.0;1230.0;35048.0
444200;36562.0;1234.0;35328.0
444300;36162.0;1234.0;34928.0
444400;36162.0;1234.0;34928.0
444500;36282.0;1234.0;35048.0
444600;36282.0;1234.0;35048.0
444700;36163.0;1235.0;34928.0
444800;36011.0;1203.0;34808.0
444900;36031.0;1223.0;34808.0
445000;36071.0;1263.0;34808.0
445100;36221.0;1253.0;34968.0
445200;36221.0;1253.0;34968.0
445300;36381.0;1253.0;35128.0
445400;36261.0;1253.0;35008.0
445500;36146.0;1258.0;34888.0
445600;36256.0;1248.0;35008.0
445700;36271.0;1263.0;35008.0
445800;36141.0;1253.0;34888.0
445900;36301.0;1253.0;35048.0
446000;36311.0;1263.0;35048.0
446100;36301.0;1253.0;35048.0
446200;36281.0;1233.0;35048.0
446300;36451.0;1243.0;35208.0
446400;36456.0;1248.0;35208.0
446500;36346.0;1258.0;35088.0
446600;36351.0;1263.0;35088.0
446700;36321.0;1233.0;35088.0
446800;36381.0;1253.0;35128.0
446900;36501.0;1253.0;35248.0
447000;36541.0;1253.0;35288.0
447100;36556.0;1268.0;35288.0
447200;36271.0;1263.0;35008.0
447300;36311.0;1263.0;35048.0
447400;36431.0;1263.0;35168.0
447500;36406.0;1238.0;35168.0
447600;36406.0;1238.0;35168.0
447700;36526.0;1238.0;35288.0
447800;36461.0;1253.0;35208.0
447900;36581.0;1253.0;35328.0
448000;36475.0;1267.0;35208.0
448100;36472.0;1264.0;35208.0
448200;36349.0;1261.0;35088.0
448300;36392.0;1264.0;35128.0
448400;36504.5;1256.5;35248.0
448500;36504.5;1256.5;35248.0
448600;36947.5;1259.5;35688.0
448700;36513.5;1265.5;35248.0
448800;36389.0;1261.0;35128.0
448900;36549.0;1261.0;35288.0
449000;36546.0;1258.0;35288.0
449100;36549.0;1261.0;35288.0
449200;36549.0;1261.0;35288.0
449300;36589.0;1261.0;35328.0
449400;36583.0;1255.0;35328.0
449500;36592.0;1264.0;35328.0
449600;36587.5;1259.5;35328.0
449700;36587.5;1259.5;35328.0
449800;36635.0;1267.0;35368.0
449900;36638.0;1270.0;35368.0
450000;36635.0;1267.0;35368.0
450100;36798.0;1270.0;35528.0
450200;36638.0;1270.0;35368.0
450300;36678.0;1270.0;35408.0
450400;36675.0;1267.0;35408.0
450500;36675.0;1267.0;35408.0
450600;36673.5;1265.5;35408.0
450700;36561.0;1273.0;35288.0
450800;36710.5;1262.5;35448.0
450900;36561.0;1273.0;35288.0
451000;36721.0;1273.0;35448.0
451100;36721.0;1273.0;35448.0
451200;36604.0;1276.0;35328.0
451300;36758.0;1270.0;35488.0
451400;36641.0;1273.0;35368.0
451500;36641.0;1273.0;35368.0
451600;36761.0;1273.0;35488.0
451700;36641.0;1273.0;35368.0
451800;36804.0;1276.0;35528.0
451900;36801.0;1273.0;35528.0
452000;36644.0;1276.0;35368.0
452100;36807.0;1279.0;35528.0
452200;36807.0;1279.0;35528.0
452300;36727.0;1279.0;35448.0
452400;36724.0;1276.0;35448.0
452500;36844.0;1276.0;35568.0
452600;36964.0;1276.0;35688.0
452700;36724.0;1276.0;35448.0
452800;36884.0;1276.0;35608.0
452900;36881.0;1273.0;35608.0
453000;37318.0;1270.0;36048.0
453100;36908.0;1300.0;35608.0
453200;36908.0;1300.0;35608.0
453300;36948.0;1300.0;35648.0
453400;36955.5;1307.5;35648.0
453500;37075.5;1307.5;35768.0
453600;36948.0;1300.0;35648.0
453700;36850.5;1322.5;35528.0
453800;36370.5;1322.5;35048.0
453900;36993.0;1305.0;35688.0
454000;36951.0;1263.0;35688.0
454100;36831.0;1263.0;35568.0
454200;36859.0;1291.0;35568.0
454300;37019.0;1291.0;35728.0
454400;37019.0;1291.0;35728.0
454500;37029.5;1301.5;35728.0
454600;37019.0;1291.0;35728.0
454700;37008.5;1280.5;35728.0
454800;37175.5;1287.5;35888.0
454900;37165.0;1277.0;35888.0
455000;37059.0;1291.0;35768.0
455100;37059.0;1291.0;35768.0
455200;37092.0;1284.0;35808.0
455300;37071.0;1263.0;35808.0
455400;37092.0;1284.0;35808.0
455500;37085.0;1277.0;35808.0
455600;37095.5;1287.5;35808.0
455700;37099.0;1291.0;35808.0
455800;37132.0;1284.0;35848.0
455900;37067.0;1219.0;35848.0
456000;37169.0;1321.0;35848.0
456100;37329.0;1321.0;36008.0
456200;37169.0;1321.0;35848.0
456300;37183.5;1295.5;35888.0
456400;37234.5;1346.5;35888.0
456500;37158.0;1270.0;35888.0
456600;37106.0;1338.0;35768.0
456700;37226.0;1338.0;35888.0
456800;37240.5;1312.5;35928.0
456900;37249.0;1321.0;35928.0
457000;37274.5;1346.5;35928.0
457100;37274.5;1346.5;35928.0
457200;37249.0;1321.0;35928.0
457300;37289.0;1321.0;35968.0
457400;37409.0;1321.0;36088.0
457500;37426.0;1338.0;36088.0
457600;37306.0;1338.0;35968.0
457700;37306.0;1338.0;35968.0
457800;37346.0;1338.0;36008.0
457900;37306.0;1338.0;35968.0
458000;37346.0;1338.0;36008.0
458100;37226.0;1338.0;35888.0
458200;37200.5;1312.5;35888.0
458300;37369.0;1321.0;36048.0
458400;37386.0;1338.0;36048.0
458500;37369.0;1321.0;36048.0
458600;37369.0;1321.0;36048.0
458700;37369.0;1321.0;36048.0
458800;37554.5;1346.5;36208.0
458900;37249.0;1321.0;35928.0
459000;37249.0;1321.0;35928.0
459100;37409.0;1321.0;36088.0
459200;37569.0;1321.0;36248.0
459300;37406.5;1278.5;36128.0
459400;37406.5;1278.5;36128.0
459500;37449.0;1321.0;36128.0
459600;37466.0;1338.0;36128.0
459700;37542.5;1414.5;36128.0
459800;37626.0;1338.0;36288.0
459900;37489.0;1321.0;36168.0
460000;37506.0;1338.0;36168.0
460100;36971.5;1363.5;35608.0
460200;37403.0;1355.0;36048.0
460300;37554.5;1346.5;36208.0
460400;37546.0;1338.0;36208.0
460500;37529.0;1321.0;36208.0
460600;37529.0;1321.0;36208.0
460700;37674.5;1346.5;36328.0
460800;37409.0;1321.0;36088.0
460900;37569.0;1321.0;36248.0
461000;37586.0;1338.0;36248.0
461100;37746.0;1338.0;36408.0
461200;37746.0;1338.0;36408.0
461300;37523.0;1355.0;36168.0
461400;37506.0;1338.0;36168.0
461500;37626.0;1338.0;36288.0
461600;37626.0;1338.0;36288.0
461700;37643.0;1355.0;36288.0
461800;37803.0;1355.0;36448.0
461900;37623.5;1295.5;36328.0
462000;37843.0;1355.0;36488.0
462100;37683.0;1355.0;36328.0
462200;37748.5;1380.5;36368.0
462300;37723.0;1355.0;36368.0
462400;37778.5;1410.5;36368.0
462500;37718.0;1350.0;36368.0
462600;37889.0;1361.0;36528.0
462700;37609.0;1361.0;36248.0
462800;37758.0;1350.0;36408.0
462900;37774.5;1366.5;36408.0
463000;37758.0;1350.0;36408.0
463100;37747.0;1339.0;36408.0
463200;37923.5;1355.5;36568.0
463300;37798.0;1350.0;36448.0
463400;37809.0;1361.0;36448.0
463500;37792.5;1344.5;36448.0
463600;37809.0;1361.0;36448.0
463700;37730.0;1282.0;36448.0
463800;37676.5;1348.5;36328.0
463900;37667.0;1339.0;36328.0
464000;38006.0;1358.0;36648.0
464100;37846.0;1358.0;36488.0
464200;37846.0;1358.0;36488.0
464300;37886.0;1358.0;36528.0
464400;37867.0;1339.0;36528.0
464500;37914.5;1386.5;36528.0
464600;37905.0;1377.0;36528.0
464700;37958.5;1310.5;36648.0
464800;37926.0;1358.0;36568.0
464900;37945.0;1377.0;36568.0
465000;38105.0;1377.0;36728.0
465100;37945.0;1377.0;36568.0
465200;37992.5;1424.5;36568.0
465300;37985.0;1377.0;36608.0
465400;38105.0;1377.0;36728.0
465500;38105.0;1377.0;36728.0
465600;37966.0;1358.0;36608.0
465700;38013.5;1405.5;36608.0
465800;37985.0;1377.0;36608.0
465900;38096.5;1448.5;36648.0
466000;37549.0;1381.0;36168.0
466100;38021.5;1373.5;36648.0
466200;38059.0;1411.0;36648.0
466300;38061.5;1373.5;36688.0
466400;38069.0;1381.0;36688.0
466500;38054.0;1366.0;36688.0
466600;38046.5;1358.5;36688.0
466700;38069.0;1381.0;36688.0
466800;38094.0;1366.0;36728.0
466900;38094.0;1366.0;36728.0
467000;38079.0;1351.0;36728.0
467100;38079.0;1351.0;36728.0
467200;38079.0;1351.0;36728.0
467300;38079.0;1351.0;36728.0
467400;38134.0;1366.0;36768.0
467500;38254.0;1366.0;36888.0
467600;38134.0;1366.0;36768.0
467700;38039.0;1271.0;36768.0
467800;38080.5;1432.5;36648.0
467900;38026.5;1378.5;36648.0
468000;38200.0;1392.0;36808.0
468100;38200.0;1392.0;36808.0
468200;38200.0;1392.0;36808.0
468300;38183.0;1335.0;36848.0
468400;38128.0;1400.0;36728.0
468500;38248.0;1400.0;36848.0
468600;38701.0;1413.0;37288.0
468700;38248.0;1400.0;36848.0
468800;38275.0;1387.0;36888.0
468900;38288.0;1400.0;36888.0
469000;38448.0;1400.0;37048.0
469100;38448.0;1400.0;37048.0
469200;38301.0;1413.0;36888.0
469300;38342.0;1454.0;36888.0
469400;38346.0;1418.0;36928.0
469500;38346.0;1418.0;36928.0
469600;38346.0;1418.0;36928.0
469700;38346.0;1418.0;36928.0
469800;38378.0;1410.0;36968.0
469900;38226.0;1418.0;36808.0
470000;38386.0;1418.0;36968.0
470100;38226.0;1418.0;36808.0
470200;38414.0;1406.0;37008.0
470300;38426.0;1418.0;37008.0
470400;38426.0;1418.0;37008.0
470500;38442.0;1434.0;37008.0
470600;38302.0;1414.0;36888.0
470700;38322.0;1434.0;36888.0
470800;38486.0;1438.0;37048.0
470900;38634.0;1426.0;37208.0
471000;38474.0;1426.0;37048.0
471100;38626.0;1418.0;37208.0
471200;38442.0;1394.0;37048.0
471300;38445.0;1357.0;37088.0
471400;38397.0;1429.0;36968.0
471500;38544.0;1456.0;37088.0
471600;38664.0;1456.0;37208.0
471700;38544.0;1456.0;37088.0
471800;38584.0;1456.0;37128.0
471900;38566.0;1438.0;37128.0
472000;38539.0;1411.0;37128.0
472100;38584.0;1456.0;37128.0
472200;38437.0;1429.0;37008.0
472300;38446.0;1438.0;37008.0
472400;38606.0;1438.0;37168.0
472500;38708.0;1420.0;37288.0
472600;38570.0;1402.0;37168.0
472700;38570.0;1402.0;37168.0
472800;38610.0;1402.0;37208.0
472900;38628.0;1420.0;37208.0
473000;39122.0;1474.0;37648.0
473100;39068.0;1420.0;37648.0
473200;38788.0;1420.0;37368.0
473300;38548.0;1420.0;37128.0
473400;38668.0;1420.0;37248.0
473500;38668.0;1420.0;37248.0
473600;38566.0;1438.0;37128.0
473700;38668.0;1420.0;37248.0
473800;38708.0;1420.0;37288.0
473900;38735.0;1447.0;37288.0
474000;39326.0;1438.0;37888.0
474100;38708.0;1420.0;37288.0
474200;38690.0;1402.0;37288.0
474300;38730.0;1402.0;37328.0
474400;38748.0;1420.0;37328.0
474500;38628.0;1420.0;37208.0
474600;38748.0;1420.0;37328.0
474700;38748.0;1420.0;37328.0
474800;38788.0;1420.0;37368.0
474900;38788.0;1420.0;37368.0
475000;38770.0;1402.0;37368.0
475100;38788.0;1420.0;37368.0
475200;38668.0;1420.0;37248.0
475300;38828.0;1420.0;37408.0
475400;38828.0;1420.0;37408.0
475500;38810.0;1402.0;37408.0
475600;38690.0;1402.0;37288.0
475700;38708.0;1420.0;37288.0
475800;38988.0;1420.0;37568.0
475900;38832.0;1384.0;37448.0
476000;38832.0;1384.0;37448.0
476100;38850.0;1402.0;37448.0
476200;38868.0;1420.0;37448.0
476300;38890.0;1402.0;37488.0
476400;39010.0;1402.0;37608.0
476500;38743.0;1375.0;37368.0
476600;38770.0;1402.0;37368.0
476700;38890.0;1402.0;37488.0
476800;38912.0;1384.0;37528.0
476900;38912.0;1384.0;37528.0
477000;38930.0;1402.0;37528.0
477100;38822.0;1294.0;37528.0
477200;38912.0;1384.0;37528.0
477300;38352.0;1384.0;36968.0
477400;38952.0;1384.0;37568.0
477500;39063.0;1375.0;37688.0
477600;38988.0;1420.0;37568.0
477700;38979.0;1411.0;37568.0
477800;38992.0;1384.0;37608.0
477900;38992.0;1384.0;37608.0
478000;38974.0;1366.0;37608.0
478100;38992.0;1384.0;37608.0
478200;38992.0;1384.0;37608.0
478300;39032.0;1384.0;37648.0
478400;39152.0;1384.0;37768.0
478500;39125.0;1357.0;37768.0
478600;39125.0;1357.0;37768.0
478700;39014.0;1366.0;37648.0
478800;39201.0;1393.0;37808.0
478900;39018.0;1330.0;37688.0
479000;39072.0;1384.0;37688.0
479100;39232.0;1384.0;37848.0
479200;38943.0;1375.0;37568.0
479300;39094.0;1366.0;37728.0
479400;39241.0;1393.0;37848.0
479500;39121.0;1393.0;37728.0
479600;39112.0;1384.0;37728.0
479700;39094.0;1366.0;37728.0
479800;39116.0;1348.0;37768.0
479900;39116.0;1348.0;37768.0
480000;39116.0;1348.0;37768.0
480100;39089.0;1321.0;37768.0
480200;39116.0;1348.0;37768.0
480300;39129.0;1321.0;37808.0
480400;39129.0;1321.0;37808.0
480500;38694.0;1366.0;37328.0
480600;39156.0;1348.0;37808.0
480700;39276.0;1348.0;37928.0
480800;39063.0;1375.0;37688.0
480900;39347.0;1339.0;38008.0
481000;39347.0;1339.0;38008.0
481100;39178.0;1330.0;37848.0
481200;39232.0;1384.0;37848.0
481300;39236.0;1348.0;37888.0
481400;39236.0;1348.0;37888.0
481500;39254.0;1366.0;37888.0
481600;39134.0;1366.0;37768.0
481700;39356.0;1348.0;38008.0
481800;39267.0;1339.0;37928.0
481900;39186.0;1258.0;37928.0
482000;39276.0;1348.0;37928.0
482100;39267.0;1339.0;37928.0
482200;39276.0;1348.0;37928.0
482300;39271.0;1303.0;37968.0
482400;39187.0;1339.0;37848.0
482500;39454.0;1366.0;38088.0
482600;39307.0;1339.0;37968.0
482700;39334.0;1366.0;37968.0
482800;39365.0;1357.0;38008.0
482900;39356.0;1348.0;38008.0
483000;39356.0;1348.0;38008.0
483100;39329.0;1321.0;38008.0
483200;39338.0;1330.0;38008.0
483300;39396.0;1348.0;38048.0
483400;39682.0;1194.0;38488.0
483500;39392.0;1344.0;38048.0
483600;39284.5;1356.5;37928.0
483700;39404.5;1356.5;38048.0
483800;39457.0;1369.0;38088.0
483900;39457.0;1369.0;38088.0
484000;39419.5;1331.5;38088.0
484100;39457.0;1369.0;38088.0
484200;39457.0;1369.0;38088.0
484300;39472.0;1344.0;38128.0
484400;39497.0;1369.0;38128.0
484500;39484.5;1356.5;38128.0
484600;39642.0;1394.0;38248.0
484700;39572.0;1444.0;38128.0
484800;39537.0;1369.0;38168.0
484900;39537.0;1369.0;38168.0
485000;39499.5;1331.5;38168.0
485100;39537.0;1369.0;38168.0
485200;39512.0;1344.0;38168.0
485300;39552.0;1344.0;38208.0
485400;39552.0;1344.0;38208.0
485500;39552.0;1344.0;38208.0
485600;39552.0;1344.0;38208.0
485700;39647.0;1319.0;38328.0
485800;39407.0;1319.0;38088.0
485900;39777.0;1369.0;38408.0
486000;39617.0;1369.0;38248.0
486100;39592.0;1344.0;38248.0
486200;40069.5;1381.5;38688.0
486300;39632.0;1344.0;38288.0
486400;39474.5;1306.5;38168.0
486500;39657.0;1369.0;38288.0
486600;39512.0;1344.0;38168.0
486700;38944.5;1256.5;37688.0
486800;39424.5;1256.5;38168.0
486900;39487.0;1319.0;38168.0
487000;39647.0;1319.0;38328.0
487100;39672.0;1344.0;38328.0
487200;39649.5;1281.5;38368.0
487300;39807.0;1319.0;38488.0
487400;39687.0;1319.0;38368.0
487500;39712.0;1344.0;38368.0
487600;39712.0;1344.0;38368.0
487700;39662.0;1294.0;38368.0
487800;39847.0;1319.0;38528.0
487900;39567.0;1319.0;38248.0
488000;39592.0;1344.0;38248.0
488100;39727.0;1319.0;38408.0
488200;39777.0;1369.0;38408.0
488300;39867.0;1419.0;38448.0
488400;39572.0;1244.0;38328.0
488500;39817.0;1369.0;38448.0
488600;39792.0;1344.0;38448.0
488700;39792.0;1344.0;38448.0
488800;39832.0;1344.0;38488.0
488900;39832.0;1344.0;38488.0
489000;39672.0;1344.0;38328.0
489100;40008.0;1360.0;38648.0
489200;39682.0;1194.0;38488.0
489300;39862.0;1334.0;38528.0
489400;39822.0;1414.0;38408.0
489500;39862.0;1334.0;38528.0
489600;39902.0;1374.0;38528.0
489700;39902.0;1374.0;38528.0
489800;39942.0;1374.0;38568.0
489900;40142.0;1414.0;38728.0
490000;39982.0;1414.0;38568.0
490100;39982.0;1414.0;38568.0
490200;40022.0;1414.0;38608.0
490300;39982.0;1374.0;38608.0
490400;40082.0;1354.0;38728.0
490500;40022.0;1414.0;38608.0
490600;39982.0;1494.0;38488.0
490700;39822.0;1334.0;38488.0
490800;40022.0;1374.0;38648.0
490900;40062.0;1414.0;38648.0
491000;40182.0;1374.0;38808.0
491100;40022.0;1374.0;38648.0
491200;40222.0;1414.0;38808.0
491300;40102.0;1414.0;38688.0
491400;40062.0;1374.0;38688.0
491500;40022.0;1454.0;38568.0
491600;40122.0;1434.0;38688.0
491700;40222.0;1414.0;38808.0
491800;40102.0;1374.0;38728.0
491900;40062.0;1334.0;38728.0
492000;40082.0;1354.0;38728.0
492100;40082.0;1354.0;38728.0
492200;40082.0;1354.0;38728.0
492300;39962.0;1554.0;38408.0
492400;40122.0;1354.0;38768.0
492500;40182.0;1414.0;38768.0
492600;40122.0;1354.0;38768.0
492700;40182.0;1414.0;38768.0
492800;40162.0;1394.0;38768.0
492900;40262.0;1454.0;38808.0
493000;40082.0;1274.0;38808.0
493100;40082.0;1274.0;38808.0
493200;40182.0;1374.0;38808.0
493300;40262.0;1414.0;38848.0
493400;40302.0;1454.0;38848.0
493500;40302.0;1454.0;38848.0
493600;40302.0;1454.0;38848.0
493700;40302.0;1454.0;38848.0
493800;40382.0;1494.0;38888.0
493900;40312.0;1584.0;38728.0
494000;40192.0;1464.0;38728.0
494100;40322.0;1434.0;38888.0
494200;40322.0;1434.0;38888.0
494300;40362.0;1434.0;38928.0
494400;40494.0;1566.0;38928.0
494500;40374.0;1446.0;38928.0
494600;40374.0;1446.0;38928.0
494700;40374.0;1446.0;38928.0
494800;40390.0;1422.0;38968.0
494900;40390.0;1422.0;38968.0
495000;40390.0;1422.0;38968.0
495100;40230.0;1422.0;38808.0
495200;40366.0;1398.0;38968.0
495300;40394.0;1386.0;39008.0
495400;40454.0;1446.0;39008.0
495500;40310.0;1422.0;38888.0
495600;40430.0;1422.0;39008.0
495700;40454.0;1446.0;39008.0
495800;40334.0;1446.0;38888.0
495900;40482.0;1434.0;39048.0
496000;40470.0;1422.0;39048.0
496100;40494.0;1446.0;39048.0
496200;40446.0;1518.0;38928.0
496300;40726.0;1518.0;39208.0
496400;40582.0;1494.0;39088.0
496500;40534.0;1446.0;39088.0
496600;40462.0;1374.0;39088.0
496700;40534.0;1446.0;39088.0
496800;40574.0;1446.0;39128.0
496900;40574.0;1446.0;39128.0
497000;40734.0;1446.0;39288.0
497100;40550.0;1422.0;39128.0
497200;40610.0;1482.0;39128.0
497300;40494.0;1446.0;39048.0
497400;40614.0;1446.0;39168.0
497500;40494.0;1446.0;39048.0
497600;40614.0;1446.0;39168.0
497700;40614.0;1446.0;39168.0
497800;40518.0;1470.0;39048.0
497900;40738.0;1530.0;39208.0
498000;40838.0;1470.0;39368.0
498100;40214.0;1446.0;38768.0
498200;40702.0;1494.0;39208.0
498300;40742.0;1494.0;39248.0
498400;40718.0;1470.0;39248.0
498500;40718.0;1470.0;39248.0
498600;40718.0;1470.0;39248.0
498700;40730.0;1482.0;39248.0
498800;40821.0;1533.0;39288.0
498900;40767.0;1479.0;39288.0
499000;40731.0;1443.0;39288.0
499100;40882.0;1434.0;39448.0
499200;40722.0;1434.0;39288.0
499300;40798.0;1470.0;39328.0
499400;40771.0;1443.0;39328.0
499500;40900.0;1452.0;39448.0
499600;40780.0;1452.0;39328.0
499700;40807.0;1479.0;39328.0
499800;40913.0;1425.0;39488.0
499900;40980.0;1452.0;39528.0
500000;41420.0;1452.0;39968.0
500100;40980.0;1452.0;39528.0
500200;40700.0;1452.0;39248.0
500300;40740.0;1452.0;39288.0
500400;40860.0;1452.0;39408.0
500500;40878.0;1470.0;39408.0
500600;40860.0;1452.0;39408.0
500700;40860.0;1452.0;39408.0
500800;41038.0;1470.0;39568.0
500900;40900.0;1452.0;39448.0
501000;40900.0;1452.0;39448.0
501100;41033.0;1425.0;39608.0
501200;40900.0;1452.0;39448.0
501300;41380.0;1452.0;39928.0
501400;40940.0;1452.0;39488.0
501500;40967.0;1479.0;39488.0
501600;40940.0;1452.0;39488.0
501700;40940.0;1452.0;39488.0
501800;40998.0;1470.0;39528.0
501900;40910.0;1542.0;39368.0
502000;41010.0;1482.0;39528.0
502100;41022.0;1494.0;39528.0
502200;40884.0;1476.0;39408.0
502300;41062.0;1494.0;39568.0
502400;41182.0;1494.0;39688.0
502500;41062.0;1494.0;39568.0
502600;41062.0;1494.0;39568.0
502700;41062.0;1494.0;39568.0
502800;41102.0;1494.0;39608.0
502900;41102.0;1494.0;39608.0
503000;41102.0;1494.0;39608.0
503100;41023.5;1415.5;39608.0
503200;40903.5;1415.5;39488.0
503300;41037.0;1509.0;39528.0
503400;41277.0;1509.0;39768.0
503500;41174.0;1526.0;39648.0
503600;41294.0;1526.0;39768.0
503700;41277.0;1509.0;39768.0
503800;41317.0;1509.0;39808.0
503900;41197.0;1509.0;39688.0
504000;41022.5;1534.5;39488.0
504100;41222.5;1534.5;39688.0
504200;41214.0;1526.0;39688.0
504300;41254.0;1526.0;39728.0
504400;41254.0;1526.0;39728.0
504500;41254.0;1526.0;39728.0
504600;41254.0;1526.0;39728.0
504700;41254.0;1526.0;39728.0
504800;41302.5;1534.5;39768.0
504900;41277.0;1509.0;39768.0
505000;41294.0;1526.0;39768.0
505100;40854.0;1526.0;39328.0
505200;41294.0;1526.0;39768.0
505300;41454.0;1526.0;39928.0
505400;41334.0;1526.0;39808.0
505500;41214.0;1526.0;39688.0
505600;41334.0;1526.0;39808.0
505700;41351.0;1543.0;39808.0
505800;41374.0;1526.0;39848.0
505900;41374.0;1526.0;39848.0
506000;41391.0;1543.0;39848.0
506100;41391.0;1543.0;39848.0
506200;41382.5;1534.5;39848.0
506300;41431.0;1543.0;39888.0
506400;41456.5;1568.5;39888.0
506500;41448.0;1560.0;39888.0
506600;41431.0;1543.0;39888.0
506700;41328.0;1560.0;39768.0
506800;41608.0;1560.0;40048.0
506900;41622.5;1534.5;40088.0
507000;41488.0;1560.0;39928.0
507100;41488.0;1560.0;39928.0
507200;41488.0;1560.0;39928.0
507300;41553.5;1585.5;39968.0
507400;41511.0;1543.0;39968.0
507500;41519.5;1551.5;39968.0
507600;41408.0;1560.0;39848.0
507700;41528.0;1560.0;39968.0
507800;41568.0;1560.0;40008.0
507900;41585.0;1577.0;40008.0
508000;41728.0;1560.0;40168.0
508100;41711.0;1543.0;40168.0
508200;41576.5;1568.5;40008.0
508300;41599.5;1551.5;40048.0
508400;41574.0;1526.0;40048.0
508500;41591.0;1543.0;40048.0
508600;41591.0;1543.0;40048.0
508700;41565.5;1517.5;40048.0
508800;41631.0;1543.0;40088.0
508900;41631.0;1543.0;40088.0
509000;41631.0;1543.0;40088.0
509100;41631.0;1543.0;40088.0
509200;41648.0;1560.0;40088.0
509300;41713.5;1585.5;40128.0
509400;41671.0;1543.0;40128.0
509500;41831.0;1543.0;40288.0
509600;41671.0;1543.0;40128.0
509700;41654.0;1526.0;40128.0
509800;41831.0;1543.0;40288.0
509900;41551.0;1543.0;40008.0
510000;41871.0;1543.0;40328.0
510100;41534.0;1526.0;40008.0
510200;41685.5;1517.5;40168.0
510300;41751.0;1543.0;40208.0
510400;41631.0;1543.0;40088.0
510500;41631.0;1543.0;40088.0
510600;41700.0;1492.0;40208.0
510700;41751.0;1543.0;40208.0
510800;41791.0;1543.0;40248.0
510900;41631.0;1543.0;40088.0
511000;41774.0;1526.0;40248.0
511100;41591.0;1543.0;40048.0
511200;41808.0;1560.0;40248.0
511300;41831.0;1543.0;40288.0
511400;41856.5;1568.5;40288.0
511500;41831.0;1543.0;40288.0
511600;41848.0;1560.0;40288.0
511700;41848.0;1560.0;40288.0
511800;41753.5;1585.5;40168.0
511900;41913.5;1585.5;40328.0
512000;41913.5;1585.5;40328.0
512100;41888.0;1560.0;40328.0
512200;41888.0;1560.0;40328.0
512300;41928.0;1560.0;40368.0
512400;41911.0;1543.0;40368.0
512500;41791.0;1543.0;40248.0
512600;41962.0;1594.0;40368.0
512700;41945.0;1577.0;40368.0
512800;41985.0;1577.0;40408.0
512900;41985.0;1577.0;40408.0
513000;41985.0;1577.0;40408.0
513100;41985.0;1577.0;40408.0
513200;42002.0;1594.0;40408.0
513300;42042.0;1594.0;40448.0
513400;42042.0;1594.0;40448.0
513500;42042.0;1594.0;40448.0
513600;42610.5;1602.5;41008.0
513700;42059.0;1611.0;40448.0
513800;42082.0;1594.0;40488.0
513900;42116.0;1628.0;40488.0
514000;42116.0;1628.0;40488.0
514100;42090.5;1602.5;40488.0
514200;42082.0;1594.0;40488.0
514300;42037.0;1509.0;40528.0
514400;42037.0;1509.0;40528.0
514500;42122.0;1594.0;40528.0
514600;42113.5;1585.5;40528.0
514700;42113.5;1585.5;40528.0
514800;41993.5;1585.5;40408.0
514900;42002.0;1594.0;40408.0
515000;42196.0;1628.0;40568.0
515100;42179.0;1611.0;40568.0
515200;42196.0;1628.0;40568.0
515300;42082.0;1594.0;40488.0
515400;42099.0;1611.0;40488.0
515500;42219.0;1611.0;40608.0
515600;42099.0;1611.0;40488.0
515700;42219.0;1611.0;40608.0
515800;42259.0;1611.0;40648.0
515900;42419.0;1611.0;40808.0
516000;42402.0;1594.0;40808.0
516100;42259.0;1611.0;40648.0
516200;42276.0;1628.0;40648.0
516300;42316.0;1628.0;40688.0
516400;42290.5;1602.5;40688.0
516500;42290.5;1602.5;40688.0
516600;42299.0;1611.0;40688.0
516700;42299.0;1611.0;40688.0
516800;42313.5;1585.5;40728.0
516900;42339.0;1611.0;40728.0
517000;42339.0;1611.0;40728.0
517100;42339.0;1611.0;40728.0
517200;42202.0;1594.0;40608.0
517300;42362.0;1594.0;40768.0
517400;42362.0;1594.0;40768.0
517500;42362.0;1594.0;40768.0
517600;42379.0;1611.0;40768.0
517700;42179.0;1611.0;40568.0
517800;42419.0;1611.0;40808.0
517900;42419.0;1611.0;40808.0
518000;42419.0;1611.0;40808.0
518100;42419.0;1611.0;40808.0
518200;42436.0;1628.0;40808.0
518300;42459.0;1611.0;40848.0
518400;42484.5;1636.5;40848.0
518500;42484.5;1636.5;40848.0
518600;42604.5;1636.5;40968.0
518700;42545.0;1577.0;40968.0
518800;42499.0;1611.0;40888.0
518900;42499.0;1611.0;40888.0
519000;42499.0;1611.0;40888.0
519100;42339.0;1611.0;40728.0
519200;42659.0;1611.0;41048.0
519300;42522.0;1594.0;40928.0
519400;42522.0;1594.0;40928.0
519500;42522.0;1594.0;40928.0
519600;42505.0;1577.0;40928.0
519700;42505.0;1577.0;40928.0
519800;42065.0;1577.0;40488.0
519900;42545.0;1577.0;40968.0
520000;42545.0;1577.0;40968.0
520100;42562.0;1594.0;40968.0
520200;42579.0;1611.0;40968.0
520300;42619.0;1611.0;41008.0
520400;42619.0;1611.0;41008.0
520500;42602.0;1594.0;41008.0
520600;42602.0;1594.0;41008.0
520700;42585.0;1577.0;41008.0
520800;42642.0;1594.0;41048.0
520900;42482.0;1594.0;40888.0
521000;42482.0;1594.0;40888.0
521100;42642.0;1594.0;41048.0
521200;42625.0;1577.0;41048.0
521300;42536.5;1568.5;40968.0
521400;42802.0;1594.0;41208.0
521500;42682.0;1594.0;41088.0
521600;42699.0;1611.0;41088.0
521700;42699.0;1611.0;41088.0
521800;42713.5;1585.5;41128.0
521900;42713.5;1585.5;41128.0
522000;42916.0;1628.0;41288.0
522100;42579.0;1611.0;40968.0
522200;42671.0;1543.0;41128.0
522300;42796.0;1628.0;41168.0
522400;42676.0;1628.0;41048.0
522500;42728.0;1560.0;41168.0
522600;42762.0;1594.0;41168.0
522700;42899.0;1611.0;41288.0
522800;42793.5;1585.5;41208.0
522900;42819.0;1611.0;41208.0
523000;42819.0;1611.0;41208.0
523100;42819.0;1611.0;41208.0
523200;42819.0;1611.0;41208.0
523300;42859.0;1611.0;41248.0
523400;42859.0;1611.0;41248.0
523500;42859.0;1611.0;41248.0
523600;42745.5;1497.5;41248.0
523700;42895.5;1647.5;41248.0
523800;43158.0;1750.0;41408.0
523900;42888.0;1600.0;41288.0
524000;42908.0;1620.0;41288.0
524100;42938.0;1650.0;41288.0
524200;42788.0;1620.0;41168.0
524300;42788.0;1620.0;41168.0
524400;42948.0;1620.0;41328.0
524500;42948.0;1620.0;41328.0
524600;42828.0;1620.0;41208.0
524700;42948.0;1620.0;41328.0
524800;42798.0;1590.0;41208.0
524900;42768.0;1560.0;41208.0
525000;43008.0;1640.0;41368.0
525100;43008.0;1640.0;41368.0
525200;42888.0;1640.0;41248.0
525300;43266.5;1738.5;41528.0
525400;42901.0;1693.0;41208.0
525500;43062.0;1654.0;41408.0
525600;43055.5;1647.5;41408.0
525700;43228.5;1660.5;41568.0
525800;43222.0;1654.0;41568.0
525900;43132.0;1524.0;41608.0
526000;43154.0;1706.0;41448.0
526100;43154.0;1706.0;41448.0
526200;43154.0;1706.0;41448.0
526300;43219.0;1771.0;41448.0
526400;43327.0;1719.0;41608.0
526500;43268.0;1780.0;41488.0
526600;43212.0;1724.0;41488.0
526700;43172.0;1684.0;41488.0
526800;43244.0;1716.0;41528.0
526900;43212.0;1684.0;41528.0
527000;43076.0;1708.0;41368.0
527100;43244.0;1716.0;41528.0
527200;43196.0;1668.0;41528.0
527300;43708.0;1700.0;42008.0
527400;43116.0;1548.0;41568.0
527500;43431.0;1743.0;41688.0
527600;43418.0;1730.0;41688.0
527700;43298.0;1730.0;41568.0
527800;43376.0;1808.0;41568.0
527900;43338.0;1730.0;41608.0
528000;43178.0;1730.0;41448.0
528100;43338.0;1730.0;41608.0
528200;43429.0;1821.0;41608.0
528300;43404.0;1756.0;41648.0
528400;43284.0;1756.0;41528.0
528500;43430.0;1782.0;41648.0
528600;43378.0;1730.0;41648.0
528700;43365.0;1717.0;41648.0
528800;43418.0;1730.0;41688.0
528900;43418.0;1730.0;41688.0
529000;43392.0;1704.0;41688.0
529100;43418.0;1730.0;41688.0
529200;43392.0;1704.0;41688.0
529300;43406.0;1678.0;41728.0
529400;43526.0;1678.0;41848.0
529500;43406.0;1678.0;41728.0
529600;43380.0;1652.0;41728.0
529700;43260.0;1652.0;41608.0
529800;43846.0;1678.0;42168.0
529900;43446.0;1678.0;41768.0
530000;43446.0;1678.0;41768.0
530100;43567.0;1639.0;41928.0
530200;43619.0;1691.0;41928.0
530300;43460.0;1652.0;41808.0
530400;43460.0;1652.0;41808.0
530500;43460.0;1652.0;41808.0
530600;43486.0;1678.0;41808.0
530700;43395.0;1587.0;41808.0
530800;43539.0;1691.0;41848.0
530900;43500.0;1652.0;41848.0
531000;43500.0;1652.0;41848.0
531100;43474.0;1626.0;41848.0
531200;43673.0;1665.0;42008.0
531300;43514.0;1626.0;41888.0
531400;43514.0;1626.0;41888.0
531500;43514.0;1626.0;41888.0
531600;43514.0;1626.0;41888.0
531700;43514.0;1626.0;41888.0
531800;43541.0;1613.0;41928.0
531900;43688.0;1600.0;42088.0
532000;43528.0;1600.0;41928.0
532100;43554.0;1626.0;41928.0
532200;43688.0;1600.0;42088.0
532300;43568.0;1600.0;41968.0
532400;43568.0;1600.0;41968.0
532500;43555.0;1587.0;41968.0
532600;43594.0;1626.0;41968.0
532700;43688.0;1600.0;42088.0
532800;43540.0;1452.0;42088.0
532900;43636.0;1628.0;42008.0
533000;43652.0;1644.0;42008.0
533100;43652.0;1644.0;42008.0
533200;43652.0;1644.0;42008.0
533300;43692.0;1644.0;42048.0
533400;43812.0;1644.0;42168.0
533500;43660.0;1612.0;42048.0
533600;43660.0;1612.0;42048.0
533700;43756.0;1708.0;42048.0
533800;43748.0;1660.0;42088.0
533900;43700.0;1612.0;42088.0
534000;43668.0;1580.0;42088.0
534100;43604.0;1676.0;41928.0
534200;43668.0;1580.0;42088.0
534300;43676.0;1548.0;42128.0
534400;43556.0;1548.0;42008.0
534500;43676.0;1548.0;42128.0
534600;43676.0;1548.0;42128.0
534700;43556.0;1548.0;42008.0
534800;43937.0;1649.0;42288.0
534900;43725.0;1557.0;42168.0
535000;43690.5;1522.5;42168.0
535100;43748.0;1580.0;42168.0
535200;43725.0;1557.0;42168.0
535300;43742.0;1534.0;42208.0
535400;43799.5;1591.5;42208.0
535500;43742.0;1534.0;42208.0
535600;43696.0;1488.0;42208.0
535700;43942.5;1614.5;42328.0
535800;43805.0;1557.0;42248.0
535900;43805.0;1557.0;42248.0
536000;43645.0;1557.0;42088.0
536100;43805.0;1557.0;42248.0
536200;43782.0;1534.0;42248.0
536300;43679.0;1511.0;42168.0
536400;43822.0;1534.0;42288.0
536500;43822.0;1534.0;42288.0
536600;43702.0;1534.0;42168.0
536700;43919.0;1511.0;42408.0
536800;43839.0;1511.0;42328.0
536900;43839.0;1511.0;42328.0
537000;43839.0;1511.0;42328.0
537100;43839.0;1511.0;42328.0
537200;43719.0;1511.0;42208.0
537300;43879.0;1511.0;42368.0
537400;43879.0;1511.0;42368.0
537500;43879.0;1511.0;42368.0
537600;43902.0;1534.0;42368.0
537700;43879.0;1511.0;42368.0
537800;43919.0;1511.0;42408.0
537900;43896.0;1488.0;42408.0
538000;43896.0;1488.0;42408.0
538100;43942.0;1534.0;42408.0
538200;43991.0;1583.0;42408.0
538300;44031.0;1583.0;42448.0
538400;43855.0;1527.0;42328.0
538500;43954.0;1506.0;42448.0
538600;43968.0;1520.0;42448.0
538700;43989.0;1541.0;42448.0
538800;43989.0;1541.0;42448.0
538900;44008.0;1520.0;42488.0
539000;44102.5;1614.5;42488.0
539100;44071.0;1583.0;42488.0
539200;44071.0;1583.0;42488.0
539300;44029.0;1541.0;42488.0
539400;44090.0;1562.0;42528.0
539500;44090.0;1562.0;42528.0
539600;44090.0;1562.0;42528.0
539700;43991.0;1583.0;42408.0
539800;44130.0;1562.0;42568.0
539900;44269.0;1541.0;42728.0
540000;44290.0;1562.0;42728.0
540100;44130.0;1562.0;42568.0
540200;44130.0;1562.0;42568.0
540300;44170.0;1562.0;42608.0
540400;44170.0;1562.0;42608.0
540500;44170.0;1562.0;42608.0
540600;44170.0;1562.0;42608.0
540700;44149.0;1541.0;42608.0
540800;44170.0;1562.0;42608.0
540900;44380.5;1572.5;42808.0
541000;44050.0;1562.0;42488.0
541100;44147.0;1499.0;42648.0
541200;44252.0;1604.0;42648.0
541300;44250.0;1562.0;42688.0
541400;44271.0;1583.0;42688.0
541500;44271.0;1583.0;42688.0
541600;44431.0;1583.0;42848.0
541700;44399.5;1551.5;42848.0
541800;44271.0;1583.0;42688.0
541900;44271.0;1583.0;42688.0
542000;44311.0;1583.0;42728.0
542100;44290.0;1562.0;42728.0
542200;44471.0;1583.0;42888.0
542300;44351.0;1583.0;42768.0
542400;44351.0;1583.0;42768.0
542500;44492.0;1604.0;42888.0
542600;44351.0;1583.0;42768.0
542700;44372.0;1604.0;42768.0
542800;44433.0;1625.0;42808.0
542900;44509.0;1541.0;42968.0
543000;44412.0;1604.0;42808.0
543100;44412.0;1604.0;42808.0
543200;44412.0;1604.0;42808.0
543300;44452.0;1604.0;42848.0
543400;44452.0;1604.0;42848.0
543500;44420.5;1572.5;42848.0
543600;44332.0;1604.0;42728.0
543700;44452.0;1604.0;42848.0
543800;44452.0;1604.0;42848.0
543900;44311.0;1583.0;42728.0
544000;44471.0;1583.0;42888.0
544100;44502.5;1614.5;42888.0
544200;44631.0;1583.0;43048.0
544300;44391.0;1583.0;42808.0
544400;44577.5;1649.5;42928.0
544500;44506.0;1578.0;42928.0
544600;44506.0;1578.0;42928.0
544700;45066.0;1578.0;43488.0
544800;44386.0;1578.0;42808.0
544900;44719.0;1591.0;43128.0
545000;44559.0;1591.0;42968.0
545100;44552.5;1584.5;42968.0
545200;44559.0;1591.0;42968.0
545300;44479.0;1591.0;42888.0
545400;44974.0;1526.0;43448.0
545500;44599.0;1591.0;43008.0
545600;44612.0;1604.0;43008.0
545700;44651.0;1643.0;43008.0
545800;44652.0;1604.0;43048.0
545900;45283.5;1675.5;43608.0
546000;44485.5;1597.5;42888.0
546100;44652.0;1604.0;43048.0
546200;44652.0;1604.0;43048.0
546300;44812.0;1604.0;43208.0
546400;44565.5;1597.5;42968.0
546500;44724.5;1636.5;43088.0
546600;44585.0;1617.0;42968.0
546700;44705.0;1617.0;43088.0
546800;44705.0;1617.0;43088.0
546900;44905.0;1617.0;43288.0
547000;44905.0;1617.0;43288.0
547100;44751.5;1623.5;43128.0
547200;44706.0;1578.0;43128.0
547300;44745.0;1617.0;43128.0
547400;44905.0;1617.0;43288.0
547500;44665.0;1617.0;43048.0
547600;44798.0;1630.0;43168.0
547700;44785.0;1617.0;43168.0
547800;44825.0;1617.0;43208.0
547900;44812.0;1604.0;43208.0
548000;44332.0;1604.0;42728.0
548100;44773.0;1565.0;43208.0
548200;44779.5;1571.5;43208.0
548300;44985.0;1617.0;43368.0
548400;44888.5;1640.5;43248.0
548500;44875.0;1627.0;43248.0
548600;44755.0;1627.0;43128.0
548700;44755.0;1627.0;43128.0
548800;44755.0;1627.0;43128.0
548900;44918.0;1630.0;43288.0
549000;44918.0;1630.0;43288.0
549100;44918.0;1630.0;43288.0
549200;44912.0;1624.0;43288.0
549300;44949.0;1621.0;43328.0
549400;44952.0;1624.0;43328.0
549500;44956.5;1628.5;43328.0
549600;44953.5;1625.5;43328.0
549700;44955.0;1627.0;43328.0
549800;44835.0;1627.0;43208.0
549900;44998.0;1630.0;43368.0
550000;44995.0;1627.0;43368.0
550100;44999.5;1631.5;43368.0
550200;44999.5;1631.5;43368.0
550300;45032.0;1624.0;43408.0
550400;45032.0;1624.0;43408.0
550500;45032.0;1624.0;43408.0
550600;45152.0;1624.0;43528.0
550700;45035.0;1627.0;43408.0
550800;45076.5;1628.5;43448.0
550900;44912.0;1624.0;43288.0
551000;45072.0;1624.0;43448.0
551100;45072.0;1624.0;43448.0
551200;45232.0;1624.0;43608.0
551300;45112.0;1624.0;43488.0
551400;45107.5;1619.5;43488.0
551500;44629.0;1621.0;43008.0
551600;45109.0;1621.0;43488.0
551700;45109.0;1621.0;43488.0
551800;45152.0;1624.0;43528.0
551900;45153.5;1625.5;43528.0
552000;45152.0;1624.0;43528.0
552100;45152.0;1624.0;43528.0
552200;45146.0;1618.0;43528.0
552300;45312.0;1624.0;43688.0
552400;45069.0;1621.0;43448.0
552500;45189.0;1621.0;43568.0
552600;45181.0;1613.0;43568.0
552700;45319.0;1631.0;43688.0
552800;45199.0;1631.0;43568.0
552900;45243.0;1635.0;43608.0
553000;45235.0;1627.0;43608.0
553100;45239.0;1631.0;43608.0
553200;45403.0;1635.0;43768.0
553300;45279.0;1631.0;43648.0
553400;45279.0;1631.0;43648.0
553500;45275.0;1627.0;43648.0
553600;45279.0;1631.0;43648.0
553700;45279.0;1631.0;43648.0
553800;45279.0;1631.0;43648.0
553900;45283.0;1635.0;43648.0
554000;45333.0;1645.0;43688.0
554100;45324.0;1636.0;43688.0
554200;45324.0;1636.0;43688.0
554300;45493.0;1645.0;43848.0
554400;45493.0;1645.0;43848.0
554500;45253.0;1645.0;43608.0
554600;44893.0;1645.0;43248.0
554700;45470.5;1622.5;43848.0
554800;45422.0;1654.0;43768.0
554900;45431.0;1663.0;43768.0
555000;45871.0;1663.0;44208.0
555100;45422.0;1654.0;43768.0
555200;45577.5;1649.5;43928.0
555300;45333.0;1645.0;43688.0
555400;45466.5;1658.5;43808.0
555500;45466.5;1658.5;43808.0
555600;45462.0;1654.0;43808.0
555700;45462.0;1654.0;43808.0
555800;45342.0;1654.0;43688.0
555900;45493.0;1645.0;43848.0
556000;45333.0;1645.0;43688.0
556100;45346.5;1658.5;43688.0
556200;45493.0;1645.0;43848.0
556300;45524.0;1636.0;43888.0
556400;45413.0;1645.0;43768.0
556500;45533.0;1645.0;43888.0
556600;45533.0;1645.0;43888.0
556700;45053.0;1645.0;43408.0
556800;45404.0;1636.0;43768.0
556900;45422.0;1654.0;43768.0
557000;45573.0;1645.0;43928.0
557100;45600.0;1672.0;43928.0
557200;45573.0;1645.0;43928.0
557300;45604.0;1636.0;43968.0
557400;45541.0;1573.0;43968.0
557500;45613.0;1645.0;43968.0
557600;45715.0;1627.0;44088.0
557700;45613.0;1645.0;43968.0
557800;45725.0;1717.0;44008.0
557900;45665.0;1657.0;44008.0
558000;45647.0;1639.0;44008.0
558100;45505.0;1657.0;43848.0
558200;45665.0;1657.0;44008.0
558300;45807.0;1639.0;44168.0
558400;45825.0;1657.0;44168.0
558500;45747.0;1699.0;44048.0
558600;45693.0;1645.0;44048.0
558700;45825.0;1657.0;44168.0
558800;46127.0;1639.0;44488.0
558900;45745.0;1657.0;44088.0
559000;45603.0;1675.0;43928.0
559100;45745.0;1657.0;44088.0
559200;45905.0;1657.0;44248.0
559300;45703.0;1575.0;44128.0
559400;45793.0;1665.0;44128.0
559500;45753.0;1625.0;44128.0
559600;45793.0;1665.0;44128.0
559700;45923.0;1635.0;44288.0
559800;45813.0;1645.0;44168.0
559900;45813.0;1645.0;44168.0
560000;45673.0;1665.0;44008.0
560100;45973.0;1645.0;44328.0
560200;45813.0;1645.0;44168.0
560300;45973.0;1645.0;44328.0
560400;45953.0;1625.0;44328.0
560500;45823.0;1615.0;44208.0
560600;45633.0;1625.0;44008.0
560700;45833.0;1625.0;44208.0
560800;45688.0;1480.0;44208.0
560900;45658.0;1570.0;44088.0
561000;45863.0;1615.0;44248.0
561100;45863.0;1615.0;44248.0
561200;45863.0;1615.0;44248.0
561300;45453.0;1645.0;43808.0
561400;45888.0;1600.0;44288.0
561500;45978.0;1690.0;44288.0
561600;45813.0;1645.0;44168.0
561700;45933.0;1645.0;44288.0
561800;46063.0;1615.0;44448.0
561900;45868.0;1540.0;44328.0
562000;45943.0;1615.0;44328.0
562100;45943.0;1615.0;44328.0
562200;45868.0;1660.0;44208.0
562300;45983.0;1615.0;44368.0
562400;45938.0;1570.0;44368.0
562500;45863.0;1615.0;44248.0
562600;45983.0;1615.0;44368.0
562700;45983.0;1615.0;44368.0
562800;45818.0;1570.0;44248.0
562900;45978.0;1570.0;44408.0
563000;46023.0;1615.0;44408.0
563100;46068.0;1660.0;44408.0
563200;46068.0;1660.0;44408.0
563300;46228.0;1660.0;44568.0
563400;45863.0;1615.0;44248.0
563500;46213.0;1765.0;44448.0
563600;46108.0;1660.0;44448.0
563700;46093.0;1645.0;44448.0
563800;46253.0;1645.0;44608.0
563900;46293.0;1645.0;44648.0
564000;46133.0;1645.0;44488.0
564100;46163.0;1675.0;44488.0
564200;46163.0;1675.0;44488.0
564300;46203.0;1675.0;44528.0
564400;46173.0;1645.0;44528.0
564500;45978.0;1570.0;44408.0
564600;46173.0;1645.0;44528.0
564700;46038.0;1510.0;44528.0
564800;46273.0;1585.0;44688.0
564900;45663.0;1735.0;43928.0
565000;46178.0;1610.0;44568.0
565100;46178.0;1610.0;44568.0
565200;46095.5;1647.5;44448.0
565300;46243.0;1635.0;44608.0
565400;46230.5;1622.5;44608.0
565500;46218.0;1610.0;44608.0
565600;46363.0;1635.0;44728.0
565700;46243.0;1635.0;44608.0
565800;46308.0;1660.0;44648.0
565900;46283.0;1635.0;44648.0
566000;46418.0;1610.0;44808.0
566100;45855.5;1647.5;44208.0
566200;46188.0;1660.0;44528.0
566300;46908.0;1660.0;45248.0
566400;46228.0;1660.0;44568.0
566500;46468.0;1660.0;44808.0
566600;46323.0;1635.0;44688.0
566700;46323.0;1635.0;44688.0
566800;46250.5;1522.5;44728.0
566900;46498.0;1610.0;44888.0
567000;46460.5;1572.5;44888.0
567100;46498.0;1610.0;44888.0
567200;46243.0;1635.0;44608.0
567300;46415.5;1647.5;44768.0
567400;46295.5;1647.5;44648.0
567500;46378.0;1610.0;44768.0
567600;46403.0;1635.0;44768.0
567700;46390.5;1622.5;44768.0
567800;46505.5;1697.5;44808.0
567900;46308.0;1660.0;44648.0
568000;46308.0;1660.0;44648.0
568100;46628.0;1660.0;44968.0
568200;46443.0;1635.0;44808.0
568300;46640.5;1672.5;44968.0
568400;46400.5;1672.5;44728.0
568500;46388.0;1660.0;44728.0
568600;46508.0;1660.0;44848.0
568700;46508.0;1660.0;44848.0
568800;46548.0;1660.0;44888.0
568900;46598.0;1710.0;44888.0
569000;46573.0;1685.0;44888.0
569100;46548.0;1660.0;44888.0
569200;46548.0;1660.0;44888.0
569300;46613.0;1685.0;44928.0
569400;46613.0;1685.0;44928.0
569500;46600.5;1672.5;44928.0
569600;46613.0;1685.0;44928.0
569700;46708.0;1660.0;45048.0
569800;46123.0;1635.0;44488.0
569900;46603.0;1635.0;44968.0
570000;46763.0;1635.0;45128.0
570100;46553.0;1585.0;44968.0
570200;46553.0;1585.0;44968.0
570300;46618.0;1610.0;45008.0
570400;46523.0;1635.0;44888.0
570500;46498.0;1610.0;44888.0
570600;46618.0;1610.0;45008.0
570700;46618.0;1610.0;45008.0
570800;46658.0;1610.0;45048.0
570900;46658.0;1610.0;45048.0
571000;46523.0;1635.0;44888.0
571100;46843.0;1635.0;45208.0
571200;46658.0;1610.0;45048.0
571300;46735.5;1647.5;45088.0
571400;46578.0;1610.0;44968.0
571500;46698.0;1610.0;45088.0
571600;46673.0;1585.0;45088.0
571700;46673.0;1585.0;45088.0
571800;46750.5;1622.5;45128.0
571900;46553.0;1585.0;44968.0
572000;46688.0;1560.0;45128.0
572100;46898.0;1610.0;45288.0
572200;46618.0;1610.0;45008.0
572300;46790.5;1622.5;45168.0
572400;46658.0;1610.0;45048.0
572500;46778.0;1610.0;45168.0
572600;46778.0;1610.0;45168.0
572700;46873.0;1585.0;45288.0
572800;46818.0;1610.0;45208.0
572900;46843.0;1635.0;45208.0
573000;46805.5;1597.5;45208.0
573100;46843.0;1635.0;45208.0
573200;46868.0;1660.0;45208.0
573300;46858.0;1610.0;45248.0
573400;46833.0;1585.0;45248.0
573500;46953.0;1585.0;45368.0
573600;47028.0;1660.0;45368.0
573700;47298.0;1610.0;45688.0
573800;47043.0;1635.0;45408.0
573900;47043.0;1635.0;45408.0
574000;46993.0;1585.0;45408.0
574100;46698.0;1610.0;45088.0
574200;46860.5;1572.5;45288.0
574300;47058.0;1610.0;45448.0
574400;47033.0;1585.0;45448.0
574500;47033.0;1585.0;45448.0
574600;46988.0;1660.0;45328.0
574700;46875.5;1547.5;45328.0
574800;46928.0;1560.0;45368.0
574900;46953.0;1585.0;45368.0
575000;46953.0;1585.0;45368.0
575100;46978.0;1610.0;45368.0
575200;46953.0;1585.0;45368.0
575300;46993.0;1585.0;45408.0
575400;47030.5;1622.5;45408.0
575500;46980.5;1572.5;45408.0
575600;46968.0;1560.0;45408.0
575700;46993.0;1585.0;45408.0
575800;46873.0;1585.0;45288.0
575900;47033.0;1585.0;45448.0
576000;47155.5;1547.5;45608.0
576100;46995.5;1547.5;45448.0
576200;46983.0;1535.0;45448.0
576300;47073.0;1585.0;45488.0
576400;47073.0;1585.0;45488.0
576500;46593.0;1585.0;45008.0
576600;47073.0;1585.0;45488.0
576700;47010.5;1522.5;45488.0
576800;47100.5;1572.5;45528.0
576900;47113.0;1585.0;45528.0
577000;47113.0;1585.0;45528.0
577100;46903.0;1535.0;45368.0
577200;47128.0;1560.0;45568.0
577300;47223.0;1535.0;45688.0
577400;47033.0;1585.0;45448.0
577500;47128.0;1560.0;45568.0
577600;47128.0;1560.0;45568.0
577700;46673.0;1585.0;45088.0
577800;47143.0;1535.0;45608.0
577900;47143.0;1535.0;45608.0
578000;47328.0;1560.0;45768.0
578100;47168.0;1560.0;45608.0
578200;47048.0;1560.0;45488.0
578300;46728.0;1560.0;45168.0
578400;47220.0;1572.0;45648.0
578500;47241.0;1593.0;45648.0
578600;47340.0;1572.0;45768.0
578700;47142.0;1614.0;45528.0
578800;47333.5;1645.5;45688.0
578900;47333.5;1645.5;45688.0
579000;47392.0;1704.0;45688.0
579100;47312.0;1624.0;45688.0
579200;47296.0;1608.0;45688.0
579300;47328.0;1600.0;45728.0
579400;47336.0;1608.0;45728.0
579500;47336.0;1608.0;45728.0
579600;47352.0;1624.0;45728.0
579700;47208.0;1600.0;45608.0
579800;47392.0;1624.0;45768.0
579900;47392.0;1624.0;45768.0
580000;47392.0;1624.0;45768.0
580100;47392.0;1624.0;45768.0
580200;47552.0;1624.0;45928.0
580300;47448.0;1640.0;45808.0
580400;47416.0;1608.0;45808.0
580500;47424.0;1616.0;45808.0
580600;47544.0;1616.0;45928.0
580700;47432.0;1624.0;45808.0
580800;47544.0;1696.0;45848.0
580900;47474.0;1626.0;45848.0
581000;47634.0;1626.0;46008.0
581100;47484.0;1636.0;45848.0
581200;47494.0;1646.0;45848.0
581300;47524.0;1636.0;45888.0
581400;47634.0;1626.0;46008.0
581500;47499.0;1611.0;45888.0
581600;47514.0;1626.0;45888.0
581700;47549.0;1661.0;45888.0
581800;47554.0;1626.0;45928.0
581900;47564.0;1636.0;45928.0
582000;47574.0;1646.0;45928.0
582100;47574.0;1646.0;45928.0
582200;47554.0;1626.0;45928.0
582300;47614.0;1646.0;45968.0
582400;47484.0;1636.0;45848.0
582500;47724.0;1636.0;46088.0
582600;47614.0;1646.0;45968.0
582700;47494.0;1646.0;45848.0
582800;47634.0;1626.0;46008.0
582900;47654.0;1646.0;46008.0
583000;47814.0;1646.0;46168.0
583100;47654.0;1646.0;46008.0
583200;47724.0;1676.0;46048.0
583300;47694.0;1646.0;46048.0
583400;47729.0;1681.0;46048.0
583500;47694.0;1646.0;46048.0
583600;47694.0;1646.0;46048.0
583700;47694.0;1646.0;46048.0
583800;47574.0;1646.0;45928.0
583900;47734.0;1646.0;46088.0
584000;47734.0;1646.0;46088.0
584100;47694.0;1606.0;46088.0
584200;47724.0;1636.0;46088.0
584300;47894.0;1646.0;46248.0
584400;47884.0;1636.0;46248.0
584500;47774.0;1646.0;46128.0
584600;47774.0;1646.0;46128.0
584700;47784.0;1656.0;46128.0
584800;47814.0;1646.0;46168.0
584900;47814.0;1646.0;46168.0
585000;47799.0;1631.0;46168.0
585100;47696.5;1688.5;46008.0
585200;47829.0;1661.0;46168.0
585300;47864.0;1656.0;46208.0
585400;47869.0;1661.0;46208.0
585500;47869.0;1661.0;46208.0
585600;47869.0;1661.0;46208.0
585700;47869.0;1661.0;46208.0
585800;47891.5;1643.5;46248.0
585900;47909.0;1661.0;46248.0
586000;47909.0;1661.0;46248.0
586100;48074.0;1666.0;46408.0
586200;47916.0;1668.0;46248.0
586300;48081.0;1673.0;46408.0
586400;47842.0;1674.0;46168.0
586500;47842.0;1674.0;46168.0
586600;47962.0;1674.0;46288.0
586700;47962.0;1674.0;46288.0
586800;48002.0;1674.0;46328.0
586900;47842.0;1674.0;46168.0
587000;47842.5;1674.5;46168.0
587100;48002.0;1674.0;46328.0
587200;48002.0;1674.0;46328.0
587300;48042.0;1674.0;46368.0
587400;48042.0;1674.0;46368.0
587500;47923.0;1675.0;46248.0
587600;48043.0;1675.0;46368.0
587700;48042.0;1674.0;46368.0
587800;48082.0;1674.0;46408.0
587900;47923.5;1675.5;46248.0
588000;47922.0;1674.0;46248.0
588100;48082.0;1674.0;46408.0
588200;47961.0;1673.0;46288.0
588300;48002.0;1674.0;46328.0
588400;48681.0;1673.0;47008.0
588500;48001.0;1673.0;46328.0
588600;48121.0;1673.0;46448.0
588700;48242.0;1674.0;46568.0
588800;48162.0;1674.0;46488.0
588900;48002.0;1674.0;46328.0
589000;48138.0;1650.0;46488.0
589100;48020.0;1692.0;46328.0
589200;48155.5;1667.5;46488.0
589300;48315.5;1667.5;46648.0
589400;48220.0;1692.0;46528.0
589500;48340.0;1692.0;46648.0
589600;48121.0;1713.0;46408.0
589700;48223.5;1695.5;46528.0
589800;48387.0;1699.0;46688.0
589900;48267.0;1699.0;46568.0
590000;48267.0;1699.0;46568.0
590100;48277.5;1709.5;46568.0
590200;48267.0;1699.0;46568.0
590300;48392.0;1664.0;46728.0
590400;48427.0;1699.0;46728.0
590500;48420.0;1692.0;46728.0
590600;48300.0;1692.0;46608.0
590700;48180.0;1692.0;46488.0
590800;48463.5;1695.5;46768.0
590900;48460.0;1692.0;46768.0
591000;48340.0;1692.0;46648.0
591100;48333.0;1685.0;46648.0
591200;48333.0;1685.0;46648.0
591300;48373.0;1685.0;46688.0
591400;48380.0;1692.0;46688.0
591500;48482.5;1674.5;46808.0
591600;48373.0;1685.0;46688.0
591700;48249.5;1681.5;46568.0
591800;48380.0;1692.0;46688.0
591900;48413.0;1685.0;46728.0
592000;48853.0;1685.0;47168.0
592100;48413.0;1685.0;46728.0
592200;48286.0;1678.0;46608.0
592300;48460.0;1692.0;46768.0
592400;48467.0;1699.0;46768.0
592500;48467.0;1699.0;46768.0
592600;48460.0;1692.0;46768.0
592700;48601.0;1713.0;46888.0
592800;48500.0;1692.0;46808.0
592900;48500.0;1692.0;46808.0
593000;48511.0;1703.0;46808.0
593100;48519.0;1711.0;46808.0
593200;48517.5;1709.5;46808.0
593300;48678.0;1710.0;46968.0
593400;48557.0;1709.0;46848.0
593500;48557.0;1709.0;46848.0
593600;48558.0;1710.0;46848.0
593700;48555.5;1707.5;46848.0
593800;48597.0;1709.0;46888.0
593900;48597.0;1709.0;46888.0
594000;48595.0;1707.0;46888.0
594100;48597.0;1709.0;46888.0
594200;48596.0;1708.0;46888.0
594300;48633.5;1705.5;46928.0
594400;48637.0;1709.0;46928.0
594500;48517.0;1709.0;46808.0
594600;48761.0;1713.0;47048.0
594700;48636.0;1708.0;46928.0
594800;48795.0;1707.0;47088.0
594900;48516.0;1708.0;46808.0
595000;48676.0;1708.0;46968.0
595100;48676.0;1708.0;46968.0
595200;48676.0;1708.0;46968.0
595300;48516.0;1708.0;46808.0
595400;48717.0;1709.0;47008.0
595500;48715.0;1707.0;47008.0
595600;48836.0;1708.0;47128.0
595700;48599.0;1711.0;46888.0
595800;48756.0;1708.0;47048.0
595900;48757.5;1709.5;47048.0
596000;48757.0;1709.0;47048.0
596100;48755.0;1707.0;47048.0
596200;48756.5;1708.5;47048.0
596300;48915.0;1707.0;47208.0
596400;48795.0;1707.0;47088.0
596500;48795.0;1707.0;47088.0
596600;48796.0;1708.0;47088.0
596700;48796.0;1708.0;47088.0
596800;48676.0;1708.0;46968.0
596900;48676.0;1708.0;46968.0
597000;48837.0;1709.0;47128.0
597100;48609.5;1681.5;46928.0
597200;48841.0;1713.0;47128.0
597300;48881.0;1713.0;47168.0
597400;48860.0;1692.0;47168.0
597500;48891.5;1723.5;47168.0
597600;48761.0;1713.0;47048.0
597700;48761.0;1713.0;47048.0
597800;48914.0;1706.0;47208.0
597900;49081.0;1713.0;47368.0
598000;48921.0;1713.0;47208.0
598100;48914.0;1706.0;47208.0
598200;48921.0;1713.0;47208.0
598300;49088.0;1720.0;47368.0
598400;48961.0;1713.0;47248.0
598500;49081.0;1713.0;47368.0
598600;48867.0;1739.0;47128.0
598700;48987.0;1739.0;47248.0
598800;49127.5;1719.5;47408.0
598900;49007.5;1719.5;47288.0
599000;49166.0;1718.0;47448.0
599100;49166.0;1718.0;47448.0
599200;49046.0;1718.0;47328.0
599300;49050.5;1722.5;47328.0
599400;49040.0;1712.0;47328.0
599500;49052.0;1724.0;47328.0
599600;49052.0;1724.0;47328.0
599700;49046.0;1718.0;47328.0
599800;49089.0;1721.0;47368.0
599900;49089.0;1721.0;47368.0
600000;49249.0;1721.0;47528.0
600100;49089.0;1721.0;47368.0
600200;49083.0;1715.0;47368.0
600300;49129.0;1721.0;47408.0
600400;49009.0;1721.0;47288.0
600500;49129.0;1721.0;47408.0
600600;49129.0;1721.0;47408.0
600700;49129.0;1721.0;47408.0
600800;49126.0;1718.0;47408.0
600900;49166.0;1718.0;47448.0
601000;49166.0;1718.0;47448.0
601100;49009.0;1721.0;47288.0
601200;49178.0;1730.0;47448.0
601300;49200.0;1712.0;47488.0
601400;49329.0;1721.0;47608.0
601500;49209.0;1721.0;47488.0
601600;49209.0;1721.0;47488.0
601700;49009.0;1721.0;47288.0
601800;49086.0;1718.0;47368.0
601900;49406.0;1718.0;47688.0
602000;49403.0;1715.0;47688.0
602100;49406.0;1718.0;47688.0
602200;49287.5;1719.5;47568.0
602300;49161.5;1713.5;47448.0
602400;49286.0;1718.0;47568.0
602500;49287.5;1719.5;47568.0
602600;49281.5;1713.5;47568.0
602700;49281.5;1713.5;47568.0
602800;49283.0;1715.0;47568.0
602900;49312.5;1704.5;47608.0
603000;49472.5;1704.5;47768.0
603100;49152.5;1704.5;47448.0
603200;49363.0;1715.0;47648.0
603300;49240.0;1712.0;47528.0
603400;49367.5;1719.5;47648.0
603500;49366.0;1718.0;47648.0
603600;49366.0;1718.0;47648.0
603700;49366.0;1718.0;47648.0
603800;49363.0;1715.0;47648.0
603900;49566.0;1718.0;47848.0
604000;49409.0;1721.0;47688.0
604100;49249.0;1721.0;47528.0
604200;49453.5;1725.5;47728.0
604300;49453.5;1725.5;47728.0
604400;49569.0;1721.0;47848.0
604500;49889.0;1721.0;48168.0
604600;49449.0;1721.0;47728.0
604700;49449.0;1721.0;47728.0
604800;49446.0;1718.0;47728.0
604900;49487.5;1719.5;47768.0
605000;49329.0;1721.0;47608.0
605100;49483.0;1715.0;47768.0
605200;49526.0;1718.0;47808.0
605300;49646.0;1718.0;47928.0
605400;49643.0;1715.0;47928.0
605500;49526.0;1718.0;47808.0
605600;49520.0;1712.0;47808.0
605700;49643.0;1715.0;47928.0
605800;49523.0;1715.0;47808.0
605900;49723.0;1715.0;48008.0
606000;49723.0;1715.0;48008.0
606100;49563.0;1715.0;47848.0
606200;49446.0;1718.0;47728.0
606300;49486.0;1718.0;47768.0
606400;49603.0;1715.0;47888.0
606500;49603.0;1715.0;47888.0
606600;49603.0;1715.0;47888.0
606700;49592.5;1704.5;47888.0
606800;49600.0;1712.0;47888.0
606900;49800.0;1712.0;48088.0
607000;49646.0;1718.0;47928.0
607100;49800.0;1712.0;48088.0
607200;49680.0;1712.0;47968.0
607300;49686.0;1718.0;47968.0
607400;49809.0;1721.0;48088.0
607500;49810.5;1722.5;48088.0
607600;49686.0;1718.0;47968.0
607700;49690.5;1722.5;47968.0
607800;49686.0;1718.0;47968.0
607900;49730.5;1722.5;48008.0
608000;49726.0;1718.0;48008.0
608100;49730.5;1722.5;48008.0
608200;49766.0;1718.0;48048.0
608300;49757.0;1709.0;48048.0
608400;49886.0;1718.0;48168.0
608500;49646.0;1718.0;47928.0
608600;49563.0;1715.0;47848.0
608700;49769.0;1721.0;48048.0
608800;50213.5;1725.5;48488.0
608900;49969.0;1721.0;48248.0
609000;49809.0;1721.0;48088.0
609100;49798.5;1710.5;48088.0
609200;49958.5;1710.5;48248.0
609300;49852.0;1724.0;48128.0
609400;49972.0;1724.0;48248.0
609500;49852.0;1724.0;48128.0
609600;49852.0;1724.0;48128.0
609700;49849.0;1721.0;48128.0
609800;49867.0;1739.0;48128.0
609900;49870.0;1742.0;48128.0
610000;49907.0;1739.0;48168.0
610100;49910.0;1742.0;48168.0
610200;50068.5;1740.5;48328.0
610300;49944.0;1736.0;48208.0
610400;49824.0;1736.0;48088.0
610500;49944.0;1736.0;48208.0
610600;50059.5;1731.5;48328.0
610700;49944.0;1736.0;48208.0
610800;49939.5;1731.5;48208.0
610900;49984.0;1736.0;48248.0
611000;49976.5;1728.5;48248.0
611100;49987.0;1739.0;48248.0
611200;50147.0;1739.0;48408.0
611300;50022.5;1734.5;48288.0
611400;50022.5;1734.5;48288.0
611500;50022.5;1734.5;48288.0
611600;50147.0;1739.0;48408.0
611700;50025.5;1737.5;48288.0
611800;50184.0;1736.0;48448.0
611900;50179.5;1731.5;48448.0
612000;50055.0;1727.0;48328.0
612100;50065.5;1737.5;48328.0
612200;50067.0;1739.0;48328.0
612300;49502.5;1734.5;47768.0
612400;50108.5;1740.5;48368.0
612500;50104.0;1736.0;48368.0
612600;50104.0;1736.0;48368.0
612700;49984.0;1736.0;48248.0
612800;50108.5;1740.5;48368.0
612900;50147.0;1739.0;48408.0
613000;50144.0;1736.0;48408.0
613100;49984.0;1736.0;48248.0
613200;50184.0;1736.0;48448.0
613300;50184.0;1736.0;48448.0
613400;50188.5;1740.5;48448.0
613500;50188.5;1740.5;48448.0
613600;50184.0;1736.0;48448.0
613700;50181.0;1733.0;48448.0
613800;50181.0;1733.0;48448.0
613900;50218.0;1730.0;48488.0
614000;50381.0;1733.0;48648.0
614100;50378.0;1730.0;48648.0
614200;50376.5;1728.5;48648.0
614300;50256.5;1728.5;48528.0
614400;50261.0;1733.0;48528.0
614500;50252.0;1724.0;48528.0
614600;50384.0;1736.0;48648.0
614700;50144.0;1736.0;48408.0
614800;50424.0;1736.0;48688.0
614900;50304.0;1736.0;48568.0
615000;50304.0;1736.0;48568.0
615100;50299.5;1731.5;48568.0
615200;50465.5;1737.5;48728.0
615300;50341.0;1733.0;48608.0
615400;50227.0;1739.0;48488.0
615500;50344.0;1736.0;48608.0
615600;50347.0;1739.0;48608.0
615700;50338.0;1730.0;48608.0
615800;50353.0;1745.0;48608.0
615900;50547.0;1739.0;48808.0
616000;50387.0;1739.0;48648.0
616100;50387.0;1739.0;48648.0
616200;50390.0;1742.0;48648.0
616300;50427.0;1739.0;48688.0
616400;50544.0;1736.0;48808.0
616500;50424.0;1736.0;48688.0
616600;50421.0;1733.0;48688.0
616700;50984.0;1736.0;49248.0
616800;50424.0;1736.0;48688.0
616900;50304.0;1736.0;48568.0
617000;50461.0;1733.0;48728.0
617100;50308.5;1740.5;48568.0
617200;50944.0;1736.0;49208.0
617300;50507.0;1739.0;48768.0
617400;50627.0;1739.0;48888.0
617500;50511.5;1743.5;48768.0
617600;50507.0;1739.0;48768.0
617700;50631.5;1743.5;48888.0
617800;50387.0;1739.0;48648.0
617900;50547.0;1739.0;48808.0
618000;50544.0;1736.0;48808.0
618100;50547.0;1739.0;48808.0
618200;50584.0;1736.0;48848.0
618300;50584.0;1736.0;48848.0
618400;50585.5;1737.5;48848.0
618500;50587.0;1739.0;48848.0
618600;50587.0;1739.0;48848.0
618700;50557.0;1709.0;48848.0
618800;50769.0;1761.0;49008.0
618900;50637.0;1749.0;48888.0
619000;50637.0;1749.0;48888.0
619100;50637.0;1749.0;48888.0
619200;50677.0;1749.0;48928.0
619300;50677.0;1749.0;48928.0
619400;50557.0;1749.0;48808.0
619500;50557.0;1749.0;48808.0
619600;50557.0;1749.0;48808.0
619700;50557.0;1749.0;48808.0
619800;50677.0;1749.0;48928.0
619900;50717.0;1749.0;48968.0
620000;50717.0;1749.0;48968.0
620100;50705.0;1737.0;48968.0
620200;50705.0;1737.0;48968.0
620300;50885.0;1757.0;49128.0
620400;50877.0;1749.0;49128.0
620500;50877.0;1749.0;49128.0
620600;50757.0;1749.0;49008.0
620700;50757.0;1749.0;49008.0
620800;51205.0;1757.0;49448.0
620900;50797.0;1749.0;49048.0
621000;50797.0;1749.0;49048.0
621100;50797.0;1749.0;49048.0
621200;50833.0;1745.0;49088.0
621300;50825.0;1737.0;49088.0
621400;50837.0;1749.0;49088.0
621500;50825.0;1737.0;49088.0
621600;50837.0;1749.0;49088.0
621700;50837.0;1749.0;49088.0
621800;50829.0;1741.0;49088.0
621900;51045.0;1757.0;49288.0
622000;50885.0;1757.0;49128.0
622100;50885.0;1757.0;49128.0
622200;50925.0;1757.0;49168.0
622300;51045.0;1757.0;49288.0
622400;50917.0;1749.0;49168.0
622500;50925.0;1757.0;49168.0
622600;50925.0;1757.0;49168.0
622700;50925.0;1757.0;49168.0
622800;50925.0;1757.0;49168.0
622900;50981.0;1773.0;49208.0
623000;50965.0;1757.0;49208.0
623100;50965.0;1757.0;49208.0
623200;50989.0;1741.0;49248.0
623300;50997.0;1749.0;49248.0
623400;51005.0;1757.0;49248.0
623500;50905.0;1777.0;49128.0
623600;50993.0;1745.0;49248.0
623700;50993.0;1745.0;49248.0
623800;51033.0;1785.0;49248.0
623900;51037.0;1749.0;49288.0
624000;51037.0;1749.0;49288.0
624100;51209.0;1761.0;49448.0
624200;51077.0;1749.0;49328.0
624300;51085.0;1757.0;49328.0
624400;50937.0;1729.0;49208.0
624500;51085.0;1757.0;49328.0
624600;51073.0;1745.0;49328.0
624700;50965.0;1757.0;49208.0
624800;51085.0;1757.0;49328.0
624900;50965.0;1757.0;49208.0
625000;51125.0;1757.0;49368.0
625100;51097.0;1729.0;49368.0
625200;51177.0;1769.0;49408.0
625300;51165.0;1757.0;49408.0
625400;51293.0;1765.0;49528.0
625500;51285.0;1757.0;49528.0
625600;51157.0;1749.0;49408.0
625700;51037.0;1749.0;49288.0
625800;51157.0;1749.0;49408.0
625900;51029.0;1741.0;49288.0
626000;50961.0;1673.0;49288.0
626100;51199.0;1751.0;49448.0
626200;51258.5;1770.5;49488.0
626300;51698.5;1770.5;49928.0
626400;51252.0;1764.0;49488.0
626500;51239.0;1751.0;49488.0
626600;51226.0;1738.0;49488.0
626700;51226.0;1738.0;49488.0
626800;51226.0;1738.0;49488.0
626900;51279.0;1751.0;49528.0
627000;51426.0;1738.0;49688.0
627100;51426.0;1738.0;49688.0
627200;51146.0;1738.0;49408.0
627300;51312.5;1744.5;49568.0
627400;51752.5;1744.5;50008.0
627500;51319.0;1751.0;49568.0
627600;51319.0;1751.0;49568.0
627700;51186.0;1738.0;49448.0
627800;51306.0;1738.0;49568.0
627900;51186.0;1738.0;49448.0
628000;51506.0;1738.0;49768.0
628100;51359.0;1751.0;49608.0
628200;51226.0;1738.0;49488.0
628300;51386.0;1738.0;49648.0
628400;51266.0;1738.0;49528.0
628500;51366.5;1718.5;49648.0
628600;51360.0;1712.0;49648.0
628700;51373.0;1725.0;49648.0
628800;51373.0;1725.0;49648.0
628900;51413.0;1725.0;49688.0
629000;51233.5;1705.5;49528.0
629100;51400.0;1712.0;49688.0
629200;50960.0;1712.0;49248.0
629300;51453.0;1725.0;49728.0
629400;51440.0;1712.0;49728.0
629500;51560.0;1712.0;49848.0
629600;51440.0;1712.0;49728.0
629700;51440.0;1712.0;49728.0
629800;51427.0;1699.0;49728.0
629900;51440.0;1712.0;49728.0
630000;51441.0;1673.0;49768.0
630100;51640.0;1712.0;49928.0
630200;51526.5;1718.5;49808.0
630300;51627.0;1699.0;49928.0
630400;51520.0;1712.0;49808.0
630500;51500.5;1692.5;49808.0
630600;51507.0;1699.0;49808.0
630700;51413.0;1725.0;49688.0
630800;51694.0;1686.0;50008.0
630900;51540.5;1692.5;49848.0
631000;51560.0;1712.0;49848.0
631100;51547.0;1699.0;49848.0
631200;51427.0;1699.0;49728.0
631300;51440.0;1712.0;49728.0
631400;51600.0;1712.0;49888.0
631500;51600.0;1712.0;49888.0
631600;51619.5;1731.5;49888.0
631700;51567.5;1679.5;49888.0
631800;51727.5;1679.5;50048.0
631900;51826.0;1738.0;50088.0
632000;51653.0;1725.0;49928.0
632100;51653.0;1725.0;49928.0
632200;51680.0;1712.0;49968.0
632300;51560.0;1712.0;49848.0
632400;51680.0;1712.0;49968.0
632500;51680.0;1712.0;49968.0
632600;51641.0;1673.0;49968.0
632700;51641.0;1673.0;49968.0
632800;51641.0;1673.0;49968.0
632900;51681.0;1673.0;50008.0
633000;51707.0;1699.0;50008.0
633100;51560.0;1712.0;49848.0
633200;51773.0;1725.0;50048.0
633300;51760.0;1712.0;50048.0
633400;51640.0;1712.0;49928.0
633500;51773.0;1725.0;50048.0
633600;51734.0;1686.0;50048.0
633700;51828.0;1660.0;50168.0
633800;51766.5;1718.5;50048.0
633900;51793.5;1705.5;50088.0
634000;51806.5;1718.5;50088.0
634100;51800.0;1712.0;50088.0
634200;51814.0;1686.0;50128.0
634300;51840.0;1712.0;50128.0
634400;51840.0;1712.0;50128.0
634500;51720.0;1712.0;50008.0
634600;51853.0;1725.0;50128.0
634700;51866.0;1738.0;50128.0
634800;51866.0;1738.0;50128.0
634900;51893.0;1725.0;50168.0
635000;51893.0;1725.0;50168.0
635100;51893.0;1725.0;50168.0
635200;51933.0;1725.0;50208.0
635300;52053.0;1725.0;50328.0
635400;51813.0;1725.0;50088.0
635500;51826.0;1738.0;50088.0
635600;51939.5;1731.5;50208.0
635700;51913.5;1705.5;50208.0
635800;51939.5;1731.5;50208.0
635900;51973.0;1725.0;50248.0
636000;51800.0;1712.0;50088.0
636100;51787.0;1699.0;50088.0
636200;51987.0;1699.0;50288.0
636300;52133.0;1725.0;50408.0
636400;51987.0;1699.0;50288.0
636500;52006.5;1718.5;50288.0
636600;51987.0;1699.0;50288.0
636700;52000.0;1712.0;50288.0
636800;52147.0;1699.0;50448.0
636900;52027.0;1699.0;50328.0
637000;52033.5;1705.5;50328.0
637100;52027.0;1699.0;50328.0
637200;52054.0;1686.0;50368.0
637300;52187.0;1699.0;50488.0
637400;52200.0;1712.0;50488.0
637500;52080.0;1712.0;50368.0
637600;52099.5;1731.5;50368.0
637700;52187.0;1699.0;50488.0
637800;52080.0;1712.0;50368.0
637900;52267.0;1699.0;50568.0
638000;52107.0;1699.0;50408.0
638100;52107.0;1699.0;50408.0
638200;52134.0;1686.0;50448.0
638300;52134.0;1686.0;50448.0
638400;52014.0;1686.0;50328.0
638500;52001.0;1673.0;50328.0
638600;52134.0;1686.0;50448.0
638700;52121.0;1673.0;50448.0
638800;52268.0;1660.0;50608.0
638900;52148.0;1660.0;50488.0
639000;52135.0;1647.0;50488.0
639100;52161.0;1673.0;50488.0
639200;51947.0;1579.0;50368.0
639300;52228.0;1700.0;50528.0
639400;52206.0;1678.0;50528.0
639500;52184.0;1656.0;50528.0
639600;52206.0;1678.0;50528.0
639700;52086.0;1678.0;50408.0
639800;52206.0;1678.0;50528.0
639900;52246.0;1678.0;50568.0
640000;52224.0;1656.0;50568.0
640100;52246.0;1678.0;50568.0
640200;52286.0;1678.0;50608.0
640300;52319.0;1711.0;50608.0
640400;52264.0;1656.0;50608.0
640500;52357.0;1749.0;50608.0
640600;52456.0;1728.0;50728.0
640700;52308.0;1700.0;50608.0
640800;52308.0;1700.0;50608.0
640900;52348.0;1700.0;50648.0
641000;52348.0;1700.0;50648.0
641100;52362.0;1714.0;50648.0
641200;52395.0;1707.0;50688.0
641300;52374.0;1686.0;50688.0
641400;52388.0;1700.0;50688.0
641500;52828.0;1700.0;51128.0
641600;52268.0;1700.0;50568.0
641700;52388.0;1700.0;50688.0
641800;52268.0;1700.0;50568.0
641900;52428.0;1700.0;50728.0
642000;52428.0;1700.0;50728.0
642100;52268.0;1700.0;50568.0
642200;52454.0;1686.0;50768.0
642300;52334.0;1686.0;50648.0
642400;52440.0;1672.0;50768.0
642500;52482.0;1714.0;50768.0
642600;52574.0;1686.0;50888.0
642700;52254.0;1686.0;50568.0
642800;52468.0;1700.0;50768.0
642900;52494.0;1686.0;50808.0
643000;52014.0;1686.0;50328.0
643100;52508.0;1700.0;50808.0
643200;52445.0;1637.0;50808.0
643300;52647.0;1679.0;50968.0
643400;52520.0;1672.0;50848.0
643500;52499.0;1651.0;50848.0
643600;52506.0;1658.0;50848.0
643700;52513.0;1665.0;50848.0
643800;52386.0;1658.0;50728.0
643900;52546.0;1658.0;50888.0
644000;52546.0;1658.0;50888.0
644100;52546.0;1658.0;50888.0
644200;52706.0;1658.0;51048.0
644300;52600.0;1672.0;50928.0
644400;52586.0;1658.0;50928.0
644500;52621.0;1693.0;50928.0
644600;52473.0;1665.0;50808.0
644700;52635.0;1707.0;50928.0
644800;52480.0;1672.0;50808.0
644900;52640.0;1672.0;50968.0
645000;52960.0;1672.0;51288.0
645100;52647.0;1679.0;50968.0
645200;52786.0;1658.0;51128.0
645300;52666.0;1658.0;51008.0
645400;52786.0;1658.0;51128.0
645500;52687.0;1679.0;51008.0
645600;52666.0;1658.0;51008.0
645700;52666.0;1658.0;51008.0
645800;52546.0;1658.0;50888.0
645900;52532.0;1644.0;50888.0
646000;52845.0;1637.0;51208.0
646100;52546.0;1658.0;50888.0
646200;52866.0;1658.0;51208.0
646300;52760.0;1672.0;51088.0
646400;52746.0;1658.0;51088.0
646500;52880.0;1672.0;51208.0
646600;52711.0;1623.0;51088.0
646700;52711.0;1623.0;51088.0
646800;52927.0;1679.0;51248.0
646900;52800.0;1672.0;51128.0
647000;52960.0;1672.0;51288.0
647100;52814.0;1686.0;51128.0
647200;52854.0;1686.0;51168.0
647300;52847.0;1679.0;51168.0
647400;52854.0;1686.0;51168.0
647500;52974.0;1686.0;51288.0
647600;52854.0;1686.0;51168.0
647700;52854.0;1686.0;51168.0
647800;52854.0;1686.0;51168.0
647900;52873.0;1665.0;51208.0
648000;52880.0;1672.0;51208.0
648100;52894.0;1686.0;51208.0
648200;52913.0;1665.0;51248.0
648300;53094.0;1686.0;51408.0
648400;52948.0;1700.0;51248.0
648500;52828.0;1700.0;51128.0
648600;53082.0;1714.0;51368.0
648700;52962.0;1714.0;51248.0
648800;52962.0;1714.0;51248.0
648900;53002.0;1714.0;51288.0
649000;53009.0;1721.0;51288.0
649100;53002.0;1714.0;51288.0
649200;53049.0;1721.0;51328.0
649300;53042.0;1714.0;51328.0
649400;53084.0;1756.0;51328.0
649500;53084.0;1756.0;51328.0
649600;53021.0;1693.0;51328.0
649700;53021.0;1693.0;51328.0
649800;53028.0;1700.0;51328.0
649900;53082.0;1714.0;51368.0
650000;53096.0;1728.0;51368.0
650100;53096.0;1728.0;51368.0
650200;53576.0;1728.0;51848.0
650300;53136.0;1728.0;51408.0
650400;53249.0;1721.0;51528.0
650500;53101.0;1693.0;51408.0
650600;53164.0;1756.0;51408.0
650700;53150.0;1742.0;51408.0
650800;53199.0;1791.0;51408.0
650900;53016.0;1728.0;51288.0
651000;53176.0;1728.0;51448.0
651100;53162.0;1714.0;51448.0
651200;53362.0;1714.0;51648.0
651300;53677.0;1749.0;51928.0
651400;53350.0;1742.0;51608.0
651500;53308.0;1700.0;51608.0
651600;53117.0;1749.0;51368.0
651700;53244.0;1756.0;51488.0
651800;53244.0;1756.0;51488.0
651900;53284.0;1756.0;51528.0
652000;53284.0;1756.0;51528.0
652100;53284.0;1756.0;51528.0
652200;53263.0;1735.0;51528.0
652300;53303.0;1735.0;51568.0
652400;53296.0;1728.0;51568.0
652500;53444.0;1756.0;51688.0
652600;53324.0;1756.0;51568.0
652700;53324.0;1756.0;51568.0
652800;53317.0;1749.0;51568.0
652900;53204.0;1756.0;51448.0
653000;53385.0;1777.0;51608.0
653100;53183.0;1735.0;51448.0
653200;53218.0;1770.0;51448.0
653300;53418.0;1770.0;51648.0
653400;53404.0;1756.0;51648.0
653500;53390.0;1742.0;51648.0
653600;53425.0;1777.0;51648.0
653700;53418.0;1770.0;51648.0
653800;53830.0;1742.0;52088.0
653900;53444.0;1756.0;51688.0
654000;53479.0;1791.0;51688.0
654100;53444.0;1756.0;51688.0
654200;53484.0;1756.0;51728.0
654300;53505.0;1777.0;51728.0
654400;53484.0;1756.0;51728.0
654500;53484.0;1756.0;51728.0
654600;53604.0;1756.0;51848.0
654700;53491.0;1763.0;51728.0
654800;53512.0;1784.0;51728.0
654900;53524.0;1756.0;51768.0
655000;53538.0;1770.0;51768.0
655100;53538.0;1770.0;51768.0
655200;53578.0;1770.0;51808.0
655300;53592.0;1784.0;51808.0
655400;53598.5;1670.5;51928.0
655500;53628.0;1820.0;51808.0
655600;53485.0;1797.0;51688.0
655700;53628.0;1820.0;51808.0
655800;53628.0;1820.0;51808.0
655900;53645.0;1797.0;51848.0
656000;53656.5;1808.5;51848.0
656100;53656.5;1808.5;51848.0
656200;53685.0;1797.0;51888.0
656300;53805.0;1797.0;52008.0
656400;53685.0;1797.0;51888.0
656500;53770.5;1762.5;52008.0
656600;53805.0;1797.0;52008.0
656700;53685.0;1797.0;51888.0
656800;53673.5;1785.5;51888.0
656900;53542.0;1774.0;51768.0
657000;53702.0;1774.0;51928.0
657100;53519.0;1751.0;51768.0
657200;53719.0;1751.0;51968.0
657300;53742.0;1774.0;51968.0
657400;53765.0;1797.0;51968.0
657500;53862.0;1774.0;52088.0
657600;53765.0;1797.0;51968.0
657700;53765.0;1797.0;51968.0
657800;53765.0;1797.0;51968.0
657900;53805.0;1797.0;52008.0
658000;53805.0;1797.0;52008.0
658100;53805.0;1797.0;52008.0
658200;53845.0;1797.0;52048.0
658300;53822.0;1774.0;52048.0
658400;53900.0;1852.0;52048.0
658500;54005.0;1837.0;52168.0
658600;53894.0;1846.0;52048.0
658700;53894.0;1846.0;52048.0
658800;53885.0;1837.0;52048.0
658900;54088.0;1840.0;52248.0
659000;53928.0;1840.0;52088.0
659100;54088.0;1840.0;52248.0
659200;54080.5;1832.5;52248.0
659300;53845.0;1837.0;52008.0
659400;53954.5;1826.5;52128.0
659500;53962.0;1834.0;52128.0
659600;53965.0;1837.0;52128.0
659700;53965.0;1837.0;52128.0
659800;53485.0;1837.0;51648.0
659900;53840.5;1832.5;52008.0
660000;54003.5;1835.5;52168.0
660100;54009.5;1841.5;52168.0
660200;54051.0;1843.0;52208.0
660300;54168.0;1840.0;52328.0
660400;54051.0;1843.0;52208.0
660500;53932.5;1844.5;52088.0
660600;54048.0;1840.0;52208.0
660700;54171.0;1843.0;52328.0
660800;54051.0;1843.0;52208.0
660900;54091.0;1843.0;52248.0
661000;54095.5;1847.5;52248.0
661100;54088.0;1840.0;52248.0
661200;54128.0;1840.0;52288.0
661300;54129.5;1841.5;52288.0
661400;53996.0;1828.0;52168.0
661500;54128.0;1840.0;52288.0
661600;54138.5;1850.5;52288.0
661700;54131.0;1843.0;52288.0
661800;54011.0;1843.0;52168.0
661900;54003.5;1835.5;52168.0
662000;54323.5;1835.5;52488.0
662100;54328.0;1840.0;52488.0
662200;54331.0;1843.0;52488.0
662300;54203.5;1835.5;52368.0
662400;54328.0;1840.0;52488.0
662500;54328.0;1840.0;52488.0
662600;54763.5;1835.5;52928.0
662700;54208.0;1840.0;52368.0
662800;54368.0;1840.0;52528.0
662900;54085.0;1837.0;52248.0
663000;54248.0;1840.0;52408.0
663100;54088.0;1840.0;52248.0
663200;54288.0;1840.0;52448.0
663300;54288.0;1840.0;52448.0
663400;54415.5;1847.5;52568.0
663500;54295.5;1847.5;52448.0
663600;54174.0;1846.0;52328.0
663700;54288.0;1840.0;52448.0
663800;54291.0;1843.0;52448.0
663900;54331.0;1843.0;52488.0
664000;54331.0;1843.0;52488.0
664100;54329.5;1841.5;52488.0
664200;54375.5;1847.5;52528.0
664300;54371.0;1843.0;52528.0
664400;54384.5;1856.5;52528.0
664500;54048.0;1840.0;52208.0
664600;54368.0;1840.0;52528.0
664700;54368.0;1840.0;52528.0
664800;54329.0;1801.0;52528.0
664900;54269.0;1861.0;52408.0
665000;54269.0;1861.0;52408.0
665100;54419.0;1851.0;52568.0
665200;54444.0;1836.0;52608.0
665300;54469.0;1861.0;52608.0
665400;54459.0;1851.0;52608.0
665500;54449.0;1841.0;52608.0
665600;54449.0;1841.0;52608.0
665700;54459.0;1851.0;52608.0
665800;54609.0;1841.0;52768.0
665900;54639.0;1831.0;52808.0
666000;54659.0;1851.0;52808.0
666100;54649.0;1841.0;52808.0
666200;54369.0;1841.0;52528.0
666300;54419.0;1851.0;52568.0
666400;54419.0;1851.0;52568.0
666500;54659.0;1851.0;52808.0
666600;54539.0;1851.0;52688.0
666700;54539.0;1851.0;52688.0
666800;54579.0;1851.0;52728.0
666900;54579.0;1851.0;52728.0
667000;54539.0;1811.0;52728.0
667100;54589.0;1861.0;52728.0
667200;54619.0;1851.0;52768.0
667300;54484.0;1836.0;52648.0
667400;54599.0;1831.0;52768.0
667500;54609.0;1841.0;52768.0
667600;54609.0;1841.0;52768.0
667700;54499.0;1851.0;52648.0
667800;54599.0;1831.0;52768.0
667900;54639.0;1831.0;52808.0
668000;54639.0;1831.0;52808.0
668100;54629.0;1821.0;52808.0
668200;54519.0;1831.0;52688.0
668300;54804.0;1836.0;52968.0
668400;54679.0;1831.0;52848.0
668500;54679.0;1831.0;52848.0
668600;54799.0;1831.0;52968.0
668700;54784.0;1816.0;52968.0
668800;54839.0;1831.0;53008.0
668900;54719.0;1831.0;52888.0
669000;54729.0;1841.0;52888.0
669100;54719.0;1831.0;52888.0
669200;54749.0;1821.0;52928.0
669300;54754.0;1826.0;52928.0
669400;54649.0;1841.0;52808.0
669500;54889.0;1841.0;53048.0
669600;54759.0;1831.0;52928.0
669700;54759.0;1831.0;52928.0
669800;54639.0;1831.0;52808.0
669900;54799.0;1831.0;52968.0
670000;54789.0;1821.0;52968.0
670100;54789.0;1821.0;52968.0
670200;54829.0;1821.0;53008.0
670300;54829.0;1821.0;53008.0
670400;54949.0;1821.0;53128.0
670500;54834.0;1826.0;53008.0
670600;54829.0;1821.0;53008.0
670700;54949.0;1821.0;53128.0
670800;54999.0;1831.0;53168.0
670900;54709.0;1821.0;52888.0
671000;54854.0;1806.0;53048.0
671100;54849.0;1801.0;53048.0
671200;54889.0;1801.0;53088.0
671300;55019.0;1811.0;53208.0
671400;54899.0;1811.0;53088.0
671500;55019.0;1811.0;53208.0
671600;54889.0;1801.0;53088.0
671700;54889.0;1801.0;53088.0
671800;54904.0;1816.0;53088.0
671900;55089.0;1801.0;53288.0
672000;54939.0;1811.0;53128.0
672100;55084.0;1796.0;53288.0
672200;55049.0;1761.0;53288.0
672300;54974.0;1806.0;53168.0
672400;54989.0;1821.0;53168.0
672500;54994.0;1826.0;53168.0
672600;55429.0;1821.0;53608.0
672700;54969.0;1801.0;53168.0
672800;54969.0;1801.0;53168.0
672900;55009.0;1801.0;53208.0
673000;54519.0;1791.0;52728.0
673100;55159.0;1791.0;53368.0
673200;55039.0;1791.0;53248.0
673300;55039.0;1791.0;53248.0
673400;54949.0;1821.0;53128.0
673500;55054.0;1806.0;53248.0
673600;55469.0;1781.0;53688.0
673700;55039.0;1791.0;53248.0
673800;54919.0;1791.0;53128.0
673900;55084.0;1796.0;53288.0
674000;55069.0;1781.0;53288.0
674100;55034.0;1746.0;53288.0
674200;54909.0;1741.0;53168.0
674300;55004.0;1796.0;53208.0
674400;55019.0;1811.0;53208.0
674500;55109.0;1781.0;53328.0
674600;55199.0;1751.0;53448.0
674700;55114.0;1786.0;53328.0
674800;54999.0;1791.0;53208.0
674900;55024.0;1816.0;53208.0
675000;55154.0;1786.0;53368.0
675100;55149.0;1781.0;53368.0
675200;55179.0;1771.0;53408.0
675300;55189.0;1781.0;53408.0
675400;55189.0;1781.0;53408.0
675500;55299.0;1771.0;53528.0
675600;55629.0;1781.0;53848.0
675700;55189.0;1781.0;53408.0
675800;55189.0;1781.0;53408.0
675900;55229.0;1781.0;53448.0
676000;55384.0;1776.0;53608.0
676100;55214.0;1766.0;53448.0
676200;55269.0;1781.0;53488.0
676300;55254.0;1766.0;53488.0
676400;55299.0;1811.0;53488.0
676500;55269.0;1781.0;53488.0
676600;55279.0;1791.0;53488.0
676700;55279.0;1791.0;53488.0
676800;55279.0;1791.0;53488.0
676900;55164.0;1796.0;53368.0
677000;55139.0;1771.0;53368.0
677100;55304.0;1776.0;53528.0
677200;55329.0;1761.0;53568.0
677300;55339.0;1771.0;53568.0
677400;55329.0;1761.0;53568.0
677500;55339.0;1771.0;53568.0
677600;55334.0;1766.0;53568.0
677700;55329.0;1761.0;53568.0
677800;55499.0;1771.0;53728.0
677900;55539.0;1771.0;53768.0
678000;55379.0;1771.0;53608.0
678100;55379.0;1771.0;53608.0
678200;55419.0;1771.0;53648.0
678300;55419.0;1771.0;53648.0
678400;55404.0;1756.0;53648.0
678500;55299.0;1771.0;53528.0
678600;55589.0;1781.0;53808.0
678700;55299.0;1771.0;53528.0
678800;55579.0;1771.0;53808.0
678900;55579.0;1771.0;53808.0
679000;55299.0;1771.0;53528.0
679100;55299.0;1771.0;53528.0
679200;55629.0;1781.0;53848.0
679300;55429.0;1701.0;53728.0
679400;55397.0;1789.0;53608.0
679500;55525.0;1797.0;53728.0
679600;55533.0;1805.0;53728.0
679700;55581.0;1733.0;53848.0
679800;55421.0;1813.0;53608.0
679900;55413.0;1805.0;53608.0
680000;55581.0;1813.0;53768.0
680100;55573.0;1805.0;53768.0
680200;55613.0;1805.0;53808.0
680300;55509.0;1821.0;53688.0
680400;55613.0;1805.0;53808.0
680500;55613.0;1805.0;53808.0
680600;55741.0;1813.0;53928.0
680700;55733.0;1805.0;53928.0
680800;55733.0;1765.0;53968.0
680900;55613.0;1765.0;53848.0
681000;55653.0;1805.0;53848.0
681100;55653.0;1805.0;53848.0
681200;55693.0;1805.0;53888.0
681300;55821.0;1813.0;54008.0
681400;55829.0;1821.0;54008.0
681500;55693.0;1805.0;53888.0
681600;55709.0;1821.0;53888.0
681700;55685.0;1797.0;53888.0
681800;55509.0;1821.0;53688.0
681900;55797.0;1869.0;53928.0
682000;55749.0;1821.0;53928.0
682100;55749.0;1821.0;53928.0
682200;55821.0;1853.0;53968.0
682300;55805.0;1837.0;53968.0
682400;55925.0;1837.0;54088.0
682500;55909.0;1821.0;54088.0
682600;55685.0;1837.0;53848.0
682700;55933.0;1845.0;54088.0
682800;55813.0;1845.0;53968.0
682900;56005.0;1837.0;54168.0
683000;55845.0;1837.0;54008.0
683100;55701.0;1853.0;53848.0
683200;55901.0;1853.0;54048.0
683300;56037.0;1869.0;54168.0
683400;55901.0;1853.0;54048.0
683500;55901.0;1853.0;54048.0
683600;55901.0;1853.0;54048.0
683700;55901.0;1853.0;54048.0
683800;55885.0;1837.0;54048.0
683900;56365.0;1837.0;54528.0
684000;55925.0;1837.0;54088.0
684100;55781.0;1853.0;53928.0
684200;55781.0;1853.0;53928.0
684300;55989.0;1861.0;54128.0
684400;56005.0;1877.0;54128.0
684500;55405.0;1877.0;53528.0
684600;55997.0;1869.0;54128.0
684700;55877.0;1869.0;54008.0
684800;55877.0;1869.0;54008.0
684900;56053.0;1885.0;54168.0
685000;56045.0;1877.0;54168.0
685100;56021.0;1853.0;54168.0
685200;56181.0;1853.0;54328.0
685300;56061.0;1853.0;54208.0
685400;56085.0;1877.0;54208.0
685500;56045.0;1837.0;54208.0
685600;56045.0;1837.0;54208.0
685700;56061.0;1853.0;54208.0
685800;56061.0;1853.0;54208.0
685900;56117.0;1869.0;54248.0
686000;56101.0;1853.0;54248.0
686100;56093.0;1845.0;54248.0
686200;56141.0;1853.0;54288.0
686300;56165.0;1877.0;54288.0
686400;55645.0;1837.0;53808.0
686500;56141.0;1853.0;54288.0
686600;56157.0;1869.0;54288.0
686700;56125.0;1837.0;54288.0
686800;56301.0;1853.0;54448.0
686900;56021.0;1853.0;54168.0
687000;56165.0;1837.0;54328.0
687100;56341.0;1853.0;54488.0
687200;56221.0;1853.0;54368.0
687300;56101.0;1853.0;54248.0
687400;56101.0;1853.0;54248.0
687500;56221.0;1853.0;54368.0
687600;56237.0;1869.0;54368.0
687700;55757.0;1869.0;53888.0
687800;56213.0;1845.0;54368.0
687900;56253.0;1845.0;54408.0
688000;56453.0;1885.0;54568.0
688100;56277.0;1869.0;54408.0
688200;56421.0;1853.0;54568.0
688300;56301.0;1853.0;54448.0
688400;56293.0;1845.0;54448.0
688500;55821.0;1853.0;53968.0
688600;56253.0;1805.0;54448.0
688700;56317.0;1869.0;54448.0
688800;56317.0;1869.0;54448.0
688900;56541.0;1893.0;54648.0
689000;56501.0;1853.0;54648.0
689100;56517.0;1869.0;54648.0
689200;56397.0;1869.0;54528.0
689300;56389.0;1861.0;54528.0
689400;56397.0;1869.0;54528.0
689500;56373.0;1845.0;54528.0
689600;56284.0;1756.0;54528.0
689700;56456.0;1808.0;54648.0
689800;56388.0;1860.0;54528.0
689900;56467.0;1899.0;54568.0
690000;56506.0;1938.0;54568.0
690100;56467.0;1899.0;54568.0
690200;56533.0;1925.0;54608.0
690300;56507.0;1899.0;54608.0
690400;56627.0;1899.0;54728.0
690500;56387.0;1899.0;54488.0
690600;56947.0;1899.0;55048.0
690700;56774.0;1886.0;54888.0
690800;56559.0;1951.0;54608.0
690900;56573.0;1925.0;54648.0
691000;56733.0;1925.0;54808.0
691100;56573.0;1925.0;54648.0
691200;56107.0;1899.0;54208.0
691300;56613.0;1925.0;54688.0
691400;56613.0;1925.0;54688.0
691500;56493.0;1925.0;54568.0
691600;56639.0;1951.0;54688.0
691700;56639.0;1951.0;54688.0
691800;56760.0;1912.0;54848.0
691900;56679.0;1951.0;54728.0
692000;56705.0;1977.0;54728.0
692100;57119.0;1951.0;55168.0
692200;56705.0;1977.0;54728.0
692300;56719.0;1951.0;54768.0
692400;56745.0;1977.0;54768.0
692500;56745.0;1977.0;54768.0
692600;56745.0;1977.0;54768.0
692700;56865.0;1977.0;54888.0
692800;56745.0;1977.0;54768.0
692900;56945.0;1977.0;54968.0
693000;56824.0;2016.0;54808.0
693100;56785.0;1977.0;54808.0
693200;56785.0;1977.0;54808.0
693300;56945.0;1977.0;54968.0
693400;56945.0;1977.0;54968.0
693500;56705.0;1977.0;54728.0
693600;56864.0;2016.0;54848.0
693700;56705.0;1977.0;54728.0
693800;56825.0;1977.0;54848.0
693900;57266.0;1938.0;55328.0
694000;56731.0;2003.0;54728.0
694100;56731.0;2003.0;54728.0
694200;56731.0;2003.0;54728.0
694300;56970.0;2042.0;54928.0
694400;56905.0;1977.0;54928.0
694500;56944.0;2016.0;54928.0
694600;56918.0;1990.0;54928.0
694700;56918.0;1990.0;54928.0
694800;56931.0;2003.0;54928.0
694900;56785.0;1977.0;54808.0
695000;56945.0;1977.0;54968.0
695100;56945.0;1977.0;54968.0
695200;57011.0;2003.0;55008.0
695300;56920.0;1912.0;55008.0
695400;57089.0;2081.0;55008.0
695500;57037.0;2029.0;55008.0
695600;57011.0;2003.0;55008.0
695700;57011.0;2003.0;55008.0
695800;57011.0;2003.0;55008.0
695900;57263.0;2055.0;55208.0
696000;57289.0;2081.0;55208.0
696100;57077.0;2029.0;55048.0
696200;57091.0;2003.0;55088.0
696300;56971.0;2003.0;54968.0
696400;56971.0;2003.0;54968.0
696500;57117.0;2029.0;55088.0
696600;57237.0;2029.0;55208.0
696700;57143.0;2055.0;55088.0
696800;57143.0;2055.0;55088.0
696900;57183.0;2055.0;55128.0
697000;57023.0;2055.0;54968.0
697100;57183.0;2055.0;55128.0
697200;57184.0;2016.0;55168.0
697300;57223.0;2055.0;55168.0
697400;57223.0;2055.0;55168.0
697500;57197.0;2029.0;55168.0
697600;57314.0;2146.0;55168.0
697700;57171.0;2003.0;55168.0
697800;57197.0;2029.0;55168.0
697900;57263.0;2055.0;55208.0
698000;57263.0;2055.0;55208.0
698100;57328.0;2120.0;55208.0
698200;57211.0;2003.0;55208.0
698300;57157.0;2029.0;55128.0
698400;57277.0;2029.0;55248.0
698500;57157.0;2029.0;55128.0
698600;57238.0;1990.0;55248.0
698700;57397.0;2029.0;55368.0
698800;57277.0;2029.0;55248.0
698900;57343.0;2055.0;55288.0
699000;57356.0;2068.0;55288.0
699100;57330.0;2042.0;55288.0
699200;57448.0;2120.0;55328.0
699300;57383.0;2055.0;55328.0
699400;57412.0;1964.0;55448.0
699500;57172.0;1964.0;55208.0
699600;57344.0;2016.0;55328.0
699700;57279.0;1951.0;55328.0
699800;57383.0;2055.0;55328.0
699900;57488.0;2120.0;55368.0
700000;57423.0;2055.0;55368.0
700100;57423.0;2055.0;55368.0
700200;57463.0;2055.0;55408.0
700300;57343.0;2055.0;55288.0
700400;57343.0;2055.0;55288.0
700500;57424.0;2016.0;55408.0
700600;57463.0;2055.0;55408.0
700700;57515.0;2107.0;55408.0
700800;57598.0;1990.0;55608.0
700900;57555.0;2107.0;55448.0
701000;56945.0;1977.0;54968.0
701100;57049.0;2081.0;54968.0
701200;57569.0;2081.0;55488.0
701300;57569.0;2081.0;55488.0
701400;57569.0;2081.0;55488.0
701500;57569.0;2081.0;55488.0
701600;57449.0;2081.0;55368.0
701700;57543.0;2055.0;55488.0
701800;57755.0;2107.0;55648.0
701900;57795.0;2107.0;55688.0
702000;57665.0;1977.0;55688.0
702100;58049.0;2081.0;55968.0
702200;57195.0;2107.0;55088.0
702300;57555.0;2107.0;55448.0
702400;57675.0;2107.0;55568.0
702500;57955.0;2107.0;55848.0
702600;57955.0;2107.0;55848.0
702700;57714.0;2146.0;55568.0
702800;57714.0;2146.0;55568.0
702900;57715.0;2107.0;55608.0
703000;57715.0;2107.0;55608.0
703100;57581.0;2133.0;55448.0
703200;57755.0;2107.0;55648.0
703300;57794.0;2146.0;55648.0
703400;57755.0;2107.0;55648.0
703500;57755.0;2107.0;55648.0
703600;57927.0;2159.0;55768.0
703700;57901.0;2133.0;55768.0
703800;57781.0;2133.0;55648.0
703900;57676.0;1988.0;55688.0
704000;57893.0;2205.0;55688.0
704100;57831.0;2143.0;55688.0
704200;57831.0;2143.0;55688.0
704300;57991.0;2143.0;55848.0
704400;58006.5;2158.5;55848.0
704500;57871.0;2143.0;55728.0
704600;58311.0;2143.0;56168.0
704700;57886.5;2158.5;55728.0
704800;57840.0;2112.0;55728.0
704900;57880.0;2112.0;55768.0
705000;57689.0;2081.0;55608.0
705100;58320.0;2112.0;56208.0
705200;57889.0;2081.0;55808.0
705300;57800.0;2112.0;55688.0
705400;57800.0;2112.0;55688.0
705500;57935.5;2127.5;55808.0
705600;57920.0;2112.0;55808.0
705700;57440.0;2112.0;55328.0
705800;57920.0;2112.0;55808.0
705900;57738.0;2050.0;55688.0
706000;57960.0;2112.0;55848.0
706100;57769.0;2081.0;55688.0
706200;57871.0;2143.0;55728.0
706300;57880.0;2112.0;55768.0
706400;58120.0;2112.0;56008.0
706500;57953.5;2065.5;55888.0
706600;57969.0;2081.0;55888.0
706700;57969.0;2081.0;55888.0
706800;57969.0;2081.0;55888.0
706900;58040.0;2112.0;55928.0
707000;58040.0;2112.0;55928.0
707100;58040.0;2112.0;55928.0
707200;58080.0;2112.0;55968.0
707300;58080.0;2112.0;55968.0
707400;58111.0;2143.0;55968.0
707500;58080.0;2112.0;55968.0
707600;58111.0;2143.0;55968.0
707700;58111.0;2143.0;55968.0
707800;57960.0;2112.0;55848.0
707900;58151.0;2143.0;56008.0
708000;58182.0;2174.0;56008.0
708100;58182.0;2174.0;56008.0
708200;58120.0;2112.0;56008.0
708300;58191.0;2143.0;56048.0
708400;58311.0;2143.0;56168.0
708500;58191.0;2143.0;56048.0
708600;58117.5;2189.5;55928.0
708700;58133.0;2205.0;55928.0
708800;58191.0;2143.0;56048.0
708900;58222.0;2174.0;56048.0
709000;58222.0;2174.0;56048.0
709100;58222.0;2174.0;56048.0
709200;58302.0;2174.0;56128.0
709300;58422.0;2174.0;56248.0
709400;58331.5;2323.5;56008.0
709500;58594.0;2186.0;56408.0
709600;58314.0;2186.0;56128.0
709700;58194.0;2186.0;56008.0
709800;58354.0;2186.0;56168.0
709900;58329.0;2161.0;56168.0
710000;58304.5;2296.5;56008.0
710100;58341.0;2173.0;56168.0
710200;58381.0;2173.0;56208.0
710300;58324.0;2116.0;56208.0
710400;58409.5;2201.5;56208.0
710500;58409.5;2201.5;56208.0
710600;58381.0;2173.0;56208.0
710700;58362.0;2154.0;56208.0
710800;58381.0;2173.0;56208.0
710900;58468.5;2220.5;56248.0
711000;58421.0;2173.0;56248.0
711100;58402.0;2154.0;56248.0
711200;58402.0;2154.0;56248.0
711300;58442.0;2154.0;56288.0
711400;58461.0;2173.0;56288.0
711500;58451.5;2163.5;56288.0
711600;58480.0;2192.0;56288.0
711700;58451.5;2163.5;56288.0
711800;58360.0;2192.0;56168.0
711900;58520.0;2192.0;56328.0
712000;58539.0;2211.0;56328.0
712100;58520.0;2192.0;56328.0
712200;58560.0;2192.0;56368.0
712300;58569.5;2201.5;56368.0
712400;58560.0;2192.0;56368.0
712500;58541.0;2173.0;56368.0
712600;58512.5;2144.5;56368.0
712700;58541.0;2173.0;56368.0
712800;58541.0;2173.0;56368.0
712900;58581.0;2173.0;56408.0
713000;59021.0;2173.0;56848.0
713100;58581.0;2173.0;56408.0
713200;58741.0;2173.0;56568.0
713300;58621.0;2173.0;56448.0
713400;58671.5;2223.5;56448.0
713500;58631.0;2183.0;56448.0
713600;58506.5;2178.5;56328.0
713700;58506.5;2178.5;56328.0
713800;58497.5;2169.5;56328.0
713900;58680.0;2192.0;56488.0
714000;58671.0;2183.0;56488.0
714100;58671.0;2183.0;56488.0
714200;58724.5;2196.5;56528.0
714300;58724.5;2196.5;56528.0
714400;58840.0;2192.0;56648.0
714500;58720.0;2192.0;56528.0
714600;58720.0;2192.0;56528.0
714700;58720.0;2192.0;56528.0
714800;58720.0;2192.0;56528.0
714900;58676.0;2108.0;56568.0
715000;58571.0;2203.0;56368.0
715100;58771.0;2203.0;56568.0
715200;58801.5;2193.5;56608.0
715300;58915.5;2307.5;56608.0
715400;58830.0;2222.0;56608.0
715500;58820.5;2212.5;56608.0
715600;58820.5;2212.5;56608.0
715700;58811.0;2203.0;56608.0
715800;58811.0;2203.0;56608.0
715900;59030.0;2222.0;56808.0
716000;58851.0;2203.0;56648.0
716100;58851.0;2203.0;56648.0
716200;58851.0;2203.0;56648.0
716300;58872.0;2184.0;56688.0
716400;58949.0;2261.0;56688.0
716500;59004.0;2196.0;56808.0
716600;59004.0;2196.0;56808.0
716700;58871.0;2183.0;56688.0
716800;58871.0;2183.0;56688.0
716900;58911.0;2183.0;56728.0
717000;58764.0;2196.0;56568.0
717100;58930.5;2202.5;56728.0
717200;58912.0;2144.0;56768.0
717300;58951.0;2183.0;56768.0
717400;58938.0;2170.0;56768.0
717500;58951.0;2183.0;56768.0
717600;58951.0;2183.0;56768.0
717700;59071.0;2183.0;56888.0
717800;58905.5;2137.5;56768.0
717900;58991.0;2183.0;56808.0
718000;58863.5;2215.5;56648.0
718100;59151.0;2183.0;56968.0
718200;59031.0;2183.0;56848.0
718300;59018.0;2170.0;56848.0
718400;58998.5;2150.5;56848.0
718500;59018.0;2170.0;56848.0
718600;59018.0;2170.0;56848.0
718700;59018.0;2170.0;56848.0
718800;59024.5;2176.5;56848.0
718900;59218.0;2170.0;57048.0
719000;59006.0;2118.0;56888.0
719100;59006.0;2118.0;56888.0
719200;59046.0;2118.0;56928.0
719300;59098.0;2170.0;56928.0
719400;58978.0;2170.0;56808.0
719500;59098.0;2170.0;56928.0
719600;59078.5;2150.5;56928.0
719700;59098.0;2170.0;56928.0
719800;59004.0;2196.0;56808.0
719900;59144.5;2176.5;56968.0
720000;59164.0;2196.0;56968.0
720100;59144.5;2176.5;56968.0
720200;59204.0;2196.0;57008.0
720300;59217.0;2209.0;57008.0
720400;59217.0;2209.0;57008.0
720500;59204.0;2196.0;57008.0
720600;59204.0;2196.0;57008.0
720700;59204.0;2196.0;57008.0
720800;59204.0;2196.0;57008.0
720900;59204.0;2196.0;57008.0
721000;59231.0;2183.0;57048.0
721100;59244.0;2196.0;57048.0
721200;58834.5;2226.5;56608.0
721300;59287.0;2199.0;57088.0
721400;59277.0;2189.0;57088.0
721500;59169.5;2201.5;56968.0
721600;59282.0;2194.0;57088.0
721700;59277.0;2189.0;57088.0
721800;59282.0;2194.0;57088.0
721900;59327.0;2199.0;57128.0
722000;59167.0;2199.0;56968.0
722100;59172.0;2204.0;56968.0
722200;59362.0;2194.0;57168.0
722300;59807.0;2199.0;57608.0
722400;59372.0;2204.0;57168.0
722500;59492.0;2204.0;57288.0
722600;59372.0;2204.0;57168.0
722700;59492.0;2204.0;57288.0
722800;59373.0;2205.0;57168.0
722900;59426.0;2218.0;57208.0
723000;59425.0;2217.0;57208.0
723100;59428.0;2220.0;57208.0
723200;59464.0;2216.0;57248.0
723300;59468.0;2220.0;57248.0
723400;59468.0;2220.0;57248.0
723500;59588.0;2220.0;57368.0
723600;59468.0;2220.0;57248.0
723700;59468.0;2220.0;57248.0
723800;59470.0;2222.0;57248.0
723900;59512.0;2224.0;57288.0
724000;59512.0;2224.0;57288.0
724100;59508.0;2220.0;57288.0
724200;59548.0;2220.0;57328.0
724300;59668.0;2220.0;57448.0
724400;59548.0;2220.0;57328.0
724500;59546.0;2218.0;57328.0
724600;59548.0;2220.0;57328.0
724700;59546.0;2218.0;57328.0
724800;59546.0;2218.0;57328.0
724900;59426.0;2218.0;57208.0
725000;59586.0;2218.0;57368.0
725100;59584.0;2216.0;57368.0
725200;59624.0;2216.0;57408.0
725300;59624.0;2216.0;57408.0
725400;59622.0;2214.0;57408.0
725500;59622.0;2214.0;57408.0
725600;59742.0;2214.0;57528.0
725700;59747.0;2219.0;57528.0
725800;59623.0;2215.0;57408.0
725900;59506.0;2218.0;57288.0
726000;59668.0;2220.0;57448.0
726100;59029.0;2221.0;56808.0
726200;59708.0;2220.0;57488.0
726300;59708.0;2220.0;57488.0
726400;59588.0;2220.0;57368.0
726500;59704.0;2216.0;57488.0
726600;59703.0;2215.0;57488.0
726700;59701.0;2213.0;57488.0
726800;59586.0;2218.0;57368.0
726900;59746.0;2218.0;57528.0
727000;59749.0;2221.0;57528.0
727100;59748.0;2220.0;57528.0
727200;59750.0;2222.0;57528.0
727300;59790.0;2222.0;57568.0
727400;59671.0;2223.0;57448.0
727500;59669.0;2221.0;57448.0
727600;59781.0;2213.0;57568.0
727700;59901.0;2213.0;57688.0
727800;59786.0;2218.0;57568.0
727900;59986.0;2218.0;57768.0
728000;59826.0;2218.0;57608.0
728100;59823.0;2215.0;57608.0
728200;59859.0;2211.0;57648.0
728300;59862.0;2214.0;57648.0
728400;59863.0;2215.0;57648.0
728500;59984.0;2216.0;57768.0
728600;59864.0;2216.0;57648.0
728700;59864.0;2216.0;57648.0
728800;59866.0;2218.0;57648.0
728900;59906.0;2218.0;57688.0
729000;59906.0;2218.0;57688.0
729100;60066.0;2218.0;57848.0
729200;59946.0;2218.0;57728.0
729300;59943.0;2215.0;57728.0
729400;59946.0;2218.0;57728.0
729500;59946.0;2218.0;57728.0
729600;59944.0;2216.0;57728.0
729700;60066.0;2218.0;57848.0
729800;59946.0;2218.0;57728.0
729900;59986.0;2218.0;57768.0
730000;59986.0;2218.0;57768.0
730100;60143.0;2215.0;57928.0
730200;60024.0;2216.0;57808.0
730300;59426.0;2218.0;57208.0
730400;60024.0;2216.0;57808.0
730500;60025.0;2217.0;57808.0
730600;60023.0;2215.0;57808.0
730700;59823.0;2215.0;57608.0
730800;60026.0;2218.0;57808.0
730900;59910.0;2222.0;57688.0
731000;60191.0;2183.0;58008.0
731100;60091.5;2243.5;57848.0
731200;60115.0;2227.0;57888.0
731300;60115.0;2227.0;57888.0
731400;60131.5;2243.5;57888.0
731500;60153.5;2265.5;57888.0
731600;60115.0;2227.0;57888.0
731700;60104.0;2216.0;57888.0
731800;59984.0;2216.0;57768.0
731900;60144.0;2216.0;57928.0
732000;60166.0;2238.0;57928.0
732100;60155.0;2227.0;57928.0
732200;60348.0;2260.0;58088.0
732300;60388.0;2260.0;58128.0
732400;60315.0;2227.0;58088.0
732500;60086.0;2238.0;57848.0
732600;60211.5;2243.5;57968.0
732700;60211.5;2243.5;57968.0
732800;60162.0;2194.0;57968.0
732900;60251.5;2243.5;58008.0
733000;60246.0;2238.0;58008.0
733100;60246.0;2238.0;58008.0
733200;60275.0;2227.0;58048.0
733300;60297.0;2249.0;58048.0
733400;60177.0;2249.0;57928.0
733500;60417.0;2249.0;58168.0
733600;60297.0;2249.0;58048.0
733700;60286.0;2238.0;58048.0
733800;60297.0;2249.0;58048.0
733900;60287.5;2199.5;58088.0
734000;60326.0;2238.0;58088.0
734100;60326.0;2238.0;58088.0
734200;60309.5;2221.5;58088.0
734300;60475.0;2227.0;58248.0
734400;60235.0;2227.0;58008.0
734500;60355.0;2227.0;58128.0
734600;60344.0;2216.0;58128.0
734700;60218.5;2210.5;58008.0
734800;60338.5;2210.5;58128.0
734900;60395.0;2227.0;58168.0
735000;60395.0;2227.0;58168.0
735100;59915.0;2227.0;57688.0
735200;60269.5;2221.5;58048.0
735300;60435.0;2227.0;58208.0
735400;60413.0;2205.0;58208.0
735500;60287.5;2199.5;58088.0
735600;60407.5;2199.5;58208.0
735700;60595.0;2227.0;58368.0
735800;60304.0;2216.0;58088.0
735900;60464.0;2216.0;58248.0
736000;60464.0;2216.0;58248.0
736100;60464.0;2216.0;58248.0
736200;60515.0;2227.0;58288.0
736300;60487.5;2199.5;58288.0
736400;60493.0;2205.0;58288.0
736500;60509.5;2221.5;58288.0
736600;60493.0;2205.0;58288.0
736700;60504.0;2216.0;58288.0
736800;60493.0;2205.0;58288.0
736900;60544.0;2216.0;58328.0
737000;60373.0;2205.0;58168.0
737100;60555.0;2227.0;58328.0
737200;60584.0;2216.0;58368.0
737300;60595.0;2227.0;58368.0
737400;60584.0;2216.0;58368.0
737500;61024.0;2216.0;58808.0
737600;60000.5;2232.5;57768.0
737700;60000.5;2232.5;57768.0
737800;60600.5;2232.5;58368.0
737900;60475.0;2227.0;58248.0
738000;60138.5;2210.5;57928.0
738100;60629.5;2221.5;58408.0
738200;60784.0;2216.0;58568.0
738300;60664.0;2216.0;58448.0
738400;60664.0;2216.0;58448.0
738500;60173.0;2205.0;57968.0
738600;60533.0;2205.0;58328.0
738700;60653.0;2205.0;58448.0
738800;60053.0;2205.0;57848.0
738900;60064.0;2216.0;57848.0
739000;60715.0;2227.0;58488.0
739100;60715.0;2227.0;58488.0
739200;60584.0;2216.0;58368.0
739300;60744.0;2216.0;58528.0
739400;60744.0;2216.0;58528.0
739500;60624.0;2216.0;58408.0
739600;60744.0;2216.0;58528.0
739700;60744.0;2216.0;58528.0
739800;60711.0;2183.0;58528.0
739900;60751.0;2183.0;58568.0
740000;60778.5;2210.5;58568.0
740100;60624.0;2216.0;58408.0
740200;60984.0;2216.0;58768.0
740300;61264.0;2216.0;59048.0
740400;61280.5;2232.5;59048.0
740500;60746.5;2138.5;58608.0
740600;60746.5;2138.5;58608.0
740700;60954.0;2186.0;58768.0
740800;60851.0;2243.0;58608.0
740900;60872.0;2224.0;58648.0
741000;60872.0;2224.0;58648.0
741100;60872.0;2224.0;58648.0
741200;60883.5;2195.5;58688.0
741300;60883.5;2195.5;58688.0
741400;60874.0;2186.0;58688.0
741500;60893.0;2205.0;58688.0
741600;60984.5;2176.5;58808.0
741700;60874.0;2186.0;58688.0
741800;60864.5;2176.5;58688.0
741900;60904.5;2176.5;58728.0
742000;60424.5;2176.5;58248.0
742100;61112.0;2224.0;58888.0
742200;60935.0;2167.0;58768.0
742300;60954.0;2186.0;58768.0
742400;60868.5;2100.5;58768.0
742500;61017.0;2129.0;58888.0
742600;60954.0;2186.0;58768.0
742700;60963.5;2195.5;58768.0
742800;60834.0;2186.0;58648.0
742900;61032.0;2224.0;58808.0
743000;60853.0;2205.0;58648.0
743100;60946.5;2138.5;58808.0
743200;61032.0;2224.0;58808.0
743300;61062.5;2214.5;58848.0
743400;61062.5;2214.5;58848.0
743500;61173.0;2205.0;58968.0
743600;61053.0;2205.0;58848.0
743700;61081.5;2233.5;58848.0
743800;61213.0;2205.0;59008.0
743900;61074.0;2186.0;58888.0
744000;61112.0;2224.0;58888.0
744100;61093.0;2205.0;58888.0
744200;61152.0;2224.0;58928.0
744300;61152.0;2224.0;58928.0
744400;61152.0;2224.0;58928.0
744500;61152.0;2224.0;58928.0
744600;61253.0;2205.0;59048.0
744700;61171.0;2243.0;58928.0
744800;61171.0;2243.0;58928.0
744900;61352.0;2224.0;59128.0
745000;61163.5;2195.5;58968.0
745100;61032.0;2224.0;58808.0
745200;61213.0;2205.0;59008.0
745300;61213.0;2205.0;59008.0
745400;61213.0;2205.0;59008.0
745500;61213.0;2205.0;59008.0
745600;61213.0;2205.0;59008.0
745700;61194.0;2186.0;59008.0
745800;61213.0;2205.0;59008.0
745900;61253.0;2205.0;59048.0
746000;61348.0;2300.0;59048.0
746100;61074.0;2186.0;58888.0
746200;61413.0;2205.0;59208.0
746300;61293.0;2205.0;59088.0
746400;61293.0;2205.0;59088.0
746500;61293.0;2205.0;59088.0
746600;61293.0;2205.0;59088.0
746700;61453.0;2205.0;59248.0
746800;61443.5;2195.5;59248.0
746900;61323.5;2195.5;59128.0
747000;61333.0;2205.0;59128.0
747100;61493.0;2205.0;59288.0
747200;61493.0;2205.0;59288.0
747300;61464.5;2176.5;59288.0
747400;61373.0;2205.0;59168.0
747500;61373.0;2205.0;59168.0
747600;61363.5;2195.5;59168.0
747700;61392.0;2224.0;59168.0
747800;61262.5;2214.5;59048.0
747900;61460.5;2252.5;59208.0
748000;61413.0;2205.0;59208.0
748100;61243.5;2195.5;59048.0
748200;61592.0;2224.0;59368.0
748300;61169.0;2281.0;58888.0
748400;61352.0;2224.0;59128.0
748500;61323.5;2195.5;59128.0
748600;61611.0;2243.0;59368.0
748700;61434.0;2186.0;59248.0
748800;61434.0;2186.0;59248.0
748900;61531.0;2243.0;59288.0
749000;61550.0;2262.0;59288.0
749100;61531.0;2243.0;59288.0
749200;61531.0;2243.0;59288.0
749300;61550.0;2262.0;59288.0
749400;61609.0;2281.0;59328.0
749500;61609.0;2281.0;59328.0
749600;61609.0;2281.0;59328.0
749700;61609.0;2281.0;59328.0
749800;61609.0;2281.0;59328.0
749900;61649.0;2281.0;59368.0
750000;61620.5;2252.5;59368.0
750100;61649.0;2281.0;59368.0
750200;61649.0;2281.0;59368.0
750300;61765.0;2357.0;59408.0
750400;61708.0;2300.0;59408.0
750500;61708.0;2300.0;59408.0
750600;61773.0;2365.0;59408.0
750700;61888.0;2320.0;59568.0
750800;61719.0;2311.0;59408.0
750900;61777.0;2329.0;59448.0
751000;61777.0;2329.0;59448.0
751100;61759.0;2311.0;59448.0
751200;61919.0;2311.0;59608.0
751300;61319.0;2311.0;59008.0
751400;61839.5;2351.5;59488.0
751500;61928.0;2320.0;59608.0
751600;61803.5;2315.5;59488.0
751700;61817.0;2329.0;59488.0
751800;61688.0;2320.0;59368.0
751900;61848.0;2320.0;59528.0
752000;61875.0;2347.0;59528.0
752100;62035.0;2347.0;59688.0
752200;61915.0;2347.0;59568.0
752300;61755.0;2347.0;59408.0
752400;61795.0;2347.0;59448.0
752500;61915.0;2347.0;59568.0
752600;61915.0;2347.0;59568.0
752700;62075.0;2347.0;59728.0
752800;62075.0;2347.0;59728.0
752900;61955.0;2347.0;59608.0
753000;61955.0;2347.0;59608.0
753100;61955.0;2347.0;59608.0
753200;62115.0;2347.0;59768.0
753300;61995.0;2347.0;59648.0
753400;61875.0;2347.0;59528.0
753500;62115.0;2347.0;59768.0
753600;61995.0;2347.0;59648.0
753700;61995.0;2347.0;59648.0
753800;61995.0;2347.0;59648.0
753900;62035.0;2347.0;59688.0
754000;61835.0;2347.0;59488.0
754100;61875.0;2347.0;59528.0
754200;62075.0;2347.0;59728.0
754300;62075.0;2347.0;59728.0
754400;62075.0;2347.0;59728.0
754500;62075.0;2347.0;59728.0
754600;62075.0;2347.0;59728.0
754700;62075.0;2347.0;59728.0
754800;62075.0;2347.0;59728.0
754900;61955.0;2347.0;59608.0
755000;61955.0;2347.0;59608.0
755100;61939.0;2331.0;59608.0
755200;62159.0;2351.0;59808.0
755300;62159.0;2351.0;59808.0
755400;62283.0;2355.0;59928.0
755500;62283.0;2355.0;59928.0
755600;62287.0;2359.0;59928.0
755700;62159.0;2351.0;59808.0
755800;62159.0;2351.0;59808.0
755900;62199.0;2351.0;59848.0
756000;61723.0;2355.0;59368.0
756100;62203.0;2355.0;59848.0
756200;62363.0;2355.0;60008.0
756300;62355.0;2347.0;60008.0
756400;62235.0;2347.0;59888.0
756500;62355.0;2347.0;60008.0
756600;62243.0;2355.0;59888.0
756700;62239.0;2351.0;59888.0
756800;62239.0;2351.0;59888.0
756900;62119.0;2351.0;59768.0
757000;62279.0;2351.0;59928.0
757100;62439.0;2351.0;60088.0
757200;62325.0;2357.0;59968.0
757300;62307.0;2339.0;59968.0
757400;62329.0;2361.0;59968.0
757500;62319.0;2351.0;59968.0
757600;62303.0;2335.0;59968.0
757700;62479.0;2351.0;60128.0
757800;62199.0;2351.0;59848.0
757900;62363.0;2355.0;60008.0
758000;62359.0;2351.0;60008.0
758100;61897.0;2369.0;59528.0
758200;62401.0;2353.0;60048.0
758300;62403.0;2355.0;60048.0
758400;62393.0;2345.0;60048.0
758500;62387.0;2339.0;60048.0
758600;62403.0;2355.0;60048.0
758700;62399.0;2351.0;60048.0
758800;62399.0;2351.0;60048.0
758900;62279.0;2351.0;59928.0
759000;62435.0;2347.0;60088.0
759100;62441.0;2353.0;60088.0
759200;62595.0;2347.0;60248.0
759300;62475.0;2347.0;60128.0
759400;62471.0;2343.0;60128.0
759500;62471.0;2343.0;60128.0
759600;62475.0;2347.0;60128.0
759700;62351.0;2343.0;60008.0
759800;62639.0;2351.0;60288.0
759900;62669.0;2341.0;60328.0
760000;62521.0;2353.0;60168.0
760100;62521.0;2353.0;60168.0
760200;62555.0;2347.0;60208.0
760300;62555.0;2347.0;60208.0
760400;62561.0;2353.0;60208.0
760500;62549.0;2341.0;60208.0
760600;62555.0;2347.0;60208.0
760700;62551.0;2343.0;60208.0
760800;62551.0;2343.0;60208.0
760900;62745.0;2337.0;60408.0
761000;62591.0;2343.0;60248.0
761100;62591.0;2343.0;60248.0
761200;62631.0;2343.0;60288.0
761300;62631.0;2343.0;60288.0
761400;62615.0;2327.0;60288.0
761500;62747.0;2339.0;60408.0
761600;62627.0;2339.0;60288.0
761700;62619.0;2331.0;60288.0
761800;62623.0;2335.0;60288.0
761900;62677.0;2349.0;60328.0
762000;62827.0;2339.0;60488.0
762100;62831.0;2343.0;60488.0
762200;62707.0;2339.0;60368.0
762300;62707.0;2339.0;60368.0
762400;62707.0;2339.0;60368.0
762500;62827.0;2339.0;60488.0
762600;62105.0;2337.0;59768.0
762700;62709.0;2341.0;60368.0
762800;62703.0;2335.0;60368.0
762900;62903.0;2335.0;60568.0
763000;62739.0;2331.0;60408.0
763100;62583.0;2335.0;60248.0
763200;62903.0;2335.0;60568.0
763300;62787.0;2339.0;60448.0
763400;62783.0;2335.0;60448.0
763500;62783.0;2335.0;60448.0
763600;62663.0;2335.0;60328.0
763700;62783.0;2335.0;60448.0
763800;62783.0;2335.0;60448.0
763900;62831.0;2343.0;60488.0
764000;62627.0;2339.0;60288.0
764100;62667.0;2339.0;60328.0
764200;62987.0;2339.0;60648.0
764300;62989.0;2341.0;60648.0
764400;62749.0;2341.0;60408.0
764500;62865.0;2337.0;60528.0
764600;62867.0;2339.0;60528.0
764700;62863.0;2335.0;60528.0
764800;62747.0;2339.0;60408.0
764900;63067.0;2339.0;60728.0
765000;62901.0;2333.0;60568.0
765100;62907.0;2339.0;60568.0
765200;62947.0;2339.0;60608.0
765300;62943.0;2335.0;60608.0
765400;62943.0;2335.0;60608.0
765500;63063.0;2335.0;60728.0
765600;62943.0;2335.0;60608.0
765700;62943.0;2335.0;60608.0
765800;62943.0;2335.0;60608.0
765900;62987.0;2339.0;60648.0
766000;63427.0;2339.0;61088.0
766100;62987.0;2339.0;60648.0
766200;63027.0;2339.0;60688.0
766300;62987.0;2339.0;60648.0
766400;63027.0;2339.0;60688.0
766500;63027.0;2339.0;60688.0
766600;63027.0;2339.0;60688.0
766700;63031.0;2343.0;60688.0
766800;63027.0;2339.0;60688.0
766900;63067.0;2339.0;60728.0
767000;63067.0;2339.0;60728.0
767100;63071.0;2343.0;60728.0
767200;63107.0;2339.0;60768.0
767300;63105.0;2337.0;60768.0
767400;63107.0;2339.0;60768.0
767500;63111.0;2343.0;60768.0
767600;63231.0;2343.0;60888.0
767700;63111.0;2343.0;60768.0
767800;63099.0;2331.0;60768.0
767900;62983.0;2335.0;60648.0
768000;63143.0;2335.0;60808.0
768100;63143.0;2335.0;60808.0
768200;63183.0;2335.0;60848.0
768300;63179.0;2331.0;60848.0
768400;63299.0;2331.0;60968.0
768500;63144.5;2296.5;60848.0
768600;63194.0;2346.0;60848.0
768700;63354.0;2346.0;61008.0
768800;63180.5;2332.5;60848.0
768900;63225.0;2337.0;60888.0
769000;63051.5;2323.5;60728.0
769100;63234.0;2346.0;60888.0
769200;63385.0;2337.0;61048.0
769300;63265.0;2337.0;60928.0
769400;63265.0;2337.0;60928.0
769500;63265.0;2337.0;60928.0
769600;63274.0;2346.0;60928.0
769700;63265.0;2337.0;60928.0
769800;63287.5;2359.5;60928.0
769900;63323.0;2355.0;60968.0
770000;63309.5;2341.5;60968.0
770100;63149.5;2341.5;60808.0
770200;63358.5;2350.5;61008.0
770300;63376.5;2368.5;61008.0
770400;63354.0;2346.0;61008.0
770500;63478.5;2350.5;61128.0
770600;63358.5;2350.5;61008.0
770700;63381.0;2373.0;61008.0
770800;63372.0;2364.0;61008.0
770900;63412.0;2364.0;61048.0
771000;63572.0;2364.0;61208.0
771100;63572.0;2364.0;61208.0
771200;63572.0;2364.0;61208.0
771300;63456.5;2368.5;61088.0
771400;63549.5;2341.5;61208.0
771500;63443.0;2355.0;61088.0
771600;63434.0;2346.0;61088.0
771700;63443.0;2355.0;61088.0
771800;63914.5;2386.5;61528.0
771900;63634.0;2346.0;61288.0
772000;63474.0;2346.0;61128.0
772100;63465.0;2337.0;61128.0
772200;63505.0;2337.0;61168.0
772300;63345.0;2337.0;61008.0
772400;63514.0;2346.0;61168.0
772500;63505.0;2337.0;61168.0
772600;63505.0;2337.0;61168.0
772700;63505.0;2337.0;61168.0
772800;63496.0;2328.0;61168.0
772900;63696.0;2328.0;61368.0
773000;63545.0;2337.0;61208.0
773100;63545.0;2337.0;61208.0
773200;63594.0;2346.0;61248.0
773300;63576.0;2328.0;61248.0
773400;63597.0;2349.0;61248.0
773500;63472.0;2344.0;61128.0
773600;63592.0;2344.0;61248.0
773700;63590.5;2342.5;61248.0
773800;63112.0;2344.0;60768.0
773900;63632.0;2344.0;61288.0
774000;63631.0;2343.0;61288.0
774100;63791.0;2343.0;61448.0
774200;63670.0;2342.0;61328.0
774300;63512.5;2344.5;61168.0
774400;63511.0;2343.0;61168.0
774500;63671.0;2343.0;61328.0
774600;63671.0;2343.0;61328.0
774700;63673.0;2345.0;61328.0
774800;63670.5;2342.5;61328.0
774900;63712.0;2344.0;61368.0
775000;63684.0;2316.0;61368.0
775100;63473.0;2265.0;61208.0
775200;63815.5;2407.5;61408.0
775300;63787.0;2379.0;61408.0
775400;63897.5;2369.5;61528.0
775500;64246.0;2398.0;61848.0
775600;63916.5;2388.5;61528.0
775700;63825.0;2417.0;61408.0
775800;63806.0;2398.0;61408.0
775900;63846.0;2398.0;61448.0
776000;63987.0;2379.0;61608.0
776100;63846.0;2398.0;61448.0
776200;63886.0;2398.0;61488.0
776300;63905.0;2417.0;61488.0
776400;63867.0;2379.0;61488.0
776500;63867.0;2379.0;61488.0
776600;63924.0;2436.0;61488.0
776700;63905.0;2417.0;61488.0
776800;63867.0;2379.0;61488.0
776900;63907.0;2379.0;61528.0
777000;63907.0;2379.0;61528.0
777100;63907.0;2379.0;61528.0
777200;63947.0;2379.0;61568.0
777300;63975.5;2407.5;61568.0
777400;63827.0;2379.0;61448.0
777500;63928.0;2360.0;61568.0
777600;63928.0;2360.0;61568.0
777700;63928.0;2360.0;61568.0
777800;63987.0;2379.0;61608.0
777900;63987.0;2379.0;61608.0
778000;63987.0;2379.0;61608.0
778100;63968.0;2360.0;61608.0
778200;64027.0;2379.0;61648.0
778300;64046.0;2398.0;61648.0
778400;64046.0;2398.0;61648.0
778500;64050.0;2282.0;61768.0
778600;64060.0;2412.0;61648.0
778700;64220.0;2412.0;61808.0
778800;64060.0;2412.0;61648.0
778900;63940.0;2412.0;61528.0
779000;63940.0;2412.0;61528.0
779100;64074.0;2386.0;61688.0
779200;64075.0;2347.0;61728.0
779300;64088.0;2360.0;61728.0
779400;63994.0;2386.0;61608.0
779500;64114.0;2386.0;61728.0
779600;63994.0;2386.0;61608.0
779700;64406.0;2238.0;62168.0
779800;64070.0;2462.0;61608.0
779900;64230.0;2462.0;61768.0
780000;64198.0;2430.0;61768.0
780100;64198.0;2430.0;61768.0
780200;64238.0;2430.0;61808.0
780300;64038.0;2430.0;61608.0
780400;64238.0;2430.0;61808.0
780500;64166.0;2478.0;61688.0
780600;64238.0;2430.0;61808.0
780700;64398.0;2430.0;61968.0
780800;64430.0;2462.0;61968.0
780900;64278.0;2430.0;61848.0
781000;64278.0;2430.0;61848.0
781100;64718.0;2430.0;62288.0
781200;64318.0;2430.0;61888.0
781300;64318.0;2430.0;61888.0
781400;64318.0;2430.0;61888.0
781500;64318.0;2430.0;61888.0
781600;64318.0;2430.0;61888.0
781700;64318.0;2430.0;61888.0
781800;64166.0;2398.0;61768.0
781900;63846.0;2398.0;61448.0
782000;64166.0;2398.0;61768.0
782100;64326.0;2398.0;61928.0
782200;64374.0;2446.0;61928.0
782300;64158.0;2190.0;61968.0
782400;64254.0;2406.0;61848.0
782500;64254.0;2406.0;61848.0
782600;64290.0;2442.0;61848.0
782700;64570.0;2442.0;62128.0
782800;64374.0;2406.0;61968.0
782900;64414.0;2406.0;62008.0
783000;64558.0;2550.0;62008.0
783100;64628.0;2460.0;62168.0
783200;64490.0;2442.0;62048.0
783300;64490.0;2442.0;62048.0
783400;64490.0;2442.0;62048.0
783500;64580.0;2532.0;62048.0
783600;64454.0;2406.0;62048.0
783700;64442.0;2514.0;61928.0
783800;64454.0;2406.0;62048.0
783900;64494.0;2406.0;62088.0
784000;64334.0;2406.0;61928.0
784100;64494.0;2406.0;62088.0
784200;64498.0;2370.0;62128.0
784300;64498.0;2370.0;62128.0
784400;64498.0;2370.0;62128.0
784500;64426.0;2298.0;62128.0
784600;64498.0;2370.0;62128.0
784700;64324.0;2316.0;62008.0
784800;64306.0;2178.0;62128.0
784900;64426.0;2418.0;62008.0
785000;64586.0;2418.0;62168.0
785100;64586.0;2418.0;62168.0
785200;64626.0;2418.0;62208.0
785300;64466.0;2418.0;62048.0
785400;64626.0;2418.0;62208.0
785500;64606.0;2398.0;62208.0
785600;64626.0;2418.0;62208.0
785700;64626.0;2418.0;62208.0
785800;64786.0;2418.0;62368.0
785900;64746.0;2498.0;62248.0
786000;64666.0;2418.0;62248.0
786100;64706.0;2458.0;62248.0
786200;64686.0;2398.0;62288.0
786300;64746.0;2458.0;62288.0
786400;64746.0;2458.0;62288.0
786500;64746.0;2458.0;62288.0
786600;64746.0;2458.0;62288.0
786700;64726.0;2438.0;62288.0
786800;64666.0;2498.0;62168.0
786900;64826.0;2498.0;62328.0
787000;65266.0;2498.0;62768.0
787100;64826.0;2498.0;62328.0
787200;64826.0;2498.0;62328.0
787300;64986.0;2498.0;62488.0
787400;64986.0;2498.0;62488.0
787500;64906.0;2538.0;62368.0
787600;64986.0;2498.0;62488.0
787700;64926.0;2558.0;62368.0
787800;64986.0;2578.0;62408.0
787900;64946.0;2538.0;62408.0
788000;64786.0;2538.0;62248.0
788100;64946.0;2538.0;62408.0
788200;65006.0;2598.0;62408.0
788300;64986.0;2538.0;62448.0
788400;64986.0;2538.0;62448.0
788500;65106.0;2538.0;62568.0
788600;64946.0;2498.0;62448.0
788700;64946.0;2498.0;62448.0
788800;64946.0;2498.0;62448.0
788900;64926.0;2438.0;62488.0
789000;64926.0;2438.0;62488.0
789100;65146.0;2498.0;62648.0
789200;65026.0;2498.0;62528.0
789300;65086.0;2558.0;62528.0
789400;65046.0;2518.0;62528.0
789500;65026.0;2498.0;62528.0
789600;65026.0;2498.0;62528.0
789700;64906.0;2498.0;62408.0
789800;64946.0;2538.0;62408.0
789900;65086.0;2518.0;62568.0
790000;65066.0;2498.0;62568.0
790100;65066.0;2498.0;62568.0
790200;65226.0;2498.0;62728.0
790300;65066.0;2458.0;62608.0
790400;65106.0;2498.0;62608.0
790500;65146.0;2538.0;62608.0
790600;65146.0;2538.0;62608.0
790700;65186.0;2578.0;62608.0
790800;65186.0;2538.0;62648.0
790900;65186.0;2538.0;62648.0
791000;65186.0;2538.0;62648.0
791100;65226.0;2578.0;62648.0
791200;65186.0;2498.0;62688.0
791300;65026.0;2498.0;62528.0
791400;65186.0;2498.0;62688.0
791500;65186.0;2498.0;62688.0
791600;65186.0;2498.0;62688.0
791700;65186.0;2498.0;62688.0
791800;65186.0;2498.0;62688.0
791900;65226.0;2498.0;62728.0
792000;65286.0;2558.0;62728.0
792100;64926.0;2358.0;62568.0
792200;65266.0;2498.0;62768.0
792300;65226.0;2498.0;62728.0
792400;65266.0;2498.0;62768.0
792500;65226.0;2458.0;62768.0
792600;65226.0;2458.0;62768.0
792700;65106.0;2458.0;62648.0
792800;65266.0;2498.0;62768.0
792900;65306.0;2498.0;62808.0
793000;65266.0;2458.0;62808.0
793100;65426.0;2458.0;62968.0
793200;65306.0;2458.0;62848.0
793300;65366.0;2518.0;62848.0
793400;65286.0;2438.0;62848.0
793500;65326.0;2478.0;62848.0
793600;65526.0;2558.0;62968.0
793700;65306.0;2458.0;62848.0
793800;65306.0;2458.0;62848.0
793900;65346.0;2458.0;62888.0
794000;65356.0;2468.0;62888.0
794100;65356.0;2468.0;62888.0
794200;65396.0;2468.0;62928.0
794300;65396.0;2468.0;62928.0
794400;65396.0;2468.0;62928.0
794500;65373.5;2445.5;62928.0
794600;65373.5;2445.5;62928.0
794700;65441.0;2513.0;62928.0
794800;65441.0;2513.0;62928.0
794900;65458.5;2490.5;62968.0
795000;65366.0;2558.0;62808.0
795100;65481.0;2513.0;62968.0
795200;65656.0;2648.0;63008.0
795300;65406.0;2558.0;62848.0
795400;65543.5;2535.5;63008.0
795500;65521.0;2513.0;63008.0
795600;65728.0;2720.0;63008.0
795700;65533.0;2525.0;63008.0
795800;65533.0;2525.0;63008.0
795900;65733.0;2525.0;63208.0
796000;65573.0;2525.0;63048.0
796100;66013.0;2525.0;63488.0
796200;65749.5;2661.5;63088.0
796300;65869.5;2661.5;63208.0
796400;65613.0;2525.0;63088.0
796500;65730.0;2642.0;63088.0
796600;66212.0;2564.0;63648.0
796700;65753.5;2505.5;63248.0
796800;65652.0;2564.0;63088.0
796900;65852.0;2564.0;63288.0
797000;65493.0;2525.0;62968.0
797100;65653.0;2525.0;63128.0
797200;65813.0;2525.0;63288.0
797300;65693.0;2525.0;63168.0
797400;65693.0;2525.0;63168.0
797500;65693.0;2525.0;63168.0
797600;65693.0;2525.0;63168.0
797700;65654.0;2486.0;63168.0
797800;65693.0;2525.0;63168.0
797900;65733.0;2525.0;63208.0
798000;65733.0;2525.0;63208.0
798100;65573.0;2525.0;63048.0
798200;65812.0;2564.0;63248.0
798300;65812.0;2564.0;63248.0
798400;65614.0;2486.0;63128.0
798500;65870.5;2622.5;63248.0
798600;65750.5;2622.5;63128.0
798700;65675.5;2427.5;63248.0
798800;65812.0;2564.0;63248.0
798900;65813.0;2525.0;63288.0
799000;65554.5;2466.5;63088.0
799100;65793.5;2505.5;63288.0
799200;65934.0;2486.0;63448.0
799300;65814.0;2486.0;63328.0
799400;65814.0;2486.0;63328.0
799500;65911.5;2583.5;63328.0
799600;65814.0;2486.0;63328.0
799700;65814.0;2486.0;63328.0
799800;65853.0;2525.0;63328.0
799900;65893.0;2525.0;63368.0
800000;65893.0;2525.0;63368.0
800100;65854.0;2486.0;63368.0
800200;65870.5;2622.5;63248.0
800300;65777.0;2369.0;63408.0
800400;65894.0;2486.0;63408.0
800500;65813.0;2525.0;63288.0
800600;65813.0;2525.0;63288.0
800700;65972.0;2564.0;63408.0
800800;65972.0;2564.0;63408.0
800900;66012.0;2564.0;63448.0
801000;66012.0;2564.0;63448.0
801100;65959.0;2351.0;63608.0
801200;66086.5;2598.5;63488.0
801300;66109.0;2621.0;63488.0
801400;66184.0;2576.0;63608.0
801500;66184.0;2576.0;63608.0
801600;66064.0;2576.0;63488.0
801700;66064.0;2576.0;63488.0
801800;66059.0;2531.0;63528.0
801900;66064.0;2576.0;63488.0
802000;65786.5;2418.5;63368.0
802100;65944.0;2576.0;63368.0
802200;66309.0;2621.0;63688.0
802300;65984.0;2576.0;63408.0
802400;65941.5;2373.5;63568.0
802500;65941.5;2373.5;63568.0
802600;66264.0;2576.0;63688.0
802700;66069.0;2621.0;63448.0
802800;66349.0;2621.0;63728.0
802900;66234.0;2666.0;63568.0
803000;66624.0;2576.0;64048.0
803100;66224.0;2576.0;63648.0
803200;66224.0;2576.0;63648.0
803300;66346.5;2418.5;63928.0
803400;66224.0;2576.0;63648.0
803500;66291.5;2643.5;63648.0
803600;66269.0;2621.0;63648.0
803700;66291.5;2643.5;63648.0
803800;66314.0;2666.0;63648.0
803900;66314.0;2666.0;63648.0
804000;66514.0;2666.0;63848.0
804100;66354.0;2666.0;63688.0
804200;66394.0;2666.0;63728.0
804300;66394.0;2666.0;63728.0
804400;66394.0;2666.0;63728.0
804500;66274.0;2666.0;63608.0
804600;66349.0;2621.0;63728.0
804700;66439.0;2711.0;63728.0
804800;66439.0;2711.0;63728.0
804900;66394.0;2666.0;63728.0
805000;66919.0;2711.0;64208.0
805100;66519.0;2711.0;63808.0
805200;66294.0;2486.0;63808.0
805300;66359.0;2711.0;63648.0
805400;66294.0;2486.0;63808.0
805500;66399.0;2711.0;63688.0
805600;66294.0;2486.0;63808.0
805700;66429.0;2621.0;63808.0
805800;66514.0;2666.0;63848.0
805900;66309.0;2621.0;63688.0
806000;66514.0;2666.0;63848.0
806100;66599.0;2711.0;63888.0
806200;66291.5;2643.5;63648.0
806300;66394.0;2666.0;63728.0
806400;66674.0;2666.0;64008.0
806500;66554.0;2666.0;63888.0
806600;66554.0;2666.0;63888.0
806700;66714.0;2666.0;64048.0
806800;66554.0;2666.0;63888.0
806900;66479.0;2711.0;63768.0
807000;66754.0;2666.0;64088.0
807100;66541.5;2733.5;63808.0
807200;66634.0;2666.0;63968.0
807300;66701.5;2733.5;63968.0
807400;66679.0;2711.0;63968.0
807500;66889.0;2801.0;64088.0
807600;66679.0;2711.0;63968.0
807700;66839.0;2711.0;64128.0
807800;66679.0;2711.0;63968.0
807900;66679.0;2711.0;63968.0
808000;66674.0;2666.0;64008.0
808100;66601.5;2553.5;64048.0
808200;66879.0;2711.0;64168.0
808300;66554.0;2666.0;63888.0
808400;66576.5;2688.5;63888.0
808500;66639.0;2711.0;63928.0
808600;66879.0;2711.0;64168.0
808700;66459.0;2531.0;63928.0
808800;66714.0;2666.0;64048.0
808900;66714.0;2666.0;64048.0
809000;66891.5;2643.5;64248.0
809100;66891.5;2643.5;64248.0
809200;66794.0;2666.0;64128.0
809300;66839.0;2711.0;64128.0
809400;66674.0;2666.0;64008.0
809500;66569.0;2441.0;64128.0
809600;66914.0;2666.0;64248.0
809700;66839.0;2711.0;64128.0
809800;66999.0;2711.0;64288.0
809900;66839.0;2711.0;64128.0
810000;67039.0;2711.0;64328.0
810100;67151.5;2823.5;64328.0
810200;67039.0;2711.0;64328.0
810300;66919.0;2711.0;64208.0
810400;66919.0;2711.0;64208.0
810500;67039.0;2711.0;64328.0
810600;66964.0;2756.0;64208.0
810700;66964.0;2756.0;64208.0
810800;66364.0;2756.0;63608.0
810900;67031.5;2823.5;64208.0
811000;67209.0;2801.0;64408.0
811100;66954.0;2666.0;64288.0
811200;67089.0;2801.0;64288.0
811300;67276.5;2868.5;64408.0
811400;67089.0;2801.0;64288.0
811500;67111.5;2823.5;64288.0
811600;66924.0;2756.0;64168.0
811700;67156.5;2868.5;64288.0
811800;67036.5;2868.5;64168.0
811900;67111.5;2823.5;64288.0
812000;66969.0;2801.0;64168.0
812100;67169.0;2801.0;64368.0
812200;67169.0;2801.0;64368.0
812300;66689.0;2801.0;63888.0
812400;67169.0;2801.0;64368.0
812500;67169.0;2801.0;64368.0
812600;67609.0;2801.0;64808.0
812700;67329.0;2801.0;64528.0
812800;67259.0;2891.0;64368.0
812900;67026.5;2778.5;64248.0
813000;67231.5;2823.5;64408.0
813100;67294.0;2846.0;64448.0
813200;67294.0;2846.0;64448.0
813300;67294.0;2846.0;64448.0
813400;67294.0;2846.0;64448.0
813500;67361.5;2913.5;64448.0
813600;67339.0;2891.0;64448.0
813700;67226.5;2778.5;64448.0
813800;67136.5;2688.5;64448.0
813900;67294.0;2846.0;64448.0
814000;67129.0;2801.0;64328.0
814100;67374.0;2846.0;64528.0
814200;67191.5;2823.5;64368.0
814300;67374.0;2846.0;64528.0
814400;67306.5;2778.5;64528.0
814500;67374.0;2846.0;64528.0
814600;67494.0;2846.0;64648.0
814700;67209.0;2801.0;64408.0
814800;67351.5;2823.5;64528.0
814900;67374.0;2846.0;64528.0
815000;67414.0;2846.0;64568.0
815100;67454.0;2846.0;64608.0
815200;67619.0;2891.0;64728.0
815300;67454.0;2846.0;64608.0
815400;67499.0;2891.0;64608.0
815500;67499.0;2891.0;64608.0
815600;67566.5;2958.5;64608.0
815700;67606.5;2958.5;64648.0
815800;67454.0;2846.0;64608.0
815900;67979.0;2891.0;65088.0
816000;67979.0;2891.0;65088.0
816100;67351.5;2823.5;64528.0
816200;67691.5;3003.5;64688.0
816300;67811.5;3003.5;64808.0
816400;67579.0;2891.0;64688.0
816500;67669.0;2981.0;64688.0
816600;67624.0;2936.0;64688.0
816700;67624.0;2936.0;64688.0
816800;67784.0;2936.0;64848.0
816900;67646.5;2958.5;64688.0
817000;67619.0;2891.0;64728.0
817100;67659.0;2891.0;64768.0
817200;67479.0;2711.0;64768.0
817300;67409.0;2801.0;64608.0
817400;67711.5;2823.5;64888.0
817500;67734.0;2846.0;64888.0
817600;67569.0;2801.0;64768.0
817700;67774.0;2846.0;64928.0
817800;67614.0;2846.0;64768.0
817900;67614.0;2846.0;64768.0
818000;67654.0;2846.0;64808.0
818100;67654.0;2846.0;64808.0
818200;67694.0;2846.0;64848.0
818300;67694.0;2846.0;64848.0
818400;67854.0;2846.0;65008.0
818500;67649.0;2801.0;64848.0
818600;67529.0;2801.0;64728.0
818700;67529.0;2801.0;64728.0
818800;67529.0;2801.0;64728.0
818900;67671.5;2823.5;64848.0
819000;67644.0;2756.0;64888.0
819100;67636.5;2868.5;64768.0
819200;67759.0;2711.0;65048.0
819300;67639.0;2711.0;64928.0
819400;67639.0;2711.0;64928.0
819500;66971.5;2643.5;64328.0
819600;67639.0;2711.0;64928.0
819700;67706.5;2778.5;64928.0
819800;67799.0;2711.0;65088.0
819900;67799.0;2711.0;65088.0
820000;67724.0;2756.0;64968.0
820100;67809.0;2801.0;65008.0
820200;67649.0;2801.0;64848.0
820300;67719.0;2711.0;65008.0
820400;67719.0;2711.0;65008.0
820500;67674.0;2666.0;65008.0
820600;67794.0;2666.0;65128.0
820700;67674.0;2666.0;65008.0
820800;67674.0;2666.0;65008.0
820900;67741.5;2733.5;65008.0
821000;67759.0;2711.0;65048.0
821100;67754.0;2666.0;65088.0
821200;67754.0;2666.0;65088.0
821300;67874.0;2666.0;65208.0
821400;67611.5;2643.5;64968.0
821500;67709.0;2621.0;65088.0
821600;67754.0;2666.0;65088.0
821700;67709.0;2621.0;65088.0
821800;67709.0;2621.0;65088.0
821900;67821.5;2733.5;65088.0
822000;67839.0;2711.0;65128.0
822100;67834.0;2666.0;65168.0
822200;67834.0;2666.0;65168.0
822300;67879.0;2711.0;65168.0
822400;67759.0;2711.0;65048.0
822500;68229.0;2621.0;65608.0
822600;68036.5;2868.5;65168.0
822700;67811.5;2643.5;65168.0
822800;67901.5;2733.5;65168.0
822900;67714.0;2666.0;65048.0
823000;68011.5;2643.5;65368.0
823100;67959.0;2711.0;65248.0
823200;67779.0;2531.0;65248.0
823300;68049.0;2801.0;65248.0
823400;67914.0;2666.0;65248.0
823500;67914.0;2666.0;65248.0
823600;67914.0;2666.0;65248.0
823700;67959.0;2711.0;65248.0
823800;67959.0;2711.0;65248.0
823900;67869.0;2621.0;65248.0
824000;67864.0;2576.0;65288.0
824100;67836.5;2508.5;65328.0
824200;67994.0;2666.0;65328.0
824300;67834.0;2666.0;65168.0
824400;67994.0;2666.0;65328.0
824500;67874.0;2666.0;65208.0
824600;67874.0;2666.0;65208.0
824700;67994.0;2666.0;65328.0
824800;67949.0;2621.0;65328.0
824900;67829.0;2621.0;65208.0
825000;68034.0;2666.0;65368.0
825100;67914.0;2666.0;65248.0
825200;68469.0;2621.0;65848.0
825300;68119.0;2711.0;65408.0
825400;68119.0;2711.0;65408.0
825500;68074.0;2666.0;65408.0
825600;68559.0;2711.0;65848.0
825700;68719.0;2711.0;66008.0
825800;67954.0;2666.0;65288.0
825900;68044.0;2756.0;65288.0
826000;68204.0;2756.0;65448.0
826100;68244.0;2756.0;65488.0
826200;68244.0;2756.0;65488.0
826300;68289.0;2801.0;65488.0
826400;68289.0;2801.0;65488.0
826500;68409.0;2801.0;65608.0
826600;68289.0;2801.0;65488.0
826700;68334.0;2846.0;65488.0
826800;68494.0;2846.0;65648.0
826900;68214.0;2846.0;65368.0
827000;68214.0;2846.0;65368.0
827100;68346.5;2778.5;65568.0
827200;68369.0;2801.0;65568.0
827300;68346.5;2778.5;65568.0
827400;68369.0;2801.0;65568.0
827500;68211.5;2643.5;65568.0
827600;68414.0;2846.0;65568.0
827700;68324.0;2756.0;65568.0
827800;68204.0;2756.0;65448.0
827900;68249.0;2801.0;65448.0
828000;68364.0;2756.0;65608.0
828100;68404.0;2756.0;65648.0
828200;68539.0;2891.0;65648.0
828300;68614.0;2846.0;65768.0
828400;68569.0;2801.0;65768.0
828500;68449.0;2801.0;65648.0
828600;68449.0;2801.0;65648.0
828700;68374.0;2846.0;65528.0
828800;68609.0;2801.0;65808.0
828900;68426.5;2778.5;65648.0
829000;68444.0;2756.0;65688.0
829100;68534.0;2846.0;65688.0
829200;68619.0;2891.0;65728.0
829300;68414.0;2846.0;65568.0
829400;68574.0;2846.0;65728.0
829500;68694.0;2846.0;65848.0
829600;68574.0;2846.0;65728.0
829700;68734.0;2846.0;65888.0
829800;69014.0;2846.0;66168.0
829900;68774.0;2846.0;65928.0
830000;68774.0;2846.0;65928.0
830100;68609.0;2801.0;65808.0
830200;68449.0;2801.0;65648.0
830300;68654.0;2846.0;65808.0
830400;68774.0;2846.0;65928.0
830500;68729.0;2801.0;65928.0
830600;68654.0;2846.0;65808.0
830700;68534.0;2846.0;65688.0
830800;68766.5;2958.5;65808.0
830900;68699.0;2891.0;65808.0
831000;68899.0;2891.0;66008.0
831100;68779.0;2891.0;65888.0
831200;68899.0;2891.0;66008.0
831300;68824.0;2936.0;65888.0
831400;68756.5;2868.5;65888.0
831500;68621.5;2733.5;65888.0
831600;68899.0;2891.0;66008.0
831700;68779.0;2891.0;65888.0
831800;68779.0;2891.0;65888.0
831900;68659.0;2891.0;65768.0
832000;68819.0;2891.0;65928.0
832100;68701.5;2733.5;65968.0
832200;68814.0;2846.0;65968.0
832300;68926.5;2958.5;65968.0
832400;68859.0;2891.0;65968.0
832500;68814.0;2846.0;65968.0
832600;68859.0;2891.0;65968.0
832700;68859.0;2891.0;65968.0
832800;68679.0;2711.0;65968.0
832900;68739.0;2891.0;65848.0
833000;68899.0;2891.0;66008.0
833100;68966.5;2958.5;66008.0
833200;69059.0;2891.0;66168.0
833300;68711.5;2823.5;65888.0
833400;68984.0;2936.0;66048.0
833500;68939.0;2891.0;66048.0
833600;68961.5;2913.5;66048.0
833700;69289.0;2801.0;66488.0
833800;69469.0;2981.0;66488.0
833900;68894.0;2846.0;66048.0
834000;68934.0;2846.0;66088.0
834100;69041.5;2913.5;66128.0
834200;68814.0;2846.0;65968.0
834300;68974.0;2846.0;66128.0
834400;68974.0;2846.0;66128.0
834500;68974.0;2846.0;66128.0
834600;68929.0;2801.0;66128.0
834700;69019.0;2891.0;66128.0
834800;68974.0;2846.0;66128.0
834900;68974.0;2846.0;66128.0
835000;69014.0;2846.0;66168.0
835100;69054.0;2846.0;66208.0
835200;68851.5;2643.5;66208.0
835300;69174.0;2846.0;66328.0
835400;68979.0;2891.0;66088.0
835500;69129.0;2801.0;66328.0
835600;69054.0;2846.0;66208.0
835700;69121.5;2913.5;66208.0
835800;68934.0;2846.0;66088.0
835900;69121.5;2913.5;66208.0
836000;69161.5;2913.5;66248.0
836100;69134.0;2846.0;66288.0
836200;69179.0;2891.0;66288.0
836300;69134.0;2846.0;66288.0
836400;69134.0;2846.0;66288.0
836500;69134.0;2846.0;66288.0
836600;69134.0;2846.0;66288.0
836700;69201.5;2913.5;66288.0
836800;69201.5;2913.5;66288.0
836900;69269.0;2981.0;66288.0
837000;69219.0;2891.0;66328.0
837100;69259.0;2891.0;66368.0
837200;69099.0;2891.0;66208.0
837300;69259.0;2891.0;66368.0
837400;69191.5;2823.5;66368.0
837500;69191.5;2823.5;66368.0
837600;69094.0;2846.0;66248.0
837700;69214.0;2846.0;66368.0
837800;69214.0;2846.0;66368.0
837900;69214.0;2846.0;66368.0
838000;69141.5;2733.5;66408.0
838100;69294.0;2846.0;66448.0
838200;69339.0;2891.0;66448.0
838300;69179.0;2891.0;66288.0
838400;69294.0;2846.0;66448.0
838500;69459.0;2891.0;66568.0
838600;69384.0;2936.0;66448.0
838700;69384.0;2936.0;66448.0
838800;69384.0;2936.0;66448.0
838900;69566.5;2958.5;66608.0
839000;69241.5;2913.5;66328.0
839100;69264.0;2936.0;66328.0
839200;69264.0;2936.0;66328.0
839300;69464.0;2936.0;66528.0
839400;69696.5;3048.5;66648.0
839500;69554.0;3026.0;66528.0
839600;69509.0;2981.0;66528.0
839700;69441.5;2913.5;66528.0
839800;69725.0;3197.0;66528.0
839900;69478.0;2950.0;66528.0
840000;69396.0;2988.0;66408.0
840100;69577.0;2969.0;66608.0
840200;69539.0;2931.0;66608.0
840300;69360.0;2912.0;66448.0
840400;69417.0;2969.0;66448.0
840500;69634.0;3026.0;66608.0
840600;69558.0;2950.0;66608.0
840700;69680.0;2912.0;66768.0
840800;69558.0;2950.0;66608.0
840900;69078.0;2950.0;66128.0
841000;69598.0;2950.0;66648.0
841100;69340.0;2692.0;66648.0
841200;69380.0;2692.0;66688.0
841300;69380.0;2692.0;66688.0
841400;69812.0;3004.0;66808.0
841500;69620.0;2932.0;66688.0
841600;69644.0;2956.0;66688.0
841700;69780.0;2932.0;66848.0
841800;69500.0;2932.0;66568.0
841900;69660.0;2932.0;66728.0
842000;69660.0;2932.0;66728.0
842100;69460.0;2932.0;66528.0
842200;69460.0;2692.0;66768.0
842300;69724.0;2836.0;66888.0
842400;69652.0;2884.0;66768.0
842500;69460.0;2812.0;66648.0
842600;69652.0;2884.0;66768.0
842700;69460.0;2812.0;66648.0
842800;69788.0;2860.0;66928.0
842900;69580.0;2812.0;66768.0
843000;69476.0;2668.0;66808.0
843100;69804.0;2836.0;66968.0
843200;69636.0;2788.0;66848.0
843300;69708.0;2860.0;66848.0
843400;69684.0;2836.0;66848.0
843500;69684.0;2836.0;66848.0
843600;69684.0;2836.0;66848.0
843700;69684.0;2836.0;66848.0
843800;69636.0;2788.0;66848.0
843900;69636.0;2788.0;66848.0
844000;69676.0;2788.0;66888.0
844100;69876.0;2788.0;67088.0
844200;69908.0;2860.0;67048.0
844300;70156.0;2788.0;67368.0
844400;69764.0;2836.0;66928.0
844500;69860.0;2812.0;67048.0
844600;69860.0;2812.0;67048.0
844700;69644.0;2836.0;66808.0
844800;69236.0;2908.0;66328.0
844900;69836.0;2908.0;66928.0
845000;70036.0;2908.0;67128.0
845100;69636.0;2788.0;66848.0
845200;69796.0;2788.0;67008.0
845300;69844.0;2836.0;67008.0
845400;69364.0;2836.0;66528.0
845500;69724.0;2836.0;66888.0
845600;69820.0;2692.0;67128.0
845700;69932.0;2764.0;67168.0
845800;70004.0;2836.0;67168.0
845900;69844.0;2836.0;67008.0
846000;69836.0;2788.0;67048.0
846100;69996.0;2788.0;67208.0
846200;69876.0;2788.0;67088.0
846300;69612.0;2524.0;67088.0
846400;69948.0;2860.0;67088.0
846500;69948.0;2860.0;67088.0
846600;69852.0;2764.0;67088.0
846700;69876.0;2788.0;67088.0
846800;69756.0;2788.0;66968.0
846900;69828.0;2740.0;67088.0
847000;69940.0;2812.0;67128.0
847100;69956.0;2788.0;67168.0
847200;69796.0;2788.0;67008.0
847300;69932.0;2764.0;67168.0
847400;69908.0;2740.0;67168.0
847500;70004.0;2836.0;67168.0
847600;69956.0;2788.0;67168.0
847700;69956.0;2788.0;67168.0
847800;69956.0;2788.0;67168.0
847900;69956.0;2788.0;67168.0
848000;69948.0;2740.0;67208.0
848100;69900.0;2692.0;67208.0
848200;70036.0;2788.0;67248.0
848300;70476.0;2788.0;67688.0
848400;70036.0;2788.0;67248.0
848500;69988.0;2740.0;67248.0
848600;69916.0;2788.0;67128.0
848700;69988.0;2860.0;67128.0
848800;70108.0;2860.0;67248.0
848900;70036.0;2788.0;67248.0
849000;70236.0;2788.0;67448.0
849100;70116.0;2788.0;67328.0
849200;70116.0;2788.0;67328.0
849300;70236.0;2788.0;67448.0
849400;70236.0;2788.0;67448.0
849500;70044.0;2836.0;67208.0
849600;70116.0;2788.0;67328.0
849700;70164.0;2836.0;67328.0
849800;70212.0;2884.0;67328.0
849900;70236.0;2908.0;67328.0
850000;70364.0;2836.0;67528.0
850100;70244.0;2836.0;67408.0
850200;70244.0;2836.0;67408.0
850300;70313.0;3065.0;67248.0
850400;70473.0;3065.0;67408.0
850500;70302.0;2894.0;67408.0
850600;70384.0;2856.0;67528.0
850700;70460.0;2932.0;67528.0
850800;70378.0;2970.0;67408.0
850900;70302.0;2894.0;67408.0
851000;70597.0;2989.0;67608.0
851100;70540.0;2932.0;67608.0
851200;70420.0;2932.0;67488.0
851300;70477.0;2989.0;67488.0
851400;70420.0;2932.0;67488.0
851500;70420.0;2932.0;67488.0
851600;70382.0;2894.0;67488.0
851700;70319.0;2951.0;67368.0
851800;70382.0;2894.0;67488.0
851900;70580.0;2932.0;67648.0
852000;70422.0;2894.0;67528.0
852100;70462.0;2894.0;67568.0
852200;70462.0;2894.0;67568.0
852300;70557.0;2989.0;67568.0
852400;70538.0;2970.0;67568.0
852500;70715.0;3027.0;67688.0
852600;70576.0;3008.0;67568.0
852700;70538.0;2970.0;67568.0
852800;70500.0;2932.0;67568.0
852900;70380.0;2932.0;67448.0
853000;70578.0;2970.0;67608.0
853100;70580.0;2932.0;67648.0
853200;70700.0;2932.0;67768.0
853300;70618.0;2970.0;67648.0
853400;70460.0;2932.0;67528.0
853500;70580.0;2932.0;67648.0
853600;70542.0;2894.0;67648.0
853700;70702.0;2894.0;67808.0
853800;70542.0;2894.0;67648.0
853900;70580.0;2932.0;67648.0
854000;70582.0;2894.0;67688.0
854100;70622.0;2894.0;67728.0
854200;70622.0;2894.0;67728.0
854300;70565.0;2837.0;67728.0
854400;70717.0;2989.0;67728.0
854500;70584.0;2856.0;67728.0
854600;70584.0;2856.0;67728.0
854700;70622.0;2894.0;67728.0
854800;70502.0;2894.0;67608.0
854900;70622.0;2894.0;67728.0
855000;70624.0;2856.0;67768.0
855100;70664.0;2856.0;67808.0
855200;70683.0;2875.0;67808.0
855300;70645.0;2837.0;67808.0
855400;70607.0;2799.0;67808.0
855500;70246.0;2558.0;67688.0
855600;70642.0;2834.0;67808.0
855700;70522.0;2834.0;67688.0
855800;70802.0;2834.0;67968.0
855900;70642.0;2834.0;67808.0
856000;70682.0;2834.0;67848.0
856100;70722.0;2834.0;67888.0
856200;70888.0;2880.0;68008.0
856300;70699.0;2811.0;67888.0
856400;70722.0;2834.0;67888.0
856500;70796.0;2788.0;68008.0
856600;70676.0;2788.0;67888.0
856700;70676.0;2788.0;67888.0
856800;70882.0;2834.0;68048.0
856900;70836.0;2788.0;68048.0
857000;70716.0;2788.0;67928.0
857100;70716.0;2788.0;67928.0
857200;70756.0;2788.0;67968.0
857300;70876.0;2788.0;68088.0
857400;70756.0;2788.0;67968.0
857500;70687.0;2719.0;67968.0
857600;70710.0;2742.0;67968.0
857700;70756.0;2788.0;67968.0
857800;70636.0;2788.0;67848.0
857900;70802.0;2834.0;67968.0
858000;70956.0;2788.0;68168.0
858100;70790.0;2742.0;68048.0
858200;70933.0;2765.0;68168.0
858300;70882.0;2834.0;68048.0
858400;70882.0;2834.0;68048.0
858500;70836.0;2788.0;68048.0
858600;70882.0;2834.0;68048.0
858700;70721.0;2673.0;68048.0
858800;70716.0;2788.0;67928.0
858900;70762.0;2834.0;67928.0
859000;70922.0;2834.0;68088.0
859100;71008.0;2880.0;68128.0
859200;70991.0;2903.0;68088.0
859300;70871.0;2903.0;67968.0
859400;70962.0;2834.0;68128.0
859500;70916.0;2788.0;68128.0
859600;70962.0;2834.0;68128.0
859700;70842.0;2834.0;68008.0
859800;70962.0;2834.0;68128.0
859900;70962.0;2834.0;68128.0
860000;71002.0;2834.0;68168.0
860100;70882.0;2834.0;68048.0
860200;71162.0;2834.0;68328.0
860300;71042.0;2834.0;68208.0
860400;71019.0;2811.0;68208.0
860500;70876.0;2788.0;68088.0
860600;71116.0;2788.0;68328.0
860700;70996.0;2788.0;68208.0
860800;70996.0;2788.0;68208.0
860900;71019.0;2811.0;68208.0
861000;71105.0;2857.0;68248.0
861100;71076.0;2788.0;68288.0
861200;71076.0;2788.0;68288.0
861300;70916.0;2788.0;68128.0
861400;70915.0;2627.0;68288.0
861500;71076.0;2788.0;68288.0
861600;70966.0;2558.0;68408.0
861700;70956.0;2788.0;68168.0
861800;71030.0;2742.0;68288.0
861900;71242.0;2954.0;68288.0
862000;71082.0;2754.0;68328.0
862100;71122.0;2754.0;68368.0
862200;71122.0;2754.0;68368.0
862300;71202.0;2714.0;68488.0
862400;71042.0;2794.0;68248.0
862500;71162.0;2794.0;68368.0
862600;71162.0;2794.0;68368.0
862700;71162.0;2794.0;68368.0
862800;71362.0;2834.0;68528.0
862900;71202.0;2834.0;68368.0
863000;71242.0;2834.0;68408.0
863100;71342.0;2894.0;68448.0
863200;71782.0;2894.0;68888.0
863300;71322.0;2874.0;68448.0
863400;71442.0;2874.0;68568.0
863500;71322.0;2874.0;68448.0
863600;71055.0;2607.0;68448.0
863700;71300.0;2852.0;68448.0
863800;71349.0;2901.0;68448.0
863900;71251.0;2803.0;68448.0
864000;71373.5;2925.5;68448.0
864100;71429.0;2901.0;68528.0
864200;71024.0;2656.0;68368.0
864300;70900.0;2852.0;68048.0
864400;70949.0;2901.0;68048.0
864500;71429.0;2901.0;68528.0
864600;71257.5;2729.5;68528.0
864700;71282.0;2754.0;68528.0
864800;71380.0;2852.0;68528.0
864900;71380.0;2852.0;68528.0
865000;71420.0;2852.0;68568.0
865100;71460.0;2852.0;68608.0
865200;71580.0;2852.0;68728.0
865300;71460.0;2852.0;68608.0
865400;71533.5;2925.5;68608.0
865500;71435.5;2827.5;68608.0
865600;71509.0;2901.0;68608.0
865700;71509.0;2901.0;68608.0
865800;71558.0;2950.0;68608.0
865900;71411.0;2803.0;68608.0
866000;71475.5;2827.5;68648.0
866100;71540.0;2852.0;68688.0
866200;71589.0;2901.0;68688.0
866300;71540.0;2852.0;68688.0
866400;71660.0;2852.0;68808.0
866500;71420.0;2852.0;68568.0
866600;71540.0;2852.0;68688.0
866700;71700.0;2852.0;68848.0
866800;71740.0;2852.0;68888.0
866900;71653.5;2925.5;68728.0
867000;71580.0;2852.0;68728.0
867100;71460.0;2852.0;68608.0
867200;71460.0;2852.0;68608.0
867300;71620.0;2852.0;68768.0
867400;71620.0;2852.0;68768.0
867500;71620.0;2852.0;68768.0
867600;71620.0;2852.0;68768.0
867700;71620.0;2852.0;68768.0
867800;71571.0;2803.0;68768.0
867900;71682.0;2754.0;68928.0
868000;71722.0;2754.0;68968.0
868100;71826.0;2978.0;68848.0
868200;71469.0;2621.0;68848.0
868300;71616.0;2768.0;68848.0
868400;71616.0;2768.0;68848.0
868500;71616.0;2768.0;68848.0
868600;71553.0;2705.0;68848.0
868700;71616.0;2768.0;68848.0
868800;71616.0;2768.0;68848.0
868900;71601.0;2873.0;68728.0
869000;71656.0;2768.0;68888.0
869100;71593.0;2705.0;68888.0
869200;71696.0;2768.0;68928.0
869300;71717.0;2789.0;68928.0
869400;71494.0;2726.0;68768.0
869500;71654.0;2726.0;68928.0
869600;71591.0;2663.0;68928.0
869700;71654.0;2726.0;68928.0
869800;71801.0;2873.0;68928.0
869900;71856.0;2768.0;69088.0
870000;71736.0;2768.0;68968.0
870100;71854.0;2726.0;69128.0
870200;71616.0;2768.0;68848.0
870300;71616.0;2768.0;68848.0
870400;71776.0;2768.0;69008.0
870500;71818.0;2810.0;69008.0
870600;71858.0;2810.0;69048.0
870700;71978.0;2810.0;69168.0
870800;71698.0;2810.0;68888.0
870900;71881.0;2873.0;69008.0
871000;71818.0;2810.0;69008.0
871100;71835.0;2747.0;69088.0
871200;71507.0;2579.0;68928.0
871300;71738.0;2810.0;68928.0
871400;71738.0;2810.0;68928.0
871500;71898.0;2810.0;69088.0
871600;71940.0;2852.0;69088.0
871700;71898.0;2810.0;69088.0
871800;71961.0;2873.0;69088.0
871900;71898.0;2810.0;69088.0
872000;72134.0;3006.0;69128.0
872100;72150.0;2862.0;69288.0
872200;71870.0;2862.0;69008.0
872300;72150.0;2862.0;69288.0
872400;72030.0;2862.0;69168.0
872500;72150.0;2862.0;69288.0
872600;71998.0;2830.0;69168.0
872700;71998.0;2830.0;69168.0
872800;71926.0;2878.0;69048.0
872900;71998.0;2830.0;69168.0
873000;71878.0;2830.0;69048.0
873100;71846.0;2798.0;69048.0
873200;72094.0;2846.0;69248.0
873300;72046.0;2798.0;69248.0
873400;72046.0;2798.0;69248.0
873500;72046.0;2798.0;69248.0
873600;72206.0;2798.0;69408.0
873700;71926.0;2798.0;69128.0
873800;72046.0;2798.0;69248.0
873900;72046.0;2798.0;69248.0
874000;72198.0;2910.0;69288.0
874100;72094.0;2766.0;69328.0
874200;71998.0;2830.0;69168.0
874300;72062.0;2894.0;69168.0
874400;72190.0;2862.0;69328.0
874500;72158.0;2830.0;69328.0
874600;72102.0;2894.0;69208.0
874700;72190.0;2862.0;69328.0
874800;71710.0;2862.0;68848.0
874900;72102.0;2894.0;69208.0
875000;72230.0;2862.0;69368.0
875100;72270.0;2862.0;69408.0
875200;72302.0;2894.0;69408.0
875300;72302.0;2894.0;69408.0
875400;72270.0;2862.0;69408.0
875500;72270.0;2862.0;69408.0
875600;72302.0;2894.0;69408.0
875700;72430.0;2862.0;69568.0
875800;72238.0;2830.0;69408.0
875900;72377.0;2969.0;69408.0
876000;72292.0;2844.0;69448.0
876100;72357.0;2869.0;69488.0
876200;72477.0;2869.0;69608.0
876300;72477.0;2869.0;69608.0
876400;72357.0;2869.0;69488.0
876500;72187.0;2819.0;69368.0
876600;72517.0;2869.0;69648.0
876700;72212.0;2844.0;69368.0
876800;72332.0;2844.0;69488.0
876900;72332.0;2844.0;69488.0
877000;72569.5;2881.5;69688.0
877100;72387.0;2819.0;69568.0
877200;72412.0;2844.0;69568.0
877300;72412.0;2844.0;69568.0
877400;72252.0;2844.0;69408.0
877500;72510.5;2942.5;69568.0
877600;72534.0;2806.0;69728.0
877700;72424.5;2816.5;69608.0
877800;72416.0;2848.0;69568.0
877900;72416.0;2848.0;69568.0
878000;71816.0;2848.0;68968.0
878100;72496.0;2848.0;69648.0
878200;72336.0;2848.0;69488.0
878300;72616.0;2848.0;69768.0
878400;72475.0;2827.0;69648.0
878500;72422.5;2774.5;69648.0
878600;72454.0;2806.0;69648.0
878700;72334.0;2806.0;69528.0
878800;72443.5;2795.5;69648.0
878900;72475.0;2827.0;69648.0
879000;72376.0;2848.0;69528.0
879100;72401.0;2673.0;69728.0
879200;72521.0;2673.0;69848.0
879300;72569.0;2841.0;69728.0
879400;72513.0;2785.0;69728.0
879500;72421.0;2813.0;69608.0
879600;72541.0;2813.0;69728.0
879700;72603.0;2715.0;69888.0
879800;72541.0;2813.0;69728.0
879900;72499.0;2771.0;69728.0
880000;72741.0;2813.0;69928.0
880100;72663.0;2855.0;69808.0
880200;72461.0;2813.0;69648.0
880300;72769.0;2841.0;69928.0
880400;72461.0;2813.0;69648.0
880500;72621.0;2813.0;69808.0
880600;72621.0;2813.0;69808.0
880700;72593.0;2785.0;69808.0
880800;72593.0;2785.0;69808.0
880900;72593.0;2785.0;69808.0
881000;72591.0;2743.0;69848.0
881100;72659.0;2771.0;69888.0
881200;73099.0;2771.0;70328.0
881300;73113.0;2785.0;70328.0
881400;72767.5;2879.5;69888.0
881500;72663.0;2775.0;69888.0
881600;72562.0;2794.0;69768.0
881700;72861.0;2813.0;70048.0
881800;72861.0;2813.0;70048.0
881900;72701.0;2813.0;69888.0
882000;72731.5;2803.5;69928.0
882100;72743.0;2775.0;69968.0
882200;72611.5;2803.5;69808.0
882300;72762.0;2794.0;69968.0
882400;72882.0;2794.0;70088.0
882500;72623.0;2775.0;69848.0
882600;72893.5;2765.5;70128.0
882700;72632.5;2664.5;69968.0
882800;72748.5;2780.5;69968.0
882900;72952.0;2824.0;70128.0
883000;72672.0;2824.0;69848.0
883100;72901.0;2853.0;70048.0
883200;72712.0;2824.0;69888.0
883300;72872.0;2824.0;70048.0
883400;72992.0;2824.0;70168.0
883500;72857.5;2809.5;70048.0
883600;72872.0;2824.0;70048.0
883700;72886.5;2838.5;70048.0
883800;72781.0;2853.0;69928.0
883900;72781.0;2853.0;69928.0
884000;72781.0;2853.0;69928.0
884100;72952.0;2824.0;70128.0
884200;72981.0;2853.0;70128.0
884300;73010.0;2882.0;70128.0
884400;72981.0;2853.0;70128.0
884500;72995.5;2867.5;70128.0
884600;72981.0;2853.0;70128.0
884700;73141.0;2853.0;70288.0
884800;73141.0;2853.0;70288.0
884900;72861.0;2853.0;70008.0
885000;73021.0;2853.0;70168.0
885100;72901.0;2853.0;70048.0
885200;73061.0;2853.0;70208.0
885300;73061.0;2853.0;70208.0
885400;73061.0;2853.0;70208.0
885500;72912.0;2824.0;70088.0
885600;73090.0;2882.0;70208.0
885700;73061.0;2853.0;70208.0
885800;73003.0;2795.0;70208.0
885900;73104.5;2896.5;70208.0
886000;73541.0;2853.0;70688.0
886100;73170.0;2882.0;70288.0
886200;73010.0;2882.0;70128.0
886300;72894.0;2766.0;70128.0
886400;72981.0;2853.0;70128.0
886500;73064.5;2896.5;70168.0
886600;72849.0;2681.0;70168.0
886700;73281.0;2833.0;70448.0
886800;73039.0;2871.0;70168.0
886900;73159.0;2871.0;70288.0
887000;73620.0;2852.0;70768.0
887100;73639.0;2871.0;70768.0
887200;73296.0;2928.0;70368.0
887300;73239.0;2871.0;70368.0
887400;73182.0;2814.0;70368.0
887500;73176.0;2928.0;70248.0
887600;73180.5;2932.5;70248.0
887700;73446.0;2918.0;70528.0
887800;73300.5;2932.5;70368.0
887900;73257.0;2889.0;70368.0
888000;73311.5;2743.5;70568.0
888100;73224.0;2936.0;70288.0
888200;73224.0;2936.0;70288.0
888300;73261.5;2813.5;70448.0
888400;73504.0;2936.0;70568.0
888500;73331.5;2883.5;70448.0
888600;73264.0;2936.0;70328.0
888700;73299.0;2971.0;70328.0
888800;73384.0;2936.0;70448.0
888900;73334.0;3006.0;70328.0
889000;73459.0;2971.0;70488.0
889100;73324.0;2796.0;70528.0
889200;73499.0;2971.0;70528.0
889300;73464.0;2936.0;70528.0
889400;73464.0;2936.0;70528.0
889500;73499.0;2971.0;70528.0
889600;73499.0;2971.0;70528.0
889700;73464.0;2936.0;70528.0
889800;73659.0;2971.0;70688.0
889900;73001.5;2953.5;70048.0
890000;73414.0;3006.0;70408.0
890100;73561.5;2953.5;70608.0
890200;73561.5;2953.5;70608.0
890300;73734.0;3006.0;70728.0
890400;73734.0;3006.0;70728.0
890500;73561.5;2953.5;70608.0
890600;73614.0;3006.0;70608.0
890700;73649.0;3041.0;70608.0
890800;73511.5;3023.5;70488.0
890900;73649.0;3041.0;70608.0
891000;73654.0;3006.0;70648.0
891100;73534.0;3006.0;70528.0
891200;73746.5;3058.5;70688.0
891300;73694.0;3006.0;70688.0
891400;73694.0;3006.0;70688.0
891500;73694.0;3006.0;70688.0
891600;73854.0;3006.0;70848.0
891700;73694.0;3006.0;70688.0
891800;74116.5;2988.5;71128.0
891900;73729.0;3041.0;70688.0
892000;73556.5;2988.5;70568.0
892100;73809.0;3041.0;70768.0
892200;74141.5;3093.5;71048.0
892300;73894.0;3006.0;70888.0
892400;73809.0;3041.0;70768.0
892500;73809.0;3041.0;70768.0
892600;73809.0;3041.0;70768.0
892700;73774.0;3006.0;70768.0
892800;73934.0;3006.0;70928.0
892900;73934.0;3006.0;70928.0
893000;73974.0;3006.0;70968.0
893100;73854.0;3006.0;70848.0
893200;73854.0;3006.0;70848.0
893300;73921.5;2953.5;70968.0
893400;73854.0;3006.0;70848.0
893500;73681.5;2953.5;70728.0
893600;73979.0;2971.0;71008.0
893700;74049.0;3041.0;71008.0
893800;73801.5;2953.5;70848.0
893900;73889.0;3041.0;70848.0
894000;73611.5;2883.5;70728.0
894100;73934.0;3006.0;70928.0
894200;73774.0;3006.0;70768.0
894300;73794.0;2866.0;70928.0
894400;73881.5;2953.5;70928.0
894500;73934.0;3006.0;70928.0
894600;73934.0;3006.0;70928.0
894700;73934.0;3006.0;70928.0
894800;73986.5;3058.5;70928.0
894900;73939.0;3211.0;70728.0
895000;73984.0;3016.0;70968.0
895100;73759.0;2911.0;70848.0
895200;73994.0;2986.0;71008.0
895300;73874.0;2866.0;71008.0
895400;73834.0;2986.0;70848.0
895500;74099.0;2971.0;71128.0
895600;74024.0;3016.0;71008.0
895700;74024.0;3016.0;71008.0
895800;74024.0;3016.0;71008.0
895900;73994.0;2986.0;71008.0
896000;74064.0;3016.0;71048.0
896100;74104.0;3016.0;71088.0
896200;74104.0;3016.0;71088.0
896300;74059.0;2971.0;71088.0
896400;74104.0;3016.0;71088.0
896500;74104.0;3016.0;71088.0
896600;74014.0;2926.0;71088.0
896700;74134.0;3046.0;71088.0
896800;74134.0;3046.0;71088.0
896900;74104.0;3016.0;71088.0
897000;74204.0;3076.0;71128.0
897100;74184.0;3016.0;71168.0
897200;74054.0;3046.0;71008.0
897300;74054.0;3046.0;71008.0
897400;74214.0;3046.0;71168.0
897500;74259.0;3091.0;71168.0
897600;74094.0;3046.0;71048.0
897700;74199.0;3031.0;71168.0
897800;74404.0;3076.0;71328.0
897900;74239.0;3031.0;71208.0
898000;74139.0;3091.0;71048.0
898100;73774.0;3046.0;70728.0
898200;74294.0;3046.0;71248.0
898300;74324.0;3076.0;71248.0
898400;74339.0;3091.0;71248.0
898500;74369.0;3121.0;71248.0
898600;74169.0;3121.0;71048.0
898700;74234.0;3106.0;71128.0
898800;74354.0;3106.0;71248.0
898900;74384.0;3136.0;71248.0
899000;74384.0;3136.0;71248.0
899100;74597.5;3269.5;71328.0
899200;74448.0;3120.0;71328.0
899300;74614.0;3166.0;71448.0
899400;74602.5;3154.5;71448.0
899500;74448.0;3120.0;71328.0
899600;74654.0;3166.0;71488.0
899700;74494.0;3166.0;71328.0
899800;74374.0;3166.0;71208.0
899900;74517.0;3189.0;71328.0
900000;74326.0;2998.0;71328.0
900100;74571.0;3163.0;71408.0
900200;74571.0;3163.0;71408.0
900300;74538.0;3130.0;71408.0
900400;74521.5;3113.5;71408.0
900500;74074.5;3146.5;70928.0
900600;74538.0;3130.0;71408.0
900700;74385.0;3097.0;71288.0
900800;74571.0;3163.0;71408.0
900900;74538.0;3130.0;71408.0
901000;74098.0;3130.0;70968.0
901100;74552.0;3064.0;71488.0
901200;74771.0;3163.0;71608.0
901300;74618.0;3130.0;71488.0
901400;74618.0;3130.0;71488.0
901500;74741.0;3253.0;71488.0
901600;74646.0;3158.0;71488.0
901700;74526.0;3158.0;71368.0
901800;74166.0;3158.0;71008.0
901900;74646.0;3158.0;71488.0
902000;74507.0;3139.0;71368.0
902100;74566.0;3158.0;71408.0
902200;74566.0;3158.0;71408.0
902300;74707.0;3139.0;71568.0
902400;74707.0;3139.0;71568.0
902500;74697.5;3129.5;71568.0
902600;74867.0;3139.0;71728.0
902700;74707.0;3139.0;71568.0
902800;74688.0;3120.0;71568.0
902900;74688.0;3120.0;71568.0
903000;74756.5;3148.5;71608.0
903100;74636.5;3148.5;71488.0
903200;74787.0;3139.0;71648.0
903300;74787.0;3139.0;71648.0
903400;74768.0;3120.0;71648.0
903500;74619.5;3091.5;71528.0
903600;74768.0;3120.0;71648.0
903700;74808.0;3120.0;71688.0
903800;74928.0;3120.0;71808.0
903900;74768.0;3120.0;71648.0
904000;74768.0;3120.0;71648.0
904100;74848.0;3120.0;71728.0
904200;74650.0;3082.0;71568.0
904300;74829.0;3101.0;71728.0
904400;74848.0;3120.0;71728.0
904500;74728.0;3120.0;71608.0
904600;74829.0;3101.0;71728.0
904700;74709.0;3101.0;71608.0
904800;74886.0;3158.0;71728.0
904900;74848.0;3120.0;71728.0
905000;75019.5;3091.5;71928.0
905100;75019.5;3091.5;71928.0
905200;74768.0;3120.0;71648.0
905300;74947.0;3139.0;71808.0
905400;74928.0;3120.0;71808.0
905500;74928.0;3120.0;71808.0
905600;74928.0;3120.0;71808.0
905700;74789.0;3101.0;71688.0
905800;74890.0;3082.0;71808.0
905900;74909.0;3101.0;71808.0
906000;75029.0;3181.0;71848.0
906100;75029.0;3181.0;71848.0
906200;75013.0;3125.0;71888.0
906300;74860.0;3132.0;71728.0
906400;74999.0;3111.0;71888.0
906500;75432.0;3104.0;72328.0
906600;75013.0;3125.0;71888.0
906700;75185.0;3137.0;72048.0
906800;74935.0;3047.0;71888.0
906900;75045.0;3157.0;71888.0
907000;74905.0;3137.0;71768.0
907100;75125.0;3157.0;71968.0
907200;75105.0;3137.0;71968.0
907300;75125.0;3157.0;71968.0
907400;75225.0;3137.0;72088.0
907500;75225.0;3137.0;72088.0
907600;75105.0;3137.0;71968.0
907700;75235.0;3107.0;72128.0
907800;75075.0;3107.0;71968.0
907900;75265.0;3137.0;72128.0
908000;75145.0;3137.0;72008.0
908100;75305.0;3137.0;72168.0
908200;75205.0;3157.0;72048.0
908300;75335.0;3167.0;72168.0
908400;75215.0;3167.0;72048.0
908500;75215.0;3167.0;72048.0
908600;75185.0;3137.0;72048.0
908700;75205.0;3157.0;72048.0
908800;75205.0;3157.0;72048.0
908900;75215.0;3167.0;72048.0
909000;75425.0;3177.0;72248.0
909100;75265.0;3137.0;72128.0
909200;75245.0;3117.0;72128.0
909300;75265.0;3137.0;72128.0
909400;75245.0;3117.0;72128.0
909500;75265.0;3137.0;72128.0
909600;75285.0;3157.0;72128.0
909700;75285.0;3157.0;72128.0
909800;75265.0;3137.0;72128.0
909900;75285.0;3157.0;72128.0
910000;75365.0;3197.0;72168.0
910100;75292.5;3244.5;72048.0
910200;75452.5;3244.5;72208.0
910300;75180.0;3132.0;72048.0
910400;75187.5;3139.5;72048.0
910500;75527.5;3199.5;72328.0
910600;75242.5;3154.5;72088.0
910700;75385.0;3177.0;72208.0
910800;75370.0;3162.0;72208.0
910900;75530.0;3162.0;72368.0
911000;75425.0;3177.0;72248.0
911100;75395.0;3147.0;72248.0
911200;75450.0;3162.0;72288.0
911300;75305.0;3177.0;72128.0
911400;75570.0;3162.0;72408.0
911500;75337.5;3169.5;72168.0
911600;75465.0;3177.0;72288.0
911700;75465.0;3177.0;72288.0
911800;75405.0;3117.0;72288.0
911900;75345.0;3177.0;72168.0
912000;75665.0;3177.0;72488.0
912100;75665.0;3177.0;72488.0
912200;75665.0;3177.0;72488.0
912300;75545.0;3177.0;72368.0
912400;75545.0;3177.0;72368.0
912500;75530.0;3162.0;72368.0
912600;75552.5;3184.5;72368.0
912700;75530.0;3162.0;72368.0
912800;75515.0;3147.0;72368.0
912900;75530.0;3162.0;72368.0
913000;75410.0;3162.0;72248.0
913100;75653.0;3205.0;72448.0
913200;75617.0;3169.0;72448.0
913300;75577.0;3169.0;72408.0
913400;75465.0;3177.0;72288.0
913500;75725.0;3157.0;72568.0
913600;75777.0;3169.0;72608.0
913700;75617.0;3169.0;72448.0
913800;75497.0;3169.0;72328.0
913900;75617.0;3169.0;72448.0
914000;75489.0;3161.0;72328.0
914100;75689.0;3161.0;72528.0
914200;75537.0;3169.0;72368.0
914300;75817.0;3169.0;72648.0
914400;75705.0;3177.0;72528.0
914500;75817.0;3169.0;72648.0
914600;76137.0;3169.0;72968.0
914700;75705.0;3177.0;72528.0
914800;75705.0;3177.0;72528.0
914900;75729.0;3161.0;72568.0
915000;75737.0;3169.0;72568.0
915100;75913.0;3185.0;72728.0
915200;75785.0;3177.0;72608.0
915300;75715.0;3107.0;72608.0
915400;75823.0;3215.0;72608.0
915500;75685.0;3197.0;72488.0
915600;75805.0;3197.0;72608.0
915700;75983.0;3215.0;72768.0
915800;75805.0;3197.0;72608.0
915900;75814.0;3206.0;72608.0
916000;75845.0;3197.0;72648.0
916100;75885.0;3197.0;72688.0
916200;75885.0;3197.0;72688.0
916300;75885.0;3197.0;72688.0
916400;75761.0;3233.0;72528.0
916500;75716.0;3188.0;72528.0
916600;75876.0;3188.0;72688.0
916700;75903.0;3215.0;72688.0
916800;75903.0;3215.0;72688.0
916900;75885.0;3197.0;72688.0
917000;76058.0;3170.0;72888.0
917100;76085.0;3197.0;72888.0
917200;76085.0;3197.0;72888.0
917300;75965.0;3197.0;72768.0
917400;76103.0;3215.0;72888.0
917500;75851.0;3083.0;72768.0
917600;76033.0;3265.0;72768.0
917700;75887.0;3239.0;72648.0
917800;76046.0;3278.0;72768.0
917900;76007.0;3239.0;72768.0
918000;76047.0;3239.0;72808.0
918100;76073.0;3265.0;72808.0
918200;76087.0;3239.0;72848.0
918300;76087.0;3239.0;72848.0
918400;76087.0;3239.0;72848.0
918500;76087.0;3239.0;72848.0
918600;75967.0;3239.0;72728.0
918700;76087.0;3239.0;72848.0
918800;76359.0;3071.0;73288.0
918900;75979.0;3251.0;72728.0
919000;76284.0;3236.0;73048.0
919100;76179.0;3251.0;72928.0
919200;76329.0;3281.0;73048.0
919300;76209.0;3281.0;72928.0
919400;76019.0;3251.0;72768.0
919500;76209.0;3281.0;72928.0
919600;76269.0;3341.0;72928.0
919700;76179.0;3251.0;72928.0
919800;76089.0;3161.0;72928.0
919900;76179.0;3251.0;72928.0
920000;76179.0;3251.0;72928.0
920100;76289.0;3281.0;73008.0
920200;76289.0;3281.0;73008.0
920300;76289.0;3281.0;73008.0
920400;76514.0;3386.0;73128.0
920500;76259.0;3251.0;73008.0
920600;76169.0;3161.0;73008.0
920700;76259.0;3251.0;73008.0
920800;76259.0;3251.0;73008.0
920900;76289.0;3281.0;73008.0
921000;76329.0;3281.0;73048.0
921100;76369.0;3281.0;73088.0
921200;76459.0;3251.0;73208.0
921300;76269.0;3221.0;73048.0
921400;76339.0;3251.0;73088.0
921500;76369.0;3281.0;73088.0
921600;76339.0;3251.0;73088.0
921700;76369.0;3281.0;73088.0
921800;76324.0;3236.0;73088.0
921900;76204.0;3236.0;72968.0
922000;76409.0;3281.0;73128.0
922100;76449.0;3281.0;73168.0
922200;76539.0;3251.0;73288.0
922300;76449.0;3281.0;73168.0
922400;76404.0;3236.0;73168.0
922500;76464.0;3176.0;73288.0
922600;76329.0;3281.0;73048.0
922700;76449.0;3281.0;73168.0
922800;76449.0;3281.0;73168.0
922900;76609.0;3281.0;73328.0
923000;76489.0;3281.0;73208.0
923100;76444.0;3236.0;73208.0
923200;76574.0;3326.0;73248.0
923300;76649.0;3281.0;73368.0
923400;76354.0;3266.0;73088.0
923500;76589.0;3341.0;73248.0
923600;76529.0;3281.0;73248.0
923700;76529.0;3281.0;73248.0
923800;76659.0;3411.0;73248.0
923900;76569.0;3321.0;73248.0
924000;76609.0;3321.0;73288.0
924100;76129.0;3321.0;72808.0
924200;76109.0;3301.0;72808.0
924300;76629.0;3301.0;73328.0
924400;76649.0;3321.0;73328.0
924500;76529.0;3321.0;73208.0
924600;76629.0;3301.0;73328.0
924700;76529.0;3321.0;73208.0
924800;76649.0;3321.0;73328.0
924900;76629.0;3301.0;73328.0
925000;76829.0;3301.0;73528.0
925100;76709.0;3301.0;73408.0
925200;76859.0;3331.0;73528.0
925300;76709.0;3301.0;73408.0
925400;76689.0;3281.0;73408.0
925500;76709.0;3301.0;73408.0
925600;76689.0;3281.0;73408.0
925700;76939.0;3371.0;73568.0
925800;76724.0;3316.0;73408.0
925900;76739.0;3331.0;73408.0
926000;76784.0;3336.0;73448.0
926100;76689.0;3241.0;73448.0
926200;76829.0;3341.0;73488.0
926300;76829.0;3341.0;73488.0
926400;76669.0;3341.0;73328.0
926500;76949.0;3341.0;73608.0
926600;76849.0;3361.0;73488.0
926700;77009.0;3361.0;73648.0
926800;76849.0;3361.0;73488.0
926900;76879.0;3391.0;73488.0
927000;76889.0;3361.0;73528.0
927100;76929.0;3361.0;73568.0
927200;77399.0;3391.0;74008.0
927300;77389.0;3381.0;74008.0
927400;76769.0;3361.0;73408.0
927500;76839.0;3391.0;73448.0
927600;77119.0;3391.0;73728.0
927700;76899.0;3331.0;73568.0
927800;76929.0;3361.0;73568.0
927900;77069.0;3341.0;73728.0
928000;76969.0;3361.0;73608.0
928100;77009.0;3361.0;73648.0
928200;77129.0;3361.0;73768.0
928300;77009.0;3361.0;73648.0
928400;77009.0;3361.0;73648.0
928500;77009.0;3361.0;73648.0
928600;76765.0;3237.0;73528.0
928700;77011.0;3363.0;73648.0
928800;76891.0;3363.0;73528.0
928900;77025.0;3377.0;73648.0
929000;77093.0;3405.0;73688.0
929100;77197.0;3349.0;73848.0
929200;77105.0;3377.0;73728.0
929300;77225.0;3377.0;73848.0
929400;76917.0;3349.0;73568.0
929500;77105.0;3377.0;73728.0
929600;77265.0;3377.0;73888.0
929700;77145.0;3377.0;73768.0
929800;77265.0;3377.0;73888.0
929900;77515.0;3307.0;74208.0
930000;77117.0;3349.0;73768.0
930100;77199.0;3391.0;73808.0
930200;76931.0;3363.0;73568.0
930300;77171.0;3363.0;73808.0
930400;77157.0;3349.0;73808.0
930500;77157.0;3349.0;73808.0
930600;77037.0;3349.0;73688.0
930700;77157.0;3349.0;73808.0
930800;77317.0;3349.0;73968.0
930900;77157.0;3349.0;73808.0
931000;77281.0;3433.0;73848.0
931100;77237.0;3349.0;73888.0
931200;77077.0;3349.0;73728.0
931300;77265.0;3377.0;73888.0
931400;77385.0;3377.0;74008.0
931500;77159.0;3391.0;73768.0
931600;77117.0;3349.0;73768.0
931700;77237.0;3349.0;73888.0
931800;77265.0;3377.0;73888.0
931900;77237.0;3349.0;73888.0
932000;77117.0;3349.0;73768.0
932100;77345.0;3377.0;73968.0
932200;77345.0;3377.0;73968.0
932300;77465.0;3377.0;74088.0
932400;77345.0;3377.0;73968.0
932500;77317.0;3349.0;73968.0
932600;77373.0;3405.0;73968.0
932700;77317.0;3349.0;73968.0
932800;77357.0;3349.0;74008.0
932900;77345.0;3377.0;73968.0
933000;77357.0;3349.0;74008.0
933100;77425.0;3377.0;74048.0
933200;76833.0;3265.0;73568.0
933300;77383.0;3335.0;74048.0
933400;77167.0;3279.0;73888.0
933500;77397.0;3349.0;74048.0
933600;77453.0;3405.0;74048.0
933700;77425.0;3377.0;74048.0
933800;77397.0;3349.0;74048.0
933900;77369.0;3321.0;74048.0
934000;77465.0;3377.0;74088.0
934100;77505.0;3377.0;74128.0
934200;77533.0;3405.0;74128.0
934300;76865.0;3377.0;73488.0
934400;77610.0;3482.0;74128.0
934500;77631.0;3383.0;74248.0
934600;77391.0;3383.0;74008.0
934700;77489.0;3361.0;74128.0
934800;77522.0;3394.0;74128.0
934900;77489.0;3361.0;74128.0
935000;77496.0;3328.0;74168.0
935100;77569.0;3361.0;74208.0
935200;77689.0;3361.0;74328.0
935300;77569.0;3361.0;74208.0
935400;77409.0;3361.0;74048.0
935500;77569.0;3361.0;74208.0
935600;77569.0;3361.0;74208.0
935700;77569.0;3361.0;74208.0
935800;77471.0;3383.0;74088.0
935900;77569.0;3361.0;74208.0
936000;77609.0;3361.0;74248.0
936100;77649.0;3361.0;74288.0
936200;77649.0;3361.0;74288.0
936300;77769.0;3361.0;74408.0
936400;77649.0;3361.0;74288.0
936500;77649.0;3361.0;74288.0
936600;77049.0;3361.0;73688.0
936700;77649.0;3361.0;74288.0
936800;77649.0;3361.0;74288.0
936900;77649.0;3361.0;74288.0
937000;77689.0;3361.0;74328.0
937100;77729.0;3361.0;74368.0
937200;77849.0;3361.0;74488.0
937300;77529.0;3361.0;74168.0
937400;77893.0;3405.0;74488.0
937500;77849.0;3361.0;74488.0
937600;77889.0;3361.0;74528.0
937700;77707.0;3339.0;74368.0
937800;77667.0;3419.0;74248.0
937900;77787.0;3419.0;74368.0
938000;77779.0;3371.0;74408.0
938100;77671.0;3383.0;74288.0
938200;77831.0;3383.0;74448.0
938300;77659.0;3371.0;74288.0
938400;77807.0;3359.0;74448.0
938500;77945.0;3377.0;74568.0
938600;77819.0;3371.0;74448.0
938700;77825.0;3377.0;74448.0
938800;77831.0;3383.0;74448.0
938900;77831.0;3383.0;74448.0
939000;77871.0;3383.0;74488.0
939100;77727.0;3359.0;74368.0
939200;77757.0;3389.0;74368.0
939300;77917.0;3389.0;74528.0
939400;77899.0;3371.0;74528.0
939500;77899.0;3371.0;74528.0
939600;77899.0;3371.0;74528.0
939700;77911.0;3383.0;74528.0
939800;77869.0;3341.0;74528.0
939900;77923.0;3395.0;74528.0
940000;78156.0;3428.0;74728.0
940100;78121.0;3393.0;74728.0
940200;78001.0;3393.0;74608.0
940300;78001.0;3393.0;74608.0
940400;78011.5;3403.5;74608.0
940500;77990.5;3382.5;74608.0
940600;78001.0;3393.0;74608.0
940700;78171.5;3403.5;74768.0
940800;78001.0;3393.0;74608.0
940900;78001.0;3393.0;74608.0
941000;77994.0;3346.0;74648.0
941100;77994.0;3346.0;74648.0
941200;78060.0;3412.0;74648.0
941300;78043.5;3395.5;74648.0
941400;78100.0;3412.0;74688.0
941500;77969.0;3401.0;74568.0
941600;77980.0;3412.0;74568.0
941700;78067.0;3379.0;74688.0
941800;78078.0;3390.0;74688.0
941900;78078.0;3390.0;74688.0
942000;78134.5;3406.5;74728.0
942100;78163.5;3395.5;74768.0
942200;78169.0;3401.0;74768.0
942300;78169.0;3401.0;74768.0
942400;78009.0;3401.0;74608.0
942500;78082.0;3434.0;74648.0
942600;78180.0;3412.0;74768.0
942700;77558.0;3390.0;74168.0
942800;78609.0;3401.0;75208.0
942900;78351.0;3423.0;74928.0
943000;78209.0;3401.0;74808.0
943100;78302.5;3454.5;74848.0
943200;78526.5;3398.5;75128.0
943300;78097.0;3409.0;74688.0
943400;78267.5;3419.5;74848.0
943500;78257.0;3409.0;74848.0
943600;78267.5;3419.5;74848.0
943700;78130.0;3402.0;74728.0
943800;78264.0;3416.0;74848.0
943900;78424.0;3416.0;75008.0
944000;78290.0;3402.0;74888.0
944100;78323.0;3395.0;74928.0
944200;78163.0;3395.0;74768.0
944300;78330.0;3402.0;74928.0
944400;78330.0;3402.0;74928.0
944500;78330.0;3402.0;74928.0
944600;78323.0;3395.0;74928.0
944700;78490.0;3402.0;75088.0
944800;78220.5;3412.5;74808.0
944900;78337.0;3409.0;74928.0
945000;78523.0;3395.0;75128.0
945100;78261.0;3413.0;74848.0
945200;78265.5;3417.5;74848.0
945300;78266.0;3418.0;74848.0
945400;78866.0;3418.0;75448.0
945500;78428.0;3420.0;75008.0
945600;78588.0;3420.0;75168.0
945700;78589.5;3421.5;75168.0
945800;78426.0;3418.0;75008.0
945900;78426.0;3418.0;75008.0
946000;78466.0;3418.0;75048.0
946100;78506.0;3418.0;75088.0
946200;78506.0;3418.0;75088.0
946300;78626.0;3418.0;75208.0
946400;78347.0;3419.0;74928.0
946500;78507.5;3419.5;75088.0
946600;78507.5;3419.5;75088.0
946700;78507.0;3419.0;75088.0
946800;78668.0;3420.0;75248.0
946900;78505.0;3417.0;75088.0
947000;78546.0;3418.0;75128.0
947100;78546.0;3418.0;75128.0
947200;78586.0;3418.0;75168.0
947300;78586.0;3418.0;75168.0
947400;78673.5;3385.5;75288.0
947500;78714.0;3426.0;75288.0
947600;78603.0;3435.0;75168.0
947700;78630.0;3462.0;75168.0
947800;78510.0;3462.0;75048.0
947900;78132.0;3444.0;74688.0
948000;78655.0;3447.0;75208.0
948100;78695.0;3447.0;75248.0
948200;78692.0;3444.0;75248.0
948300;78812.0;3444.0;75368.0
948400;78689.0;3441.0;75248.0
948500;78704.0;3456.0;75248.0
948600;78698.0;3450.0;75248.0
948700;78699.5;3451.5;75248.0
948800;79129.0;3441.0;75688.0
948900;78692.0;3444.0;75248.0
949000;78732.0;3444.0;75288.0
949100;78772.0;3444.0;75328.0
949200;78775.0;3447.0;75328.0
949300;78880.0;3432.0;75448.0
949400;78880.0;3432.0;75448.0
949500;78802.0;3474.0;75328.0
949600;78802.0;3474.0;75328.0
949700;78788.0;3460.0;75328.0
949800;78955.0;3467.0;75488.0
949900;78795.0;3467.0;75328.0
950000;78835.0;3467.0;75368.0
950100;78875.0;3467.0;75408.0
950200;78875.0;3467.0;75408.0
950300;78875.0;3467.0;75408.0
950400;78892.5;3484.5;75408.0
950500;78864.5;3456.5;75408.0
950600;78875.0;3467.0;75408.0
950700;78875.0;3467.0;75408.0
950800;78875.0;3467.0;75408.0
950900;78882.0;3474.0;75408.0
951000;78755.0;3467.0;75288.0
951100;78895.0;3407.0;75488.0
951200;78960.0;3472.0;75488.0
951300;78940.5;3452.5;75488.0
951400;78960.0;3472.0;75488.0
951500;78960.0;3472.0;75488.0
951600;78947.0;3459.0;75488.0
951700;78947.0;3459.0;75488.0
951800;78934.0;3446.0;75488.0
951900;78934.0;3446.0;75488.0
952000;78987.0;3459.0;75528.0
952100;79027.0;3459.0;75568.0
952200;79027.0;3459.0;75568.0
952300;79027.0;3459.0;75568.0
952400;79007.5;3439.5;75568.0
952500;79014.0;3446.0;75568.0
952600;79014.0;3446.0;75568.0
952700;79033.5;3465.5;75568.0
952800;79053.0;3485.0;75568.0
952900;79014.0;3446.0;75568.0
953000;79054.0;3446.0;75608.0
953100;78842.5;3354.5;75488.0
953200;79097.0;3449.0;75648.0
953300;79097.0;3449.0;75648.0
953400;79139.0;3491.0;75648.0
953500;79217.0;3449.0;75768.0
953600;78998.0;3470.0;75528.0
953700;79097.0;3449.0;75648.0
953800;79278.0;3470.0;75808.0
953900;79202.0;3554.0;75648.0
954000;78991.0;3463.0;75528.0
954100;79191.0;3463.0;75728.0
954200;79191.0;3463.0;75728.0
954300;79261.0;3533.0;75728.0
954400;79191.0;3463.0;75728.0
954500;78977.0;3449.0;75528.0
954600;79238.0;3470.0;75768.0
954700;79337.0;3449.0;75888.0
954800;79351.0;3463.0;75888.0
954900;79191.0;3463.0;75728.0
955000;79391.0;3463.0;75928.0
955100;79111.0;3463.0;75648.0
955200;79271.0;3463.0;75808.0
955300;79271.0;3463.0;75808.0
955400;79285.0;3477.0;75808.0
955500;79285.0;3477.0;75808.0
955600;79320.0;3512.0;75808.0
955700;79271.0;3463.0;75808.0
955800;79271.0;3463.0;75808.0
955900;78791.0;3463.0;75328.0
956000;79311.0;3463.0;75848.0
956100;79205.0;3477.0;75728.0
956200;79351.0;3463.0;75888.0
956300;79212.0;3484.0;75728.0
956400;79372.0;3484.0;75888.0
956500;79351.0;3463.0;75888.0
956600;79231.0;3463.0;75768.0
956700;79316.0;3428.0;75888.0
956800;79400.0;3512.0;75888.0
956900;79337.0;3449.0;75888.0
957000;79384.0;3456.0;75928.0
957100;79243.0;3435.0;75808.0
957200;79403.0;3435.0;75968.0
957300;79537.0;3449.0;76088.0
957400;79403.0;3435.0;75968.0
957500;79403.0;3435.0;75968.0
957600;79403.0;3435.0;75968.0
957700;79403.0;3435.0;75968.0
957800;79403.0;3435.0;75968.0
957900;79389.0;3421.0;75968.0
958000;79443.0;3435.0;76008.0
958100;79603.0;3435.0;76168.0
958200;79483.0;3435.0;76048.0
958300;79469.0;3421.0;76048.0
958400;79483.0;3435.0;76048.0
958500;79469.0;3421.0;76048.0
958600;79384.0;3456.0;75928.0
958700;79363.0;3435.0;75928.0
958800;79349.0;3421.0;75928.0
958900;79483.0;3435.0;76048.0
959000;79530.0;3442.0;76088.0
959100;80003.0;3435.0;76568.0
959200;79551.0;3463.0;76088.0
959300;79417.0;3449.0;75968.0
959400;79563.0;3435.0;76128.0
959500;79577.0;3449.0;76128.0
959600;79457.0;3449.0;76008.0
959700;79626.0;3498.0;76128.0
959800;79605.0;3477.0;76128.0
959900;79549.0;3421.0;76128.0
960000;79582.0;3414.0;76168.0
960100;79622.0;3414.0;76208.0
960200;79763.0;3435.0;76328.0
960300;79777.0;3449.0;76328.0
960400;79177.0;3449.0;75728.0
960500;79636.0;3428.0;76208.0
960600;79831.0;3463.0;76368.0
960700;79657.0;3449.0;76208.0
960800;79678.0;3470.0;76208.0
960900;79457.0;3449.0;76008.0
961000;79537.0;3449.0;76088.0
961100;79730.0;3442.0;76288.0
961200;79570.0;3442.0;76128.0
961300;79591.0;3463.0;76128.0
961400;79878.0;3470.0;76408.0
961500;79723.0;3435.0;76288.0
961600;79758.0;3470.0;76288.0
961700;79737.0;3449.0;76288.0
961800;79777.0;3449.0;76328.0
961900;79897.0;3449.0;76448.0
962000;79777.0;3449.0;76328.0
962100;79951.0;3463.0;76488.0
962200;79937.0;3449.0;76488.0
962300;79937.0;3449.0;76488.0
962400;79657.0;3449.0;76208.0
962500;79895.0;3407.0;76488.0
962600;79845.0;3477.0;76368.0
962700;79845.0;3477.0;76368.0
962800;79817.0;3449.0;76368.0
962900;79977.0;3449.0;76528.0
963000;79857.0;3449.0;76408.0
963100;79883.0;3435.0;76448.0
963200;79883.0;3435.0;76448.0
963300;79897.0;3449.0;76448.0
963400;79911.0;3463.0;76448.0
963500;79904.0;3456.0;76448.0
963600;79883.0;3435.0;76448.0
963700;80469.0;3421.0;77048.0
963800;80015.0;3407.0;76608.0
963900;79869.0;3421.0;76448.0
964000;79909.0;3421.0;76488.0
964100;79789.0;3421.0;76368.0
964200;79949.0;3421.0;76528.0
964300;79483.0;3435.0;76048.0
964400;79942.0;3414.0;76528.0
964500;79935.0;3407.0;76528.0
964600;79956.0;3428.0;76528.0
964700;79935.0;3407.0;76528.0
964800;79935.0;3407.0;76528.0
964900;79935.0;3407.0;76528.0
965000;79975.0;3407.0;76568.0
965100;80015.0;3407.0;76608.0
965200;79966.0;3358.0;76608.0
965300;80015.0;3407.0;76608.0
965400;80107.0;3379.0;76728.0
965500;80015.0;3407.0;76608.0
965600;80064.0;3456.0;76608.0
965700;80015.0;3407.0;76608.0
965800;79909.0;3421.0;76488.0
965900;80029.0;3421.0;76608.0
966000;80069.0;3421.0;76648.0
966100;80095.0;3407.0;76688.0
966200;80109.0;3421.0;76688.0
966300;79963.0;3435.0;76528.0
966400;80109.0;3421.0;76688.0
966500;80109.0;3421.0;76688.0
966600;80052.0;3484.0;76568.0
966700;79989.0;3421.0;76568.0
966800;80269.0;3421.0;76848.0
966900;80095.0;3407.0;76688.0
967000;80149.0;3421.0;76728.0
967100;80189.0;3421.0;76768.0
967200;80189.0;3421.0;76768.0
967300;80309.0;3421.0;76888.0
967400;80309.0;3421.0;76888.0
967500;80175.0;3407.0;76768.0
967600;80175.0;3407.0;76768.0
967700;80147.0;3379.0;76768.0
967800;80027.0;3379.0;76648.0
967900;80041.0;3393.0;76648.0
968000;80368.0;3400.0;76968.0
968100;80361.0;3393.0;76968.0
968200;80368.0;3400.0;76968.0
968300;80067.0;3379.0;76688.0
968400;80067.0;3379.0;76688.0
968500;80227.0;3379.0;76848.0
968600;80227.0;3379.0;76848.0
968700;80206.0;3358.0;76848.0
968800;80213.0;3365.0;76848.0
968900;80227.0;3379.0;76848.0
969000;80093.0;3365.0;76728.0
969100;80251.0;3323.0;76928.0
969200;80413.0;3365.0;77048.0
969300;80406.0;3358.0;77048.0
969400;80267.0;3379.0;76888.0
969500;80427.0;3379.0;77048.0
969600;80446.0;3358.0;77088.0
969700;80272.0;3344.0;76928.0
969800;80201.0;3273.0;76928.0
969900;80431.0;3343.0;77088.0
970000;80371.0;3403.0;76968.0
970100;80401.0;3393.0;77008.0
970200;80371.0;3363.0;77008.0
970300;80401.0;3393.0;77008.0
970400;80351.0;3343.0;77008.0
970500;80391.0;3383.0;77008.0
970600;80551.0;3383.0;77168.0
970700;80811.0;3363.0;77448.0
970800;80371.0;3363.0;77008.0
970900;80391.0;3383.0;77008.0
971000;80411.0;3363.0;77048.0
971100;80451.0;3363.0;77088.0
971200;80291.0;3363.0;76928.0
971300;80591.0;3383.0;77208.0
971400;80471.0;3383.0;77088.0
971500;80451.0;3363.0;77088.0
971600;80351.0;3383.0;76968.0
971700;80331.0;3363.0;76968.0
971800;80631.0;3383.0;77248.0
971900;80631.0;3383.0;77248.0
972000;80491.0;3363.0;77128.0
972100;80531.0;3363.0;77168.0
972200;80511.0;3343.0;77168.0
972300;80651.0;3363.0;77288.0
972400;80531.0;3363.0;77168.0
972500;80531.0;3363.0;77168.0
972600;80531.0;3363.0;77168.0
972700;81061.0;3453.0;77608.0
972800;80531.0;3363.0;77168.0
972900;80551.0;3383.0;77168.0
973000;80591.0;3383.0;77208.0
973100;80611.0;3363.0;77248.0
973200;80741.0;3373.0;77368.0
973300;80741.0;3373.0;77368.0
973400;80771.0;3403.0;77368.0
973500;80631.0;3383.0;77248.0
973600;80511.0;3383.0;77128.0
973700;80671.0;3423.0;77248.0
973800;80879.0;3471.0;77408.0
973900;80639.0;3391.0;77248.0
974000;80839.0;3391.0;77448.0
974100;80711.0;3383.0;77328.0
974200;80543.0;3375.0;77168.0
974300;80719.0;3391.0;77328.0
974400;80855.0;3407.0;77448.0
974500;80719.0;3391.0;77328.0
974600;80783.0;3415.0;77368.0
974700;80895.0;3407.0;77488.0
974800;80735.0;3407.0;77328.0
974900;80735.0;3407.0;77328.0
975000;80623.0;3415.0;77208.0
975100;80775.0;3407.0;77368.0
975200;80815.0;3407.0;77408.0
975300;80791.0;3423.0;77368.0
975400;80831.0;3423.0;77408.0
975500;80831.0;3423.0;77408.0
975600;80831.0;3423.0;77408.0
975700;80831.0;3423.0;77408.0
975800;80839.0;3431.0;77408.0
975900;80695.0;3407.0;77288.0
976000;81055.0;3447.0;77608.0
976100;80911.0;3423.0;77488.0
976200;80751.0;3423.0;77328.0
976300;80879.0;3391.0;77488.0
976400;81031.0;3423.0;77608.0
976500;81047.0;3439.0;77608.0
976600;81023.0;3415.0;77608.0
976700;80847.0;3359.0;77488.0
976800;80791.0;3423.0;77368.0
976900;80887.0;3399.0;77488.0
977000;80935.0;3407.0;77528.0
977100;80855.0;3447.0;77408.0
977200;80527.0;3439.0;77088.0
977300;80420.0;3332.0;77088.0
977400;81025.0;3457.0;77568.0
977500;80997.5;3549.5;77448.0
977600;81020.0;3452.0;77568.0
977700;81057.5;3489.5;77568.0
977800;81005.0;3437.0;77568.0
977900;81005.0;3437.0;77568.0
978000;81205.0;3437.0;77768.0
978100;81100.0;3452.0;77648.0
978200;81220.0;3452.0;77768.0
978300;81122.5;3474.5;77648.0
978400;81540.0;3452.0;78088.0
978500;81100.0;3452.0;77648.0
978600;81555.0;3467.0;78088.0
978700;81540.0;3452.0;78088.0
978800;81100.0;3452.0;77648.0
978900;81115.0;3467.0;77648.0
979000;81162.5;3474.5;77688.0
979100;81020.0;3452.0;77568.0
979200;81035.0;3467.0;77568.0
979300;81195.0;3467.0;77728.0
979400;81195.0;3467.0;77728.0
979500;81195.0;3467.0;77728.0
979600;81180.0;3452.0;77728.0
979700;81180.0;3452.0;77728.0
979800;81187.5;3459.5;77728.0
979900;81210.0;3482.0;77728.0
980000;81380.0;3452.0;77928.0
980100;81252.5;3444.5;77808.0
980200;81260.0;3452.0;77808.0
980300;81275.0;3467.0;77808.0
980400;81290.0;3482.0;77808.0
980500;81260.0;3452.0;77808.0
980600;81290.0;3482.0;77808.0
980700;81140.0;3452.0;77688.0
980800;81245.0;3437.0;77808.0
980900;81260.0;3452.0;77808.0
981000;81315.0;3467.0;77848.0
981100;81325.0;3437.0;77888.0
981200;80860.0;3452.0;77408.0
981300;81300.0;3452.0;77848.0
981400;81340.0;3452.0;77888.0
981500;81340.0;3452.0;77888.0
981600;81205.0;3437.0;77768.0
981700;81340.0;3452.0;77888.0
981800;81340.0;3452.0;77888.0
981900;81515.0;3467.0;78048.0
982000;81500.0;3452.0;78048.0
982100;81390.0;3422.0;77968.0
982200;81427.5;3459.5;77968.0
982300;81405.0;3437.0;77968.0
982400;81405.0;3437.0;77968.0
982500;81405.0;3437.0;77968.0
982600;81405.0;3437.0;77968.0
982700;81405.0;3437.0;77968.0
982800;81405.0;3437.0;77968.0
982900;81270.0;3422.0;77848.0
983000;81430.0;3422.0;78008.0
983100;81500.0;3452.0;78048.0
983200;81485.0;3437.0;78048.0
983300;81462.5;3414.5;78048.0
983400;81485.0;3437.0;78048.0
983500;81500.0;3452.0;78048.0
983600;81380.0;3452.0;77928.0
983700;81485.0;3437.0;78048.0
983800;81485.0;3437.0;78048.0
983900;81500.0;3452.0;78048.0
984000;81540.0;3452.0;78088.0
984100;81557.5;3429.5;78128.0
984200;81457.5;3489.5;77968.0
984300;81380.0;3452.0;77928.0
984400;81397.5;3429.5;77968.0
984500;81307.5;3339.5;77968.0
984600;81616.0;3488.0;78128.0
984700;81735.5;3447.5;78288.0
984800;81455.5;3447.5;78008.0
984900;81616.0;3488.0;78128.0
985000;81616.0;3488.0;78128.0
985100;81696.0;3488.0;78208.0
985200;81696.0;3488.0;78208.0
985300;81775.5;3447.5;78328.0
985400;81601.5;3393.5;78208.0
985500;81816.0;3488.0;78328.0
985600;81616.5;3528.5;78088.0
985700;81816.5;3608.5;78208.0
985800;81582.5;3494.5;78088.0
985900;81712.0;3504.0;78208.0
986000;81573.0;3485.0;78088.0
986100;81272.0;3504.0;77768.0
986200;81632.0;3504.0;78128.0
986300;81931.0;3523.0;78408.0
986400;81651.0;3523.0;78128.0
986500;81839.5;3551.5;78288.0
986600;81811.0;3523.0;78288.0
986700;81830.0;3542.0;78288.0
986800;81830.0;3542.0;78288.0
986900;81830.0;3542.0;78288.0
987000;81870.0;3542.0;78328.0
987100;81919.5;3551.5;78368.0
987200;81891.0;3523.0;78368.0
987300;82011.0;3523.0;78488.0
987400;82011.0;3523.0;78488.0
987500;81742.5;3494.5;78248.0
987600;81742.5;3494.5;78248.0
987700;82022.5;3494.5;78528.0
987800;81910.0;3542.0;78368.0
987900;81891.0;3523.0;78368.0
988000;81799.5;3551.5;78248.0
988100;81990.0;3542.0;78448.0
988200;82110.0;3542.0;78568.0
988300;82411.0;3523.0;78888.0
988400;81971.0;3523.0;78448.0
988500;81851.0;3523.0;78328.0
988600;81971.0;3523.0;78448.0
988700;81852.0;3404.0;78448.0
988800;81894.0;3566.0;78328.0
988900;81987.0;3539.0;78448.0
989000;82040.5;3552.5;78488.0
989100;82067.0;3539.0;78528.0
989200;82040.0;3512.0;78528.0
989300;82040.0;3512.0;78528.0
989400;81880.0;3512.0;78368.0
989500;82013.0;3485.0;78528.0
989600;82014.5;3606.5;78408.0
989700;82040.0;3512.0;78528.0
989800;82040.0;3512.0;78528.0
989900;82200.0;3512.0;78688.0
990000;82026.0;3458.0;78568.0
990100;81931.0;3323.0;78608.0
990200;82066.0;3458.0;78608.0
990300;82066.0;3458.0;78608.0
990400;82066.0;3458.0;78608.0
990500;82066.0;3458.0;78608.0
990600;81946.0;3458.0;78488.0
990700;82066.0;3458.0;78608.0
990800;82025.5;3417.5;78608.0
990900;82066.0;3458.0;78608.0
991000;81865.5;3417.5;78448.0
991100;82146.0;3458.0;78688.0
991200;82146.0;3458.0;78688.0
991300;82119.0;3431.0;78688.0
991400;82426.0;3458.0;78968.0
991500;82146.0;3458.0;78688.0
991600;81973.0;3485.0;78488.0
991700;82053.0;3485.0;78568.0
991800;82200.0;3512.0;78688.0
991900;81999.0;3431.0;78568.0
992000;82213.0;3485.0;78728.0
992100;82253.0;3485.0;78768.0
992200;82199.0;3431.0;78768.0
992300;82226.0;3458.0;78768.0
992400;82066.0;3458.0;78608.0
992500;82253.0;3485.0;78768.0
992600;82212.5;3444.5;78768.0
992700;82160.0;3512.0;78648.0
992800;82106.0;3458.0;78648.0
992900;82226.0;3458.0;78768.0
993000;82266.0;3458.0;78808.0
993100;82292.5;3444.5;78848.0
993200;82141.0;3293.0;78848.0
993300;82363.0;3515.0;78848.0
993400;82326.0;3478.0;78848.0
993500;82326.0;3478.0;78848.0
993600;82206.0;3478.0;78728.0
993700;82243.0;3515.0;78728.0
993800;82206.0;3478.0;78728.0
993900;82363.0;3515.0;78848.0
994000;82440.0;3552.0;78888.0
994100;82320.0;3552.0;78768.0
994200;82320.0;3552.0;78768.0
994300;82443.0;3515.0;78928.0
994400;82406.0;3478.0;78928.0
994500;82443.0;3515.0;78928.0
994600;82323.0;3515.0;78808.0
994700;82406.0;3478.0;78928.0
994800;82406.0;3478.0;78928.0
994900;82350.5;3422.5;78928.0
995000;82538.5;3570.5;78968.0
995100;82981.5;3533.5;79448.0
995200;82981.5;3533.5;79448.0
995300;82726.0;3278.0;79448.0
995400;82286.0;3278.0;79008.0
995500;82538.0;3530.0;79008.0
995600;82580.0;3572.0;79008.0
995700;82580.0;3572.0;79008.0
995800;82517.0;3509.0;79008.0
995900;82460.0;3572.0;78888.0
996000;82683.0;3635.0;79048.0
996100;82626.0;3698.0;78928.0
996200;82639.0;3551.0;79088.0
996300;82639.0;3551.0;79088.0
996400;82681.0;3593.0;79088.0
996500;82243.0;3635.0;78608.0
996600;82723.0;3635.0;79088.0
996700;82660.0;3572.0;79088.0
996800;82660.0;3572.0;79088.0
996900;82597.0;3509.0;79088.0
997000;82860.0;3572.0;79288.0
997100;82580.0;3572.0;79008.0
997200;82580.0;3572.0;79008.0
997300;82698.0;3530.0;79168.0
997400;82475.0;3467.0;79008.0
997500;82740.0;3572.0;79168.0
997600;82677.0;3509.0;79168.0
997700;82900.0;3572.0;79328.0
997800;82740.0;3572.0;79168.0
997900;82620.0;3572.0;79048.0
998000;82982.0;3614.0;79368.0
998100;82862.0;3614.0;79248.0
998200;82862.0;3614.0;79248.0
998300;82822.0;3614.0;79208.0
998400;82820.0;3572.0;79248.0
998500;82778.0;3530.0;79248.0
998600;82820.0;3572.0;79248.0
998700;82820.0;3572.0;79248.0
998800;82925.0;3677.0;79248.0
998900;82980.0;3572.0;79408.0
999000;82860.0;3572.0;79288.0
999100;82942.0;3614.0;79328.0
999200;82942.0;3614.0;79328.0
999300;82963.0;3635.0;79328.0
999400;82963.0;3635.0;79328.0
999500;82822.0;3614.0;79208.0
999600;82942.0;3614.0;79328.0
999700;82900.0;3572.0;79328.0
999800;82900.0;3572.0;79328.0
999900;82900.0;3572.0;79328.0
