rank,name,family,lookback,entry,exit,direction,target,total_pnl,day0,day1,day2,max_abs_pos,turnover,fills,time_at_limit_pct
1,ema_diff_trend,ema_diff,50,5.0,0.0,1,200,3613233.0,1312823.0,1226216.0,1074194.0,200,128689,7053,71.33
2,momentum_trend,momentum,50,4.0,0.0,1,200,3549898.0,1286566.0,1177063.0,1086269.0,200,138611,7677,62.51
3,mid_z_trend,mid_z,50,1.5,0.0,1,200,3527661.0,1252121.0,1212427.0,1063113.0,200,135901,7474,68.25
4,ema_diff_trend,ema_diff,100,3.0,0.0,1,200,3442261.0,1279955.0,1173554.0,988752.0,200,145635,7978,78.89
5,mid_z_trend,mid_z,100,0.75,0.0,1,200,3403828.0,1329429.0,1177276.0,897123.0,200,126764,6977,81.62
6,mid_z_trend,mid_z,50,1.25,0.0,1,200,3317161.0,1193162.0,1162107.0,961892.0,200,158261,8698,71.43
7,ema_diff_trend,ema_diff,100,2.0,0.0,1,200,3150195.0,1201535.0,1069862.0,878798.0,200,176711,9698,77.92
8,mid_z_trend,mid_z,100,1.0,0.25,1,200,3150107.0,1121642.0,1062647.0,965818.0,200,179045,10030,60.6
9,mid_z_trend,mid_z,50,1.0,0.0,1,200,3126160.0,1118388.0,1094495.0,913277.0,200,179217,9837,72.86
10,ema_diff_trend,ema_diff,50,3.0,0.0,1,200,3047514.0,1126073.0,1064138.0,857303.0,200,188573,10381,71.48
11,momentum_trend,momentum,50,2.0,0.0,1,200,3031428.0,1095029.0,1055467.0,880932.0,200,191535,10607,70.92
12,mid_z_trend,mid_z,50,0.75,0.0,1,200,2943029.0,1051603.0,1020982.0,870444.0,200,201637,11103,73.91
13,mid_z_trend,mid_z,100,0.75,0.25,1,200,2882827.0,1036629.0,981470.0,864728.0,200,207347,11591,65.17
14,mid_z_trend,mid_z,100,1.0,0.5,1,200,2753880.0,952375.0,934024.0,867481.0,200,220387,12445,54.69
15,ema_diff_trend,ema_diff,100,1.0,0.0,1,200,2735343.0,1080742.0,936386.0,718215.0,200,220111,12104,77.6
16,ema_diff_trend,ema_diff,50,2.0,0.0,1,200,2714685.0,995794.0,952176.0,766715.0,200,226489,12488,71.69
17,mid_z_trend,mid_z,50,2.0,0.0,1,150,2634642.0,892511.0,908788.0,833343.0,150,74325,4081,64.27
18,mid_z_trend,mid_z,100,1.25,0.25,1,200,2512081.0,1177417.0,1148333.0,186331.0,200,157144,8835,56.26
19,ema_diff_trend,ema_diff,100,5.0,0.0,1,200,2400520.0,1357632.0,1268553.0,-225665.0,200,106270,5855,78.44
20,mid_z_trend,mid_z,100,0.75,0.0,1,150,2383601.0,898508.0,781380.0,703713.0,150,101051,5578,84.83
21,ema_diff_trend,ema_diff,50,5.0,0.0,1,150,2366001.0,881164.0,813269.0,671568.0,150,104551,5746,76.24
22,mid_z_trend,mid_z,100,0.75,0.5,1,200,2306090.0,818437.0,793854.0,693799.0,200,267747,15062,59.26
23,mid_z_trend,mid_z,50,1.5,0.0,1,150,2303205.0,831373.0,803479.0,668353.0,150,110313,6098,75.22
24,mid_z_trend,mid_z,50,2.0,0.0,1,200,2290203.0,1331032.0,362980.0,596191.0,200,88171,4835,56.63
25,momentum_trend,momentum,50,4.0,0.0,1,150,2289362.0,848627.0,759940.0,680795.0,150,113603,6323,66.15
26,ema_diff_trend,ema_diff,20,5.0,0.0,1,200,2277760.0,1254842.0,230647.0,792271.0,200,135585,7444,52.12
27,ema_diff_trend,ema_diff,20,5.0,0.0,1,150,2270692.0,821604.0,786189.0,662899.0,150,115457,6344,59.17
28,mid_z_trend,mid_z,100,2.0,0.25,1,200,2239450.0,1287264.0,1324691.0,-372505.0,200,105042,5936,38.91
29,ema_diff_trend,ema_diff,100,3.0,0.0,1,150,2232995.0,858543.0,771624.0,602828.0,150,118205,6515,82.43
30,mid_z_trend,mid_z,100,1.25,0.5,1,200,2219751.0,1040293.0,1059185.0,120273.0,200,187306,10601,50.14
31,ema_diff_trend,ema_diff,20,3.0,0.0,1,200,2212230.0,907816.0,529236.0,775178.0,200,239835,13167,55.79
32,ema_diff_trend,ema_diff,10,5.0,0.0,1,200,2208741.0,1336022.0,-345307.0,1218026.0,200,102816,5625,34.34
33,momentum_trend,momentum,50,6.0,0.0,1,200,2208151.0,1321953.0,1285153.0,-398955.0,200,107628,5982,51.54
34,mid_z_trend,mid_z,100,1.0,0.0,1,200,2190894.0,1368683.0,1246931.0,-424720.0,200,107948,5941,81.66
35,ema_diff_trend,ema_diff,100,5.0,0.0,1,150,2133846.0,929467.0,854468.0,349911.0,150,85318,4722,81.84
36,mid_z_trend,mid_z,50,1.25,0.0,1,150,2132080.0,780256.0,756573.0,595251.0,150,127811,7064,77.57
37,mid_z_trend,mid_z,100,2.0,0.5,1,200,2129809.0,1248996.0,1286565.0,-405752.0,200,116342,6612,33.44
38,ema_diff_trend,ema_diff,50,1.0,0.0,1,200,2110499.0,803635.0,725036.0,581828.0,200,289157,15942,70.46
39,mid_z_trend,mid_z,50,1.25,0.25,1,200,2041981.0,878216.0,478411.0,685354.0,200,249599,13915,50.5
40,mid_z_trend,mid_z,20,2.0,0.0,1,150,2039388.0,751502.0,750288.0,537598.0,150,123064,6752,43.07
41,mid_z_trend,mid_z,20,1.5,0.0,1,200,2009383.0,947817.0,224399.0,837167.0,200,220360,12079,46.43
42,mid_z_trend,mid_z,50,1.0,0.0,1,150,1993390.0,730602.0,703764.0,559024.0,150,143687,7935,78.01
43,ema_diff_trend,ema_diff,100,2.0,0.0,1,150,1977348.0,786350.0,678536.0,512462.0,150,145081,8021,81.68
44,mid_z_trend,mid_z,100,1.0,0.25,1,150,1975679.0,718248.0,662129.0,595302.0,150,146645,8232,63.53
45,mid_z_trend,mid_z,20,1.25,0.0,1,200,1972304.0,798870.0,461018.0,712416.0,200,264091,14493,51.21
46,mid_z_trend,mid_z,100,1.5,0.25,1,200,1906763.0,1202621.0,1212940.0,-508798.0,200,139678,7870,51.09
47,mid_z_trend,mid_z,50,0.75,0.25,1,200,1900961.0,671855.0,651132.0,577974.0,200,307515,17106,58.93
48,ema_diff_trend,ema_diff,50,3.0,0.0,1,150,1893385.0,717147.0,673054.0,503184.0,150,154721,8549,76.36
49,momentum_trend,momentum,50,2.0,0.0,1,150,1870201.0,687582.0,672764.0,509855.0,150,157847,8792,74.58
50,mid_z_trend,mid_z,100,1.25,0.0,1,200,1857098.0,1386344.0,1324978.0,-854224.0,200,94168,5186,81.33
51,mid_z_trend,mid_z,50,0.75,0.0,1,150,1846559.0,667065.0,654226.0,525268.0,150,161917,8956,78.76
52,mid_z_trend,mid_z,100,1.0,0.0,1,150,1835893.0,936457.0,819337.0,80099.0,150,86036,4754,84.95
53,mid_z_trend,mid_z,50,1.0,0.25,1,200,1821817.0,778255.0,391948.0,651614.0,200,276954,15413,55.05
54,mid_z_trend,mid_z,100,1.25,0.25,1,150,1813899.0,771211.0,740260.0,302428.0,150,127354,7167,59.16
55,mid_z_trend,mid_z,50,2.0,0.25,1,200,1810066.0,1100933.0,364598.0,344535.0,200,161148,9021,30.28
56,ema_diff_trend,ema_diff,10,5.0,0.0,1,150,1777166.0,880597.0,121363.0,775206.0,150,91013,5021,42.49
57,mid_z_trend,mid_z,100,0.75,0.25,1,150,1745321.0,640355.0,606023.0,498943.0,150,171747,9637,68.21
58,mid_z_trend,mid_z,100,1.5,0.5,1,200,1677321.0,1099170.0,1139955.0,-561804.0,200,162660,9246,44.93
59,mid_z_trend,mid_z,100,1.0,0.5,1,150,1633066.0,569161.0,561681.0,502224.0,150,182315,10295,57.38
60,ema_diff_trend,ema_diff,50,8.0,0.0,1,150,1613013.0,981022.0,155765.0,476226.0,150,58991,3254,69.36
61,ema_diff_trend,ema_diff,50,2.0,0.0,1,150,1611714.0,597631.0,578062.0,436021.0,150,187185,10369,76.2
62,ema_diff_trend,ema_diff,100,1.0,0.0,1,150,1595304.0,668157.0,552370.0,374777.0,150,185061,10244,81.23
63,momentum_revert,momentum,50,12.0,0.0,-1,200,1581467.0,-67721.0,123095.0,1526093.0,200,33123,1871,16.7
64,mid_z_trend,mid_z,100,1.25,0.5,1,150,1566513.0,654504.0,670236.0,241773.0,150,152356,8614,52.82
65,mid_z_revert,mid_z,500,1.25,0.0,-1,200,1547823.0,-1678491.0,1633178.0,1593136.0,200,33601,1868,90.43
66,mid_z_trend,mid_z,100,1.25,0.0,1,150,1546145.0,957457.0,891450.0,-302762.0,150,73600,4072,85.23
67,mid_z_revert,mid_z,500,1.0,0.0,-1,200,1489066.0,-1702820.0,1626042.0,1565844.0,200,37873,2105,91.21
68,ema_diff_trend,ema_diff,50,8.0,0.0,1,100,1472985.0,535919.0,511211.0,425855.0,100,43403,2459,76.17
69,ema_diff_trend,ema_diff,20,2.0,0.0,1,200,1468539.0,633885.0,269292.0,565362.0,200,317073,17433,56.05
70,mid_z_trend,mid_z,100,2.0,0.25,1,150,1455985.0,867163.0,889915.0,-301093.0,150,84378,4760,42.54
71,mid_z_trend,mid_z,20,2.0,0.0,1,200,1439717.0,1177262.0,281955.0,-19500.0,200,138418,7558,33.81
72,momentum_trend,momentum,20,4.0,0.0,1,200,1431520.0,1104995.0,-165625.0,492150.0,200,193881,10759,40.54
73,momentum_trend,momentum,50,6.0,0.0,1,150,1426310.0,895814.0,858372.0,-327876.0,150,87540,4885,55.27
74,mid_z_revert,mid_z,200,2.0,0.0,-1,200,1420003.0,-1714378.0,1588450.0,1545931.0,200,36359,2019,82.03
75,mid_z_revert,mid_z,500,0.75,0.0,-1,200,1404315.0,-1735183.0,1595950.0,1543548.0,200,44535,2475,91.13
76,ema_diff_revert,ema_diff,500,8.0,0.0,-1,200,1369031.0,-1740775.0,1578256.0,1531550.0,200,45957,2554,87.81
77,mid_z_trend,mid_z,100,2.0,0.5,1,150,1368680.0,839741.0,861094.0,-332155.0,150,93030,5276,36.53
78,mid_z_trend,mid_z,500,2.0,0.0,1,200,1364974.0,1516568.0,1565682.0,-1717276.0,200,17485,962,87.15
79,momentum_trend,momentum,20,6.0,0.0,1,200,1360574.0,1312841.0,-231397.0,279130.0,200,114055,6360,25.23
80,ema_diff_trend,ema_diff,10,3.0,0.0,1,200,1359891.0,890929.0,484252.0,-15290.0,200,250694,13726,40.84
81,mid_z_trend,mid_z,50,2.0,0.0,1,100,1329896.0,471563.0,465207.0,393126.0,100,56901,3207,72.62
82,mid_z_trend,mid_z,100,1.0,0.0,1,100,1294669.0,505916.0,416128.0,372625.0,100,61251,3476,88.34
83,ema_diff_trend,ema_diff,10,8.0,0.0,1,200,1291446.0,1616105.0,-348057.0,23398.0,200,16049,868,12.0
84,ema_diff_trend,ema_diff,100,5.0,0.0,1,100,1286824.0,503928.0,445725.0,337171.0,100,61791,3524,85.57
85,mid_z_revert,mid_z,200,1.5,0.0,-1,200,1269007.0,-1771299.0,1544420.0,1495886.0,200,47939,2675,85.97
86,mid_z_trend,mid_z,20,1.0,0.0,1,200,1238998.0,638346.0,341603.0,259049.0,200,305656,16802,54.17
87,mid_z_trend,mid_z,50,1.5,0.25,1,200,1213381.0,941086.0,184722.0,87573.0,200,222461,12414,45.12
88,mid_z_trend,mid_z,100,0.75,0.5,1,150,1210817.0,441526.0,432323.0,336968.0,150,226789,12774,62.03
89,momentum_trend,momentum,100,6.0,0.0,1,200,1210440.0,1393180.0,1349584.0,-1532324.0,200,81102,4486,65.09
90,ema_diff_revert,ema_diff,200,8.0,0.0,-1,200,1196171.0,-1795761.0,1509160.0,1482772.0,200,59397,3297,83.61
91,ema_diff_revert,ema_diff,500,5.0,0.0,-1,200,1192755.0,-1804218.0,1513749.0,1483224.0,200,63683,3550,87.67
92,mid_z_trend,mid_z,100,0.75,0.0,1,100,1188891.0,475530.0,398340.0,315021.0,100,72601,4117,88.23
93,ema_diff_trend,ema_diff,10,5.0,0.0,1,100,1186006.0,431661.0,415123.0,339222.0,100,75611,4234,52.03
94,mid_z_revert,mid_z,200,1.25,0.0,-1,200,1185693.0,-1803485.0,1517893.0,1471285.0,200,57099,3174,85.9
95,mid_z_trend,mid_z,100,1.5,0.25,1,150,1185283.0,797020.0,794121.0,-405858.0,150,112558,6342,53.84
96,ema_diff_trend,ema_diff,50,5.0,0.0,1,100,1158835.0,456378.0,414999.0,287458.0,100,76827,4339,81.03
97,mid_z_trend,mid_z,20,0.75,0.0,1,200,1157406.0,491347.0,185107.0,480952.0,200,351781,19320,55.75
98,mid_z_trend,mid_z,50,1.5,0.0,1,100,1117273.0,422059.0,400622.0,294592.0,100,80545,4566,81.87
99,mid_z_revert,mid_z,200,1.0,0.0,-1,200,1113256.0,-1827770.0,1495488.0,1445538.0,200,66311,3692,86.59
100,momentum_trend,momentum,50,4.0,0.0,1,100,1094634.0,423179.0,367349.0,304106.0,100,83429,4832,70.23
101,ema_diff_trend,ema_diff,20,3.0,0.0,1,150,1091593.0,521203.0,144060.0,426330.0,150,202423,11159,62.18
102,ema_diff_trend,ema_diff,50,8.0,0.0,1,200,1091406.0,1424314.0,-264217.0,-68691.0,200,72445,3985,64.87
103,mid_z_revert,mid_z,500,1.5,0.0,-1,150,1069512.0,-1170122.0,1137608.0,1102026.0,150,21499,1216,90.85
104,momentum_revert,momentum,200,12.0,0.0,-1,200,1066565.0,-1717084.0,1232557.0,1551092.0,200,36560,2048,55.94
105,ema_diff_trend,ema_diff,100,3.0,0.0,1,100,1066531.0,443614.0,377325.0,245592.0,100,86681,4895,86.14
106,momentum_trend,momentum,50,6.0,0.0,1,100,1057286.0,471091.0,440541.0,145654.0,100,64531,3758,59.67
107,mid_z_revert,mid_z,500,1.25,0.0,-1,150,1050263.0,-1179919.0,1136589.0,1093593.0,150,25951,1456,91.35
108,ema_diff_trend,ema_diff,50,1.0,0.0,1,150,1049535.0,428389.0,360097.0,261049.0,150,245151,13576,74.87
109,mid_z_trend,mid_z,100,2.0,0.0,1,200,1046630.0,1452140.0,1436293.0,-1841803.0,200,57555,3172,74.69
110,ema_diff_trend,ema_diff,20,5.0,0.0,1,100,1033361.0,399723.0,367606.0,266032.0,100,89793,5072,67.58
111,momentum_trend,momentum,100,4.0,0.0,1,200,1021582.0,1377618.0,1271722.0,-1627758.0,200,100410,5556,72.5
112,mid_z_trend,mid_z,100,1.25,0.25,1,100,1010622.0,376816.0,346718.0,287088.0,100,93469,5522,62.41
113,momentum_revert,momentum,10,8.0,0.0,-1,200,1007818.0,-87586.0,706143.0,389261.0,200,39474,2256,1.69
114,mid_z_revert,mid_z,500,1.0,0.0,-1,150,1003782.0,-1199284.0,1128801.0,1074265.0,150,29381,1647,92.59
115,mid_z_trend,mid_z,50,1.25,0.0,1,100,1003484.0,387729.0,364128.0,251627.0,100,92359,5257,83.11
116,mid_z_trend,mid_z,100,1.5,0.5,1,150,998632.0,715223.0,737569.0,-454160.0,150,131004,7432,47.63
117,mid_z_trend,mid_z,20,2.0,0.25,1,200,998604.0,854802.0,-3607.0,147409.0,200,239152,13228,15.74
118,mid_z_trend,mid_z,50,1.25,0.25,1,150,998186.0,512449.0,124798.0,360939.0,150,205411,11492,55.03
119,ema_diff_revert,ema_diff,500,3.0,0.0,-1,200,997687.0,-1869593.0,1441346.0,1425934.0,200,83275,4636,88.64
120,mid_z_trend,mid_z,200,2.0,0.25,1,200,956525.0,1440176.0,-223743.0,-259908.0,200,63851,3633,42.2
121,mid_z_revert,mid_z,200,2.0,0.0,-1,150,949595.0,-1211577.0,1100567.0,1060605.0,150,28421,1598,84.91
122,mid_z_trend,mid_z,500,2.0,0.0,1,150,946200.0,1054238.0,1086957.0,-1194995.0,150,13635,753,89.67
123,mid_z_revert,mid_z,500,0.75,0.0,-1,150,937425.0,-1222628.0,1103162.0,1056891.0,150,34411,1935,92.45
124,momentum_revert,momentum,200,8.0,0.0,-1,200,934580.0,-1751809.0,1186980.0,1499409.0,200,49456,2771,68.6
125,mid_z_trend,mid_z,20,2.0,0.0,1,100,927060.0,335747.0,333486.0,257827.0,100,100623,5662,56.04
126,momentum_revert,momentum,100,12.0,0.0,-1,200,925917.0,-1747215.0,1555087.0,1118045.0,200,41432,2342,38.28
127,momentum_revert,momentum,50,12.0,0.0,-1,150,919978.0,-62267.0,-58772.0,1041017.0,150,27045,1535,18.79
128,mid_z_trend,mid_z,50,1.0,0.0,1,100,911856.0,355244.0,335929.0,220683.0,100,103609,5888,83.18
129,ema_diff_revert,ema_diff,500,8.0,0.0,-1,150,908045.0,-1228391.0,1090199.0,1046237.0,150,35965,2023,89.65
130,mid_z_trend,mid_z,50,0.75,0.25,1,150,899787.0,322993.0,318253.0,258541.0,150,257889,14416,63.2
131,mid_z_trend,mid_z,200,2.0,0.5,1,200,899677.0,1410820.0,-236000.0,-275143.0,200,69875,3984,35.38
132,mid_z_revert,mid_z,500,1.5,0.0,-1,200,898365.0,-1668716.0,965364.0,1601717.0,200,27682,1547,89.3
133,ema_diff_trend,ema_diff,20,8.0,0.0,1,100,895038.0,556099.0,-120301.0,459240.0,100,33770,1917,58.57
134,momentum_trend,momentum,100,6.0,0.0,1,150,883799.0,953593.0,904426.0,-974220.0,150,65886,3661,67.38
135,momentum_trend,momentum,20,6.0,0.0,1,150,876371.0,862617.0,-317155.0,330909.0,150,98584,5524,28.9
136,mid_z_trend,mid_z,20,1.25,0.0,1,150,859546.0,412419.0,83236.0,363891.0,150,225987,12497,58.87
137,mid_z_trend,mid_z,100,1.0,0.25,1,100,859534.0,327234.0,292606.0,239694.0,100,109489,6438,66.55
138,ema_diff_trend,ema_diff,100,2.0,0.0,1,100,845351.0,375648.0,297834.0,171869.0,100,109697,6206,85.62
139,mid_z_revert,mid_z,200,1.5,0.0,-1,150,832304.0,-1251546.0,1063938.0,1019912.0,150,37233,2091,88.53
140,momentum_revert,momentum,200,6.0,0.0,-1,200,828779.0,-1790395.0,1149550.0,1469624.0,200,57904,3230,74.58
141,mid_z_trend,mid_z,20,1.5,0.0,1,150,826900.0,540403.0,-169102.0,455599.0,150,190478,10519,55.33
142,mid_z_trend,mid_z,100,1.25,0.5,1,100,824846.0,287015.0,300242.0,237589.0,100,112315,6671,55.8
143,mid_z_trend,mid_z,50,1.0,0.25,1,150,815455.0,430104.0,49354.0,335997.0,150,228938,12800,59.51
144,ema_diff_trend,ema_diff,50,3.0,0.0,1,100,800823.0,321631.0,300604.0,178588.0,100,115239,6537,81.36
145,mid_z_trend,mid_z,50,0.75,0.0,1,100,785066.0,296678.0,295096.0,193292.0,100,118479,6720,83.66
146,mid_z_trend,mid_z,100,1.5,0.0,1,200,782008.0,1395599.0,1363638.0,-1977229.0,200,83809,4605,79.02
147,mid_z_trend,mid_z,100,1.25,0.0,1,100,778796.0,524816.0,461850.0,-207870.0,100,52032,2965,88.91
148,mid_z_trend,mid_z,50,0.75,0.5,1,200,775363.0,393755.0,28469.0,353139.0,200,385304,21543,52.97
149,ema_diff_revert,ema_diff,200,8.0,0.0,-1,150,772446.0,-1272327.0,1036942.0,1007831.0,150,46635,2606,85.77
150,mid_z_revert,mid_z,200,1.25,0.0,-1,150,770510.0,-1274637.0,1044606.0,1000541.0,150,45117,2530,88.17
151,ema_diff_revert,ema_diff,500,5.0,0.0,-1,150,764993.0,-1280318.0,1037696.0,1007615.0,150,50619,2841,89.65
152,momentum_trend,momentum,20,2.0,0.0,1,200,756466.0,696473.0,687270.0,-627277.0,200,305392,16886,54.29
153,momentum_trend,momentum,50,2.0,0.0,1,100,745151.0,304514.0,286802.0,153835.0,100,120585,6917,78.7
154,mid_z_trend,mid_z,200,1.5,0.25,1,200,734516.0,1380825.0,-292682.0,-353627.0,200,86519,4903,53.83
155,momentum_trend,momentum,100,4.0,0.0,1,150,723082.0,926934.0,845945.0,-1049797.0,150,82074,4566,74.84
156,mid_z_revert,mid_z,200,1.0,0.0,-1,150,716979.0,-1292245.0,1028204.0,981020.0,150,52709,2954,88.98
157,mid_z_trend,mid_z,100,2.0,0.25,1,100,704935.0,460895.0,465131.0,-221091.0,100,60670,3604,46.45
158,mid_z_trend,mid_z,100,2.0,0.0,1,150,691840.0,1006037.0,983336.0,-1297533.0,150,45965,2546,79.74
159,momentum_revert,momentum,200,4.0,0.0,-1,200,687526.0,-1841584.0,1106451.0,1422659.0,200,72624,4041,80.26
160,momentum_revert,momentum,100,8.0,0.0,-1,200,680201.0,-1833569.0,1467524.0,1046246.0,200,67306,3769,56.45
161,momentum_trend,momentum,100,2.0,0.0,1,200,653245.0,1229804.0,1164106.0,-1740665.0,200,136504,7570,78.87
162,mid_z_trend,mid_z,100,0.75,0.25,1,100,650447.0,255305.0,240370.0,154772.0,100,131509,7714,71.27
163,mid_z_trend,mid_z,100,2.0,0.5,1,100,638843.0,440877.0,443686.0,-245720.0,100,67066,4000,39.81
164,imbalance_z_trend,imbalance_z,200,0.75,0.0,1,200,636527.0,814636.0,-95318.0,-82791.0,200,34091,1843,13.7
165,imbalance_z_trend,imbalance_z,200,1.0,0.0,1,200,636527.0,814636.0,-95318.0,-82791.0,200,34091,1843,13.7
166,imbalance_z_trend,imbalance_z,200,1.5,0.0,1,200,636527.0,814636.0,-95318.0,-82791.0,200,34091,1843,13.7
167,imbalance_z_trend,imbalance_z,200,2.0,0.0,1,200,636527.0,814636.0,-95318.0,-82791.0,200,34091,1843,13.7
168,mid_z_trend,mid_z,200,1.5,0.5,1,200,622575.0,1340880.0,-332848.0,-385457.0,200,99003,5629,47.41
169,momentum_revert,momentum,10,8.0,0.0,-1,150,613368.0,-88508.0,305561.0,396315.0,150,36877,2127,3.87
170,mid_z_trend,mid_z,200,2.0,0.25,1,150,606995.0,988661.0,-175275.0,-206391.0,150,50531,2876,44.52
171,ema_diff_revert,ema_diff,500,3.0,0.0,-1,150,604482.0,-1333914.0,979533.0,958863.0,150,66509,3723,90.84
172,momentum_trend,momentum,100,6.0,0.0,1,100,585724.0,520552.0,472084.0,-406912.0,100,47968,2782,70.21
173,momentum_revert,momentum,200,12.0,0.0,-1,150,583384.0,-1212884.0,737729.0,1058539.0,150,28738,1616,57.65
174,mid_z_trend,mid_z,10,1.5,0.0,1,200,582791.0,734041.0,-49213.0,-102037.0,200,287225,15711,30.66
175,mid_z_trend,mid_z,100,1.0,0.5,1,100,579262.0,210223.0,211386.0,157653.0,100,138209,8175,60.37
176,mid_z_trend,mid_z,50,2.0,0.25,1,150,576537.0,697162.0,-34550.0,-86075.0,150,136155,7625,36.43
177,mid_z_revert,mid_z,500,1.5,0.0,-1,100,571850.0,-670876.0,638794.0,603932.0,100,14895,863,93.15
178,ema_diff_trend,ema_diff,50,2.0,0.0,1,100,568101.0,224806.0,216146.0,127149.0,100,142031,8076,81.19
179,ema_diff_trend,ema_diff,100,8.0,0.0,1,100,565451.0,523090.0,507919.0,-465558.0,100,39655,2255,84.7
180,mid_z_trend,mid_z,200,2.0,0.5,1,150,564751.0,966504.0,-183637.0,-218116.0,150,55035,3131,37.57
181,mid_z_revert,mid_z,500,1.25,0.0,-1,100,557867.0,-678522.0,639573.0,596816.0,100,18045,1044,94.21
182,mid_z_trend,mid_z,200,1.25,0.25,1,200,555331.0,1326736.0,-347229.0,-424176.0,200,103277,5845,58.86
183,mid_z_trend,mid_z,500,2.0,0.0,1,100,528234.0,591837.0,607589.0,-671192.0,100,9655,553,92.4
184,mid_z_revert,mid_z,500,1.0,0.0,-1,100,523586.0,-693825.0,633673.0,583738.0,100,20169,1170,94.85
185,ema_diff_trend,ema_diff,20,8.0,0.0,1,150,520393.0,1017827.0,-621411.0,123977.0,150,42389,2345,49.7
186,ema_diff_trend,ema_diff,200,3.0,0.0,1,200,509403.0,1314852.0,1238573.0,-2044022.0,200,110927,6104,84.61
187,ema_diff_trend,ema_diff,100,1.0,0.0,1,100,508364.0,267006.0,182800.0,58558.0,100,144647,8197,85.13
188,mid_z_trend,mid_z,100,1.5,0.25,1,100,506649.0,399677.0,389650.0,-282678.0,100,81600,4849,57.62
189,momentum_revert,momentum,200,2.0,0.0,-1,200,493680.0,-1895420.0,1038788.0,1350312.0,200,94360,5254,84.24
190,mid_z_revert,mid_z,200,2.0,0.0,-1,100,483017.0,-703578.0,613558.0,573037.0,100,19721,1146,88.97
191,mid_z_trend,mid_z,100,1.5,0.0,1,150,482493.0,964926.0,921641.0,-1404074.0,150,66353,3662,83.08
192,momentum_revert,momentum,200,8.0,0.0,-1,150,480020.0,-1242089.0,702946.0,1019163.0,150,39168,2215,69.86
193,mid_z_revert,mid_z,500,0.75,0.0,-1,100,477664.0,-708419.0,614385.0,571698.0,100,23855,1382,94.02
194,ema_diff_trend,ema_diff,100,8.0,0.0,1,150,476460.0,965805.0,536338.0,-1025683.0,150,55178,3055,79.66
195,momentum_revert,momentum,100,12.0,0.0,-1,150,469051.0,-1235992.0,1066686.0,638357.0,150,32768,1864,40.6
196,momentum_revert,momentum,500,12.0,0.0,-1,200,467459.0,-1698907.0,583719.0,1582647.0,200,27115,1530,58.17
197,ema_diff_revert,ema_diff,500,2.0,0.0,-1,200,463095.0,-1915092.0,998693.0,1379494.0,200,98491,5489,88.44
198,ema_diff_revert,ema_diff,500,8.0,0.0,-1,100,456229.0,-713094.0,605517.0,563806.0,100,25399,1475,91.39
199,momentum_revert,momentum,50,12.0,0.0,-1,100,453332.0,-55460.0,-49439.0,558231.0,100,20095,1199,22.36
200,momentum_trend,momentum,100,4.0,0.0,1,100,447941.0,482726.0,426157.0,-460942.0,100,61274,3535,77.77
201,ema_diff_trend,ema_diff,20,2.0,0.0,1,150,428717.0,268157.0,-76941.0,237501.0,150,270829,14994,62.2
202,mid_z_trend,mid_z,200,1.5,0.25,1,150,423287.0,935341.0,-231038.0,-281016.0,150,69157,3925,55.57
203,momentum_trend,momentum,100,2.0,0.0,1,150,417622.0,810181.0,748454.0,-1141013.0,150,112920,6306,81.5
204,momentum_revert,momentum,500,8.0,0.0,-1,200,413150.0,-1722849.0,572168.0,1563831.0,200,40063,2261,70.45
205,mid_z_revert,mid_z,200,1.5,0.0,-1,100,406690.0,-728158.0,588136.0,546712.0,100,26223,1519,90.88
206,momentum_revert,momentum,200,6.0,0.0,-1,150,393950.0,-1271762.0,672262.0,993450.0,150,46568,2620,75.89
207,mid_z_trend,mid_z,200,1.0,0.25,1,200,393615.0,1280587.0,-420463.0,-466509.0,200,119871,6750,63.67
208,mid_z_trend,mid_z,200,1.25,0.5,1,200,393245.0,1259950.0,-393588.0,-473117.0,200,121393,6883,52.28
209,momentum_trend,momentum,500,2.0,0.0,1,150,387591.0,894728.0,929311.0,-1436448.0,150,67963,3810,84.62
210,mid_z_trend,mid_z,100,1.5,0.5,1,100,371002.0,340575.0,352807.0,-322380.0,100,95074,5669,51.18
211,mid_z_revert,mid_z,200,1.25,0.0,-1,100,365693.0,-742873.0,575008.0,533558.0,100,32031,1843,90.77
212,mid_z_trend,mid_z,50,1.0,0.5,1,200,361349.0,570600.0,-167711.0,-41540.0,200,335910,18848,48.83
213,ema_diff_revert,ema_diff,200,8.0,0.0,-1,100,358738.0,-746370.0,570493.0,534615.0,100,33213,1898,89.33
214,mid_z_trend,mid_z,50,2.0,0.5,1,200,358307.0,1029757.0,-78551.0,-592899.0,200,185863,10471,25.85
215,ema_diff_revert,ema_diff,500,5.0,0.0,-1,100,352387.0,-751928.0,568418.0,535897.0,100,36213,2086,92.19
216,mid_z_trend,mid_z,100,2.0,0.0,1,100,340311.0,556040.0,534236.0,-749965.0,100,33351,1903,84.97
217,mid_z_trend,mid_z,200,1.5,0.5,1,150,333979.0,904055.0,-262043.0,-308033.0,150,79019,4494,49.1
218,mid_z_revert,mid_z,200,1.0,0.0,-1,100,325961.0,-756554.0,563683.0,518832.0,100,37567,2160,91.54
219,momentum_trend,momentum,500,6.0,0.0,1,100,319483.0,554526.0,524245.0,-759288.0,100,28943,1685,77.77
220,imbalance_z_revert,imbalance_z,20,2.0,0.0,-1,150,318366.0,-106136.0,512720.0,-88218.0,150,31648,2128,0.39
221,imbalance_z_revert,imbalance_z,20,2.0,0.0,-1,200,314989.0,-108547.0,512300.0,-88764.0,200,31968,2146,0.1
222,imbalance_z_revert,imbalance_z,20,1.5,0.0,-1,150,306462.0,-110835.0,510891.0,-93594.0,150,33046,2222,0.39
223,imbalance_z_revert,imbalance_z,20,0.75,0.0,-1,150,304382.0,-111598.0,510078.0,-94098.0,150,33236,2236,0.39
224,imbalance_z_revert,imbalance_z,20,1.0,0.0,-1,150,304382.0,-111598.0,510078.0,-94098.0,150,33236,2236,0.39
225,ema_diff_trend,ema_diff,200,2.0,0.0,1,200,303584.0,1267470.0,1161347.0,-2125233.0,200,133241,7337,84.08
226,imbalance_z_revert,imbalance_z,20,1.5,0.0,-1,200,303085.0,-113246.0,510471.0,-94140.0,200,33366,2240,0.1
227,imbalance_z_revert,imbalance_z,20,0.75,0.0,-1,200,301005.0,-114009.0,509658.0,-94644.0,200,33556,2254,0.1
228,imbalance_z_revert,imbalance_z,20,1.0,0.0,-1,200,301005.0,-114009.0,509658.0,-94644.0,200,33556,2254,0.1
229,mid_z_trend,mid_z,10,2.0,0.0,1,150,295357.0,615406.0,-541410.0,221361.0,150,168352,9262,27.91
230,ema_diff_trend,ema_diff,10,2.0,0.0,1,200,289278.0,492109.0,111936.0,-314767.0,200,364461,19995,42.58
231,momentum_revert,momentum,200,4.0,0.0,-1,150,282967.0,-1310319.0,637481.0,955805.0,150,59082,3313,81.92
232,momentum_revert,momentum,100,8.0,0.0,-1,150,277770.0,-1304387.0,1004203.0,577954.0,150,53282,2993,58.76
233,mid_z_trend,mid_z,200,1.25,0.25,1,150,277562.0,890336.0,-272758.0,-340016.0,150,82867,4684,60.63
234,mid_z_trend,mid_z,200,2.0,0.25,1,100,276495.0,543173.0,-121243.0,-145435.0,100,35707,2134,47.02
235,momentum_trend,momentum,20,4.0,0.0,1,150,262075.0,683226.0,-535758.0,114607.0,150,163648,9108,46.28
236,ema_diff_trend,ema_diff,200,3.0,0.0,1,150,257062.0,896306.0,819791.0,-1459035.0,150,89051,4928,87.19
237,momentum_revert,momentum,10,6.0,0.0,-1,200,250766.0,-605588.0,634060.0,222294.0,200,94521,5318,7.78
238,mid_z_trend,mid_z,200,2.0,0.5,1,100,250337.0,530553.0,-127736.0,-152480.0,100,38625,2314,39.82
239,ema_diff_trend,ema_diff,10,8.0,0.0,1,150,248896.0,1121816.0,-846512.0,-26408.0,150,14917,813,21.87
240,momentum_trend,momentum,10,4.0,0.0,1,150,244054.0,583282.0,264235.0,-603463.0,150,177126,9876,25.89
241,ema_diff_trend,ema_diff,20,1.0,0.0,1,200,239424.0,284499.0,-56236.0,11161.0,200,418249,22979,55.48
242,mid_z_trend,mid_z,10,1.25,0.0,1,200,237328.0,526000.0,-188768.0,-99904.0,200,348737,19100,34.66
243,ema_diff_revert,ema_diff,500,3.0,0.0,-1,100,228477.0,-791076.0,524292.0,495261.0,100,48223,2788,93.01
244,imbalance_z_revert,imbalance_z,50,2.0,0.0,-1,150,224938.0,-13875.0,837171.0,-598358.0,150,43238,2893,5.61
245,mid_z_trend,mid_z,100,0.75,0.5,1,100,208433.0,91029.0,103335.0,14069.0,100,177087,10424,65.1
246,momentum_trend,momentum,100,2.0,0.0,1,100,203937.0,397820.0,341994.0,-535877.0,100,86532,4989,84.42
247,mid_z_trend,mid_z,100,1.5,0.0,1,100,203150.0,530010.0,483328.0,-810188.0,100,46935,2670,87.01
248,imbalance_z_revert,imbalance_z,50,2.0,0.0,-1,200,197977.0,-28174.0,832647.0,-606496.0,200,45302,2996,2.28
249,mid_z_trend,mid_z,20,1.0,0.0,1,150,192119.0,281672.0,-10886.0,-78667.0,150,259960,14380,61.77
250,mid_z_trend,mid_z,20,1.25,0.25,1,200,188748.0,402861.0,-267719.0,53606.0,200,384491,21299,35.98
251,ema_diff_trend,ema_diff,200,5.0,0.0,1,100,180529.0,507944.0,474384.0,-801799.0,100,47761,2714,89.85
252,mid_z_trend,mid_z,20,0.75,0.0,1,150,174187.0,149321.0,-150321.0,175187.0,150,298613,16540,62.94
253,ema_diff_trend,ema_diff,50,8.0,0.0,1,50,173845.0,97457.0,76368.0,20.0,50,24859,1480,86.16
254,ema_diff_trend,ema_diff,10,3.0,0.0,1,150,166113.0,472500.0,81295.0,-387682.0,150,220906,12190,48.41
255,mid_z_trend,mid_z,10,2.0,0.0,1,200,162123.0,1062767.0,-936980.0,36336.0,200,180965,9869,20.52
256,mid_z_trend,mid_z,200,1.0,0.5,1,200,155415.0,1197490.0,-481699.0,-560376.0,200,146305,8273,56.81
257,mid_z_trend,mid_z,10,1.0,0.0,1,200,144861.0,301815.0,-389832.0,232878.0,200,416554,22831,37.68
258,mid_z_trend,mid_z,100,1.25,0.0,1,50,144025.0,94109.0,47704.0,2212.0,50,28113,1689,93.91
259,mid_z_trend,mid_z,200,1.5,0.25,1,100,142785.0,501858.0,-160883.0,-198190.0,100,49451,2945,57.84
260,mid_z_trend,mid_z,200,1.0,0.25,1,150,141659.0,854145.0,-339374.0,-373112.0,150,96801,5462,65.64
261,mid_z_trend,mid_z,200,1.25,0.5,1,150,137325.0,833805.0,-312500.0,-383980.0,150,98197,5554,54.08
262,momentum_trend,momentum,20,8.0,0.0,1,100,134297.0,226030.0,-151136.0,59403.0,100,41166,2434,20.86
263,mid_z_trend,mid_z,50,1.5,0.25,1,150,120909.0,573779.0,-181363.0,-271507.0,150,183605,10280,50.02
264,momentum_revert,momentum,200,12.0,0.0,-1,100,116019.0,-702727.0,247147.0,571599.0,100,20280,1196,59.47
265,mid_z_trend,mid_z,500,2.0,0.0,1,50,114139.0,131718.0,125339.0,-142918.0,50,5269,315,95.02
266,momentum_trend,momentum,500,2.0,0.0,1,100,110471.0,469461.0,494413.0,-853403.0,100,51495,2975,86.36
267,momentum_trend,momentum,20,6.0,0.0,1,100,107927.0,427832.0,-245351.0,-74554.0,100,77634,4531,35.05
268,momentum_revert,momentum,200,2.0,0.0,-1,150,102675.0,-1360997.0,574432.0,889240.0,150,78538,4399,85.9
269,mid_z_trend,mid_z,50,2.0,0.0,1,50,100136.0,66074.0,47558.0,-13496.0,50,32635,1945,86.62
270,ema_diff_trend,ema_diff,20,8.0,0.0,1,200,92849.0,1480662.0,-1171910.0,-215903.0,200,48970,2694,42.92
271,ema_diff_revert,ema_diff,500,2.0,0.0,-1,150,90170.0,-1372628.0,544375.0,918423.0,150,79853,4474,90.56
272,mid_z_trend,mid_z,100,1.0,0.0,1,50,89412.0,79549.0,27649.0,-17786.0,50,33557,2006,93.56
273,ema_diff_trend,ema_diff,100,8.0,0.0,1,50,87856.0,97172.0,77352.0,-86668.0,50,21574,1297,91.27
274,imbalance_z_revert,imbalance_z,50,0.75,0.0,-1,150,87156.0,-146705.0,835258.0,-601397.0,150,43747,2930,5.9
275,imbalance_z_revert,imbalance_z,50,1.0,0.0,-1,150,87156.0,-146705.0,835258.0,-601397.0,150,43747,2930,5.9
276,imbalance_z_revert,imbalance_z,50,1.5,0.0,-1,150,87156.0,-146705.0,835258.0,-601397.0,150,43747,2930,5.9
277,momentum_trend,momentum,20,8.0,0.0,1,150,84415.0,188308.0,-201779.0,97886.0,150,52898,2995,17.0
278,mid_z_revert,mid_z,500,1.5,0.0,-1,50,77313.0,-171043.0,142571.0,105785.0,50,8025,500,96.61
279,mid_z_trend,mid_z,200,1.5,0.5,1,100,74861.0,479812.0,-184195.0,-220756.0,100,56781,3389,51.27
280,ema_diff_trend,ema_diff,100,5.0,0.0,1,50,73529.0,78180.0,41427.0,-46078.0,50,34955,2090,91.89
281,momentum_trend,momentum,50,6.0,0.0,1,50,69641.0,60065.0,31412.0,-21836.0,50,36441,2357,64.73
282,mid_z_revert,mid_z,500,1.25,0.0,-1,50,67630.0,-177052.0,142899.0,101783.0,50,9389,580,96.81
283,ema_diff_trend,ema_diff,50,1.0,0.0,1,100,67017.0,85001.0,22892.0,-40876.0,100,193301,10959,80.03
284,ema_diff_trend,ema_diff,200,2.0,0.0,1,150,64537.0,849589.0,753526.0,-1538578.0,150,109369,6050,86.57
285,imbalance_z_revert,imbalance_z,50,0.75,0.0,-1,200,60390.0,-161295.0,829342.0,-607657.0,200,45857,3037,2.29
286,imbalance_z_revert,imbalance_z,50,1.0,0.0,-1,200,60390.0,-161295.0,829342.0,-607657.0,200,45857,3037,2.29
287,imbalance_z_revert,imbalance_z,50,1.5,0.0,-1,200,60390.0,-161295.0,829342.0,-607657.0,200,45857,3037,2.29
288,ema_diff_trend,ema_diff,20,3.0,0.0,1,100,54572.0,157432.0,-208093.0,105233.0,100,156701,8860,69.74
289,mid_z_revert,mid_z,500,1.0,0.0,-1,50,48857.0,-184552.0,139077.0,94332.0,50,10519,643,97.23
290,ema_diff_trend,ema_diff,20,8.0,0.0,1,50,44045.0,101623.0,-68081.0,10503.0,50,21522,1273,74.87
291,imbalance_z_trend,imbalance_z,200,0.75,0.0,1,150,43540.0,314729.0,-189986.0,-81203.0,150,33302,1807,16.85
292,imbalance_z_trend,imbalance_z,200,1.0,0.0,1,150,43540.0,314729.0,-189986.0,-81203.0,150,33302,1807,16.85
293,imbalance_z_trend,imbalance_z,200,1.5,0.0,1,150,43540.0,314729.0,-189986.0,-81203.0,150,33302,1807,16.85
294,imbalance_z_trend,imbalance_z,200,2.0,0.0,1,150,43540.0,314729.0,-189986.0,-81203.0,150,33302,1807,16.85
295,momentum_revert,momentum,200,8.0,0.0,-1,100,42316.0,-724571.0,223545.0,543342.0,100,27662,1628,71.53
296,momentum_trend,momentum,100,6.0,0.0,1,50,36679.0,89072.0,53032.0,-105425.0,50,27096,1748,73.59
297,mid_z_trend,mid_z,50,1.25,0.25,1,100,35214.0,180740.0,-208073.0,62547.0,100,153543,8991,60.15
298,momentum_revert,momentum,10,8.0,0.0,-1,100,30660.0,-80735.0,-101025.0,212420.0,100,31411,1881,7.38
299,mid_z_revert,mid_z,200,2.0,0.0,-1,50,29079.0,-190471.0,130007.0,89543.0,50,10555,641,94.11
300,momentum_revert,momentum,100,12.0,0.0,-1,100,28230.0,-722375.0,587658.0,162947.0,100,23058,1377,42.3
301,mid_z_trend,mid_z,200,1.25,0.25,1,100,26879.0,465337.0,-192883.0,-245575.0,100,60169,3567,62.87
302,mid_z_trend,mid_z,100,0.75,0.0,1,50,26341.0,61365.0,19916.0,-54940.0,50,40313,2412,93.48
303,momentum_trend,momentum,10,4.0,0.0,1,200,26099.0,1018544.0,-314990.0,-677455.0,200,197576,10959,20.57
304,imbalance_z_revert,imbalance_z,20,2.0,0.0,-1,100,25939.0,-103343.0,215556.0,-86274.0,100,30820,2087,1.06
305,mid_z_revert,mid_z,500,0.75,0.0,-1,50,24893.0,-191532.0,128821.0,87604.0,50,12723,779,96.73
306,ema_diff_trend,ema_diff,200,3.0,0.0,1,100,21132.0,476365.0,413581.0,-868814.0,100,65405,3714,90.2
307,imbalance_z_revert,imbalance_z,20,1.5,0.0,-1,100,17639.0,-106816.0,214445.0,-89990.0,100,31998,2171,1.29
308,imbalance_z_revert,imbalance_z,20,0.75,0.0,-1,100,16026.0,-107112.0,213632.0,-90494.0,100,32130,2183,1.36
309,imbalance_z_revert,imbalance_z,20,1.0,0.0,-1,100,16026.0,-107112.0,213632.0,-90494.0,100,32130,2183,1.36
310,ema_diff_revert,ema_diff,500,8.0,0.0,-1,50,13200.0,-195274.0,124208.0,84266.0,50,14031,863,94.72
311,ema_diff_trend,ema_diff,200,1.0,0.0,1,200,10628.0,1191369.0,1053567.0,-2234308.0,200,164667,9076,83.45
312,mid_z_trend,mid_z,100,2.0,0.0,1,50,5863.0,113923.0,86823.0,-194883.0,50,18657,1120,92.97
313,momentum_revert,momentum,50,12.0,0.0,-1,50,4538.0,-44262.0,-29658.0,78458.0,50,11553,773,25.2
314,imbalance_revert,imbalance,1,0.15,0.0,-1,50,0.0,0.0,0.0,0.0,0,0,0,0.0
315,imbalance_trend,imbalance,1,0.15,0.0,1,50,0.0,0.0,0.0,0.0,0,0,0,0.0
316,imbalance_revert,imbalance,1,0.2,0.0,-1,50,0.0,0.0,0.0,0.0,0,0,0,0.0
317,imbalance_trend,imbalance,1,0.2,0.0,1,50,0.0,0.0,0.0,0.0,0,0,0,0.0
318,imbalance_revert,imbalance,1,0.3,0.0,-1,50,0.0,0.0,0.0,0.0,0,0,0,0.0
319,imbalance_trend,imbalance,1,0.3,0.0,1,50,0.0,0.0,0.0,0.0,0,0,0,0.0
320,imbalance_revert,imbalance,1,0.15,0.0,-1,100,0.0,0.0,0.0,0.0,0,0,0,0.0
321,imbalance_trend,imbalance,1,0.15,0.0,1,100,0.0,0.0,0.0,0.0,0,0,0,0.0
322,imbalance_revert,imbalance,1,0.2,0.0,-1,100,0.0,0.0,0.0,0.0,0,0,0,0.0
323,imbalance_trend,imbalance,1,0.2,0.0,1,100,0.0,0.0,0.0,0.0,0,0,0,0.0
324,imbalance_revert,imbalance,1,0.3,0.0,-1,100,0.0,0.0,0.0,0.0,0,0,0,0.0
325,imbalance_trend,imbalance,1,0.3,0.0,1,100,0.0,0.0,0.0,0.0,0,0,0,0.0
326,imbalance_revert,imbalance,1,0.15,0.0,-1,150,0.0,0.0,0.0,0.0,0,0,0,0.0
327,imbalance_trend,imbalance,1,0.15,0.0,1,150,0.0,0.0,0.0,0.0,0,0,0,0.0
328,imbalance_revert,imbalance,1,0.2,0.0,-1,150,0.0,0.0,0.0,0.0,0,0,0,0.0
329,imbalance_trend,imbalance,1,0.2,0.0,1,150,0.0,0.0,0.0,0.0,0,0,0,0.0
330,imbalance_revert,imbalance,1,0.3,0.0,-1,150,0.0,0.0,0.0,0.0,0,0,0,0.0
331,imbalance_trend,imbalance,1,0.3,0.0,1,150,0.0,0.0,0.0,0.0,0,0,0,0.0
332,imbalance_revert,imbalance,1,0.15,0.0,-1,200,0.0,0.0,0.0,0.0,0,0,0,0.0
333,imbalance_trend,imbalance,1,0.15,0.0,1,200,0.0,0.0,0.0,0.0,0,0,0,0.0
334,imbalance_revert,imbalance,1,0.2,0.0,-1,200,0.0,0.0,0.0,0.0,0,0,0,0.0
335,imbalance_trend,imbalance,1,0.2,0.0,1,200,0.0,0.0,0.0,0.0,0,0,0,0.0
336,imbalance_revert,imbalance,1,0.3,0.0,-1,200,0.0,0.0,0.0,0.0,0,0,0,0.0
337,imbalance_trend,imbalance,1,0.3,0.0,1,200,0.0,0.0,0.0,0.0,0,0,0,0.0
338,ema_diff_trend,ema_diff,50,5.0,0.0,1,50,-451.0,44151.0,23848.0,-68450.0,50,43767,2606,88.97
339,momentum_trend,momentum,500,6.0,0.0,1,50,-3060.0,107267.0,82871.0,-193198.0,50,16679,1068,79.86
340,mid_z_revert,mid_z,200,1.5,0.0,-1,50,-11025.0,-202520.0,114902.0,76593.0,50,14415,878,94.27
341,mid_z_trend,mid_z,100,2.0,0.25,1,50,-12697.0,56309.0,48696.0,-117702.0,50,33686,2274,49.45
342,mid_z_trend,mid_z,50,1.25,0.5,1,200,-13493.0,717390.0,-39315.0,-691568.0,200,295254,16599,44.4
343,mid_z_trend,mid_z,50,1.5,0.0,1,50,-19630.0,29297.0,12891.0,-61818.0,50,45357,2711,90.06
344,imbalance_z_revert,imbalance_z,100,0.75,0.0,-1,150,-20375.0,-306896.0,428247.0,-141726.0,150,41817,2832,12.51
345,imbalance_z_revert,imbalance_z,100,1.0,0.0,-1,150,-20375.0,-306896.0,428247.0,-141726.0,150,41817,2832,12.51
346,imbalance_z_revert,imbalance_z,100,1.5,0.0,-1,150,-20375.0,-306896.0,428247.0,-141726.0,150,41817,2832,12.51
347,imbalance_z_revert,imbalance_z,100,2.0,0.0,-1,150,-20784.0,-306899.0,427841.0,-141726.0,150,41817,2830,12.25
348,momentum_revert,momentum,500,12.0,0.0,-1,150,-21762.0,-1197831.0,86644.0,1089425.0,150,21475,1219,59.99
349,momentum_revert,momentum,200,6.0,0.0,-1,100,-24372.0,-744170.0,198475.0,521323.0,100,34010,1986,78.03
350,imbalance_z_revert,imbalance_z,50,2.0,0.0,-1,100,-26206.0,8805.0,547873.0,-582884.0,100,38894,2661,10.54
351,mid_z_trend,mid_z,50,0.75,0.25,1,100,-28289.0,8188.0,427.0,-36904.0,100,200843,11710,67.99
352,momentum_revert,momentum,10,12.0,0.0,-1,50,-32634.0,-10096.0,-11355.0,-11183.0,50,3790,250,1.64
353,mid_z_revert,mid_z,200,1.25,0.0,-1,50,-32715.0,-209157.0,108666.0,67776.0,50,17701,1082,94.59
354,mid_z_trend,mid_z,200,2.0,0.25,1,50,-35545.0,104241.0,-63996.0,-75790.0,50,19297,1307,48.9
355,momentum_trend,momentum,10,12.0,0.0,1,50,-37776.0,-12966.0,-13482.0,-11328.0,50,3696,240,1.55
356,momentum_trend,momentum,50,4.0,0.0,1,50,-38212.0,27948.0,-9117.0,-57043.0,50,47817,3051,75.13
357,ema_diff_revert,ema_diff,200,8.0,0.0,-1,50,-38939.0,-213673.0,107294.0,67440.0,50,17851,1095,94.3
358,momentum_trend,momentum,20,8.0,0.0,1,200,-39522.0,149780.0,-253326.0,64024.0,200,62438,3506,13.51
359,momentum_revert,momentum,20,12.0,0.0,-1,50,-42233.0,-5745.0,-19273.0,-17215.0,50,5560,368,4.68
360,momentum_revert,momentum,10,12.0,0.0,-1,100,-42481.0,-10425.0,-16227.0,-15829.0,100,4988,303,0.48
361,ema_diff_revert,ema_diff,500,5.0,0.0,-1,50,-46358.0,-217365.0,104066.0,66941.0,50,19695,1207,95.72
362,momentum_revert,momentum,10,12.0,0.0,-1,200,-47135.0,-10425.0,-19637.0,-17073.0,157,5400,319,0.0
363,momentum_revert,momentum,10,12.0,0.0,-1,150,-47138.0,-10425.0,-19637.0,-17076.0,150,5386,318,0.06
364,mid_z_trend,mid_z,100,2.0,0.5,1,50,-47435.0,45974.0,40287.0,-133696.0,50,37086,2507,42.73
365,mid_z_trend,mid_z,200,2.0,0.5,1,50,-49307.0,98692.0,-69297.0,-78702.0,50,20889,1416,41.49
366,momentum_trend,momentum,100,4.0,0.0,1,50,-50286.0,65116.0,18612.0,-134014.0,50,35776,2272,81.22
367,momentum_trend,momentum,500,4.0,0.0,1,50,-50480.0,86611.0,71244.0,-208335.0,50,21611,1383,85.16
368,momentum_trend,momentum,10,12.0,0.0,1,100,-51336.0,-14978.0,-17727.0,-18631.0,100,4860,290,0.48
369,momentum_trend,momentum,10,12.0,0.0,1,150,-54640.0,-14978.0,-18154.0,-21508.0,150,5238,304,0.06
370,momentum_trend,momentum,10,12.0,0.0,1,200,-54917.0,-14978.0,-18154.0,-21785.0,157,5252,305,0.0
371,mid_z_trend,mid_z,200,1.0,0.5,1,150,-55276.0,786059.0,-390165.0,-451170.0,150,118885,6731,58.66
372,mid_z_trend,mid_z,100,1.5,0.0,1,50,-55665.0,98515.0,57465.0,-211645.0,50,25281,1519,93.51
373,mid_z_revert,mid_z,200,1.0,0.0,-1,50,-55746.0,-218272.0,103377.0,59149.0,50,20065,1235,94.91
374,mid_z_trend,mid_z,500,2.0,0.25,1,50,-57033.0,128553.0,-35085.0,-150501.0,50,8908,605,44.59
375,mid_z_trend,mid_z,500,2.0,0.5,1,50,-59944.0,126991.0,-32366.0,-154569.0,50,9658,658,36.44
376,momentum_trend,momentum,20,12.0,0.0,1,50,-61369.0,-12088.0,-30424.0,-18857.0,50,5472,359,4.68
377,mid_z_trend,mid_z,200,0.75,0.0,1,50,-61756.0,86005.0,56515.0,-204276.0,50,24463,1466,95.0
378,momentum_revert,momentum,20,12.0,0.0,-1,100,-61955.0,-7044.0,-30243.0,-24668.0,100,8268,491,3.5
379,momentum_trend,momentum,500,12.0,0.0,1,50,-67043.0,130367.0,-43805.0,-153605.0,50,8402,547,63.39
380,ema_diff_trend,ema_diff,100,3.0,0.0,1,50,-68585.0,35742.0,-13376.0,-90951.0,50,50695,3009,92.05
381,momentum_trend,momentum,20,8.0,0.0,1,50,-68961.0,90711.0,-86755.0,-72917.0,50,25145,1649,25.46
382,mid_z_trend,mid_z,200,1.0,0.25,1,100,-72003.0,441874.0,-244430.0,-269447.0,100,70917,4204,67.89
383,mid_z_trend,mid_z,200,1.25,0.5,1,100,-74017.0,426716.0,-224938.0,-275795.0,100,71483,4248,56.13
384,momentum_revert,momentum,20,12.0,0.0,-1,150,-74599.0,-6733.0,-39379.0,-28487.0,150,9892,569,2.21
385,ema_diff_trend,ema_diff,200,5.0,0.0,1,50,-74675.0,86252.0,55037.0,-215964.0,50,26327,1572,94.0
386,mid_z_trend,mid_z,50,1.25,0.0,1,50,-74915.0,11307.0,-6648.0,-79574.0,50,51455,3079,90.82
387,ema_diff_trend,ema_diff,10,5.0,0.0,1,50,-75824.0,6147.0,-11565.0,-70406.0,50,51799,3062,69.84
388,momentum_revert,momentum,500,8.0,0.0,-1,150,-76507.0,-1217743.0,72376.0,1068860.0,150,31707,1806,71.92
389,momentum_revert,momentum,20,12.0,0.0,-1,200,-82373.0,-6652.0,-45352.0,-30369.0,200,11014,633,1.41
390,momentum_trend,momentum,200,12.0,0.0,1,50,-83200.0,122585.0,-49284.0,-156501.0,50,10810,715,61.58
391,ema_diff_trend,ema_diff,10,8.0,0.0,1,50,-86264.0,140682.0,-182184.0,-44762.0,50,9718,571,55.11
392,mid_z_trend,mid_z,100,1.25,0.25,1,50,-87779.0,3504.0,-26432.0,-64851.0,50,53905,3580,65.28
393,momentum_revert,momentum,500,12.0,0.0,-1,50,-90129.0,-180330.0,-11229.0,101430.0,50,8402,554,63.46
394,mid_z_trend,mid_z,50,1.0,0.5,1,150,-90355.0,246925.0,-494386.0,157106.0,150,280992,15809,52.93
395,momentum_trend,momentum,20,12.0,0.0,1,100,-94926.0,-20208.0,-45490.0,-29228.0,100,8170,482,3.5
396,ema_diff_revert,ema_diff,10,8.0,0.0,-1,50,-98537.0,-196623.0,119382.0,-21296.0,50,9956,628,55.36
397,momentum_revert,momentum,100,8.0,0.0,-1,100,-106704.0,-767866.0,545782.0,115380.0,100,37774,2229,62.02
398,imbalance_z_revert,imbalance_z,200,0.75,0.0,-1,150,-107064.0,-293108.0,323778.0,-137734.0,150,39025,2672,18.47
399,imbalance_z_revert,imbalance_z,200,1.0,0.0,-1,150,-107064.0,-293108.0,323778.0,-137734.0,150,39025,2672,18.47
400,imbalance_z_revert,imbalance_z,200,1.5,0.0,-1,150,-107064.0,-293108.0,323778.0,-137734.0,150,39025,2672,18.47
401,imbalance_z_revert,imbalance_z,200,2.0,0.0,-1,150,-107064.0,-293108.0,323778.0,-137734.0,150,39025,2672,18.47
402,mid_z_revert,mid_z,500,2.0,0.25,-1,50,-108322.0,-184469.0,-18004.0,94151.0,50,8948,618,44.6
403,ema_diff_trend,ema_diff,20,5.0,0.0,1,50,-108523.0,-1752.0,-14414.0,-92357.0,50,54881,3256,79.3
404,mid_z_trend,mid_z,500,1.5,0.25,1,50,-109820.0,115749.0,-60195.0,-165374.0,50,13674,929,56.93
405,momentum_revert,momentum,500,12.0,0.0,-1,100,-111607.0,-690216.0,-17865.0,596474.0,100,15308,911,61.18
406,momentum_trend,momentum,500,8.0,0.0,1,50,-111652.0,117318.0,-56207.0,-172763.0,50,12672,819,74.61
407,mid_z_trend,mid_z,200,1.5,0.25,1,50,-111773.0,82147.0,-85081.0,-108839.0,50,27337,1838,59.75
408,mid_z_revert,mid_z,200,0.75,0.0,-1,200,-112536.0,-1866764.0,346211.0,1408017.0,200,80002,4454,85.9
409,momentum_trend,momentum,20,12.0,0.0,1,150,-114048.0,-26320.0,-52028.0,-35700.0,150,9780,558,1.98
410,momentum_revert,momentum,200,4.0,0.0,-1,100,-114976.0,-775362.0,167995.0,492391.0,100,44270,2574,83.76
411,momentum_revert,momentum,100,12.0,0.0,-1,50,-115798.0,-198844.0,115418.0,-32372.0,50,12678,849,45.05
412,mid_z_trend,mid_z,20,1.5,0.25,1,200,-117113.0,563902.0,-484580.0,-196435.0,200,336827,18652,29.94
413,mid_z_revert,mid_z,500,2.0,0.5,-1,50,-119017.0,-188377.0,-22153.0,91513.0,50,9734,677,36.44
414,momentum_revert,momentum,200,12.0,0.0,-1,50,-119592.0,-188683.0,-18230.0,87321.0,50,10810,721,61.58
415,ema_diff_revert,ema_diff,10,8.0,0.0,-1,100,-120710.0,-705216.0,613438.0,-28932.0,100,13496,792,35.5
416,momentum_trend,momentum,100,12.0,0.0,1,50,-120826.0,123040.0,-197552.0,-46314.0,50,12596,841,45.05
417,momentum_trend,momentum,200,8.0,0.0,1,50,-122231.0,109908.0,-60193.0,-171946.0,50,15156,1002,73.52
418,ema_diff_revert,ema_diff,500,3.0,0.0,-1,50,-124301.0,-241886.0,75305.0,42280.0,50,27255,1662,96.06
419,imbalance_z_revert,imbalance_z,200,0.75,0.0,-1,100,-126313.0,-115495.0,553282.0,-564100.0,100,36445,2541,25.96
420,imbalance_z_revert,imbalance_z,200,1.0,0.0,-1,100,-126313.0,-115495.0,553282.0,-564100.0,100,36445,2541,25.96
421,imbalance_z_revert,imbalance_z,200,1.5,0.0,-1,100,-126313.0,-115495.0,553282.0,-564100.0,100,36445,2541,25.96
422,imbalance_z_revert,imbalance_z,200,2.0,0.0,-1,100,-126313.0,-115495.0,553282.0,-564100.0,100,36445,2541,25.96
423,momentum_revert,momentum,500,8.0,0.0,-1,50,-126729.0,-193371.0,-20598.0,87240.0,50,12688,833,74.7
424,momentum_trend,momentum,10,2.0,0.0,1,200,-127156.0,405342.0,40447.0,-572945.0,200,383534,21162,36.14
425,mid_z_trend,mid_z,100,1.5,0.25,1,50,-127383.0,21404.0,1721.0,-150508.0,50,46038,3069,60.58
426,mid_z_trend,mid_z,50,1.0,0.25,1,100,-127454.0,108650.0,-267919.0,31815.0,100,174296,10182,64.15
427,momentum_trend,momentum,20,12.0,0.0,1,200,-127631.0,-29798.0,-55417.0,-42416.0,200,10880,620,1.35
428,ema_diff_trend,ema_diff,10,8.0,0.0,1,100,-134411.0,628717.0,-696527.0,-66601.0,100,13198,729,34.25
429,momentum_revert,momentum,10,8.0,0.0,-1,50,-135368.0,-52173.0,-67150.0,-16045.0,50,21035,1387,10.81
430,mid_z_trend,mid_z,50,1.0,0.0,1,50,-135910.0,-5493.0,-24302.0,-106115.0,50,58533,3495,90.44
431,momentum_trend,momentum,500,2.0,0.0,1,50,-139693.0,55634.0,59499.0,-254826.0,50,31703,1972,88.9
432,mid_z_trend,mid_z,500,1.5,0.5,1,50,-140186.0,107147.0,-62358.0,-184975.0,50,16852,1147,49.53
433,mid_z_trend,mid_z,500,1.25,0.25,1,50,-141611.0,106719.0,-74377.0,-173953.0,50,16988,1153,62.69
434,imbalance_z_revert,imbalance_z,50,2.0,0.0,-1,50,-143319.0,-26565.0,70589.0,-187343.0,50,30422,2202,23.88
435,mid_z_revert,mid_z,500,1.5,0.25,-1,50,-143621.0,-195343.0,-31183.0,82905.0,50,13706,947,56.94
436,ema_diff_trend,ema_diff,200,2.0,0.0,1,100,-143922.0,431635.0,359033.0,-934590.0,100,82631,4680,89.52
437,mid_z_revert,mid_z,500,2.0,0.25,-1,100,-148107.0,-694888.0,-33798.0,580579.0,100,16768,1025,43.54
438,mid_z_trend,mid_z,200,1.5,0.5,1,50,-148933.0,68967.0,-98473.0,-119427.0,50,31453,2125,53.03
439,momentum_trend,momentum,20,2.0,0.0,1,150,-150103.0,344157.0,347774.0,-842034.0,150,255192,14180,60.17
440,mid_z_trend,mid_z,20,1.25,0.0,1,100,-153390.0,69718.0,-263028.0,39920.0,100,176841,10021,68.35
441,mid_z_trend,mid_z,20,2.0,0.25,1,150,-160498.0,439747.0,-320427.0,-279818.0,150,217489,12079,23.29
442,momentum_revert,momentum,200,8.0,0.0,-1,50,-162212.0,-201545.0,-30808.0,70141.0,50,15204,1013,73.52
443,momentum_revert,momentum,500,8.0,0.0,-1,100,-162314.0,-708365.0,-31864.0,577915.0,100,22520,1334,72.99
444,imbalance_z_revert,imbalance_z,50,0.75,0.0,-1,100,-162419.0,-122808.0,546378.0,-585989.0,100,39391,2698,10.41
445,imbalance_z_revert,imbalance_z,50,1.0,0.0,-1,100,-162419.0,-122808.0,546378.0,-585989.0,100,39391,2698,10.41
446,imbalance_z_revert,imbalance_z,50,1.5,0.0,-1,100,-162419.0,-122808.0,546378.0,-585989.0,100,39391,2698,10.41
447,momentum_trend,momentum,200,6.0,0.0,1,50,-163553.0,96000.0,-75543.0,-184010.0,50,19308,1251,79.83
448,momentum_trend,momentum,500,6.0,0.0,1,150,-166234.0,1006393.0,134554.0,-1307181.0,150,38307,2156,75.79
449,mid_z_revert,mid_z,500,2.0,0.5,-1,100,-167743.0,-702711.0,-40891.0,575859.0,100,17994,1110,35.57
450,mid_z_trend,mid_z,500,2.0,0.25,1,100,-169900.0,586152.0,-65277.0,-690775.0,100,16708,1001,43.53
451,mid_z_trend,mid_z,500,2.0,0.5,1,100,-171652.0,584548.0,-59585.0,-696615.0,100,17860,1073,35.57
452,mid_z_revert,mid_z,500,1.5,0.5,-1,50,-172376.0,-203691.0,-40164.0,71479.0,50,16966,1182,49.56
453,mid_z_revert,mid_z,500,1.25,0.25,-1,50,-174013.0,-206145.0,-40481.0,72613.0,50,17070,1185,62.71
454,mid_z_trend,mid_z,50,0.75,0.5,1,150,-174848.0,71606.0,-297430.0,50976.0,150,329480,18505,56.94
455,mid_z_trend,mid_z,200,1.25,0.25,1,50,-175012.0,59092.0,-102238.0,-131866.0,50,33491,2242,65.22
456,mid_z_trend,mid_z,500,1.0,0.25,1,50,-178876.0,96071.0,-84077.0,-190870.0,50,20994,1416,68.47
457,momentum_trend,momentum,500,12.0,0.0,1,100,-180311.0,597209.0,-83065.0,-694455.0,100,15308,897,61.17
458,mid_z_trend,mid_z,10,2.0,0.0,1,100,-182045.0,182748.0,-468744.0,103951.0,100,148540,8328,38.68
459,ema_diff_trend,ema_diff,200,3.0,0.0,1,50,-182709.0,58775.0,20709.0,-262193.0,50,38021,2272,94.5
460,mid_z_revert,mid_z,500,2.0,0.25,-1,150,-183376.0,-1202968.0,-48770.0,1068362.0,150,24052,1385,42.07
461,momentum_revert,momentum,100,8.0,0.0,-1,50,-186486.0,-221745.0,93362.0,-58103.0,50,20600,1343,64.88
462,mid_z_trend,mid_z,20,1.5,0.0,1,100,-189180.0,161872.0,-458229.0,107177.0,100,150752,8528,65.39
463,ema_diff_trend,ema_diff,100,8.0,0.0,1,200,-190711.0,1410539.0,-25187.0,-1576063.0,200,69250,3811,76.98
464,mid_z_trend,mid_z,500,1.25,0.5,1,50,-191349.0,94392.0,-84407.0,-201334.0,50,22012,1497,55.33
465,mid_z_trend,mid_z,100,1.25,0.5,1,50,-191977.0,-49270.0,-46793.0,-95914.0,50,64939,4358,58.51
466,mid_z_trend,mid_z,100,1.0,0.25,1,50,-195228.0,-36877.0,-54013.0,-104338.0,50,65165,4278,69.62
467,momentum_trend,momentum,100,8.0,0.0,1,50,-200335.0,98307.0,-227117.0,-71525.0,50,20582,1332,64.88
468,imbalance_z_revert,imbalance_z,200,0.75,0.0,-1,50,-200370.0,-88287.0,69333.0,-181416.0,50,30024,2181,43.72
469,imbalance_z_revert,imbalance_z,200,1.0,0.0,-1,50,-200370.0,-88287.0,69333.0,-181416.0,50,30024,2181,43.72
470,imbalance_z_revert,imbalance_z,200,1.5,0.0,-1,50,-200370.0,-88287.0,69333.0,-181416.0,50,30024,2181,43.72
471,imbalance_z_revert,imbalance_z,200,2.0,0.0,-1,50,-200370.0,-88287.0,69333.0,-181416.0,50,30024,2181,43.72
472,momentum_revert,momentum,200,6.0,0.0,-1,50,-200384.0,-211553.0,-46207.0,57376.0,50,19324,1262,79.9
473,mid_z_trend,mid_z,100,1.5,0.5,1,50,-202306.0,-13809.0,-11820.0,-176677.0,50,53718,3610,53.75
474,momentum_trend,momentum,50,8.0,0.0,1,50,-203272.0,87535.0,-89124.0,-201683.0,50,26154,1689,49.97
475,ema_diff_trend,ema_diff,200,1.0,0.0,1,150,-205371.0,772781.0,653146.0,-1631298.0,150,138109,7634,86.19
476,imbalance_z_revert,imbalance_z,50,0.75,0.0,-1,50,-208409.0,-89453.0,70163.0,-189119.0,50,30836,2234,24.12
477,imbalance_z_revert,imbalance_z,50,1.0,0.0,-1,50,-208409.0,-89453.0,70163.0,-189119.0,50,30836,2234,24.12
478,imbalance_z_revert,imbalance_z,50,1.5,0.0,-1,50,-208409.0,-89453.0,70163.0,-189119.0,50,30836,2234,24.12
479,mid_z_trend,mid_z,20,2.0,0.0,1,50,-210888.0,-55458.0,-43957.0,-111473.0,50,65659,3892,75.13
480,mid_z_revert,mid_z,500,2.0,0.5,-1,150,-211055.0,-1214237.0,-58674.0,1061856.0,150,25694,1490,34.44
481,imbalance_trend,imbalance,1,0.1,0.0,1,50,-211088.0,-75461.0,-67282.0,-68345.0,50,21822,1320,0.01
482,imbalance_z_revert,imbalance_z,100,0.75,0.0,-1,50,-211628.0,-89438.0,66040.0,-188230.0,50,30396,2205,37.53
483,imbalance_z_revert,imbalance_z,100,1.0,0.0,-1,50,-211628.0,-89438.0,66040.0,-188230.0,50,30396,2205,37.53
484,imbalance_z_revert,imbalance_z,100,1.5,0.0,-1,50,-211628.0,-89438.0,66040.0,-188230.0,50,30396,2205,37.53
485,imbalance_z_revert,imbalance_z,100,2.0,0.0,-1,50,-211682.0,-89441.0,65989.0,-188230.0,50,30396,2204,37.4
486,mid_z_revert,mid_z,500,1.0,0.25,-1,50,-212241.0,-218022.0,-54181.0,59962.0,50,21134,1457,68.44
487,imbalance_trend,imbalance,1,0.1,0.0,1,100,-212246.0,-76004.0,-67897.0,-68345.0,76,21926,1323,0.0
488,imbalance_trend,imbalance,1,0.1,0.0,1,150,-212246.0,-76004.0,-67897.0,-68345.0,76,21926,1323,0.0
489,imbalance_trend,imbalance,1,0.1,0.0,1,200,-212246.0,-76004.0,-67897.0,-68345.0,76,21926,1323,0.0
490,mid_z_revert,mid_z,500,2.0,0.25,-1,200,-212725.0,-1709221.0,-61841.0,1558337.0,200,30680,1763,40.09
491,mid_z_revert,mid_z,500,2.0,0.0,-1,50,-214214.0,-166706.0,-155772.0,108264.0,50,5301,324,95.02
492,imbalance_z_trend,imbalance_z,20,2.0,0.0,1,50,-214536.0,-82084.0,-71281.0,-61171.0,50,23210,1432,3.86
493,mid_z_trend,mid_z,200,0.75,0.25,1,100,-215673.0,383351.0,-273114.0,-325910.0,100,89132,5272,72.89
494,mid_z_revert,mid_z,500,1.5,0.25,-1,100,-216215.0,-716774.0,-58347.0,558906.0,100,25854,1583,55.6
495,ema_diff_trend,ema_diff,50,3.0,0.0,1,50,-216570.0,-39516.0,-51453.0,-125601.0,50,67365,4017,89.33
496,mid_z_revert,mid_z,500,1.25,0.5,-1,50,-218384.0,-218227.0,-54913.0,54756.0,50,22260,1548,55.34
497,imbalance_z_trend,imbalance_z,100,0.75,0.0,1,200,-220407.0,448658.0,-580824.0,-88241.0,200,37467,2035,6.14
498,imbalance_z_trend,imbalance_z,100,1.0,0.0,1,200,-220407.0,448658.0,-580824.0,-88241.0,200,37467,2035,6.14
499,imbalance_z_trend,imbalance_z,100,1.5,0.0,1,200,-220407.0,448658.0,-580824.0,-88241.0,200,37467,2035,6.14
500,momentum_trend,momentum,50,12.0,0.0,1,50,-221083.0,-17944.0,-45465.0,-157674.0,50,11515,766,25.21
501,imbalance_z_trend,imbalance_z,100,2.0,0.0,1,200,-221180.0,446756.0,-579695.0,-88241.0,200,37449,2034,5.94
502,momentum_trend,momentum,100,2.0,0.0,1,50,-221315.0,6303.0,-39479.0,-188139.0,50,53808,3355,88.12
503,imbalance_z_trend,imbalance_z,20,1.5,0.0,1,50,-223125.0,-85811.0,-74469.0,-62845.0,50,23984,1477,4.27
504,imbalance_z_trend,imbalance_z,20,0.75,0.0,1,50,-223376.0,-86318.0,-74673.0,-62385.0,50,24068,1483,4.34
505,imbalance_z_trend,imbalance_z,20,1.0,0.0,1,50,-223376.0,-86318.0,-74673.0,-62385.0,50,24068,1483,4.34
506,mid_z_trend,mid_z,50,0.75,0.0,1,50,-223826.0,-51223.0,-52925.0,-119678.0,50,68445,4083,90.78
507,mid_z_trend,mid_z,200,2.0,0.0,1,50,-228422.0,119027.0,-191284.0,-156165.0,50,10499,627,94.09
508,mid_z_trend,mid_z,500,1.5,0.0,1,50,-228797.0,118831.0,-192829.0,-154799.0,50,7999,480,96.64
509,mid_z_trend,mid_z,200,1.0,0.5,1,100,-229455.0,387102.0,-288886.0,-327671.0,100,88367,5250,60.93
510,imbalance_revert,imbalance,1,0.1,0.0,-1,50,-229560.0,-83348.0,-72028.0,-74184.0,50,27190,1830,0.14
511,ema_diff_trend,ema_diff,100,2.0,0.0,1,50,-229682.0,-17254.0,-66241.0,-146187.0,50,67115,3995,91.65
512,imbalance_z_revert,imbalance_z,20,2.0,0.0,-1,50,-230892.0,-86425.0,-69428.0,-75039.0,50,26670,1881,5.91
513,momentum_trend,momentum,200,4.0,0.0,1,50,-231336.0,80518.0,-115748.0,-196106.0,50,26170,1653,86.15
514,imbalance_revert,imbalance,1,0.1,0.0,-1,100,-232685.0,-84941.0,-73032.0,-74712.0,95,27516,1848,0.0
515,imbalance_revert,imbalance,1,0.1,0.0,-1,150,-232685.0,-84941.0,-73032.0,-74712.0,95,27516,1848,0.0
516,imbalance_revert,imbalance,1,0.1,0.0,-1,200,-232685.0,-84941.0,-73032.0,-74712.0,95,27516,1848,0.0
517,ema_diff_trend,ema_diff,200,5.0,0.0,1,150,-233785.0,932924.0,205512.0,-1372221.0,150,66704,3689,86.87
518,imbalance_z_revert,imbalance_z,20,1.5,0.0,-1,50,-235577.0,-89385.0,-69413.0,-76779.0,50,27396,1940,6.33
519,imbalance_z_revert,imbalance_z,20,0.75,0.0,-1,50,-236964.0,-90173.0,-69473.0,-77318.0,50,27498,1951,6.4
520,imbalance_z_revert,imbalance_z,20,1.0,0.0,-1,50,-236964.0,-90173.0,-69473.0,-77318.0,50,27498,1951,6.4
521,mid_z_trend,mid_z,200,1.25,0.5,1,50,-240630.0,35391.0,-124957.0,-151064.0,50,40629,2714,58.12
522,mid_z_trend,mid_z,200,1.0,0.25,1,50,-242961.0,41084.0,-132704.0,-151341.0,50,40835,2692,69.91
523,mid_z_trend,mid_z,500,1.25,0.0,1,50,-246209.0,118446.0,-202900.0,-161755.0,50,9389,564,96.81
524,mid_z_revert,mid_z,500,2.0,0.5,-1,200,-246991.0,-1722976.0,-74216.0,1550201.0,200,32684,1890,33.31
525,mid_z_trend,mid_z,500,1.0,0.0,1,50,-249019.0,122536.0,-207703.0,-163852.0,50,10511,631,97.23
526,momentum_revert,momentum,500,4.0,0.0,-1,200,-252736.0,-1786224.0,30891.0,1502597.0,200,61126,3443,79.86
527,momentum_trend,momentum,500,4.0,0.0,1,100,-252896.0,520843.0,18767.0,-792506.0,100,36944,2147,83.1
528,imbalance_z_revert,imbalance_z,100,0.75,0.0,-1,100,-255622.0,-121170.0,435870.0,-570322.0,100,38157,2646,20.23
529,imbalance_z_revert,imbalance_z,100,1.0,0.0,-1,100,-255622.0,-121170.0,435870.0,-570322.0,100,38157,2646,20.23
530,imbalance_z_revert,imbalance_z,100,1.5,0.0,-1,100,-255622.0,-121170.0,435870.0,-570322.0,100,38157,2646,20.23
531,imbalance_z_revert,imbalance_z,100,2.0,0.0,-1,100,-255676.0,-121173.0,435819.0,-570322.0,100,38157,2645,20.09
532,momentum_trend,momentum,10,8.0,0.0,1,50,-256767.0,-62709.0,-76905.0,-117153.0,50,20725,1347,10.57
533,momentum_trend,momentum,500,2.0,0.0,1,200,-258269.0,1331072.0,417791.0,-2007132.0,200,81698,4555,83.08
534,mid_z_trend,mid_z,500,0.75,0.25,1,50,-260187.0,71863.0,-115508.0,-216542.0,50,29228,1957,74.37
535,mid_z_trend,mid_z,200,1.5,0.0,1,50,-262863.0,107612.0,-204840.0,-165635.0,50,14385,860,94.26
536,momentum_revert,momentum,200,4.0,0.0,-1,50,-263019.0,-231162.0,-71271.0,39414.0,50,26242,1679,86.16
537,ema_diff_revert,ema_diff,500,2.0,0.0,-1,100,-263489.0,-824862.0,97085.0,464288.0,100,59223,3412,92.73
538,mid_z_trend,mid_z,200,0.75,0.5,1,200,-263792.0,1081841.0,-622005.0,-723628.0,200,190663,10746,61.77
539,mid_z_revert,mid_z,500,1.5,0.5,-1,100,-263962.0,-731579.0,-73878.0,541495.0,100,30898,1897,47.95
540,mid_z_trend,mid_z,500,0.75,0.0,1,50,-266809.0,117953.0,-216405.0,-168357.0,50,12689,761,96.76
541,mid_z_revert,mid_z,500,1.25,0.25,-1,100,-267260.0,-735000.0,-73853.0,541593.0,100,31330,1913,61.56
542,momentum_trend,momentum,500,8.0,0.0,1,100,-267350.0,564623.0,-109704.0,-722269.0,100,22504,1322,72.91
543,mid_z_trend,mid_z,500,1.0,0.5,1,50,-267564.0,68923.0,-106096.0,-230391.0,50,29906,2011,61.46
544,momentum_revert,momentum,200,2.0,0.0,-1,100,-270173.0,-821067.0,114554.0,436340.0,100,60648,3519,87.73
545,mid_z_trend,mid_z,500,1.5,0.25,1,100,-273586.0,561357.0,-115482.0,-719461.0,100,25780,1542,55.6
546,momentum_trend,momentum,20,6.0,0.0,1,50,-274762.0,25037.0,-142286.0,-157513.0,50,46719,3026,43.29
547,mid_z_trend,mid_z,500,2.0,0.25,1,150,-275722.0,1042816.0,-95094.0,-1223444.0,150,23960,1361,41.1
548,mid_z_trend,mid_z,500,2.0,0.5,1,150,-277721.0,1042687.0,-86579.0,-1233829.0,150,25536,1454,34.23
549,ema_diff_trend,ema_diff,500,8.0,0.0,1,50,-278768.0,111683.0,-217772.0,-172679.0,50,13961,840,94.5
550,mid_z_revert,mid_z,500,1.5,0.25,-1,150,-279223.0,-1235069.0,-82303.0,1038149.0,150,37096,2133,53.88
551,ema_diff_trend,ema_diff,200,2.0,0.0,1,50,-286051.0,32729.0,-21871.0,-296909.0,50,49079,2930,94.2
552,mid_z_revert,mid_z,500,0.75,0.25,-1,50,-286470.0,-241628.0,-80919.0,36077.0,50,29492,2014,74.34
553,momentum_revert,momentum,500,6.0,0.0,-1,200,-287111.0,-1744885.0,-76344.0,1534118.0,200,46998,2639,74.57
554,imbalance_z_trend,imbalance_z,100,2.0,0.0,1,50,-287338.0,-86492.0,-237164.0,36318.0,50,27234,1593,35.22
555,imbalance_z_trend,imbalance_z,100,0.75,0.0,1,50,-287371.0,-86519.0,-237170.0,36318.0,50,27234,1594,35.36
556,imbalance_z_trend,imbalance_z,100,1.0,0.0,1,50,-287371.0,-86519.0,-237170.0,36318.0,50,27234,1594,35.36
557,imbalance_z_trend,imbalance_z,100,1.5,0.0,1,50,-287371.0,-86519.0,-237170.0,36318.0,50,27234,1594,35.36
558,momentum_revert,momentum,50,8.0,0.0,-1,50,-288386.0,-244975.0,-77242.0,33831.0,50,26216,1711,50.08
559,imbalance_z_trend,imbalance_z,200,0.75,0.0,1,50,-290373.0,-85062.0,-238528.0,33217.0,50,26760,1539,42.42
560,imbalance_z_trend,imbalance_z,200,1.0,0.0,1,50,-290373.0,-85062.0,-238528.0,33217.0,50,26760,1539,42.42
561,imbalance_z_trend,imbalance_z,200,1.5,0.0,1,50,-290373.0,-85062.0,-238528.0,33217.0,50,26760,1539,42.42
562,imbalance_z_trend,imbalance_z,200,2.0,0.0,1,50,-290373.0,-85062.0,-238528.0,33217.0,50,26760,1539,42.42
563,mid_z_revert,mid_z,500,1.0,0.5,-1,50,-291749.0,-243052.0,-78175.0,29478.0,50,30326,2081,61.47
564,ema_diff_trend,ema_diff,200,8.0,0.0,1,50,-299697.0,96624.0,-221730.0,-174591.0,50,17807,1066,94.3
565,imbalance_z_trend,imbalance_z,50,2.0,0.0,1,50,-300984.0,-91908.0,-245351.0,36275.0,50,27212,1653,21.06
566,imbalance_z_trend,imbalance_z,50,0.75,0.0,1,50,-303476.0,-92732.0,-245000.0,34256.0,50,27654,1681,21.33
567,imbalance_z_trend,imbalance_z,50,1.0,0.0,1,50,-303476.0,-92732.0,-245000.0,34256.0,50,27654,1681,21.33
568,imbalance_z_trend,imbalance_z,50,1.5,0.0,1,50,-303476.0,-92732.0,-245000.0,34256.0,50,27654,1681,21.33
569,mid_z_trend,mid_z,200,1.25,0.0,1,50,-303642.0,98801.0,-218988.0,-183455.0,50,17673,1057,94.57
570,momentum_trend,momentum,50,2.0,0.0,1,50,-306234.0,-56453.0,-76632.0,-173149.0,50,75699,4672,84.34
571,momentum_revert,momentum,500,6.0,0.0,-1,50,-311200.0,-203327.0,-184212.0,76339.0,50,16695,1081,79.87
572,ema_diff_trend,ema_diff,500,2.0,0.0,1,50,-312635.0,55370.0,-148103.0,-219902.0,50,34832,2078,95.96
573,momentum_revert,momentum,10,6.0,0.0,-1,50,-313319.0,-134145.0,-145389.0,-33785.0,50,47801,3114,23.96
574,momentum_trend,momentum,10,4.0,0.0,1,100,-318434.0,192023.0,199168.0,-709625.0,100,144458,8375,33.56
575,mid_z_trend,mid_z,500,1.5,0.5,1,100,-318445.0,548591.0,-115596.0,-751440.0,100,30656,1825,47.98
576,mid_z_revert,mid_z,200,2.0,0.25,-1,50,-322737.0,-223364.0,-47776.0,-51597.0,50,19469,1347,48.93
577,mid_z_trend,mid_z,200,1.0,0.0,1,50,-324283.0,97576.0,-234325.0,-187534.0,50,20005,1203,94.9
578,mid_z_trend,mid_z,500,1.25,0.25,1,100,-327221.0,547528.0,-140462.0,-734287.0,100,31220,1861,61.57
579,ema_diff_trend,ema_diff,500,5.0,0.0,1,50,-327234.0,93083.0,-237409.0,-182908.0,50,19629,1179,95.82
580,mid_z_revert,mid_z,500,1.5,0.25,-1,200,-332030.0,-1751194.0,-102082.0,1521246.0,200,47568,2728,52.11
581,mid_z_revert,mid_z,500,1.0,0.25,-1,100,-333105.0,-756193.0,-97691.0,520779.0,100,38422,2336,66.99
582,mid_z_trend,mid_z,50,2.0,0.5,1,150,-333114.0,641257.0,-470710.0,-503661.0,150,154593,8726,31.2
583,mid_z_trend,mid_z,10,1.5,0.0,1,150,-334945.0,308336.0,-444082.0,-199199.0,150,260684,14385,38.6
584,mid_z_trend,mid_z,200,0.75,0.25,1,50,-336842.0,2038.0,-152832.0,-186048.0,50,53021,3474,75.03
585,mid_z_revert,mid_z,200,2.0,0.5,-1,50,-339028.0,-228127.0,-54706.0,-56195.0,50,21087,1467,41.51
586,mid_z_revert,mid_z,500,1.25,0.5,-1,100,-341428.0,-755401.0,-99251.0,513224.0,100,39510,2414,54.05
587,mid_z_revert,mid_z,500,1.5,0.5,-1,150,-342825.0,-1254393.0,-103794.0,1015362.0,150,43322,2498,46.42
588,momentum_trend,momentum,200,2.0,0.0,1,50,-343239.0,44383.0,-150763.0,-236859.0,50,38078,2364,90.31
589,mid_z_trend,mid_z,50,2.0,0.25,1,100,-344309.0,329834.0,-325027.0,-349116.0,100,102541,6051,43.63
590,mid_z_trend,mid_z,200,1.0,0.5,1,50,-346260.0,5263.0,-164264.0,-187259.0,50,52167,3445,62.98
591,mid_z_revert,mid_z,500,1.25,0.25,-1,150,-347301.0,-1259491.0,-102239.0,1014429.0,150,44554,2568,60.39
592,mid_z_trend,mid_z,100,0.75,0.25,1,50,-350692.0,-91894.0,-96490.0,-162308.0,50,81571,5280,74.51
593,imbalance_z_trend,imbalance_z,100,2.0,0.0,1,150,-351322.0,309880.0,-576850.0,-84352.0,150,35981,1965,10.86
594,imbalance_z_trend,imbalance_z,100,0.75,0.0,1,150,-351503.0,310597.0,-577748.0,-84352.0,150,35981,1967,10.97
595,imbalance_z_trend,imbalance_z,100,1.0,0.0,1,150,-351503.0,310597.0,-577748.0,-84352.0,150,35981,1967,10.97
596,imbalance_z_trend,imbalance_z,100,1.5,0.0,1,150,-351503.0,310597.0,-577748.0,-84352.0,150,35981,1967,10.97
597,ema_diff_revert,ema_diff,500,2.0,0.0,-1,50,-351642.0,-264094.0,-108349.0,20801.0,50,35138,2140,95.94
598,mid_z_trend,mid_z,50,1.5,0.5,1,200,-351975.0,828654.0,-299978.0,-880651.0,200,258931,14586,39.72
599,momentum_revert,momentum,500,4.0,0.0,-1,150,-352057.0,-1271344.0,-94043.0,1013330.0,150,49716,2813,81.4
600,momentum_revert,momentum,500,4.0,0.0,-1,50,-357146.0,-219163.0,-200159.0,62176.0,50,21679,1405,85.17
601,mid_z_revert,mid_z,100,2.0,0.0,-1,50,-360135.0,-221033.0,-198438.0,59336.0,50,18715,1155,92.95
602,momentum_trend,momentum,20,4.0,0.0,1,100,-360593.0,291868.0,-411956.0,-240505.0,100,125422,7268,52.93
603,mid_z_trend,mid_z,100,1.0,0.5,1,50,-371734.0,-110047.0,-101387.0,-160300.0,50,83735,5523,63.11
604,mid_z_trend,mid_z,500,2.0,0.25,1,200,-372245.0,1503536.0,-125690.0,-1750091.0,200,30582,1736,40.09
605,mid_z_trend,mid_z,500,2.0,0.5,1,200,-374575.0,1505412.0,-114909.0,-1765078.0,200,32494,1853,33.31
606,momentum_revert,momentum,200,2.0,0.0,-1,50,-378885.0,-267865.0,-109693.0,-1327.0,50,38298,2405,90.35
607,ema_diff_trend,ema_diff,200,1.0,0.0,1,100,-379836.0,362657.0,264787.0,-1007280.0,100,107715,6086,89.08
608,mid_z_trend,mid_z,200,0.75,0.25,1,150,-381039.0,783000.0,-388899.0,-775140.0,150,119779,6741,70.43
609,mid_z_trend,mid_z,50,2.0,0.25,1,50,-389277.0,-13638.0,-181989.0,-193650.0,50,58649,3883,49.1
610,momentum_trend,momentum,500,12.0,0.0,1,150,-390082.0,1068081.0,-230404.0,-1227759.0,150,21475,1208,59.97
611,ema_diff_trend,ema_diff,500,3.0,0.0,1,50,-391639.0,69942.0,-260914.0,-200667.0,50,27095,1621,96.05
612,mid_z_trend,mid_z,500,1.0,0.25,1,100,-395475.0,527787.0,-163288.0,-759974.0,100,38240,2279,67.04
613,mid_z_revert,mid_z,200,1.5,0.25,-1,50,-397413.0,-246069.0,-71959.0,-79385.0,50,27617,1893,59.82
614,ema_diff_trend,ema_diff,50,2.0,0.0,1,50,-400359.0,-106845.0,-117153.0,-176361.0,50,87159,5196,89.16
615,mid_z_revert,mid_z,200,0.75,0.0,-1,100,-402344.0,-783290.0,-110510.0,491456.0,100,45034,2595,90.98
616,mid_z_revert,mid_z,200,0.75,0.0,-1,50,-403696.0,-235731.0,-210899.0,42934.0,50,24539,1511,95.01
617,momentum_revert,momentum,20,8.0,0.0,-1,50,-404869.0,-240631.0,-88647.0,-75591.0,50,25355,1672,25.89
618,mid_z_trend,mid_z,500,1.25,0.5,1,100,-405179.0,527853.0,-153495.0,-779537.0,100,39232,2334,54.08
619,mid_z_revert,mid_z,500,1.5,0.5,-1,200,-411621.0,-1773945.0,-129524.0,1491848.0,200,54854,3156,45.15
620,mid_z_revert,mid_z,500,1.25,0.25,-1,200,-416467.0,-1781069.0,-126495.0,1491097.0,200,57160,3287,59.05
621,momentum_trend,momentum,50,8.0,0.0,1,100,-422094.0,513175.0,-160934.0,-774335.0,100,46422,2718,45.86
622,mid_z_trend,mid_z,10,1.25,0.0,1,150,-423207.0,128281.0,-574073.0,22585.0,150,313528,17298,42.39
623,ema_diff_trend,ema_diff,500,1.0,0.0,1,50,-424240.0,22019.0,-194380.0,-251879.0,50,46948,2786,95.62
624,mid_z_revert,mid_z,100,1.5,0.0,-1,50,-424750.0,-239320.0,-221779.0,36349.0,50,25395,1563,93.5
625,momentum_trend,momentum,10,6.0,0.0,1,100,-424977.0,75154.0,-270885.0,-229246.0,100,71790,4188,16.83
626,ema_diff_revert,ema_diff,200,5.0,0.0,-1,50,-425290.0,-239996.0,-221428.0,36134.0,50,26407,1620,94.01
627,mid_z_trend,mid_z,500,1.5,0.25,1,150,-428607.0,1011242.0,-170219.0,-1269630.0,150,36980,2092,53.68
628,mid_z_trend,mid_z,500,0.75,0.5,1,50,-430724.0,17662.0,-160577.0,-287809.0,50,46908,3113,67.52
629,mid_z_trend,mid_z,200,0.75,0.5,1,150,-436205.0,678191.0,-516970.0,-597426.0,150,159529,9006,63.76
630,mid_z_revert,mid_z,200,1.5,0.5,-1,50,-436475.0,-257954.0,-85710.0,-92811.0,50,31815,2198,53.04
631,mid_z_revert,mid_z,500,1.0,0.25,-1,150,-436497.0,-1289188.0,-135321.0,988012.0,150,54056,3114,65.49
632,mid_z_revert,mid_z,500,1.25,0.5,-1,150,-444495.0,-1286417.0,-135827.0,977749.0,150,54972,3173,52.76
633,mid_z_trend,mid_z,50,2.0,0.5,1,100,-444889.0,291988.0,-360242.0,-376635.0,100,114223,6790,37.02
634,mid_z_revert,mid_z,200,1.25,0.25,-1,50,-450526.0,-263835.0,-86891.0,-99800.0,50,33935,2312,65.27
635,mid_z_trend,mid_z,50,2.0,0.5,1,50,-450559.0,-33077.0,-201072.0,-216410.0,50,65259,4359,41.54
636,mid_z_revert,mid_z,500,0.75,0.5,-1,50,-450864.0,-292869.0,-130308.0,-27687.0,50,47588,3215,67.5
637,ema_diff_revert,ema_diff,20,8.0,0.0,-1,50,-452212.0,-224421.0,-62346.0,-165445.0,50,21782,1349,75.24
638,momentum_revert,momentum,500,4.0,0.0,-1,100,-454267.0,-750238.0,-237911.0,533882.0,100,37052,2170,83.15
639,mid_z_revert,mid_z,500,0.75,0.25,-1,100,-454410.0,-796843.0,-140406.0,482839.0,100,51708,3131,72.73
640,mid_z_trend,mid_z,200,0.75,0.0,1,100,-456895.0,510268.0,-185187.0,-781976.0,100,44906,2559,90.96
641,mid_z_revert,mid_z,500,1.0,0.5,-1,100,-456895.0,-792962.0,-138009.0,474076.0,100,51954,3158,60.08
642,momentum_revert,momentum,500,2.0,0.0,-1,50,-460844.0,-254113.0,-224790.0,18059.0,50,31799,2002,88.95
643,momentum_revert,momentum,50,8.0,0.0,-1,100,-464965.0,-800488.0,-136122.0,471645.0,100,46534,2752,45.87
644,momentum_trend,momentum,100,12.0,0.0,1,100,-467135.0,584069.0,-744910.0,-306294.0,100,22984,1364,42.31
645,ema_diff_trend,ema_diff,200,1.0,0.0,1,50,-468740.0,-25930.0,-90023.0,-352787.0,50,68339,4052,93.75
646,ema_diff_revert,ema_diff,500,1.0,0.0,-1,50,-472285.0,-300166.0,-155602.0,-16517.0,50,47454,2883,95.58
647,ema_diff_trend,ema_diff,100,1.0,0.0,1,50,-477999.0,-98641.0,-155703.0,-223655.0,50,92847,5506,91.46
648,mid_z_trend,mid_z,500,1.5,0.5,1,150,-480980.0,994440.0,-166630.0,-1308790.0,150,43036,2428,46.39
649,ema_diff_revert,ema_diff,500,1.0,0.0,-1,200,-491248.0,-1977503.0,165049.0,1321206.0,200,118734,6621,88.18
650,mid_z_revert,mid_z,200,0.75,0.0,-1,150,-494619.0,-1327432.0,-115282.0,948095.0,150,63242,3535,88.15
651,ema_diff_revert,ema_diff,100,8.0,0.0,-1,50,-496975.0,-229236.0,-209789.0,-57950.0,50,21650,1332,91.34
652,mid_z_trend,mid_z,50,1.25,0.5,1,150,-497101.0,377320.0,-381776.0,-492645.0,150,243678,13750,48.38
653,ema_diff_trend,ema_diff,20,2.0,0.0,1,100,-498076.0,-46417.0,-401694.0,-49965.0,100,213259,12067,69.68
654,momentum_trend,momentum,200,12.0,0.0,1,100,-503245.0,574193.0,-376751.0,-700687.0,100,20262,1186,59.46
655,mid_z_trend,mid_z,500,1.25,0.25,1,150,-503425.0,989568.0,-202153.0,-1290840.0,150,44416,2521,60.35
656,mid_z_revert,mid_z,200,1.25,0.5,-1,50,-518779.0,-286052.0,-109645.0,-123082.0,50,41289,2817,58.05
657,mid_z_revert,mid_z,200,1.0,0.25,-1,50,-520959.0,-286369.0,-112010.0,-122580.0,50,41435,2785,69.93
658,imbalance_z_revert,imbalance_z,100,2.0,0.0,-1,200,-522798.0,-816646.0,427774.0,-133926.0,200,43455,2923,8.13
659,mid_z_revert,mid_z,500,1.0,0.25,-1,200,-523161.0,-1817367.0,-165790.0,1459996.0,200,68522,3933,64.2
660,imbalance_z_revert,imbalance_z,100,0.75,0.0,-1,200,-523998.0,-818803.0,428731.0,-133926.0,200,43455,2924,8.23
661,imbalance_z_revert,imbalance_z,100,1.0,0.0,-1,200,-523998.0,-818803.0,428731.0,-133926.0,200,43455,2924,8.23
662,imbalance_z_revert,imbalance_z,100,1.5,0.0,-1,200,-523998.0,-818803.0,428731.0,-133926.0,200,43455,2924,8.23
663,mid_z_trend,mid_z,500,1.0,0.5,1,100,-524880.0,490927.0,-194536.0,-821271.0,100,51478,3057,60.07
664,momentum_revert,momentum,50,8.0,0.0,-1,200,-525129.0,-1878589.0,-28458.0,1381918.0,200,77250,4332,38.4
665,mid_z_trend,mid_z,500,0.75,0.25,1,100,-525473.0,488664.0,-210841.0,-803296.0,100,51342,3050,72.79
666,momentum_trend,momentum,500,8.0,0.0,1,150,-531515.0,1010564.0,-272703.0,-1269376.0,150,31705,1793,71.82
667,mid_z_revert,mid_z,500,1.25,0.5,-1,200,-534560.0,-1814627.0,-166976.0,1447043.0,200,69398,3989,51.53
668,imbalance_z_trend,imbalance_z,20,2.0,0.0,1,100,-540689.0,-89807.0,-381677.0,-69205.0,100,26204,1540,0.94
669,ema_diff_revert,ema_diff,200,3.0,0.0,-1,50,-541121.0,-275708.0,-260856.0,-4557.0,50,38243,2333,94.51
670,mid_z_trend,mid_z,200,0.75,0.5,1,100,-541770.0,294338.0,-385627.0,-450481.0,100,122423,7248,66.09
671,momentum_revert,momentum,100,6.0,0.0,-1,50,-547368.0,-237731.0,-230103.0,-79534.0,50,27154,1768,73.59
672,momentum_trend,momentum,20,4.0,0.0,1,50,-548585.0,-62083.0,-240378.0,-246124.0,50,74905,4726,60.9
673,mid_z_trend,mid_z,200,0.75,0.5,1,50,-550181.0,-59625.0,-226183.0,-264373.0,50,75665,4947,68.21
674,imbalance_z_trend,imbalance_z,20,1.5,0.0,1,100,-552851.0,-95523.0,-385790.0,-71538.0,100,27364,1606,1.1
675,imbalance_z_trend,imbalance_z,20,0.75,0.0,1,100,-553848.0,-96220.0,-386566.0,-71062.0,100,27516,1614,1.17
676,imbalance_z_trend,imbalance_z,20,1.0,0.0,1,100,-553848.0,-96220.0,-386566.0,-71062.0,100,27516,1614,1.17
677,mid_z_trend,mid_z,50,1.25,0.25,1,50,-558649.0,-113472.0,-262114.0,-183063.0,50,90748,5907,65.06
678,momentum_trend,momentum,20,2.0,0.0,1,100,-561216.0,26003.0,37733.0,-624952.0,100,195848,11226,67.19
679,momentum_trend,momentum,200,8.0,0.0,1,100,-569064.0,551543.0,-390379.0,-730228.0,100,27596,1610,71.33
680,momentum_revert,momentum,500,6.0,0.0,-1,150,-569313.0,-1235806.0,-379307.0,1045800.0,150,38359,2176,75.86
681,mid_z_trend,mid_z,50,1.5,0.25,1,50,-571867.0,-75799.0,-246814.0,-249254.0,50,78317,5136,60.85
682,mid_z_trend,mid_z,500,1.5,0.25,1,200,-574398.0,1462699.0,-221197.0,-1815900.0,200,47352,2685,52.07
683,momentum_trend,momentum,10,4.0,0.0,1,50,-580323.0,-132053.0,-139910.0,-308360.0,50,93692,5933,44.45
684,momentum_trend,momentum,10,6.0,0.0,1,50,-580835.0,-145915.0,-175221.0,-259699.0,50,47357,3053,23.63
685,mid_z_trend,mid_z,10,0.75,0.0,1,200,-585472.0,31424.0,-627415.0,10519.0,200,489307,26803,39.31
686,mid_z_revert,mid_z,500,0.75,0.25,-1,150,-590197.0,-1341014.0,-189119.0,939936.0,150,70644,4062,71.31
687,mid_z_revert,mid_z,500,1.0,0.5,-1,150,-590684.0,-1334345.0,-185200.0,928861.0,150,70364,4057,58.57
688,mid_z_trend,mid_z,500,1.0,0.25,1,150,-595558.0,963325.0,-238948.0,-1319935.0,150,53842,3055,65.52
689,momentum_revert,momentum,50,8.0,0.0,-1,150,-600594.0,-1344553.0,-178015.0,921974.0,150,63226,3568,41.55
690,momentum_trend,momentum,500,4.0,0.0,1,150,-600886.0,960835.0,-197846.0,-1363875.0,150,49598,2791,81.38
691,mid_z_trend,mid_z,500,1.25,0.5,1,150,-602267.0,963304.0,-217739.0,-1347832.0,150,54646,3096,52.72
692,momentum_revert,momentum,20,6.0,0.0,-1,50,-604916.0,-308917.0,-145047.0,-150952.0,50,46953,3067,43.37
693,momentum_trend,momentum,50,8.0,0.0,1,150,-611856.0,947084.0,-227292.0,-1331648.0,150,63166,3535,41.23
694,momentum_trend,momentum,500,6.0,0.0,1,200,-614620.0,1461400.0,-224407.0,-1851613.0,200,46954,2621,74.53
695,momentum_trend,momentum,100,8.0,0.0,1,100,-614679.0,536070.0,-793100.0,-357649.0,100,37756,2212,61.98
696,mid_z_revert,mid_z,100,2.0,0.25,-1,50,-615224.0,-269223.0,-246595.0,-99406.0,50,33986,2346,49.43
697,momentum_revert,momentum,100,4.0,0.0,-1,50,-625238.0,-266775.0,-253182.0,-105281.0,50,35894,2295,81.26
698,momentum_trend,momentum,200,6.0,0.0,1,100,-625875.0,533359.0,-414175.0,-745059.0,100,33988,1977,77.99
699,imbalance_z_trend,imbalance_z,100,2.0,0.0,1,100,-626275.0,-100317.0,-564539.0,38581.0,100,33466,1861,17.87
700,imbalance_z_trend,imbalance_z,100,0.75,0.0,1,100,-626308.0,-100344.0,-564545.0,38581.0,100,33466,1862,18.01
701,imbalance_z_trend,imbalance_z,100,1.0,0.0,1,100,-626308.0,-100344.0,-564545.0,38581.0,100,33466,1862,18.01
702,imbalance_z_trend,imbalance_z,100,1.5,0.0,1,100,-626308.0,-100344.0,-564545.0,38581.0,100,33466,1862,18.01
703,momentum_trend,momentum,10,8.0,0.0,1,100,-626349.0,-96128.0,-115782.0,-414439.0,100,31073,1835,7.38
704,ema_diff_revert,ema_diff,10,8.0,0.0,-1,150,-627816.0,-1208496.0,663937.0,-83257.0,150,15220,879,23.13
705,mid_z_revert,mid_z,200,1.0,0.5,-1,50,-630993.0,-322936.0,-147168.0,-160889.0,50,53057,3578,62.95
706,mid_z_trend,mid_z,500,1.5,0.5,1,200,-632706.0,1444033.0,-217148.0,-1859591.0,200,54580,3092,45.09
707,mid_z_trend,mid_z,20,1.5,0.0,1,50,-634220.0,-157676.0,-287957.0,-188587.0,50,93922,5594,81.48
708,mid_z_trend,mid_z,100,0.75,0.5,1,50,-641397.0,-198335.0,-183468.0,-259594.0,50,112215,7306,68.08
709,mid_z_revert,mid_z,100,2.0,0.5,-1,50,-643233.0,-277503.0,-255974.0,-109756.0,50,37476,2599,42.74
710,ema_diff_trend,ema_diff,20,3.0,0.0,1,50,-645633.0,-146535.0,-316100.0,-182998.0,50,96464,5715,82.15
711,ema_diff_revert,ema_diff,50,8.0,0.0,-1,50,-645875.0,-242617.0,-222084.0,-181174.0,50,24981,1542,86.52
712,mid_z_trend,mid_z,20,0.75,0.0,1,100,-647277.0,-112811.0,-442973.0,-91493.0,100,229983,13057,71.61
713,ema_diff_revert,ema_diff,200,2.0,0.0,-1,50,-649202.0,-309092.0,-297648.0,-42462.0,50,49583,3028,94.15
714,imbalance_trend,imbalance,1,0.05,0.0,1,50,-654255.0,-232787.0,-217032.0,-204436.0,50,68290,4091,0.06
715,mid_z_revert,mid_z,200,0.75,0.25,-1,50,-658439.0,-327658.0,-171395.0,-159386.0,50,53833,3600,75.07
716,mid_z_trend,mid_z,50,1.5,0.25,1,100,-662329.0,234236.0,-435893.0,-460672.0,100,136111,7997,55.56
717,imbalance_trend,imbalance,1,0.05,0.0,1,100,-662972.0,-235582.0,-221019.0,-206371.0,84,69138,4119,0.0
718,imbalance_trend,imbalance,1,0.05,0.0,1,150,-662972.0,-235582.0,-221019.0,-206371.0,84,69138,4119,0.0
719,imbalance_trend,imbalance,1,0.05,0.0,1,200,-662972.0,-235582.0,-221019.0,-206371.0,84,69138,4119,0.0
720,mid_z_trend,mid_z,200,0.75,0.25,1,200,-663153.0,1198567.0,-481013.0,-1380707.0,200,145781,8196,68.3
721,imbalance_z_trend,imbalance_z,20,2.0,0.0,1,150,-665510.0,-90938.0,-502997.0,-71575.0,150,26714,1561,0.28
722,imbalance_z_trend,imbalance_z,20,2.0,0.0,1,200,-667459.0,-91585.0,-502997.0,-72877.0,192,26886,1569,0.0
723,mid_z_trend,mid_z,500,1.25,0.25,1,200,-674956.0,1436286.0,-264883.0,-1846359.0,200,57014,3242,58.97
724,imbalance_z_trend,imbalance_z,50,0.75,0.0,1,100,-675149.0,-114232.0,-768664.0,207747.0,100,34747,1983,9.43
725,imbalance_z_trend,imbalance_z,50,1.0,0.0,1,100,-675149.0,-114232.0,-768664.0,207747.0,100,34747,1983,9.43
726,imbalance_z_trend,imbalance_z,50,1.5,0.0,1,100,-675149.0,-114232.0,-768664.0,207747.0,100,34747,1983,9.43
727,imbalance_z_trend,imbalance_z,20,1.5,0.0,1,150,-677881.0,-96730.0,-507362.0,-73789.0,150,27976,1630,0.28
728,mid_z_revert,mid_z,100,1.25,0.0,-1,50,-678654.0,-250577.0,-231673.0,-196404.0,50,28263,1744,93.92
729,imbalance_z_trend,imbalance_z,20,0.75,0.0,1,150,-679128.0,-97677.0,-508138.0,-73313.0,150,28148,1638,0.28
730,imbalance_z_trend,imbalance_z,20,1.0,0.0,1,150,-679128.0,-97677.0,-508138.0,-73313.0,150,28148,1638,0.28
731,imbalance_z_trend,imbalance_z,20,1.5,0.0,1,200,-679830.0,-97377.0,-507362.0,-75091.0,192,28148,1638,0.0
732,imbalance_z_trend,imbalance_z,20,0.75,0.0,1,200,-681077.0,-98324.0,-508138.0,-74615.0,192,28320,1646,0.0
733,imbalance_z_trend,imbalance_z,20,1.0,0.0,1,200,-681077.0,-98324.0,-508138.0,-74615.0,192,28320,1646,0.0
734,momentum_revert,momentum,10,6.0,0.0,-1,150,-687589.0,-586718.0,152098.0,-252969.0,150,86693,4901,10.84
735,imbalance_z_trend,imbalance_z,50,2.0,0.0,1,100,-692788.0,-135600.0,-768677.0,211489.0,100,34239,1957,9.46
736,mid_z_revert,mid_z,500,0.75,0.5,-1,100,-694344.0,-868256.0,-217032.0,390944.0,100,77380,4692,65.97
737,ema_diff_revert,ema_diff,500,1.0,0.0,-1,100,-697970.0,-873723.0,-240374.0,416127.0,100,75586,4344,92.33
738,mid_z_trend,mid_z,50,1.5,0.5,1,50,-700177.0,-117365.0,-287116.0,-295696.0,50,91983,6103,52.67
739,mid_z_revert,mid_z,500,1.0,0.5,-1,200,-702121.0,-1869582.0,-223491.0,1390952.0,200,87202,5016,57.3
740,mid_z_revert,mid_z,500,0.75,0.25,-1,200,-702871.0,-1878299.0,-230735.0,1406163.0,200,88112,5055,69.86
741,imbalance_revert,imbalance,1,0.05,0.0,-1,50,-704831.0,-252352.0,-231733.0,-220746.0,50,80656,5470,0.48
742,mid_z_trend,mid_z,50,1.0,0.25,1,50,-707095.0,-163175.0,-309500.0,-234420.0,50,106304,6873,69.33
743,mid_z_revert,mid_z,50,2.0,0.25,-1,50,-707268.0,-348721.0,-182289.0,-176258.0,50,59105,3979,49.33
744,ema_diff_revert,ema_diff,200,5.0,0.0,-1,200,-710079.0,-1888858.0,-218753.0,1397532.0,200,84198,4690,84.24
745,mid_z_revert,mid_z,500,2.0,0.0,-1,100,-712754.0,-658593.0,-662052.0,607891.0,100,9695,565,92.41
746,mid_z_trend,mid_z,200,0.75,0.0,1,150,-716894.0,936534.0,-304972.0,-1348456.0,150,63074,3489,88.07
747,mid_z_revert,mid_z,50,2.0,0.0,-1,50,-721007.0,-268751.0,-253749.0,-198507.0,50,32851,2007,86.52
748,ema_diff_trend,ema_diff,20,1.0,0.0,1,150,-721279.0,-52313.0,-380582.0,-288384.0,150,363493,20106,61.44
749,imbalance_revert,imbalance,1,0.05,0.0,-1,100,-721427.0,-258495.0,-238483.0,-224449.0,99,82390,5558,0.0
750,imbalance_revert,imbalance,1,0.05,0.0,-1,150,-721427.0,-258495.0,-238483.0,-224449.0,99,82390,5558,0.0
751,imbalance_revert,imbalance,1,0.05,0.0,-1,200,-721427.0,-258495.0,-238483.0,-224449.0,99,82390,5558,0.0
752,mid_z_revert,mid_z,100,1.0,0.0,-1,50,-727317.0,-266760.0,-248026.0,-212531.0,50,33719,2072,93.59
753,momentum_trend,momentum,200,4.0,0.0,1,100,-730407.0,509076.0,-475642.0,-763841.0,100,44178,2548,83.74
754,mid_z_trend,mid_z,20,1.0,0.0,1,100,-732935.0,-20530.0,-336969.0,-375436.0,100,201414,11440,70.69
755,mid_z_revert,mid_z,100,1.5,0.25,-1,50,-733317.0,-308808.0,-286567.0,-137942.0,50,46476,3149,60.65
756,ema_diff_revert,ema_diff,100,5.0,0.0,-1,50,-738295.0,-268487.0,-250345.0,-219463.0,50,35191,2166,91.95
757,ema_diff_trend,ema_diff,500,1.0,0.0,1,100,-740096.0,427662.0,-323067.0,-844691.0,100,74986,4252,92.32
758,mid_z_trend,mid_z,50,1.25,0.5,1,50,-743527.0,-178151.0,-323911.0,-241465.0,50,110252,7247,57.05
759,mid_z_trend,mid_z,500,1.0,0.5,1,150,-748945.0,920018.0,-269040.0,-1399923.0,150,69812,3954,58.55
760,imbalance_z_trend,imbalance_z,200,0.75,0.0,1,100,-750727.0,-95830.0,-693129.0,38232.0,100,31709,1738,24.57
761,imbalance_z_trend,imbalance_z,200,1.0,0.0,1,100,-750727.0,-95830.0,-693129.0,38232.0,100,31709,1738,24.57
762,imbalance_z_trend,imbalance_z,200,1.5,0.0,1,100,-750727.0,-95830.0,-693129.0,38232.0,100,31709,1738,24.57
763,imbalance_z_trend,imbalance_z,200,2.0,0.0,1,100,-750727.0,-95830.0,-693129.0,38232.0,100,31709,1738,24.57
764,momentum_revert,momentum,50,6.0,0.0,-1,50,-755548.0,-277334.0,-257512.0,-220702.0,50,36479,2382,64.77
765,mid_z_trend,mid_z,500,0.75,0.25,1,150,-757734.0,918382.0,-298562.0,-1377554.0,150,70246,3975,71.3
766,mid_z_trend,mid_z,50,0.75,0.25,1,50,-761380.0,-235227.0,-247247.0,-278906.0,50,125995,8075,73.54
767,mid_z_trend,mid_z,20,1.25,0.0,1,50,-763362.0,-192407.0,-339798.0,-231157.0,50,107560,6427,83.3
768,mid_z_trend,mid_z,50,1.25,0.5,1,100,-767304.0,79515.0,-566175.0,-280644.0,100,183611,10847,52.98
769,mid_z_revert,mid_z,50,2.0,0.5,-1,50,-768568.0,-368568.0,-200654.0,-199346.0,50,65953,4501,41.46
770,mid_z_trend,mid_z,500,0.75,0.5,1,100,-768823.0,419162.0,-280010.0,-907975.0,100,76556,4544,66.01
771,ema_diff_trend,ema_diff,50,1.0,0.0,1,50,-774341.0,-216928.0,-252403.0,-305010.0,50,125239,7414,88.41
772,ema_diff_trend,ema_diff,10,2.0,0.0,1,150,-777853.0,114422.0,-240144.0,-652131.0,150,321369,17758,49.73
773,ema_diff_trend,ema_diff,10,3.0,0.0,1,100,-782958.0,98349.0,-294140.0,-587167.0,100,179890,10143,57.69
774,mid_z_trend,mid_z,500,1.0,0.25,1,200,-784464.0,1400744.0,-306141.0,-1879067.0,200,68294,3883,64.21
775,mid_z_trend,mid_z,500,1.25,0.5,1,200,-786836.0,1403812.0,-280608.0,-1910040.0,200,69042,3912,51.46
776,mid_z_revert,mid_z,100,0.75,0.0,-1,50,-793342.0,-285397.0,-268529.0,-239416.0,50,40679,2501,93.46
777,mid_z_trend,mid_z,10,2.0,0.0,1,50,-794030.0,-188689.0,-356975.0,-248366.0,50,110244,6561,61.43
778,mid_z_trend,mid_z,50,1.0,0.5,1,100,-796452.0,-35551.0,-669878.0,-91023.0,100,216788,12763,57.32
779,momentum_revert,momentum,100,2.0,0.0,-1,50,-797844.0,-317630.0,-313170.0,-167044.0,50,54006,3402,88.18
780,mid_z_revert,mid_z,100,1.5,0.5,-1,50,-800179.0,-335501.0,-305585.0,-159093.0,50,54230,3714,53.84
781,imbalance_z_trend,imbalance_z,50,0.75,0.0,1,150,-817572.0,-122252.0,-897311.0,201991.0,150,38115,2124,4.36
782,imbalance_z_trend,imbalance_z,50,1.0,0.0,1,150,-817572.0,-122252.0,-897311.0,201991.0,150,38115,2124,4.36
783,imbalance_z_trend,imbalance_z,50,1.5,0.0,1,150,-817572.0,-122252.0,-897311.0,201991.0,150,38115,2124,4.36
784,imbalance_z_trend,imbalance_z,50,0.75,0.0,1,200,-825083.0,-124969.0,-900445.0,200331.0,200,39391,2186,1.64
785,imbalance_z_trend,imbalance_z,50,1.0,0.0,1,200,-825083.0,-124969.0,-900445.0,200331.0,200,39391,2186,1.64
786,imbalance_z_trend,imbalance_z,50,1.5,0.0,1,200,-825083.0,-124969.0,-900445.0,200331.0,200,39391,2186,1.64
787,ema_diff_revert,ema_diff,50,5.0,0.0,-1,50,-831913.0,-301502.0,-281740.0,-248671.0,50,44105,2696,88.78
788,imbalance_z_trend,imbalance_z,50,2.0,0.0,1,150,-836565.0,-144015.0,-897029.0,204479.0,150,37613,2099,3.97
789,momentum_trend,momentum,50,12.0,0.0,1,100,-836905.0,-46439.0,-91282.0,-699184.0,100,20039,1184,22.36
790,ema_diff_revert,ema_diff,200,1.0,0.0,-1,50,-837442.0,-363761.0,-365533.0,-108148.0,50,69365,4206,93.69
791,imbalance_z_trend,imbalance_z,50,2.0,0.0,1,200,-841385.0,-146551.0,-898683.0,203849.0,200,38745,2153,1.62
792,mid_z_revert,mid_z,50,1.5,0.0,-1,50,-842389.0,-307526.0,-293224.0,-241639.0,50,45573,2791,90.0
793,ema_diff_revert,ema_diff,500,1.0,0.0,-1,150,-849174.0,-1430542.0,-283267.0,864635.0,150,98368,5514,90.22
794,mid_z_trend,mid_z,500,1.5,0.0,1,100,-855847.0,575356.0,-734946.0,-696257.0,100,14857,852,92.87
795,mid_z_trend,mid_z,50,1.5,0.5,1,100,-857694.0,165196.0,-505212.0,-517678.0,100,157435,9320,48.45
796,mid_z_trend,mid_z,200,2.0,0.0,1,100,-858630.0,561722.0,-720581.0,-699771.0,100,19653,1127,88.54
797,mid_z_trend,mid_z,50,0.75,0.5,1,100,-863424.0,-198433.0,-455145.0,-209846.0,100,260599,15285,61.66
798,ema_diff_trend,ema_diff,500,2.0,0.0,1,100,-864059.0,467902.0,-521643.0,-810318.0,100,58869,3345,92.73
799,momentum_revert,momentum,50,4.0,0.0,-1,50,-864934.0,-306891.0,-298000.0,-260043.0,50,47989,3096,75.2
800,momentum_revert,momentum,20,4.0,0.0,-1,50,-866511.0,-394288.0,-242271.0,-229952.0,50,75225,4800,61.14
801,mid_z_trend,mid_z,20,1.25,0.25,1,150,-869249.0,34996.0,-621178.0,-283067.0,150,339253,18882,43.15
802,momentum_revert,momentum,500,6.0,0.0,-1,100,-872841.0,-724166.0,-706958.0,558283.0,100,28995,1702,77.8
803,mid_z_revert,mid_z,200,0.75,0.5,-1,50,-873119.0,-393262.0,-244026.0,-235831.0,50,76997,5139,68.19
804,mid_z_revert,mid_z,500,0.75,0.5,-1,150,-883619.0,-1427229.0,-283463.0,827073.0,150,101800,5869,64.37
805,mid_z_trend,mid_z,50,1.5,0.5,1,150,-885595.0,484523.0,-656204.0,-713914.0,150,212157,11987,43.66
806,momentum_trend,momentum,200,2.0,0.0,1,100,-886646.0,462491.0,-531913.0,-817224.0,100,60394,3473,87.68
807,momentum_trend,momentum,10,2.0,0.0,1,150,-895365.0,57842.0,-309502.0,-643705.0,150,335757,18673,43.43
808,mid_z_revert,mid_z,50,1.5,0.25,-1,50,-896491.0,-412332.0,-249026.0,-235133.0,50,79063,5271,60.94
809,ema_diff_revert,ema_diff,100,3.0,0.0,-1,50,-897535.0,-320187.0,-304544.0,-272804.0,50,51131,3107,92.09
810,ema_diff_trend,ema_diff,200,5.0,0.0,1,200,-902036.0,1361760.0,-332938.0,-1930858.0,200,83924,4623,84.15
811,mid_z_trend,mid_z,500,1.25,0.0,1,100,-902365.0,566708.0,-755457.0,-713616.0,100,18001,1034,94.18
812,mid_z_revert,mid_z,50,1.25,0.0,-1,50,-904591.0,-329386.0,-310729.0,-264476.0,50,51797,3174,90.79
813,mid_z_trend,mid_z,200,1.5,0.0,1,100,-906476.0,550388.0,-750797.0,-706067.0,100,26139,1495,90.87
814,ema_diff_revert,ema_diff,10,5.0,0.0,-1,50,-909292.0,-322832.0,-313347.0,-273113.0,50,52771,3246,70.02
815,mid_z_trend,mid_z,500,1.0,0.0,1,100,-909467.0,573189.0,-766873.0,-715783.0,100,20161,1157,94.84
816,mid_z_trend,mid_z,10,1.0,0.0,1,150,-911521.0,-72619.0,-748888.0,-90014.0,150,372164,20526,45.38
817,momentum_trend,momentum,500,4.0,0.0,1,200,-919707.0,1406215.0,-396591.0,-1929331.0,200,61030,3419,79.84
818,mid_z_revert,mid_z,100,1.25,0.25,-1,50,-921589.0,-334830.0,-313825.0,-272934.0,50,54633,3698,65.39
819,momentum_revert,momentum,20,8.0,0.0,-1,100,-922913.0,-465277.0,-142496.0,-315140.0,100,41478,2472,20.99
820,mid_z_trend,mid_z,500,0.75,0.0,1,100,-933628.0,568551.0,-779077.0,-723102.0,100,23821,1362,94.04
821,momentum_trend,momentum,20,2.0,0.0,1,50,-935427.0,-229978.0,-226691.0,-478758.0,50,120525,7415,76.6
822,ema_diff_revert,ema_diff,20,5.0,0.0,-1,50,-935891.0,-333101.0,-320929.0,-281861.0,50,55621,3403,79.25
823,ema_diff_trend,ema_diff,500,8.0,0.0,1,100,-940951.0,558156.0,-770157.0,-728950.0,100,25315,1454,91.33
824,mid_z_trend,mid_z,20,2.0,0.25,1,50,-941239.0,-218860.0,-354319.0,-368060.0,50,116949,7528,44.73
825,mid_z_trend,mid_z,10,1.5,0.0,1,100,-946178.0,-67227.0,-703259.0,-175692.0,100,221751,12480,49.34
826,momentum_revert,momentum,10,6.0,0.0,-1,100,-950548.0,-514970.0,-225220.0,-210358.0,100,72330,4268,16.89
827,mid_z_revert,mid_z,200,2.0,0.25,-1,100,-955762.0,-770159.0,-89712.0,-95891.0,100,35905,2184,47.04
828,momentum_trend,momentum,50,8.0,0.0,1,200,-956906.0,1389650.0,-466977.0,-1879579.0,200,77176,4298,38.12
829,mid_z_trend,mid_z,500,1.0,0.5,1,200,-957258.0,1351064.0,-339208.0,-1969114.0,200,86618,4916,57.28
830,ema_diff_trend,ema_diff,10,3.0,0.0,1,50,-963756.0,-209140.0,-390371.0,-364245.0,50,118097,6995,74.49
831,momentum_trend,momentum,10,6.0,0.0,1,150,-969758.0,59890.0,-757976.0,-271672.0,150,86165,4817,10.8
832,mid_z_trend,mid_z,50,1.0,0.5,1,50,-976363.0,-259633.0,-401027.0,-315703.0,50,134522,8801,61.7
833,mid_z_revert,mid_z,100,2.0,0.0,-1,100,-977646.0,-758179.0,-737378.0,517911.0,100,33475,1934,85.11
834,mid_z_trend,mid_z,200,1.25,0.0,1,100,-977684.0,540390.0,-779213.0,-738861.0,100,31955,1822,90.75
835,mid_z_trend,mid_z,500,0.75,0.25,1,200,-978239.0,1352532.0,-380712.0,-1950059.0,200,87702,4975,69.89
836,mid_z_revert,mid_z,50,1.0,0.0,-1,50,-979246.0,-350520.0,-335218.0,-293508.0,50,58919,3605,90.38
837,mid_z_trend,mid_z,20,1.0,0.25,1,200,-983747.0,233699.0,-409828.0,-807618.0,200,430139,23820,40.72
838,mid_z_revert,mid_z,200,2.0,0.5,-1,100,-984504.0,-779380.0,-101947.0,-103177.0,100,38855,2382,39.83
839,momentum_trend,momentum,500,12.0,0.0,1,200,-987416.0,1533722.0,-761975.0,-1759163.0,200,27115,1520,58.07
840,ema_diff_trend,ema_diff,200,8.0,0.0,1,100,-993663.0,523414.0,-787747.0,-729330.0,100,33151,1875,89.28
841,mid_z_trend,mid_z,20,1.0,0.0,1,50,-1011149.0,-246526.0,-384107.0,-380516.0,50,122305,7305,84.2
842,mid_z_revert,mid_z,100,1.25,0.5,-1,50,-1021931.0,-375352.0,-343161.0,-303418.0,50,65857,4518,58.54
843,mid_z_revert,mid_z,50,1.5,0.5,-1,50,-1023078.0,-453455.0,-288219.0,-281404.0,50,93027,6296,52.77
844,mid_z_revert,mid_z,100,1.0,0.25,-1,50,-1027636.0,-374178.0,-345622.0,-307836.0,50,66037,4426,69.63
845,ema_diff_trend,ema_diff,20,2.0,0.0,1,50,-1028939.0,-276014.0,-453192.0,-299733.0,50,135350,8033,82.11
846,ema_diff_trend,ema_diff,500,1.0,0.0,1,150,-1030251.0,847377.0,-443545.0,-1434083.0,150,97740,5408,90.22
847,ema_diff_revert,ema_diff,20,8.0,0.0,-1,200,-1033987.0,-1776650.0,849200.0,-106537.0,200,49652,2797,44.62
848,mid_z_revert,mid_z,500,0.75,0.5,-1,200,-1035534.0,-1976704.0,-337308.0,1278478.0,200,123032,7071,62.93
849,mid_z_revert,mid_z,20,2.0,0.0,-1,50,-1040337.0,-368328.0,-358911.0,-313098.0,50,66351,4046,74.92
850,ema_diff_trend,ema_diff,500,5.0,0.0,1,100,-1042815.0,524439.0,-813075.0,-754179.0,100,36081,2058,92.17
851,mid_z_trend,mid_z,200,1.0,0.0,1,100,-1043061.0,524008.0,-807406.0,-759663.0,100,37485,2132,91.43
852,imbalance_z_revert,imbalance_z,200,0.75,0.0,-1,200,-1045824.0,-804266.0,-115280.0,-126278.0,200,40076,2735,14.66
853,imbalance_z_revert,imbalance_z,200,1.0,0.0,-1,200,-1045824.0,-804266.0,-115280.0,-126278.0,200,40076,2735,14.66
854,imbalance_z_revert,imbalance_z,200,1.5,0.0,-1,200,-1045824.0,-804266.0,-115280.0,-126278.0,200,40076,2735,14.66
855,imbalance_z_revert,imbalance_z,200,2.0,0.0,-1,200,-1045824.0,-804266.0,-115280.0,-126278.0,200,40076,2735,14.66
856,ema_diff_revert,ema_diff,200,5.0,0.0,-1,150,-1047536.0,-1345572.0,-635778.0,933814.0,150,66970,3745,87.02
857,ema_diff_revert,ema_diff,100,2.0,0.0,-1,50,-1050600.0,-365611.0,-356573.0,-328416.0,50,67853,4137,91.61
858,mid_z_trend,mid_z,500,0.75,0.5,1,150,-1054381.0,835260.0,-381287.0,-1508354.0,150,100884,5719,64.37
859,momentum_trend,momentum,10,2.0,0.0,1,100,-1055741.0,-222735.0,-621352.0,-211654.0,100,269760,15482,52.7
860,mid_z_trend,mid_z,20,0.75,0.0,1,50,-1058630.0,-297813.0,-453061.0,-307756.0,50,139282,8301,84.61
861,mid_z_trend,mid_z,20,0.75,0.25,1,200,-1062672.0,57740.0,-586786.0,-533626.0,200,480950,26641,43.96
862,ema_diff_revert,ema_diff,50,3.0,0.0,-1,50,-1067397.0,-378512.0,-361575.0,-327310.0,50,68165,4168,89.24
863,mid_z_trend,mid_z,20,2.0,0.25,1,100,-1080191.0,62655.0,-557356.0,-585490.0,100,180519,10484,33.0
864,mid_z_revert,mid_z,50,0.75,0.0,-1,50,-1080867.0,-392006.0,-369437.0,-319424.0,50,68967,4211,90.65
865,mid_z_revert,mid_z,200,1.5,0.25,-1,100,-1085469.0,-809961.0,-130726.0,-144782.0,100,49779,3021,57.85
866,ema_diff_revert,ema_diff,200,5.0,0.0,-1,100,-1093980.0,-796424.0,-776602.0,479046.0,100,47973,2756,89.94
867,momentum_revert,momentum,500,2.0,0.0,-1,100,-1096277.0,-799378.0,-767720.0,470821.0,100,51659,3010,86.38
868,momentum_trend,momentum,100,12.0,0.0,1,150,-1096738.0,1037055.0,-1292205.0,-841588.0,150,32706,1850,40.59
869,mid_z_revert,mid_z,100,1.5,0.0,-1,100,-1101608.0,-797619.0,-779778.0,475789.0,100,47069,2707,87.03
870,momentum_revert,momentum,20,8.0,0.0,-1,150,-1101668.0,-491188.0,-180881.0,-429599.0,150,53228,3035,17.03
871,mid_z_trend,mid_z,20,2.0,0.5,1,50,-1121695.0,-278581.0,-412867.0,-430247.0,50,135143,8828,35.33
872,momentum_revert,momentum,50,2.0,0.0,-1,50,-1130234.0,-391128.0,-374796.0,-364310.0,50,76129,4751,84.39
873,momentum_trend,momentum,200,12.0,0.0,1,150,-1134815.0,1030178.0,-923777.0,-1241216.0,150,28700,1599,57.65
874,ema_diff_revert,ema_diff,100,8.0,0.0,-1,200,-1139719.0,-1851097.0,-427074.0,1138452.0,200,69402,3867,77.08
875,ema_diff_trend,ema_diff,500,3.0,0.0,1,100,-1147556.0,488929.0,-856419.0,-780066.0,100,48031,2750,92.94
876,mid_z_revert,mid_z,50,1.25,0.25,-1,50,-1147897.0,-453352.0,-301448.0,-393097.0,50,91886,6084,65.15
877,mid_z_revert,mid_z,200,1.5,0.5,-1,100,-1155711.0,-831833.0,-156121.0,-167757.0,100,57225,3496,51.26
878,mid_z_revert,mid_z,20,1.5,0.0,-1,50,-1156561.0,-459269.0,-296131.0,-401161.0,50,94788,5780,81.44
879,mid_z_trend,mid_z,50,0.75,0.5,1,50,-1157137.0,-381006.0,-375415.0,-400716.0,50,167539,10844,66.48
880,momentum_revert,momentum,20,8.0,0.0,-1,200,-1159470.0,-507309.0,-197558.0,-454603.0,200,62696,3542,13.52
881,mid_z_revert,mid_z,200,1.25,0.25,-1,100,-1175331.0,-839109.0,-156990.0,-179232.0,100,60695,3664,62.9
882,momentum_trend,momentum,500,8.0,0.0,1,200,-1181211.0,1455736.0,-825261.0,-1811686.0,200,40045,2250,70.28
883,mid_z_revert,mid_z,100,0.75,0.25,-1,50,-1186489.0,-430773.0,-391778.0,-363938.0,50,82931,5474,74.45
884,momentum_revert,momentum,10,4.0,0.0,-1,50,-1189374.0,-452145.0,-438314.0,-298915.0,50,94214,6051,45.01
885,ema_diff_revert,ema_diff,20,3.0,0.0,-1,50,-1193940.0,-470492.0,-313839.0,-409609.0,50,97534,5943,81.95
886,mid_z_revert,mid_z,100,1.0,0.5,-1,50,-1200038.0,-439809.0,-397094.0,-363135.0,50,85015,5728,63.15
887,mid_z_trend,mid_z,10,1.5,0.0,1,50,-1201206.0,-340153.0,-489459.0,-371594.0,50,153570,9129,70.22
888,mid_z_revert,mid_z,500,2.0,0.0,-1,150,-1208078.0,-1150324.0,-1165781.0,1108027.0,150,13687,767,89.67
889,mid_z_trend,mid_z,10,2.0,0.25,1,200,-1227981.0,-19288.0,-916746.0,-291947.0,200,287083,15836,6.69
890,momentum_trend,momentum,200,8.0,0.0,1,150,-1230149.0,993032.0,-936738.0,-1286443.0,150,39110,2195,69.63
891,mid_z_trend,mid_z,20,1.5,0.25,1,150,-1233763.0,180270.0,-859976.0,-554057.0,150,298695,16628,37.29
892,ema_diff_revert,ema_diff,50,2.0,0.0,-1,50,-1261316.0,-445272.0,-428819.0,-387225.0,50,88153,5384,89.08
893,mid_z_revert,mid_z,20,2.0,0.25,-1,50,-1261538.0,-535412.0,-361593.0,-364533.0,50,118251,7753,44.96
894,ema_diff_trend,ema_diff,20,1.0,0.0,1,100,-1265210.0,-321890.0,-663925.0,-279395.0,100,293267,16569,68.91
895,ema_diff_revert,ema_diff,200,3.0,0.0,-1,100,-1272643.0,-848656.0,-841196.0,417209.0,100,65701,3780,90.24
896,mid_z_trend,mid_z,20,1.5,0.25,1,50,-1280185.0,-334959.0,-470633.0,-474593.0,50,153067,9771,57.4
897,mid_z_revert,mid_z,200,1.0,0.25,-1,100,-1281610.0,-870812.0,-198072.0,-212726.0,100,71619,4325,67.86
898,mid_z_revert,mid_z,20,1.25,0.0,-1,50,-1286722.0,-501076.0,-341036.0,-444610.0,50,108368,6626,83.29
899,momentum_trend,momentum,200,6.0,0.0,1,150,-1287692.0,974395.0,-966261.0,-1295826.0,150,46542,2596,75.88
900,mid_z_revert,mid_z,200,1.25,0.5,-1,100,-1289208.0,-876242.0,-195816.0,-217150.0,100,72271,4391,56.01
901,ema_diff_revert,ema_diff,10,3.0,0.0,-1,50,-1290149.0,-535252.0,-384196.0,-370701.0,50,119645,7292,74.16
902,mid_z_revert,mid_z,50,1.0,0.25,-1,50,-1295707.0,-506127.0,-349234.0,-440346.0,50,107630,7080,69.32
903,ema_diff_revert,ema_diff,100,1.0,0.0,-1,50,-1298348.0,-445455.0,-440442.0,-412451.0,50,94127,5699,91.36
904,momentum_trend,momentum,100,8.0,0.0,1,150,-1300415.0,978117.0,-1355952.0,-922580.0,150,53230,2976,58.73
905,mid_z_trend,mid_z,500,0.75,0.5,1,200,-1305467.0,1256893.0,-467021.0,-2095339.0,200,122006,6917,62.95
906,mid_z_revert,mid_z,10,2.0,0.0,-1,50,-1307090.0,-497910.0,-349522.0,-459658.0,50,111466,6816,61.48
907,momentum_revert,momentum,500,2.0,0.0,-1,200,-1311724.0,-1851976.0,-873159.0,1413411.0,200,81882,4597,83.14
908,momentum_trend,momentum,10,8.0,0.0,1,150,-1314668.0,-115851.0,-560971.0,-637846.0,150,36435,2074,3.86
909,mid_z_revert,mid_z,20,1.0,0.0,-1,50,-1319842.0,-557031.0,-385639.0,-377172.0,50,123255,7527,84.19
910,ema_diff_revert,ema_diff,100,8.0,0.0,-1,100,-1323500.0,-774643.0,-756876.0,208019.0,100,39753,2293,85.13
911,mid_z_revert,mid_z,50,1.25,0.5,-1,50,-1327791.0,-512725.0,-363394.0,-451672.0,50,111880,7504,57.09
912,ema_diff_revert,ema_diff,20,8.0,0.0,-1,150,-1334109.0,-1272717.0,348021.0,-409413.0,150,42913,2445,51.33
913,mid_z_trend,mid_z,10,1.25,0.0,1,100,-1340923.0,-210135.0,-837668.0,-293120.0,100,262924,14826,52.97
914,momentum_trend,momentum,10,2.0,0.0,1,50,-1350388.0,-398913.0,-553052.0,-398423.0,50,171310,10606,66.5
915,momentum_revert,momentum,20,2.0,0.0,-1,50,-1351333.0,-548719.0,-535966.0,-266648.0,50,121119,7555,76.69
916,mid_z_trend,mid_z,10,2.0,0.25,1,100,-1370353.0,-385452.0,-790917.0,-193984.0,100,245605,14129,22.47
917,momentum_trend,momentum,200,4.0,0.0,1,150,-1416050.0,945086.0,-1037268.0,-1323868.0,150,58956,3271,81.92
918,mid_z_trend,mid_z,10,1.25,0.0,1,50,-1416910.0,-411761.0,-560946.0,-444203.0,50,176714,10522,73.26
919,mid_z_revert,mid_z,20,2.0,0.5,-1,50,-1418072.0,-588810.0,-414275.0,-414987.0,50,136849,9092,35.57
920,mid_z_trend,mid_z,200,0.75,0.0,1,200,-1421085.0,1364640.0,-875273.0,-1910452.0,200,79822,4401,85.87
921,mid_z_trend,mid_z,10,2.0,0.25,1,50,-1423172.0,-422943.0,-550691.0,-449538.0,50,178930,11280,39.25
922,ema_diff_trend,ema_diff,10,2.0,0.0,1,50,-1423408.0,-417763.0,-566143.0,-439502.0,50,176338,10436,75.27
923,mid_z_trend,mid_z,500,1.5,0.0,1,200,-1428507.0,1494284.0,-1145857.0,-1776934.0,200,27600,1525,89.31
924,momentum_trend,momentum,50,12.0,0.0,1,150,-1438718.0,-74693.0,-137333.0,-1226692.0,150,26965,1521,18.77
925,ema_diff_revert,ema_diff,200,2.0,0.0,-1,100,-1438761.0,-900809.0,-894924.0,356972.0,100,83173,4788,89.51
926,mid_z_revert,mid_z,200,1.0,0.5,-1,100,-1457077.0,-927913.0,-254512.0,-274652.0,100,89427,5429,60.88
927,mid_z_revert,mid_z,100,0.75,0.5,-1,50,-1471817.0,-532296.0,-480250.0,-459271.0,50,114073,7584,68.04
928,mid_z_trend,mid_z,20,1.25,0.25,1,50,-1474996.0,-391437.0,-533323.0,-550236.0,50,173281,11019,62.39
929,mid_z_trend,mid_z,500,1.5,0.0,1,150,-1480803.0,1034994.0,-1277865.0,-1237932.0,150,21417,1193,90.88
930,mid_z_revert,mid_z,200,0.75,0.25,-1,100,-1487359.0,-930816.0,-287248.0,-269295.0,100,90066,5439,72.91
931,ema_diff_trend,ema_diff,10,1.0,0.0,1,200,-1491572.0,-55828.0,-335413.0,-1100331.0,200,516349,28328,42.85
932,mid_z_trend,mid_z,200,2.0,0.0,1,150,-1492906.0,998862.0,-1252253.0,-1239515.0,150,28309,1573,84.6
933,momentum_revert,momentum,100,6.0,0.0,-1,100,-1503855.0,-794170.0,-791865.0,82180.0,100,48036,2803,70.26
934,ema_diff_revert,ema_diff,100,8.0,0.0,-1,150,-1535869.0,-1316194.0,-890013.0,670338.0,150,55338,3101,79.67
935,ema_diff_trend,ema_diff,10,2.0,0.0,1,100,-1536947.0,-204442.0,-561685.0,-770820.0,100,263770,14865,58.72
936,ema_diff_revert,ema_diff,20,8.0,0.0,-1,100,-1540762.0,-755809.0,-91771.0,-693182.0,100,34192,1996,59.65
937,mid_z_trend,mid_z,200,1.5,0.0,1,150,-1546077.0,996736.0,-1296861.0,-1245952.0,150,37149,2062,88.51
938,mid_z_trend,mid_z,10,0.75,0.0,1,150,-1546705.0,-294876.0,-962319.0,-289510.0,150,435505,24015,47.04
939,mid_z_trend,mid_z,500,1.25,0.0,1,150,-1547347.0,1016880.0,-1300515.0,-1263712.0,150,25877,1435,91.32
940,ema_diff_revert,ema_diff,20,2.0,0.0,-1,50,-1556824.0,-596597.0,-438278.0,-521949.0,50,136898,8314,81.98
941,mid_z_revert,mid_z,50,1.0,0.5,-1,50,-1557599.0,-593292.0,-439817.0,-524490.0,50,136566,9090,61.7
942,mid_z_trend,mid_z,500,1.0,0.0,1,150,-1567910.0,1021154.0,-1323159.0,-1265905.0,150,29359,1630,92.58
943,mid_z_trend,mid_z,20,1.5,0.5,1,50,-1569696.0,-437473.0,-561456.0,-570767.0,50,183075,11954,47.43
944,mid_z_revert,mid_z,100,2.0,0.0,-1,150,-1574188.0,-1289956.0,-1268787.0,984555.0,150,46137,2592,79.98
945,mid_z_revert,mid_z,200,2.0,0.25,-1,150,-1574967.0,-1312321.0,-127951.0,-134695.0,150,50761,2927,44.59
946,ema_diff_trend,ema_diff,20,1.0,0.0,1,50,-1589164.0,-491431.0,-627596.0,-470137.0,50,194102,11491,81.65
947,mid_z_trend,mid_z,10,2.0,0.25,1,150,-1589217.0,-473495.0,-869293.0,-246429.0,150,273291,15186,12.28
948,mid_z_trend,mid_z,20,2.0,0.5,1,200,-1589537.0,295412.0,-909532.0,-975417.0,200,291143,16235,10.83
949,momentum_revert,momentum,20,6.0,0.0,-1,100,-1592641.0,-901926.0,-246125.0,-444590.0,100,78000,4603,35.07
950,ema_diff_trend,ema_diff,500,8.0,0.0,1,150,-1597911.0,1009033.0,-1323762.0,-1283182.0,150,35881,2000,89.6
951,mid_z_trend,mid_z,500,0.75,0.0,1,150,-1597974.0,1021624.0,-1344160.0,-1275438.0,150,34377,1910,92.47
952,mid_z_revert,mid_z,20,0.75,0.0,-1,50,-1599534.0,-618623.0,-447361.0,-533550.0,50,140502,8536,84.55
953,momentum_trend,momentum,200,2.0,0.0,1,150,-1607182.0,890975.0,-1114531.0,-1383626.0,150,78304,4355,85.82
954,mid_z_revert,mid_z,20,1.5,0.25,-1,50,-1610035.0,-653155.0,-474649.0,-482231.0,50,154839,10056,57.6
955,mid_z_revert,mid_z,50,2.0,0.25,-1,100,-1611929.0,-983411.0,-320277.0,-308241.0,100,103153,6183,43.95
956,ema_diff_trend,ema_diff,500,2.0,0.0,1,150,-1617237.0,889652.0,-1113146.0,-1393743.0,150,79485,4403,90.54
957,mid_z_revert,mid_z,50,0.75,0.25,-1,50,-1617464.0,-575892.0,-547898.0,-493674.0,50,127495,8321,73.46
958,mid_z_revert,mid_z,200,2.0,0.5,-1,150,-1618831.0,-1326030.0,-145942.0,-146859.0,150,55321,3204,37.62
959,momentum_revert,momentum,100,4.0,0.0,-1,100,-1620428.0,-837937.0,-827724.0,45233.0,100,61414,3569,77.79
960,ema_diff_revert,ema_diff,50,1.0,0.0,-1,50,-1621617.0,-558457.0,-552872.0,-510288.0,50,126833,7667,88.27
961,mid_z_trend,mid_z,200,1.25,0.0,1,150,-1634677.0,987901.0,-1332623.0,-1289955.0,150,44993,2499,88.22
962,mid_z_trend,mid_z,20,1.25,0.25,1,100,-1645099.0,-239807.0,-846107.0,-559185.0,100,272947,15801,52.06
963,mid_z_trend,mid_z,20,2.0,0.5,1,100,-1649240.0,-290958.0,-659367.0,-698915.0,100,213559,12538,26.92
964,mid_z_trend,mid_z,20,1.5,0.25,1,100,-1663456.0,-141540.0,-743533.0,-778383.0,100,241825,14017,46.77
965,ema_diff_trend,ema_diff,200,8.0,0.0,1,150,-1667214.0,957875.0,-1341450.0,-1283639.0,150,46543,2568,85.74
966,mid_z_trend,mid_z,20,1.0,0.25,1,50,-1670802.0,-463571.0,-600025.0,-607206.0,50,193911,12242,66.31
967,mid_z_trend,mid_z,10,1.0,0.0,1,50,-1671898.0,-497050.0,-633272.0,-541576.0,50,203326,12114,75.2
968,ema_diff_revert,ema_diff,200,1.0,0.0,-1,100,-1687771.0,-970920.0,-987201.0,270350.0,100,108931,6253,89.11
969,mid_z_trend,mid_z,10,1.5,0.25,1,200,-1692201.0,299197.0,-1306196.0,-685202.0,200,410835,22691,17.36
970,momentum_revert,momentum,500,2.0,0.0,-1,150,-1693583.0,-1330547.0,-1301756.0,938720.0,150,68149,3857,84.63
971,mid_z_trend,mid_z,20,0.75,0.25,1,150,-1699747.0,-235839.0,-895308.0,-568600.0,150,420183,23397,50.74
972,mid_z_revert,mid_z,500,2.0,0.0,-1,200,-1701225.0,-1640552.0,-1668586.0,1607913.0,200,17537,975,87.16
973,mid_z_trend,mid_z,10,1.0,0.0,1,100,-1708465.0,-363664.0,-969795.0,-375006.0,100,308754,17412,55.91
974,momentum_trend,momentum,100,12.0,0.0,1,200,-1719775.0,1491217.0,-1838894.0,-1372098.0,200,41362,2330,38.28
975,ema_diff_trend,ema_diff,10,1.0,0.0,1,150,-1727073.0,-371306.0,-664429.0,-691338.0,150,459927,25376,49.65
976,mid_z_trend,mid_z,200,1.0,0.0,1,150,-1727227.0,958023.0,-1374619.0,-1310631.0,150,52619,2915,88.95
977,mid_z_revert,mid_z,10,1.5,0.0,-1,50,-1729513.0,-649894.0,-486315.0,-593304.0,50,155140,9419,70.16
978,mid_z_revert,mid_z,50,2.0,0.5,-1,100,-1732392.0,-1022400.0,-362061.0,-347931.0,100,115097,6986,37.04
979,mid_z_trend,mid_z,10,2.0,0.5,1,50,-1734864.0,-522893.0,-652003.0,-559968.0,50,211556,13528,29.76
980,ema_diff_trend,ema_diff,500,5.0,0.0,1,150,-1734983.0,961553.0,-1379914.0,-1316622.0,150,50487,2802,89.64
981,mid_z_revert,mid_z,200,1.5,0.25,-1,150,-1749752.0,-1365860.0,-184129.0,-199763.0,150,69521,4001,55.63
982,mid_z_revert,mid_z,100,1.5,0.0,-1,150,-1756958.0,-1349759.0,-1331259.0,924060.0,150,66517,3716,83.22
983,momentum_trend,momentum,10,8.0,0.0,1,200,-1759056.0,-128583.0,-981538.0,-648935.0,200,39012,2198,1.69
984,momentum_trend,momentum,200,12.0,0.0,1,200,-1768237.0,1488310.0,-1471373.0,-1785174.0,200,36540,2034,55.95
985,mid_z_revert,mid_z,100,1.25,0.0,-1,100,-1774658.0,-818434.0,-799627.0,-156597.0,100,52244,3017,88.95
986,ema_diff_trend,ema_diff,500,1.0,0.0,1,200,-1779457.0,1270289.0,-1030297.0,-2019449.0,200,118094,6524,88.18
987,mid_z_trend,mid_z,10,2.0,0.5,1,200,-1783698.0,-197637.0,-1106871.0,-479190.0,200,344217,19154,3.17
988,mid_z_revert,mid_z,20,1.25,0.25,-1,50,-1799208.0,-713328.0,-536607.0,-549273.0,50,174955,11315,62.49
989,mid_z_revert,mid_z,200,0.75,0.5,-1,100,-1799737.0,-1028037.0,-383266.0,-388434.0,100,124011,7488,66.02
990,mid_z_trend,mid_z,20,2.0,0.5,1,150,-1813435.0,-120316.0,-818256.0,-874863.0,150,263537,14743,17.86
991,mid_z_trend,mid_z,20,0.75,0.25,1,50,-1824436.0,-546145.0,-704886.0,-573405.0,50,221054,13825,69.66
992,mid_z_trend,mid_z,20,1.25,0.5,1,50,-1845598.0,-514595.0,-657809.0,-673194.0,50,212013,13765,52.62
993,mid_z_revert,mid_z,200,1.5,0.5,-1,150,-1848457.0,-1396511.0,-218728.0,-233218.0,150,79531,4599,49.16
994,mid_z_trend,mid_z,10,2.0,0.5,1,100,-1856926.0,-542473.0,-949233.0,-365220.0,100,295469,17149,16.3
995,mid_z_revert,mid_z,100,2.0,0.25,-1,100,-1860560.0,-848947.0,-829354.0,-182259.0,100,61004,3706,46.42
996,momentum_revert,momentum,100,2.0,0.0,-1,100,-1860799.0,-912135.0,-906352.0,-42312.0,100,86826,5042,84.44
997,mid_z_trend,mid_z,10,1.25,0.25,1,200,-1863365.0,99348.0,-1485118.0,-477595.0,200,475429,26245,22.92
998,mid_z_trend,mid_z,10,1.5,0.25,1,150,-1867325.0,-100521.0,-1200659.0,-566145.0,150,379331,21082,24.99
999,mid_z_revert,mid_z,200,1.25,0.25,-1,150,-1868333.0,-1403928.0,-218677.0,-245728.0,150,83449,4786,60.68
1000,mid_z_revert,mid_z,20,1.5,0.5,-1,50,-1875854.0,-746989.0,-562301.0,-566564.0,50,185441,12315,47.57
1001,ema_diff_trend,ema_diff,500,3.0,0.0,1,150,-1878028.0,913899.0,-1441681.0,-1350246.0,150,66313,3672,90.78
1002,momentum_trend,momentum,200,8.0,0.0,1,200,-1883141.0,1431816.0,-1482102.0,-1832855.0,200,49428,2754,68.34
1003,momentum_revert,momentum,10,2.0,0.0,-1,50,-1898710.0,-715906.0,-551122.0,-631682.0,50,171996,10771,66.6
1004,mid_z_trend,mid_z,10,1.5,0.25,1,50,-1906113.0,-589287.0,-714973.0,-601853.0,50,229842,14366,52.07
1005,mid_z_revert,mid_z,100,2.0,0.5,-1,100,-1915681.0,-867005.0,-846438.0,-202238.0,100,67548,4133,39.78
1006,mid_z_revert,mid_z,200,0.75,0.25,-1,150,-1919619.0,-1515911.0,-376458.0,-27250.0,150,120777,6921,70.53
1007,mid_z_revert,mid_z,50,1.5,0.25,-1,100,-1937294.0,-1085269.0,-435961.0,-416064.0,100,137039,8184,55.57
1008,momentum_trend,momentum,200,6.0,0.0,1,200,-1940554.0,1414758.0,-1514138.0,-1841174.0,200,57902,3213,74.56
1009,ema_diff_revert,ema_diff,10,2.0,0.0,-1,50,-1947151.0,-733333.0,-555078.0,-658740.0,50,178478,10821,75.06
1010,mid_z_revert,mid_z,10,1.25,0.0,-1,50,-1955507.0,-726203.0,-562252.0,-667052.0,50,178248,10831,73.15
1011,mid_z_trend,mid_z,20,1.0,0.25,1,150,-1964106.0,-98351.0,-734399.0,-1131356.0,150,376809,20963,47.62
1012,mid_z_revert,mid_z,10,2.0,0.25,-1,50,-1965713.0,-732356.0,-559023.0,-674334.0,50,181144,11611,39.7
1013,ema_diff_revert,ema_diff,200,3.0,0.0,-1,150,-1967160.0,-1410998.0,-1409198.0,853036.0,150,89399,5002,87.31
1014,mid_z_trend,mid_z,20,0.75,0.25,1,100,-1969206.0,-445061.0,-1075187.0,-448958.0,100,337434,19415,59.16
1015,momentum_trend,momentum,100,8.0,0.0,1,200,-1971319.0,1424164.0,-1913387.0,-1482096.0,200,67236,3743,56.44
1016,mid_z_trend,mid_z,10,0.75,0.0,1,50,-1982586.0,-614981.0,-720804.0,-646801.0,50,235476,13984,75.91
1017,mid_z_revert,mid_z,20,1.0,0.25,-1,50,-1999695.0,-786033.0,-603782.0,-609880.0,50,195859,12564,66.36
1018,mid_z_revert,mid_z,200,1.0,0.25,-1,150,-2000249.0,-1444303.0,-269949.0,-285997.0,150,97581,5592,65.62
1019,mid_z_revert,mid_z,50,0.75,0.5,-1,50,-2005087.0,-712740.0,-674962.0,-617385.0,50,169917,11181,66.4
1020,mid_z_revert,mid_z,200,1.25,0.5,-1,150,-2021825.0,-1455350.0,-268992.0,-297483.0,150,99061,5704,54.03
1021,momentum_revert,momentum,20,4.0,0.0,-1,100,-2038873.0,-1045900.0,-407051.0,-585922.0,100,125810,7358,53.02
1022,mid_z_trend,mid_z,10,1.0,0.25,1,200,-2042166.0,-158314.0,-1714014.0,-169838.0,200,549454,30284,26.86
1023,momentum_trend,momentum,10,6.0,0.0,1,200,-2057183.0,33508.0,-1290685.0,-800006.0,200,93897,5228,7.76
1024,mid_z_revert,mid_z,100,1.5,0.25,-1,100,-2063546.0,-919946.0,-894560.0,-249040.0,100,82174,4969,57.61
1025,momentum_trend,momentum,200,4.0,0.0,1,200,-2080875.0,1383544.0,-1588410.0,-1876009.0,200,72520,4002,80.25
1026,mid_z_trend,mid_z,200,2.0,0.0,1,200,-2116049.0,1432095.0,-1780305.0,-1767839.0,200,36229,1995,82.0
1027,ema_diff_trend,ema_diff,10,1.0,0.0,1,100,-2120195.0,-610351.0,-920784.0,-589060.0,100,382275,21521,58.65
1028,ema_diff_revert,ema_diff,20,1.0,0.0,-1,50,-2124520.0,-811961.0,-616594.0,-695965.0,50,196388,11850,81.45
1029,ema_diff_revert,ema_diff,10,8.0,0.0,-1,200,-2132893.0,-1712179.0,162202.0,-582916.0,200,16374,942,13.34
1030,mid_z_trend,mid_z,20,1.0,0.5,1,50,-2133128.0,-628281.0,-747491.0,-757356.0,50,242621,15637,57.3
1031,mid_z_revert,mid_z,200,0.75,0.25,-1,200,-2134834.0,-2087064.0,-445995.0,398225.0,200,146913,8365,68.32
1032,mid_z_trend,mid_z,10,2.0,0.5,1,150,-2139275.0,-653459.0,-1053056.0,-432760.0,150,329839,18485,7.49
1033,mid_z_revert,mid_z,50,1.5,0.5,-1,100,-2148028.0,-1154153.0,-506770.0,-487105.0,100,158713,9580,48.43
1034,momentum_revert,momentum,100,6.0,0.0,-1,150,-2150175.0,-1340830.0,-1343028.0,533683.0,150,65970,3693,67.42
1035,mid_z_revert,mid_z,20,1.25,0.5,-1,50,-2150985.0,-830582.0,-658731.0,-661672.0,50,214713,14168,52.61
1036,mid_z_revert,mid_z,100,2.0,0.0,-1,200,-2152461.0,-1814838.0,-1795543.0,1457920.0,200,57727,3229,74.67
1037,mid_z_trend,mid_z,10,1.25,0.25,1,50,-2158044.0,-674084.0,-792477.0,-691483.0,50,256482,15940,56.79
1038,ema_diff_revert,ema_diff,200,2.0,0.0,-1,150,-2165047.0,-1473331.0,-1472079.0,780363.0,150,109945,6169,86.54
1039,mid_z_trend,mid_z,20,1.5,0.5,1,100,-2166066.0,-317502.0,-909027.0,-939537.0,100,292897,17194,39.16
1040,mid_z_trend,mid_z,10,0.75,0.0,1,100,-2173866.0,-527256.0,-1116265.0,-530345.0,100,357942,20191,57.57
1041,mid_z_revert,mid_z,200,2.0,0.25,-1,200,-2178327.0,-1848998.0,-161622.0,-167707.0,200,64115,3692,42.28
1042,mid_z_revert,mid_z,100,1.5,0.5,-1,100,-2182750.0,-964914.0,-932408.0,-285428.0,100,95722,5835,51.16
1043,mid_z_trend,mid_z,200,1.5,0.0,1,200,-2188045.0,1442539.0,-1842430.0,-1788154.0,200,47841,2646,85.9
1044,mid_z_trend,mid_z,500,1.25,0.0,1,200,-2192353.0,1464254.0,-1842240.0,-1814367.0,200,33527,1849,90.42
1045,mid_z_revert,mid_z,10,1.0,0.0,-1,50,-2209187.0,-815682.0,-637440.0,-756065.0,50,204908,12447,75.06
1046,mid_z_trend,mid_z,500,1.0,0.0,1,200,-2215641.0,1472255.0,-1873497.0,-1814399.0,200,37797,2088,91.14
1047,momentum_trend,momentum,50,12.0,0.0,1,200,-2216487.0,-103382.0,-360915.0,-1752190.0,200,33041,1853,16.7
1048,mid_z_revert,mid_z,200,1.0,0.5,-1,150,-2227129.0,-1516765.0,-342041.0,-368323.0,150,120053,6911,58.66
1049,mid_z_revert,mid_z,200,2.0,0.5,-1,200,-2236812.0,-1868027.0,-183651.0,-185134.0,200,70267,4061,35.42
1050,ema_diff_trend,ema_diff,10,1.0,0.0,1,50,-2243713.0,-709820.0,-814026.0,-719867.0,50,262724,15476,74.61
1051,mid_z_trend,mid_z,20,1.0,0.25,1,100,-2250463.0,-340508.0,-946743.0,-963212.0,100,302705,17453,55.94
1052,ema_diff_trend,ema_diff,500,8.0,0.0,1,200,-2250938.0,1462876.0,-1877625.0,-1836189.0,200,45847,2531,87.76
1053,mid_z_trend,mid_z,500,0.75,0.0,1,200,-2259717.0,1475205.0,-1906420.0,-1828502.0,200,44477,2451,91.15
1054,mid_z_revert,mid_z,10,2.0,0.5,-1,50,-2263049.0,-832323.0,-655998.0,-774728.0,50,214510,13967,30.13
1055,mid_z_trend,mid_z,200,1.25,0.0,1,200,-2281035.0,1434901.0,-1877962.0,-1837974.0,200,56991,3140,85.96
1056,momentum_revert,momentum,50,6.0,0.0,-1,100,-2290422.0,-862564.0,-842367.0,-585491.0,100,64629,3797,59.75
1057,momentum_revert,momentum,100,4.0,0.0,-1,150,-2300717.0,-1396856.0,-1390291.0,486430.0,150,82288,4608,74.94
1058,momentum_trend,momentum,200,2.0,0.0,1,200,-2301748.0,1323801.0,-1682104.0,-1943445.0,200,94074,5202,84.19
1059,ema_diff_revert,ema_diff,50,8.0,0.0,-1,100,-2303370.0,-795747.0,-775279.0,-732344.0,100,43611,2519,76.64
1060,ema_diff_trend,ema_diff,200,8.0,0.0,1,200,-2336332.0,1393496.0,-1894572.0,-1835256.0,200,59291,3260,83.58
1061,mid_z_trend,mid_z,10,1.5,0.5,1,50,-2339101.0,-727857.0,-855611.0,-755633.0,50,276078,17610,42.06
1062,ema_diff_trend,ema_diff,500,2.0,0.0,1,200,-2348489.0,1316038.0,-1696307.0,-1968220.0,200,98091,5415,88.46
1063,mid_z_trend,mid_z,10,1.5,0.25,1,100,-2352303.0,-421388.0,-1058428.0,-872487.0,100,328181,18873,35.41
1064,mid_z_revert,mid_z,20,0.75,0.25,-1,50,-2366456.0,-871734.0,-696457.0,-798265.0,50,223050,14170,69.64
1065,mid_z_trend,mid_z,10,1.25,0.25,1,150,-2373613.0,-275403.0,-1367991.0,-730219.0,150,435883,24207,30.07
1066,mid_z_revert,mid_z,20,2.0,0.25,-1,100,-2375356.0,-1234069.0,-563601.0,-577686.0,100,182151,10766,33.1
1067,mid_z_trend,mid_z,200,1.0,0.0,1,200,-2384312.0,1402074.0,-1925797.0,-1860589.0,200,66185,3649,86.52
1068,mid_z_revert,mid_z,200,1.5,0.25,-1,200,-2392188.0,-1913489.0,-231890.0,-246809.0,200,86951,4991,53.85
1069,mid_z_revert,mid_z,100,1.5,0.0,-1,200,-2392760.0,-1892885.0,-1877910.0,1378035.0,200,84049,4667,79.13
1070,mid_z_trend,mid_z,20,1.5,0.5,1,200,-2405128.0,277167.0,-1307933.0,-1374362.0,200,418181,23309,23.91
1071,mid_z_trend,mid_z,20,1.5,0.5,1,150,-2412375.0,-64411.0,-1145148.0,-1202816.0,150,367863,20603,30.67
1072,ema_diff_trend,ema_diff,500,5.0,0.0,1,200,-2413209.0,1402482.0,-1944669.0,-1871022.0,200,63495,3503,87.77
1073,mid_z_revert,mid_z,50,2.0,0.0,-1,100,-2419610.0,-834413.0,-829969.0,-755228.0,100,57241,3276,72.44
1074,mid_z_trend,mid_z,20,0.75,0.5,1,50,-2420875.0,-770307.0,-887694.0,-762874.0,50,283954,18108,61.45
1075,mid_z_revert,mid_z,20,2.0,0.5,-1,100,-2437008.0,-1097916.0,-665171.0,-673921.0,100,215811,12900,26.92
1076,momentum_revert,momentum,10,4.0,0.0,-1,100,-2447295.0,-1105710.0,-1095211.0,-246374.0,100,145304,8528,33.72
1077,mid_z_revert,mid_z,20,1.0,0.5,-1,50,-2447376.0,-942889.0,-753174.0,-751313.0,50,245727,16093,57.24
1078,mid_z_revert,mid_z,10,1.5,0.25,-1,50,-2450908.0,-899834.0,-723098.0,-827976.0,50,232002,14707,52.21
1079,ema_diff_revert,ema_diff,200,1.0,0.0,-1,150,-2452136.0,-1553780.0,-1575309.0,676953.0,150,139347,7805,86.22
1080,mid_z_revert,mid_z,100,1.0,0.0,-1,100,-2467035.0,-845517.0,-826543.0,-794975.0,100,61543,3538,88.38
1081,ema_diff_revert,ema_diff,100,5.0,0.0,-1,100,-2468324.0,-842442.0,-826464.0,-799418.0,100,62137,3598,85.65
1082,mid_z_trend,mid_z,10,1.0,0.25,1,50,-2471829.0,-778582.0,-887598.0,-805649.0,50,288740,17840,60.76
1083,ema_diff_revert,ema_diff,50,8.0,0.0,-1,200,-2484086.0,-1872495.0,-199048.0,-412543.0,200,72775,4069,65.27
1084,mid_z_revert,mid_z,10,0.75,0.0,-1,50,-2515022.0,-925945.0,-732056.0,-857021.0,50,237304,14344,75.77
1085,mid_z_revert,mid_z,200,1.5,0.5,-1,200,-2518385.0,-1953345.0,-273194.0,-291846.0,200,99599,5737,47.42
1086,mid_z_trend,mid_z,10,1.25,0.25,1,100,-2520019.0,-567948.0,-1181060.0,-771011.0,100,372706,21363,40.43
1087,mid_z_revert,mid_z,200,1.25,0.25,-1,200,-2535806.0,-1960602.0,-273974.0,-301230.0,200,103893,5945,58.9
1088,mid_z_trend,mid_z,10,1.0,0.25,1,150,-2547413.0,-500246.0,-1561953.0,-485214.0,150,499120,27694,34.13
1089,mid_z_trend,mid_z,20,1.25,0.5,1,100,-2564303.0,-435598.0,-1044567.0,-1084138.0,100,334309,19581,44.29
1090,mid_z_revert,mid_z,100,0.75,0.0,-1,100,-2578745.0,-875483.0,-861905.0,-841357.0,100,73089,4211,88.33
1091,momentum_revert,momentum,100,2.0,0.0,-1,150,-2587290.0,-1487693.0,-1480008.0,380411.0,150,113216,6369,81.51
1092,ema_diff_trend,ema_diff,500,3.0,0.0,1,200,-2593020.0,1349219.0,-2020069.0,-1922170.0,200,83015,4588,88.6
1093,mid_z_trend,mid_z,10,1.5,0.5,1,200,-2607566.0,-20410.0,-1614532.0,-972624.0,200,505449,28003,11.66
1094,mid_z_revert,mid_z,50,2.0,0.5,-1,150,-2613155.0,-1649546.0,-499672.0,-463937.0,150,155713,8943,31.17
1095,mid_z_revert,mid_z,200,0.75,0.5,-1,150,-2629778.0,-1632893.0,-492922.0,-503963.0,150,161175,9256,63.75
1096,ema_diff_revert,ema_diff,50,5.0,0.0,-1,100,-2629783.0,-896335.0,-882537.0,-850911.0,100,77341,4435,80.91
1097,ema_diff_revert,ema_diff,10,5.0,0.0,-1,100,-2636110.0,-895552.0,-893960.0,-846598.0,100,77019,4450,52.3
1098,ema_diff_revert,ema_diff,200,3.0,0.0,-1,200,-2640313.0,-1968881.0,-1969157.0,1297725.0,200,111295,6185,84.69
1099,mid_z_revert,mid_z,50,1.5,0.0,-1,100,-2659737.0,-906185.0,-907376.0,-846176.0,100,80979,4660,82.13
1100,ema_diff_revert,ema_diff,10,3.0,0.0,-1,100,-2669341.0,-1218224.0,-879535.0,-571582.0,100,182094,10497,57.67
1101,mid_z_revert,mid_z,10,2.0,0.0,-1,100,-2671039.0,-1115407.0,-474891.0,-1080741.0,100,150618,8660,39.03
1102,mid_z_trend,mid_z,10,1.25,0.5,1,50,-2673312.0,-841680.0,-963864.0,-867768.0,50,311278,19757,46.98
1103,momentum_revert,momentum,50,4.0,0.0,-1,100,-2690779.0,-913783.0,-906391.0,-870605.0,100,83643,4887,70.32
1104,mid_z_revert,mid_z,200,1.0,0.25,-1,200,-2692702.0,-2008710.0,-332703.0,-351289.0,200,120677,6887,63.65
1105,mid_z_revert,mid_z,20,1.5,0.0,-1,100,-2701904.0,-1127994.0,-486130.0,-1087780.0,100,151996,8741,65.53
1106,mid_z_revert,mid_z,10,1.25,0.25,-1,50,-2708361.0,-986475.0,-805335.0,-916551.0,50,258640,16315,56.92
1107,mid_z_revert,mid_z,200,1.25,0.5,-1,200,-2721524.0,-2023385.0,-332204.0,-365935.0,200,122385,7034,52.18
1108,mid_z_trend,mid_z,10,1.5,0.5,1,150,-2725641.0,-390264.0,-1497239.0,-838138.0,150,467425,26076,18.55
1109,ema_diff_revert,ema_diff,100,3.0,0.0,-1,100,-2727384.0,-922230.0,-912783.0,-892371.0,100,87195,5005,86.27
1110,mid_z_revert,mid_z,50,1.25,0.5,-1,100,-2742719.0,-1241832.0,-605146.0,-895741.0,100,185457,11162,52.9
1111,ema_diff_revert,ema_diff,50,8.0,0.0,-1,150,-2745821.0,-1339266.0,-525308.0,-881247.0,150,59259,3332,69.91
1112,ema_diff_revert,ema_diff,20,5.0,0.0,-1,100,-2753961.0,-933216.0,-931251.0,-889494.0,100,90835,5230,67.62
1113,momentum_revert,momentum,100,6.0,0.0,-1,200,-2769833.0,-1880871.0,-1884785.0,995823.0,200,81196,4519,65.14
1114,momentum_revert,momentum,20,6.0,0.0,-1,150,-2771182.0,-1459082.0,-318892.0,-993208.0,150,99060,5606,29.13
1115,mid_z_revert,mid_z,50,1.25,0.0,-1,100,-2771855.0,-943605.0,-940532.0,-887718.0,100,92897,5355,83.24
1116,mid_z_trend,mid_z,10,0.75,0.25,1,200,-2780098.0,-424736.0,-1936815.0,-418547.0,200,625630,34475,29.78
1117,ema_diff_revert,ema_diff,10,1.0,0.0,-1,50,-2785534.0,-1025482.0,-817394.0,-942658.0,50,265710,15969,74.3
1118,mid_z_trend,mid_z,10,1.0,0.25,1,100,-2789768.0,-741878.0,-1319282.0,-728608.0,100,422576,24175,44.6
1119,mid_z_revert,mid_z,100,1.25,0.25,-1,100,-2796031.0,-959175.0,-936754.0,-900102.0,100,94297,5672,62.38
1120,mid_z_trend,mid_z,10,0.75,0.25,1,50,-2822509.0,-906960.0,-999064.0,-916485.0,50,324922,19886,64.19
1121,mid_z_revert,mid_z,20,2.0,0.0,-1,100,-2857733.0,-968301.0,-971362.0,-918070.0,100,101675,5843,56.3
1122,ema_diff_revert,ema_diff,200,2.0,0.0,-1,200,-2863582.0,-2038363.0,-2040429.0,1215210.0,200,133909,7466,84.03
1123,mid_z_revert,mid_z,10,1.5,0.5,-1,50,-2879211.0,-1040129.0,-864165.0,-974917.0,50,279222,18083,42.33
1124,mid_z_trend,mid_z,10,1.25,0.5,1,200,-2893114.0,-244125.0,-1841632.0,-807357.0,200,581629,32233,16.52
1125,mid_z_revert,mid_z,50,1.0,0.0,-1,100,-2895745.0,-981133.0,-980459.0,-934153.0,100,104143,6003,83.22
1126,mid_z_trend,mid_z,20,1.25,0.5,1,200,-2904187.0,86064.0,-1499233.0,-1491018.0,200,478391,26642,29.27
1127,mid_z_trend,mid_z,20,1.25,0.5,1,150,-2906668.0,-222437.0,-1314141.0,-1370090.0,150,419263,23497,36.13
1128,mid_z_revert,mid_z,20,0.75,0.5,-1,50,-2946944.0,-1081139.0,-888271.0,-977534.0,50,286936,18572,61.36
1129,ema_diff_revert,ema_diff,100,2.0,0.0,-1,100,-2949111.0,-986063.0,-988781.0,-974267.0,100,110597,6348,85.7
1130,momentum_revert,momentum,100,4.0,0.0,-1,200,-2951010.0,-1944647.0,-1942378.0,936015.0,200,100612,5597,72.52
1131,mid_z_revert,mid_z,100,1.0,0.25,-1,100,-2951551.0,-1012630.0,-989832.0,-949089.0,100,110481,6615,66.53
1132,mid_z_revert,mid_z,100,1.25,0.0,-1,150,-2959635.0,-1380666.0,-1360031.0,-218938.0,150,73856,4143,85.38
1133,mid_z_revert,mid_z,200,1.0,0.5,-1,200,-2961814.0,-2095107.0,-416643.0,-450064.0,200,147569,8458,56.78
1134,mid_z_revert,mid_z,20,1.5,0.25,-1,100,-2966207.0,-1428234.0,-759107.0,-778866.0,100,243791,14344,46.82
1135,mid_z_trend,mid_z,20,1.0,0.5,1,100,-2967436.0,-581077.0,-1179431.0,-1206928.0,100,376507,21974,48.68
1136,mid_z_revert,mid_z,100,1.25,0.5,-1,100,-2969089.0,-1025483.0,-990801.0,-952805.0,100,113471,6886,55.73
1137,mid_z_revert,mid_z,50,1.25,0.25,-1,100,-2971287.0,-1145242.0,-763579.0,-1062466.0,100,154851,9217,60.07
1138,ema_diff_revert,ema_diff,50,3.0,0.0,-1,100,-3009329.0,-1015205.0,-1011279.0,-982845.0,100,116259,6695,81.4
1139,mid_z_revert,mid_z,10,1.0,0.25,-1,50,-3012596.0,-1094604.0,-897649.0,-1020343.0,50,291006,18245,60.79
1140,momentum_revert,momentum,50,2.0,0.0,-1,100,-3054745.0,-1020051.0,-1020151.0,-1014543.0,100,121119,7010,78.76
1141,mid_z_revert,mid_z,50,0.75,0.0,-1,100,-3055547.0,-1043437.0,-1032290.0,-979820.0,100,119183,6853,83.59
1142,ema_diff_revert,ema_diff,20,3.0,0.0,-1,100,-3058329.0,-1152222.0,-800688.0,-1105419.0,100,158143,9116,69.69
1143,mid_z_trend,mid_z,10,1.0,0.5,1,50,-3068695.0,-984045.0,-1078001.0,-1006649.0,50,352438,22215,51.45
1144,mid_z_trend,mid_z,10,1.5,0.5,1,100,-3073038.0,-657258.0,-1305412.0,-1110368.0,100,402445,23311,28.3
1145,mid_z_revert,mid_z,100,2.0,0.25,-1,150,-3074733.0,-1419387.0,-1403877.0,-251469.0,150,84808,4858,42.9
1146,mid_z_trend,mid_z,20,0.75,0.5,1,100,-3080876.0,-746920.0,-1360239.0,-973717.0,100,427106,24815,52.51
1147,momentum_revert,momentum,50,6.0,0.0,-1,150,-3107638.0,-1430864.0,-1414939.0,-261835.0,150,87698,4940,55.47
1148,mid_z_revert,mid_z,20,1.0,0.0,-1,100,-3128879.0,-1304078.0,-933566.0,-891235.0,100,202846,11678,70.84
1149,mid_z_trend,mid_z,10,1.0,0.5,1,200,-3143258.0,-535620.0,-2086485.0,-521153.0,200,663198,36690,20.55
1150,mid_z_revert,mid_z,100,2.0,0.5,-1,150,-3152155.0,-1447630.0,-1426269.0,-278256.0,150,93598,5403,36.77
1151,mid_z_revert,mid_z,100,0.75,0.25,-1,100,-3166626.0,-1084927.0,-1054024.0,-1027675.0,100,132995,7935,71.2
1152,mid_z_trend,mid_z,10,0.75,0.25,1,150,-3168475.0,-717139.0,-1759196.0,-692140.0,150,564068,31307,37.38
1153,ema_diff_revert,ema_diff,200,1.0,0.0,-1,200,-3178437.0,-2125269.0,-2149872.0,1096704.0,200,165913,9244,83.49
1154,mid_z_revert,mid_z,50,1.5,0.5,-1,150,-3186871.0,-1818548.0,-707961.0,-660362.0,150,213605,12262,43.8
1155,momentum_revert,momentum,20,2.0,0.0,-1,100,-3189343.0,-1283716.0,-1285157.0,-620470.0,100,196628,11371,67.26
1156,mid_z_revert,mid_z,50,2.0,0.25,-1,150,-3190218.0,-1584346.0,-832209.0,-773663.0,150,137013,7801,36.69
1157,mid_z_revert,mid_z,50,1.0,0.25,-1,100,-3207997.0,-1220085.0,-828889.0,-1159023.0,100,175822,10425,64.04
1158,mid_z_revert,mid_z,10,1.25,0.5,-1,50,-3215816.0,-1153262.0,-973101.0,-1089453.0,50,314576,20259,47.14
1159,mid_z_revert,mid_z,100,1.0,0.5,-1,100,-3220412.0,-1114063.0,-1073899.0,-1032450.0,100,139703,8440,60.32
1160,mid_z_revert,mid_z,20,1.25,0.0,-1,100,-3238370.0,-1213719.0,-857122.0,-1167529.0,100,178103,10246,68.43
1161,mid_z_revert,mid_z,20,2.0,0.5,-1,150,-3253653.0,-1592168.0,-825689.0,-835796.0,150,265959,15137,18.03
1162,mid_z_trend,mid_z,20,1.0,0.5,1,200,-3263950.0,-119870.0,-1416487.0,-1727593.0,200,535459,29784,34.28
1163,momentum_revert,momentum,100,2.0,0.0,-1,200,-3276367.0,-2053700.0,-2041354.0,818687.0,200,136760,7637,78.89
1164,mid_z_trend,mid_z,10,0.75,0.25,1,100,-3276727.0,-903229.0,-1482611.0,-890887.0,100,473772,27038,47.9
1165,ema_diff_revert,ema_diff,100,1.0,0.0,-1,100,-3286481.0,-1092702.0,-1101840.0,-1091939.0,100,146161,8394,85.12
1166,ema_diff_revert,ema_diff,50,2.0,0.0,-1,100,-3289937.0,-1112182.0,-1110634.0,-1067121.0,100,143213,8269,81.21
1167,mid_z_revert,mid_z,10,1.5,0.0,-1,100,-3312610.0,-1354331.0,-711231.0,-1247048.0,100,224231,12846,49.41
1168,mid_z_trend,mid_z,10,1.25,0.5,1,150,-3314193.0,-588485.0,-1686661.0,-1039047.0,150,532623,29698,23.44
1169,mid_z_trend,mid_z,10,1.25,0.5,1,100,-3324067.0,-838464.0,-1439734.0,-1045869.0,100,455354,26326,33.33
1170,mid_z_revert,mid_z,10,2.0,0.25,-1,100,-3339312.0,-1199854.0,-740161.0,-1399297.0,100,248447,14549,22.3
1171,mid_z_revert,mid_z,100,1.5,0.25,-1,150,-3345795.0,-1512421.0,-1488905.0,-344469.0,150,113048,6454,54.03
1172,mid_z_revert,mid_z,50,1.0,0.5,-1,100,-3352195.0,-1353706.0,-710935.0,-1287554.0,100,219092,13125,57.17
1173,mid_z_revert,mid_z,10,0.75,0.25,-1,50,-3359474.0,-1218445.0,-1011382.0,-1129647.0,50,327640,20337,64.04
1174,mid_z_trend,mid_z,20,1.0,0.5,1,150,-3374967.0,-395464.0,-1470636.0,-1508867.0,150,468905,26200,40.71
1175,mid_z_revert,mid_z,200,0.75,0.5,-1,200,-3397802.0,-2219691.0,-580748.0,-597363.0,200,192503,11004,61.71
1176,momentum_revert,momentum,20,4.0,0.0,-1,150,-3407205.0,-1662672.0,-533574.0,-1210959.0,150,164124,9199,46.62
1177,mid_z_revert,mid_z,20,1.5,0.5,-1,100,-3438465.0,-1590810.0,-920012.0,-927643.0,100,295727,17641,39.07
1178,mid_z_revert,mid_z,100,1.0,0.0,-1,150,-3488380.0,-1416400.0,-1395526.0,-676454.0,150,86382,4828,85.05
1179,mid_z_trend,mid_z,20,0.75,0.5,1,200,-3500761.0,-330336.0,-1637166.0,-1533259.0,200,598190,33217,37.84
1180,mid_z_revert,mid_z,100,1.5,0.5,-1,150,-3511385.0,-1576088.0,-1540786.0,-394511.0,150,131704,7585,47.79
1181,mid_z_trend,mid_z,10,0.75,0.5,1,50,-3515626.0,-1139464.0,-1225017.0,-1151145.0,50,398714,24910,55.65
1182,ema_diff_revert,ema_diff,10,5.0,0.0,-1,150,-3528101.0,-1438649.0,-700679.0,-1388773.0,150,92531,5252,42.57
1183,ema_diff_revert,ema_diff,10,2.0,0.0,-1,100,-3530828.0,-1506976.0,-1135944.0,-887908.0,100,266816,15314,58.6
1184,mid_z_revert,mid_z,10,2.0,0.0,-1,150,-3535453.0,-1668859.0,-532556.0,-1334038.0,150,170662,9641,28.2
1185,mid_z_revert,mid_z,20,1.0,0.25,-1,100,-3549982.0,-1635222.0,-954175.0,-960585.0,100,305017,17845,55.94
1186,momentum_revert,momentum,20,6.0,0.0,-1,200,-3552462.0,-1997073.0,-515084.0,-1040305.0,200,114509,6436,25.3
1187,mid_z_trend,mid_z,20,0.75,0.5,1,150,-3560064.0,-587863.0,-1668332.0,-1303869.0,150,526318,29404,44.45
1188,mid_z_trend,mid_z,10,1.0,0.5,1,150,-3569043.0,-847161.0,-1896351.0,-825531.0,150,604710,33679,27.65
1189,mid_z_revert,mid_z,20,1.25,0.25,-1,100,-3583135.0,-1532745.0,-854385.0,-1196005.0,100,275095,16163,52.03
1190,ema_diff_revert,ema_diff,20,2.0,0.0,-1,100,-3594921.0,-1342289.0,-981147.0,-1271485.0,100,215323,12377,69.72
1191,mid_z_revert,mid_z,100,0.75,0.5,-1,100,-3597223.0,-1240052.0,-1189055.0,-1168116.0,100,179201,10758,65.01
1192,mid_z_revert,mid_z,10,2.0,0.0,-1,200,-3598539.0,-2193008.0,-181873.0,-1223658.0,200,183394,10247,20.75
1193,mid_z_revert,mid_z,10,1.0,0.5,-1,50,-3605690.0,-1295394.0,-1087214.0,-1223082.0,50,355604,22729,51.53
1194,mid_z_revert,mid_z,50,1.5,0.25,-1,150,-3647542.0,-1727573.0,-987731.0,-932238.0,150,184691,10486,50.21
1195,momentum_revert,momentum,10,4.0,0.0,-1,150,-3659713.0,-1709222.0,-1392173.0,-558318.0,150,178169,10054,26.04
1196,mid_z_revert,mid_z,100,1.25,0.0,-1,200,-3666577.0,-1935025.0,-1915752.0,184200.0,200,94414,5259,81.37
1197,mid_z_revert,mid_z,10,2.0,0.25,-1,150,-3670805.0,-1291399.0,-837383.0,-1542023.0,150,276499,15657,12.49
1198,mid_z_trend,mid_z,10,1.0,0.5,1,100,-3675319.0,-1043137.0,-1599989.0,-1032193.0,100,514492,29666,37.64
1199,mid_z_revert,mid_z,10,1.25,0.0,-1,100,-3707672.0,-1493222.0,-852377.0,-1362073.0,100,265292,15203,53.09
1200,mid_z_revert,mid_z,20,0.75,0.0,-1,100,-3762655.0,-1408305.0,-1035569.0,-1318781.0,100,231587,13319,71.69
1201,ema_diff_revert,ema_diff,100,5.0,0.0,-1,150,-3771545.0,-1407169.0,-1388646.0,-975730.0,150,85710,4816,81.96
1202,ema_diff_revert,ema_diff,50,1.0,0.0,-1,100,-3778175.0,-1264018.0,-1282788.0,-1231369.0,100,195189,11221,79.94
1203,mid_z_revert,mid_z,10,2.0,0.5,-1,100,-3809723.0,-1350810.0,-894120.0,-1564793.0,100,299335,17695,16.25
1204,mid_z_revert,mid_z,50,0.75,0.25,-1,100,-3817459.0,-1317193.0,-1265179.0,-1235087.0,100,202601,11979,67.88
1205,mid_z_revert,mid_z,20,1.25,0.5,-1,100,-3835548.0,-1721172.0,-1049562.0,-1064814.0,100,337423,20055,44.16
1206,momentum_revert,momentum,10,4.0,0.0,-1,200,-3836295.0,-2273045.0,-951822.0,-611428.0,200,198633,11130,20.63
1207,mid_z_revert,mid_z,50,2.0,0.5,-1,200,-3884353.0,-2247678.0,-1087658.0,-549017.0,200,187227,10696,26.03
1208,mid_z_revert,mid_z,10,1.5,0.25,-1,100,-3939630.0,-1713710.0,-1012485.0,-1213435.0,100,331077,19326,35.51
1209,mid_z_trend,mid_z,10,0.75,0.5,1,200,-3958369.0,-818879.0,-2335715.0,-803775.0,200,747502,41317,23.84
1210,mid_z_revert,mid_z,50,2.0,0.0,-1,200,-3985867.0,-1915563.0,-932727.0,-1137577.0,200,88655,4928,56.74
1211,mid_z_revert,mid_z,20,2.0,0.5,-1,200,-4010360.0,-2171348.0,-915475.0,-923537.0,200,293999,16633,10.98
1212,mid_z_revert,mid_z,20,2.0,0.25,-1,150,-4022789.0,-1851109.0,-1047578.0,-1124102.0,150,219317,12397,23.52
1213,mid_z_revert,mid_z,10,0.75,0.5,-1,50,-4047624.0,-1447016.0,-1235046.0,-1365562.0,50,402394,25479,55.58
1214,mid_z_revert,mid_z,50,2.0,0.0,-1,150,-4063468.0,-1382465.0,-1384767.0,-1296236.0,150,74785,4181,64.53
1215,mid_z_revert,mid_z,20,2.0,0.0,-1,200,-4104170.0,-2056122.0,-1163038.0,-885010.0,200,139964,7796,34.01
1216,momentum_revert,momentum,10,2.0,0.0,-1,100,-4112025.0,-1527395.0,-1137258.0,-1447372.0,100,270882,15697,52.92
1217,mid_z_revert,mid_z,50,0.75,0.5,-1,100,-4126920.0,-1513872.0,-1198954.0,-1414094.0,100,263335,15688,61.52
1218,mid_z_revert,mid_z,50,1.25,0.5,-1,150,-4184463.0,-1924822.0,-1171606.0,-1088035.0,150,245688,14085,48.39
1219,ema_diff_revert,ema_diff,10,5.0,0.0,-1,200,-4189531.0,-1963658.0,-314900.0,-1910973.0,200,104458,5883,34.11
1220,mid_z_revert,mid_z,10,2.0,0.5,-1,150,-4210240.0,-1459068.0,-1012709.0,-1738463.0,150,334005,19056,7.63
1221,mid_z_revert,mid_z,10,1.0,0.0,-1,100,-4220885.0,-1653023.0,-978732.0,-1589130.0,100,311316,17825,55.99
1222,mid_z_revert,mid_z,20,1.0,0.5,-1,100,-4243239.0,-1865521.0,-1188751.0,-1188967.0,100,379941,22485,48.53
1223,mid_z_revert,mid_z,100,2.0,0.25,-1,200,-4252636.0,-1972729.0,-1968653.0,-311254.0,200,105510,6030,38.92
1224,mid_z_trend,mid_z,10,0.75,0.5,1,100,-4257751.0,-1233887.0,-1792707.0,-1231157.0,100,575228,33070,41.56
1225,mid_z_revert,mid_z,100,1.25,0.25,-1,150,-4259514.0,-1562561.0,-1543515.0,-1153438.0,150,128184,7321,59.19
1226,mid_z_revert,mid_z,100,1.0,0.0,-1,200,-4264568.0,-1982548.0,-1958726.0,-323294.0,200,108366,6029,81.78
1227,mid_z_trend,mid_z,10,0.75,0.5,1,150,-4275134.0,-1078685.0,-2121022.0,-1075427.0,150,678278,37748,31.25
1228,momentum_revert,momentum,50,6.0,0.0,-1,200,-4276112.0,-1988093.0,-1972803.0,-315216.0,200,107864,6036,51.66
1229,mid_z_revert,mid_z,10,2.0,0.25,-1,200,-4299902.0,-1829618.0,-889893.0,-1580391.0,200,290469,16313,6.73
1230,mid_z_revert,mid_z,100,0.75,0.0,-1,150,-4325017.0,-1457466.0,-1442757.0,-1424794.0,150,101663,5691,85.0
1231,mid_z_revert,mid_z,100,2.0,0.5,-1,200,-4358310.0,-2016163.0,-1997337.0,-344810.0,200,116992,6744,33.46
1232,ema_diff_revert,ema_diff,20,1.0,0.0,-1,100,-4369119.0,-1626105.0,-1236260.0,-1506754.0,100,296111,16941,68.81
1233,ema_diff_revert,ema_diff,50,5.0,0.0,-1,150,-4373930.0,-1476439.0,-1463718.0,-1433773.0,150,105199,5876,76.22
1234,mid_z_revert,mid_z,20,2.0,0.0,-1,150,-4406978.0,-1526869.0,-1532416.0,-1347693.0,150,124436,6986,43.1
1235,ema_diff_revert,ema_diff,10,3.0,0.0,-1,150,-4417780.0,-1841344.0,-1514472.0,-1061964.0,150,223502,12592,48.46
1236,mid_z_revert,mid_z,50,1.5,0.0,-1,150,-4422290.0,-1490601.0,-1500628.0,-1431061.0,150,110833,6220,75.35
1237,ema_diff_revert,ema_diff,100,5.0,0.0,-1,200,-4441604.0,-1963831.0,-1944367.0,-533406.0,200,106700,5945,78.5
1238,momentum_revert,momentum,50,4.0,0.0,-1,150,-4471678.0,-1507954.0,-1499048.0,-1464676.0,150,113905,6398,66.28
1239,ema_diff_revert,ema_diff,20,5.0,0.0,-1,150,-4489451.0,-1507915.0,-1512993.0,-1468543.0,150,116701,6566,59.17
1240,mid_z_revert,mid_z,20,1.5,0.0,-1,150,-4491405.0,-1737078.0,-1038126.0,-1716201.0,150,191988,10788,55.35
1241,mid_z_revert,mid_z,100,1.25,0.5,-1,150,-4491691.0,-1650617.0,-1615351.0,-1225723.0,150,153560,8831,52.83
1242,mid_z_revert,mid_z,20,0.75,0.25,-1,100,-4500705.0,-1751892.0,-1074095.0,-1674718.0,100,340082,19820,59.11
1243,ema_diff_revert,ema_diff,100,3.0,0.0,-1,150,-4504042.0,-1511061.0,-1501614.0,-1491367.0,150,118803,6655,82.58
1244,mid_z_revert,mid_z,20,1.5,0.25,-1,150,-4510356.0,-2094383.0,-1017697.0,-1398276.0,150,300959,17002,37.34
1245,mid_z_revert,mid_z,100,1.5,0.25,-1,200,-4584837.0,-2089730.0,-2071557.0,-423550.0,200,140194,7977,51.12
1246,mid_z_revert,mid_z,50,1.25,0.0,-1,150,-4587638.0,-1540318.0,-1554050.0,-1493270.0,150,128491,7201,77.63
1247,mid_z_revert,mid_z,50,1.5,0.5,-1,200,-4617521.0,-2461315.0,-1354822.0,-801384.0,200,260667,14865,39.81
1248,mid_z_revert,mid_z,10,1.25,0.25,-1,100,-4627663.0,-1859438.0,-1198030.0,-1570195.0,100,375670,21837,40.42
1249,mid_z_revert,mid_z,10,1.5,0.5,-1,100,-4641143.0,-1939475.0,-1252513.0,-1449155.0,100,406525,23902,28.34
1250,mid_z_revert,mid_z,20,1.5,0.5,-1,150,-4660461.0,-2316847.0,-1165306.0,-1178308.0,150,370875,21078,30.74
1251,mid_z_revert,mid_z,10,1.5,0.0,-1,150,-4682339.0,-1966585.0,-1217254.0,-1498500.0,150,263368,14803,38.69
1252,mid_z_revert,mid_z,10,0.75,0.0,-1,100,-4699248.0,-1821354.0,-1136051.0,-1741843.0,100,360676,20619,57.49
1253,momentum_revert,momentum,20,2.0,0.0,-1,150,-4754327.0,-1963788.0,-1982953.0,-807586.0,150,256044,14347,60.26
1254,mid_z_revert,mid_z,50,1.0,0.0,-1,150,-4754497.0,-1589735.0,-1607927.0,-1556835.0,150,144379,8074,78.05
1255,ema_diff_revert,ema_diff,100,2.0,0.0,-1,150,-4766400.0,-1584563.0,-1595110.0,-1586727.0,150,145999,8178,81.75
1256,mid_z_revert,mid_z,100,1.0,0.25,-1,150,-4792382.0,-1619961.0,-1606798.0,-1565623.0,150,147673,8400,63.61
1257,mid_z_revert,mid_z,100,1.5,0.5,-1,200,-4793579.0,-2171735.0,-2133118.0,-488726.0,200,163386,9393,44.98
1258,mid_z_revert,mid_z,10,2.0,0.5,-1,200,-4844828.0,-1996415.0,-1069385.0,-1779028.0,200,348583,19734,3.24
1259,ema_diff_revert,ema_diff,50,3.0,0.0,-1,150,-4867831.0,-1625682.0,-1633497.0,-1608652.0,150,155841,8744,76.36
1260,ema_diff_revert,ema_diff,20,5.0,0.0,-1,200,-4884448.0,-2065092.0,-1082073.0,-1737283.0,200,137035,7670,51.88
1261,mid_z_revert,mid_z,50,2.0,0.25,-1,200,-4902235.0,-2154253.0,-1405449.0,-1342533.0,200,162070,9182,30.62
1262,momentum_revert,momentum,50,2.0,0.0,-1,150,-4903244.0,-1627506.0,-1639033.0,-1636705.0,150,158439,8890,74.69
1263,mid_z_revert,mid_z,50,1.25,0.25,-1,150,-4944075.0,-1794875.0,-1422922.0,-1726278.0,150,206735,11721,55.06
1264,mid_z_revert,mid_z,50,0.75,0.0,-1,150,-4958850.0,-1670782.0,-1672013.0,-1616055.0,150,162747,9115,78.73
1265,ema_diff_revert,ema_diff,20,3.0,0.0,-1,150,-4984851.0,-1784852.0,-1448876.0,-1751123.0,150,204145,11457,62.03
1266,mid_z_revert,mid_z,100,0.75,0.25,-1,150,-5046132.0,-1704905.0,-1681469.0,-1659758.0,150,173211,9861,68.2
1267,mid_z_revert,mid_z,20,0.75,0.5,-1,100,-5102356.0,-2035950.0,-1363183.0,-1703223.0,100,430630,25353,52.34
1268,mid_z_revert,mid_z,100,1.0,0.5,-1,150,-5135727.0,-1752577.0,-1714273.0,-1668877.0,150,183951,10556,57.41
1269,mid_z_revert,mid_z,20,1.25,0.5,-1,150,-5156476.0,-2484483.0,-1326785.0,-1345208.0,150,422595,24005,36.05
1270,ema_diff_revert,ema_diff,100,1.0,0.0,-1,150,-5157386.0,-1705823.0,-1722960.0,-1728603.0,150,186637,10463,81.19
1271,momentum_revert,momentum,20,4.0,0.0,-1,200,-5157736.0,-2253757.0,-1093980.0,-1809999.0,200,194467,10860,40.64
1272,mid_z_revert,mid_z,20,1.0,0.0,-1,150,-5192592.0,-1985874.0,-1625408.0,-1581310.0,150,261674,14666,61.84
1273,mid_z_revert,mid_z,20,1.25,0.0,-1,150,-5207036.0,-1859450.0,-1521479.0,-1826107.0,150,227485,12765,59.0
1274,ema_diff_revert,ema_diff,50,2.0,0.0,-1,150,-5210131.0,-1744074.0,-1752316.0,-1713741.0,150,188493,10590,76.15
1275,mid_z_revert,mid_z,50,1.0,0.25,-1,150,-5215166.0,-1881802.0,-1501544.0,-1831820.0,150,230446,13045,59.48
1276,ema_diff_revert,ema_diff,10,1.0,0.0,-1,100,-5227892.0,-1910124.0,-1498465.0,-1819303.0,100,386025,22048,58.53
1277,mid_z_revert,mid_z,20,1.0,0.25,-1,150,-5284201.0,-2368597.0,-1632385.0,-1283219.0,150,379525,21407,47.61
1278,mid_z_revert,mid_z,50,1.0,0.5,-1,150,-5312546.0,-2053159.0,-1292655.0,-1966732.0,150,283470,16189,52.86
1279,mid_z_revert,mid_z,10,1.0,0.25,-1,100,-5316388.0,-2032023.0,-1335409.0,-1948956.0,100,425624,24662,44.67
1280,mid_z_revert,mid_z,10,1.25,0.5,-1,100,-5406068.0,-2117908.0,-1451154.0,-1837006.0,100,459536,26942,33.37
1281,ema_diff_revert,ema_diff,10,2.0,0.0,-1,150,-5410204.0,-2182254.0,-1826351.0,-1401599.0,150,324729,18253,49.56
1282,mid_z_revert,mid_z,10,1.5,0.25,-1,150,-5430463.0,-2372896.0,-1169350.0,-1888217.0,150,382627,21601,25.12
1283,mid_z_revert,mid_z,50,1.5,0.25,-1,200,-5485675.0,-2344089.0,-1601125.0,-1540461.0,200,223665,12626,45.28
1284,mid_z_revert,mid_z,100,1.25,0.25,-1,200,-5526796.0,-2147986.0,-2134557.0,-1244253.0,200,157966,8978,56.26
1285,momentum_revert,momentum,10,2.0,0.0,-1,150,-5561282.0,-2233533.0,-1840981.0,-1486768.0,150,337267,18918,43.63
1286,mid_z_revert,mid_z,100,0.75,0.5,-1,150,-5570945.0,-1894422.0,-1849902.0,-1826621.0,150,228989,13102,61.98
1287,mid_z_revert,mid_z,20,2.0,0.25,-1,200,-5599039.0,-2417863.0,-1500076.0,-1681100.0,200,241254,13550,15.91
1288,mid_z_revert,mid_z,10,1.25,0.0,-1,150,-5611465.0,-2141514.0,-1441973.0,-2027978.0,150,316360,17747,42.51
1289,mid_z_revert,mid_z,20,1.5,0.5,-1,200,-5634137.0,-2963157.0,-1328260.0,-1342720.0,200,421365,23768,23.95
1290,ema_diff_revert,ema_diff,20,2.0,0.0,-1,150,-5640479.0,-2014577.0,-1667280.0,-1958622.0,150,273035,15332,62.21
1291,mid_z_revert,mid_z,20,1.0,0.5,-1,150,-5642232.0,-2659815.0,-1490773.0,-1491644.0,150,472381,26742,40.6
1292,mid_z_revert,mid_z,20,1.25,0.25,-1,150,-5654939.0,-2234374.0,-1508298.0,-1912267.0,150,341539,19279,43.29
1293,mid_z_revert,mid_z,50,1.25,0.5,-1,200,-5655640.0,-2573807.0,-1834084.0,-1247749.0,200,297390,16937,44.44
1294,ema_diff_revert,ema_diff,50,1.0,0.0,-1,150,-5767200.0,-1919684.0,-1949431.0,-1898085.0,150,247093,13858,74.79
1295,mid_z_revert,mid_z,100,1.25,0.5,-1,200,-5811441.0,-2257772.0,-2221046.0,-1332623.0,200,188560,10817,50.09
1296,mid_z_revert,mid_z,10,0.75,0.25,-1,100,-5814594.0,-2201195.0,-1505229.0,-2108170.0,100,477226,27579,47.79
1297,mid_z_revert,mid_z,100,0.75,0.0,-1,200,-5839316.0,-2031543.0,-2017136.0,-1790637.0,200,127420,7099,81.67
1298,mid_z_revert,mid_z,50,0.75,0.25,-1,150,-5859088.0,-1993188.0,-1945769.0,-1920131.0,150,259773,14688,63.15
1299,mid_z_revert,mid_z,20,0.75,0.0,-1,150,-5917619.0,-2122041.0,-1755241.0,-2040337.0,150,300373,16840,63.0
1300,mid_z_revert,mid_z,10,1.25,0.25,-1,150,-6012989.0,-2557651.0,-1397276.0,-2058062.0,150,439275,24755,30.17
1301,ema_diff_revert,ema_diff,50,5.0,0.0,-1,200,-6084907.0,-2048507.0,-2032016.0,-2004384.0,200,129363,7196,71.22
1302,mid_z_revert,mid_z,10,1.5,0.0,-1,200,-6115713.0,-2534551.0,-1799063.0,-1782099.0,200,290209,16171,30.66
1303,mid_z_revert,mid_z,50,1.5,0.0,-1,200,-6140303.0,-2062644.0,-2076758.0,-2000901.0,200,136563,7615,68.14
1304,mid_z_revert,mid_z,50,0.75,0.5,-1,150,-6162891.0,-2230572.0,-1791573.0,-2140746.0,150,332476,18926,56.87
1305,ema_diff_revert,ema_diff,10,3.0,0.0,-1,200,-6188163.0,-2426426.0,-2110754.0,-1650983.0,200,253652,14169,40.48
1306,mid_z_revert,mid_z,10,1.0,0.5,-1,100,-6189359.0,-2322962.0,-1615207.0,-2251190.0,100,518502,30286,37.62
1307,momentum_revert,momentum,50,4.0,0.0,-1,200,-6214216.0,-2090934.0,-2080210.0,-2043072.0,200,139023,7758,62.56
1308,mid_z_revert,mid_z,10,1.5,0.25,-1,200,-6217094.0,-2965926.0,-1276704.0,-1974464.0,200,414359,23201,17.54
1309,ema_diff_revert,ema_diff,100,3.0,0.0,-1,200,-6242051.0,-2090174.0,-2077413.0,-2074464.0,200,146319,8123,78.96
1310,mid_z_revert,mid_z,20,1.5,0.0,-1,200,-6251465.0,-2315485.0,-1629582.0,-2306398.0,200,222136,12376,46.51
1311,mid_z_revert,mid_z,10,1.0,0.0,-1,150,-6253123.0,-2348188.0,-1609301.0,-2295634.0,150,375116,20984,45.36
1312,mid_z_revert,mid_z,10,1.5,0.5,-1,150,-6267799.0,-2648126.0,-1449905.0,-2169768.0,150,471553,26695,18.56
1313,ema_diff_revert,ema_diff,20,1.0,0.0,-1,150,-6277086.0,-2343607.0,-1960728.0,-1972751.0,150,366495,20530,61.35
1314,mid_z_revert,mid_z,20,1.25,0.5,-1,200,-6295269.0,-3164786.0,-1516084.0,-1614399.0,200,481827,27128,29.3
1315,mid_z_revert,mid_z,50,1.25,0.0,-1,200,-6358506.0,-2125894.0,-2148405.0,-2084207.0,200,159065,8850,71.44
1316,mid_z_revert,mid_z,20,1.5,0.25,-1,200,-6361369.0,-2705491.0,-1640546.0,-2015332.0,200,339203,19008,30.14
1317,mid_z_revert,mid_z,20,0.75,0.25,-1,150,-6382122.0,-2514198.0,-1778782.0,-2089142.0,150,422927,23826,50.72
1318,ema_diff_revert,ema_diff,100,2.0,0.0,-1,200,-6548395.0,-2175645.0,-2185356.0,-2187394.0,200,177723,9869,77.91
1319,mid_z_revert,mid_z,20,0.75,0.5,-1,150,-6562163.0,-2851495.0,-1676188.0,-2034480.0,150,529958,29953,44.34
1320,mid_z_revert,mid_z,50,1.0,0.0,-1,200,-6571446.0,-2189176.0,-2217067.0,-2165203.0,200,180017,9998,72.96
1321,mid_z_revert,mid_z,100,1.0,0.25,-1,200,-6586361.0,-2214837.0,-2202269.0,-2169255.0,200,180117,10207,60.61
1322,momentum_revert,momentum,20,2.0,0.0,-1,200,-6626103.0,-2612342.0,-2642846.0,-1370915.0,200,306256,17056,54.32
1323,ema_diff_revert,ema_diff,50,3.0,0.0,-1,200,-6673250.0,-2222784.0,-2234370.0,-2216096.0,200,189833,10589,71.45
1324,momentum_revert,momentum,50,2.0,0.0,-1,200,-6712729.0,-2225534.0,-2243969.0,-2243226.0,200,192231,10719,70.99
1325,mid_z_revert,mid_z,10,0.75,0.5,-1,100,-6774237.0,-2522500.0,-1806450.0,-2445287.0,100,579488,33707,41.45
1326,mid_z_revert,mid_z,50,1.0,0.5,-1,200,-6813341.0,-2711543.0,-1966199.0,-2135599.0,200,338336,19224,48.81
1327,mid_z_revert,mid_z,50,0.75,0.0,-1,200,-6819603.0,-2280202.0,-2297739.0,-2241662.0,200,202579,11280,73.9
1328,ema_diff_revert,ema_diff,20,3.0,0.0,-1,200,-6826528.0,-2391615.0,-2066521.0,-2368392.0,200,241731,13476,55.7
1329,mid_z_revert,mid_z,10,0.75,0.0,-1,150,-6835993.0,-2566746.0,-1776791.0,-2492456.0,150,438387,24475,46.99
1330,mid_z_revert,mid_z,50,1.25,0.25,-1,200,-6836107.0,-2418846.0,-2058566.0,-2358695.0,200,251061,14150,50.54
1331,mid_z_revert,mid_z,100,0.75,0.25,-1,200,-6864638.0,-2304384.0,-2290271.0,-2269983.0,200,208839,11819,65.14
1332,mid_z_revert,mid_z,10,1.25,0.5,-1,150,-6936490.0,-2859640.0,-1700671.0,-2376179.0,150,537227,30356,23.43
1333,mid_z_revert,mid_z,10,1.25,0.0,-1,200,-6953997.0,-2737027.0,-2054423.0,-2162547.0,200,351779,19572,34.79
1334,ema_diff_revert,ema_diff,100,1.0,0.0,-1,200,-6972448.0,-2304980.0,-2323748.0,-2343720.0,200,221681,12338,77.58
1335,mid_z_revert,mid_z,100,1.0,0.5,-1,200,-6984372.0,-2367304.0,-2329390.0,-2287678.0,200,222165,12705,54.68
1336,mid_z_revert,mid_z,20,1.0,0.5,-1,200,-7036356.0,-3369786.0,-1962672.0,-1703898.0,200,539375,30327,34.19
1337,mid_z_revert,mid_z,10,1.0,0.25,-1,150,-7055897.0,-2770644.0,-1584215.0,-2701038.0,150,502510,28255,34.14
1338,mid_z_revert,mid_z,20,1.25,0.0,-1,200,-7056042.0,-2465055.0,-2144727.0,-2446260.0,200,265805,14786,51.23
1339,ema_diff_revert,ema_diff,50,2.0,0.0,-1,200,-7069336.0,-2351759.0,-2374758.0,-2342819.0,200,227869,12728,71.67
1340,mid_z_revert,mid_z,10,1.5,0.5,-1,200,-7120440.0,-3261348.0,-1564694.0,-2294398.0,200,509881,28628,11.83
1341,mid_z_revert,mid_z,20,1.0,0.0,-1,200,-7121279.0,-2617591.0,-2276989.0,-2226699.0,200,307538,17104,54.32
1342,ema_diff_revert,ema_diff,10,1.0,0.0,-1,150,-7131815.0,-2654784.0,-2247104.0,-2229927.0,150,463989,25951,49.47
1343,mid_z_revert,mid_z,50,1.0,0.25,-1,200,-7142476.0,-2515918.0,-2146410.0,-2480148.0,200,278540,15660,55.06
1344,momentum_revert,momentum,10,2.0,0.0,-1,200,-7250753.0,-2873415.0,-2492661.0,-1884677.0,200,385110,21445,36.19
1345,mid_z_revert,mid_z,10,1.25,0.25,-1,200,-7286375.0,-3173656.0,-1523863.0,-2588856.0,200,478933,26776,23.02
1346,mid_z_revert,mid_z,20,1.0,0.25,-1,200,-7289127.0,-3024705.0,-2313571.0,-1950851.0,200,432705,24240,40.79
1347,ema_diff_revert,ema_diff,10,2.0,0.0,-1,200,-7310434.0,-2806965.0,-2466878.0,-2036591.0,200,367991,20514,42.43
1348,mid_z_revert,mid_z,100,0.75,0.5,-1,200,-7450258.0,-2519951.0,-2477746.0,-2452561.0,200,270133,15394,59.18
1349,ema_diff_revert,ema_diff,20,2.0,0.0,-1,200,-7573468.0,-2650095.0,-2316148.0,-2607225.0,200,319579,17784,56.0
1350,mid_z_revert,mid_z,20,1.25,0.25,-1,200,-7584369.0,-2863036.0,-2162790.0,-2558543.0,200,386989,21695,36.08
1351,ema_diff_revert,ema_diff,50,1.0,0.0,-1,200,-7675971.0,-2550552.0,-2585456.0,-2539963.0,200,291211,16225,70.4
1352,mid_z_revert,mid_z,10,0.75,0.25,-1,150,-7686938.0,-2992791.0,-1792203.0,-2901944.0,150,567874,31889,37.34
1353,mid_z_revert,mid_z,50,0.75,0.25,-1,200,-7811493.0,-2635138.0,-2599914.0,-2576441.0,200,309261,17385,58.89
1354,mid_z_revert,mid_z,20,0.75,0.0,-1,200,-7927506.0,-2783764.0,-2430671.0,-2713071.0,200,353827,19637,55.83
1355,mid_z_revert,mid_z,20,0.75,0.5,-1,200,-8005485.0,-3580241.0,-2162375.0,-2262869.0,200,602070,33775,37.74
1356,mid_z_revert,mid_z,10,1.0,0.5,-1,150,-8068840.0,-3107944.0,-1914810.0,-3046086.0,150,609188,34359,27.67
1357,mid_z_revert,mid_z,10,1.0,0.0,-1,200,-8167229.0,-2976990.0,-2253752.0,-2936487.0,200,419726,23317,37.75
1358,mid_z_revert,mid_z,50,0.75,0.5,-1,200,-8182502.0,-2898238.0,-2465989.0,-2818275.0,200,388326,21970,52.9
1359,mid_z_revert,mid_z,20,0.75,0.25,-1,200,-8189351.0,-3204709.0,-2477204.0,-2507438.0,200,483884,27078,43.96
1360,ema_diff_revert,ema_diff,20,1.0,0.0,-1,200,-8294252.0,-3006206.0,-2637962.0,-2650084.0,200,421311,23406,55.37
1361,mid_z_revert,mid_z,10,1.25,0.5,-1,200,-8299101.0,-3507619.0,-1854513.0,-2936969.0,200,586007,32859,16.52
1362,ema_diff_revert,ema_diff,10,1.0,0.0,-1,200,-8457730.0,-3325447.0,-2925780.0,-2206503.0,200,520631,28921,42.73
1363,mid_z_revert,mid_z,10,1.0,0.25,-1,200,-8533793.0,-3421719.0,-1744172.0,-3367902.0,200,552920,30839,26.87
1364,mid_z_revert,mid_z,10,0.75,0.5,-1,150,-8776663.0,-3347421.0,-2146026.0,-3283216.0,150,682756,38414,31.17
1365,mid_z_revert,mid_z,10,0.75,0.0,-1,200,-8838651.0,-3226942.0,-2450213.0,-3161496.0,200,492459,27307,39.2
1366,mid_z_revert,mid_z,10,0.75,0.25,-1,200,-9262691.0,-3682645.0,-1981099.0,-3598947.0,200,629540,35069,29.85
1367,mid_z_revert,mid_z,10,1.0,0.5,-1,200,-9621017.0,-3783542.0,-2102740.0,-3734735.0,200,667622,37336,20.55
1368,mid_z_revert,mid_z,10,0.75,0.5,-1,200,-10427204.0,-4066675.0,-2357832.0,-4002697.0,200,752142,41997,23.83
