timestamp;total;ASH_COATED_OSMIUM;INTARIAN_PEPPER_ROOT
0;-67.5;0.0;-67.5
100;-127.0;0.0;-127.0
200;-76.0;0.0;-76.0
300;-153.5;0.0;-153.5
400;-218.5;0.0;-218.5
500;-277.0;0.0;-277.0
600;-211.0;0.0;-211.0
700;-335.5;0.0;-335.5
800;-387.5;0.0;-387.5
900;-543.0;0.0;-543.0
1000;-485.0;0.0;-485.0
1100;-409.0;0.0;-409.0
1200;-409.0;0.0;-409.0
1300;-409.0;0.0;-409.0
1400;-409.0;0.0;-409.0
1500;-409.0;0.0;-409.0
1600;-409.0;0.0;-409.0
1700;-295.0;0.0;-295.0
1800;-295.0;0.0;-295.0
1900;-409.0;0.0;-409.0
2000;-371.0;0.0;-371.0
2100;-333.0;0.0;-333.0
2200;-333.0;0.0;-333.0
2300;-219.0;0.0;-219.0
2400;-333.0;0.0;-333.0
2500;-333.0;0.0;-333.0
2600;-333.0;0.0;-333.0
2700;-713.0;0.0;-713.0
2800;-333.0;0.0;-333.0
2900;47.0;0.0;47.0
3000;-295.0;0.0;-295.0
3100;-257.0;0.0;-257.0
3200;-257.0;0.0;-257.0
3300;-143.0;0.0;-143.0
3400;-257.0;0.0;-257.0
3500;-257.0;0.0;-257.0
3600;-236.0;21.0;-257.0
3700;-122.0;21.0;-143.0
3800;-245.0;12.0;-257.0
3900;-236.0;21.0;-257.0
4000;-199.5;19.5;-219.0
4100;-280.0;15.0;-295.0
4200;-147.0;34.0;-181.0
4300;-20.5;46.5;-67.0
4400;-256.0;39.0;-295.0
4500;-134.5;46.5;-181.0
4600;-147.0;34.0;-181.0
4700;-256.0;39.0;-295.0
4800;-299.0;34.0;-333.0
4900;-142.0;39.0;-181.0
5000;45.0;44.0;1.0
5100;40.0;39.0;1.0
5200;-40.0;39.0;-79.0
5300;-40.0;39.0;-79.0
5400;80.0;39.0;41.0
5500;-45.0;34.0;-79.0
5600;-35.0;44.0;-79.0
5700;-440.0;39.0;-479.0
5800;-445.0;34.0;-479.0
5900;-40.0;39.0;-79.0
6000;-120.0;39.0;-159.0
6100;47.5;46.5;1.0
6200;40.0;39.0;1.0
6300;40.0;39.0;1.0
6400;45.0;44.0;1.0
6500;-75.0;44.0;-119.0
6600;45.0;44.0;1.0
6700;45.0;44.0;1.0
6800;45.0;44.0;1.0
6900;50.0;49.0;1.0
7000;-37.5;41.5;-79.0
7100;125.0;44.0;81.0
7200;102.5;21.5;81.0
7300;117.5;36.5;81.0
7400;120.0;39.0;81.0
7500;240.0;39.0;201.0
7600;135.0;54.0;81.0
7700;135.0;54.0;81.0
7800;135.0;54.0;81.0
7900;15.0;54.0;-39.0
8000;15.0;54.0;-39.0
8100;15.0;54.0;-39.0
8200;95.0;54.0;41.0
8300;95.0;54.0;41.0
8400;215.0;54.0;161.0
8500;215.0;54.0;161.0
8600;215.0;54.0;161.0
8700;215.0;54.0;161.0
8800;215.0;54.0;161.0
8900;95.0;54.0;41.0
9000;255.0;54.0;201.0
9100;431.0;70.0;361.0
9200;419.0;58.0;361.0
9300;303.0;62.0;241.0
9400;249.0;8.0;241.0
9500;319.0;78.0;241.0
9600;255.0;134.0;121.0
9700;355.0;114.0;241.0
9800;395.0;154.0;241.0
9900;-5.0;154.0;-159.0
10000;491.0;210.0;281.0
10100;531.0;210.0;321.0
10200;573.0;252.0;321.0
10300;545.0;224.0;321.0
10400;623.0;182.0;441.0
10500;545.0;224.0;321.0
10600;531.0;210.0;321.0
10700;573.0;252.0;321.0
10800;531.0;210.0;321.0
10900;559.0;238.0;321.0
11000;501.0;140.0;361.0
11100;599.0;238.0;361.0
11200;611.0;210.0;401.0
11300;611.0;210.0;401.0
11400;653.0;252.0;401.0
11500;611.0;210.0;401.0
11600;611.0;210.0;401.0
11700;773.0;252.0;521.0
11800;611.0;210.0;401.0
11900;731.0;210.0;521.0
12000;651.0;210.0;441.0
12100;726.0;245.0;481.0
12200;775.5;294.5;481.0
12300;726.0;245.0;481.0
12400;792.0;311.0;481.0
12500;792.0;311.0;481.0
12600;319.0;278.0;41.0
12700;639.0;278.0;361.0
12800;655.5;294.5;361.0
12900;759.0;278.0;481.0
13000;799.0;278.0;521.0
13100;839.0;278.0;561.0
13200;872.0;311.0;561.0
13300;872.0;311.0;561.0
13400;839.0;278.0;561.0
13500;719.0;278.0;441.0
13600;839.0;278.0;561.0
13700;839.0;278.0;561.0
13800;839.0;278.0;561.0
13900;1189.5;228.5;961.0
14000;1020.0;299.0;721.0
14100;940.0;299.0;641.0
14200;910.0;269.0;641.0
14300;865.0;224.0;641.0
14400;710.0;269.0;441.0
14500;940.0;179.0;761.0
14600;1030.0;269.0;761.0
14700;700.0;179.0;521.0
14800;910.0;269.0;641.0
14900;760.0;239.0;521.0
15000;860.0;179.0;681.0
15100;1180.0;339.0;841.0
15200;1060.0;339.0;721.0
15300;1060.0;339.0;721.0
15400;1060.0;339.0;721.0
15500;1110.0;389.0;721.0
15600;1190.0;349.0;841.0
15700;1050.0;329.0;721.0
15800;1060.0;339.0;721.0
15900;1060.0;339.0;721.0
16000;1100.0;339.0;761.0
16100;1175.0;374.0;801.0
16200;1150.0;349.0;801.0
16300;1130.0;329.0;801.0
16400;1140.0;339.0;801.0
16500;1245.0;324.0;921.0
16600;1130.0;329.0;801.0
16700;1010.0;329.0;681.0
16800;1130.0;329.0;801.0
16900;1250.0;329.0;921.0
17000;1260.0;339.0;921.0
17100;1220.0;339.0;881.0
17200;1100.0;339.0;761.0
17300;1100.0;339.0;761.0
17400;1350.0;349.0;1001.0
17500;1220.0;339.0;881.0
17600;1220.0;339.0;881.0
17700;1340.0;339.0;1001.0
17800;1110.0;349.0;761.0
17900;1220.0;339.0;881.0
18000;1380.0;339.0;1041.0
18100;1435.0;354.0;1081.0
18200;1300.0;339.0;961.0
18300;1290.0;329.0;961.0
18400;1310.0;349.0;961.0
18500;1352.0;391.0;961.0
18600;1472.0;391.0;1081.0
18700;1458.0;377.0;1081.0
18800;1352.0;391.0;961.0
18900;1218.0;377.0;841.0
19000;1396.0;395.0;1001.0
19100;1432.0;391.0;1041.0
19200;1428.0;387.0;1041.0
19300;1428.0;387.0;1041.0
19400;1428.0;387.0;1041.0
19500;1308.0;387.0;921.0
19600;1308.0;387.0;921.0
19700;1302.0;381.0;921.0
19800;1396.0;355.0;1041.0
19900;1280.0;399.0;881.0
20000;1360.0;399.0;961.0
20100;1640.0;399.0;1241.0
20200;1648.0;407.0;1241.0
20300;1628.0;387.0;1241.0
20400;1512.0;391.0;1121.0
20500;1512.0;391.0;1121.0
20600;1512.0;391.0;1121.0
20700;1504.0;383.0;1121.0
20800;1632.0;391.0;1241.0
20900;1512.0;391.0;1121.0
21000;1560.0;399.0;1161.0
21100;1552.0;391.0;1161.0
21200;1568.0;367.0;1201.0
21300;1600.0;399.0;1201.0
21400;1600.0;399.0;1201.0
21500;1628.0;427.0;1201.0
21600;1600.0;399.0;1201.0
21700;1600.0;399.0;1201.0
21800;1720.0;399.0;1321.0
21900;1720.0;399.0;1321.0
22000;1640.0;399.0;1241.0
22100;1680.0;399.0;1281.0
22200;1676.0;395.0;1281.0
22300;1676.0;395.0;1281.0
22400;1680.0;399.0;1281.0
22500;1680.0;399.0;1281.0
22600;1688.0;407.0;1281.0
22700;1708.0;427.0;1281.0
22800;1672.0;391.0;1281.0
22900;1680.0;399.0;1281.0
23000;1720.0;399.0;1321.0
23100;1320.0;399.0;921.0
23200;1720.0;359.0;1361.0
23300;1752.0;391.0;1361.0
23400;1748.0;387.0;1361.0
23500;1760.0;399.0;1361.0
23600;1748.0;387.0;1361.0
23700;1752.0;391.0;1361.0
23800;1752.0;391.0;1361.0
23900;1902.0;421.0;1481.0
24000;1960.0;439.0;1521.0
24100;1760.0;439.0;1321.0
24200;1886.0;445.0;1441.0
24300;1924.0;483.0;1441.0
24400;1785.0;344.0;1441.0
24500;1947.5;506.5;1441.0
24600;1931.0;490.0;1441.0
24700;1917.0;476.0;1441.0
24800;1839.0;518.0;1321.0
24900;1959.0;518.0;1441.0
25000;2027.0;546.0;1481.0
25100;2039.0;518.0;1521.0
25200;2159.0;518.0;1641.0
25300;2039.0;518.0;1521.0
25400;2039.0;518.0;1521.0
25500;1627.0;546.0;1081.0
25600;2187.0;546.0;1641.0
25700;2039.0;518.0;1521.0
25800;1933.0;532.0;1401.0
25900;1919.0;518.0;1401.0
26000;1987.0;546.0;1441.0
26100;2147.0;546.0;1601.0
26200;2119.0;518.0;1601.0
26300;2239.0;518.0;1721.0
26400;1985.0;504.0;1481.0
26500;2547.0;546.0;2001.0
26600;2267.0;546.0;1721.0
26700;2147.0;546.0;1601.0
26800;2093.0;372.0;1721.0
26900;2255.0;534.0;1721.0
27000;2295.0;534.0;1761.0
27100;2215.0;534.0;1681.0
27200;2215.0;534.0;1681.0
27300;2335.0;534.0;1801.0
27400;2215.0;534.0;1681.0
27500;2215.0;534.0;1681.0
27600;2215.0;534.0;1681.0
27700;2215.0;534.0;1681.0
27800;2215.0;534.0;1681.0
27900;2299.0;498.0;1801.0
28000;2267.0;666.0;1601.0
28100;2267.0;506.0;1761.0
28200;2299.0;538.0;1761.0
28300;2299.0;538.0;1761.0
28400;2131.0;490.0;1641.0
28500;2251.0;490.0;1761.0
28600;2251.0;490.0;1761.0
28700;2491.0;570.0;1921.0
28800;2299.0;538.0;1761.0
28900;2299.0;538.0;1761.0
29000;2387.0;586.0;1801.0
29100;2547.0;586.0;1961.0
29200;2499.0;538.0;1961.0
29300;2379.0;538.0;1841.0
29400;2379.0;538.0;1841.0
29500;2379.0;538.0;1841.0
29600;2411.0;570.0;1841.0
29700;2347.0;506.0;1841.0
29800;2347.0;506.0;1841.0
29900;2379.0;538.0;1841.0
30000;2171.0;490.0;1681.0
30100;2459.0;538.0;1921.0
30200;2459.0;538.0;1921.0
30300;2507.0;586.0;1921.0
30400;2518.0;597.0;1921.0
30500;2428.0;507.0;1921.0
30600;2473.0;552.0;1921.0
30700;2503.0;582.0;1921.0
30800;2473.0;552.0;1921.0
30900;2353.0;552.0;1801.0
31000;2513.0;552.0;1961.0
31100;2523.0;522.0;2001.0
31200;2388.0;507.0;1881.0
31300;2553.0;552.0;2001.0
31400;2553.0;552.0;2001.0
31500;2553.0;552.0;2001.0
31600;2553.0;552.0;2001.0
31700;2433.0;552.0;1881.0
31800;2673.0;552.0;2121.0
31900;2508.0;507.0;2001.0
32000;2428.0;507.0;1921.0
32100;2633.0;552.0;2081.0
32200;2663.0;582.0;2081.0
32300;2648.0;567.0;2081.0
32400;2648.0;567.0;2081.0
32500;3033.0;552.0;2481.0
32600;2633.0;552.0;2081.0
32700;2483.0;522.0;1961.0
32800;2423.0;342.0;2081.0
32900;2623.0;542.0;2081.0
33000;2663.0;542.0;2121.0
33100;2823.0;542.0;2281.0
33200;2703.0;542.0;2161.0
33300;3063.0;542.0;2521.0
33400;2743.0;582.0;2161.0
33500;2663.0;622.0;2041.0
33600;2623.0;622.0;2001.0
33700;2703.0;542.0;2161.0
33800;2723.0;562.0;2161.0
33900;2743.0;582.0;2161.0
34000;2872.0;671.0;2201.0
34100;2945.0;704.0;2241.0
34200;2879.0;638.0;2241.0
34300;2879.0;638.0;2241.0
34400;2879.0;638.0;2241.0
34500;2935.0;694.0;2241.0
34600;2935.0;694.0;2241.0
34700;2935.0;694.0;2241.0
34800;2815.0;694.0;2121.0
34900;2935.0;694.0;2241.0
35000;2935.0;694.0;2241.0
35100;2974.0;653.0;2321.0
35200;2895.0;694.0;2201.0
35300;2854.0;653.0;2201.0
35400;2994.5;673.5;2321.0
35500;3015.0;694.0;2321.0
35600;3015.0;694.0;2321.0
35700;3535.0;694.0;2841.0
35800;3535.0;694.0;2841.0
35900;3135.0;694.0;2441.0
36000;3055.0;694.0;2361.0
36100;3414.0;653.0;2761.0
36200;3095.0;694.0;2401.0
36300;3095.0;694.0;2401.0
36400;3095.0;694.0;2401.0
36500;3119.0;718.0;2401.0
36600;3081.0;680.0;2401.0
36700;3081.0;680.0;2401.0
36800;3081.0;680.0;2401.0
36900;3081.0;680.0;2401.0
37000;3121.0;680.0;2441.0
37100;3161.0;680.0;2481.0
37200;3104.0;623.0;2481.0
37300;3281.0;680.0;2601.0
37400;3123.0;642.0;2481.0
37500;3161.0;680.0;2481.0
37600;3003.0;642.0;2361.0
37700;3319.0;718.0;2601.0
37800;3365.0;884.0;2481.0
37900;3187.0;706.0;2481.0
38000;3295.0;774.0;2521.0
38100;3135.0;774.0;2361.0
38200;3335.0;774.0;2561.0
38300;3335.0;774.0;2561.0
38400;2869.5;748.5;2121.0
38500;3356.0;795.0;2561.0
38600;3309.5;748.5;2561.0
38700;3205.0;764.0;2441.0
38800;3220.5;779.5;2441.0
38900;3220.5;779.5;2441.0
39000;3251.5;810.5;2441.0
39100;3490.5;849.5;2641.0
39200;3503.0;862.0;2641.0
39300;3478.0;837.0;2641.0
39400;3478.0;837.0;2641.0
39500;3478.0;837.0;2641.0
39600;3478.0;837.0;2641.0
39700;3453.0;812.0;2641.0
39800;3528.0;887.0;2641.0
39900;3552.0;911.0;2641.0
40000;3556.0;875.0;2681.0
40100;3485.0;884.0;2601.0
40200;3632.0;911.0;2721.0
40300;3512.0;911.0;2601.0
40400;3734.0;893.0;2841.0
40500;3734.0;893.0;2841.0
40600;3614.0;893.0;2721.0
40700;3614.0;893.0;2721.0
40800;3614.0;893.0;2721.0
40900;3605.0;884.0;2721.0
41000;3654.0;893.0;2761.0
41100;3667.0;866.0;2801.0
41200;3778.0;857.0;2921.0
41300;3658.0;857.0;2801.0
41400;3814.0;893.0;2921.0
41500;3849.0;928.0;2921.0
41600;3716.0;915.0;2801.0
41700;4236.0;915.0;3321.0
41800;3894.5;973.5;2921.0
41900;3729.0;928.0;2801.0
42000;3569.0;928.0;2641.0
42100;3822.0;941.0;2881.0
42200;3663.0;902.0;2761.0
42300;3689.0;928.0;2761.0
42400;3789.5;908.5;2881.0
42500;3867.5;986.5;2881.0
42600;3796.0;915.0;2881.0
42700;3822.0;941.0;2881.0
42800;3835.0;954.0;2881.0
42900;3948.5;947.5;3001.0
43000;3357.0;876.0;2481.0
43100;3889.0;928.0;2961.0
43200;3908.5;947.5;2961.0
43300;3889.0;928.0;2961.0
43400;3889.0;928.0;2961.0
43500;3889.0;928.0;2961.0
43600;3902.0;941.0;2961.0
43700;3902.0;941.0;2961.0
43800;3782.0;941.0;2841.0
43900;4009.0;928.0;3081.0
44000;3929.0;928.0;3001.0
44100;3969.0;928.0;3041.0
44200;4089.0;928.0;3161.0
44300;3969.0;928.0;3041.0
44400;3969.0;928.0;3041.0
44500;3842.5;921.5;2921.0
44600;3969.0;928.0;3041.0
44700;3449.0;928.0;2521.0
44800;3969.0;928.0;3041.0
44900;3829.5;908.5;2921.0
45000;4109.5;908.5;3201.0
45100;4116.0;915.0;3201.0
45200;4033.0;832.0;3201.0
45300;4048.0;927.0;3121.0
45400;4076.5;955.5;3121.0
45500;4048.0;927.0;3121.0
45600;4019.5;898.5;3121.0
45700;4048.0;927.0;3121.0
45800;4029.0;908.0;3121.0
45900;3928.0;927.0;3001.0
46000;4097.5;936.5;3161.0
46100;3970.0;889.0;3081.0
46200;4128.0;927.0;3201.0
46300;4061.5;860.5;3201.0
46400;4248.0;927.0;3321.0
46500;4182.0;981.0;3201.0
46600;4127.0;926.0;3201.0
46700;4127.0;926.0;3201.0
46800;4127.0;926.0;3201.0
46900;4127.0;926.0;3201.0
47000;4137.0;896.0;3241.0
47100;4362.0;961.0;3401.0
47200;4207.0;926.0;3281.0
47300;4232.0;951.0;3281.0
47400;4087.0;926.0;3161.0
47500;4317.0;916.0;3401.0
47600;4317.0;916.0;3401.0
47700;4317.0;916.0;3401.0
47800;4197.0;916.0;3281.0
47900;4212.0;931.0;3281.0
48000;4237.0;916.0;3321.0
48100;4637.0;916.0;3721.0
48200;4267.0;906.0;3361.0
48300;4277.0;916.0;3361.0
48400;4282.0;921.0;3361.0
48500;4277.0;916.0;3361.0
48600;4277.0;916.0;3361.0
48700;4172.0;931.0;3241.0
48800;4157.0;916.0;3241.0
48900;4287.0;926.0;3361.0
49000;4327.0;926.0;3401.0
49100;4367.0;926.0;3441.0
49200;4367.0;926.0;3441.0
49300;4477.0;916.0;3561.0
49400;4282.0;961.0;3321.0
49500;4367.0;926.0;3441.0
49600;4347.0;906.0;3441.0
49700;4357.0;916.0;3441.0
49800;4367.0;926.0;3441.0
49900;4382.0;941.0;3441.0
50000;4407.0;926.0;3481.0
50100;4567.0;926.0;3641.0
50200;4577.0;936.0;3641.0
50300;4332.0;931.0;3401.0
50400;4567.0;926.0;3641.0
50500;4437.0;916.0;3521.0
50600;4437.0;916.0;3521.0
50700;4437.0;916.0;3521.0
50800;4437.0;916.0;3521.0
50900;4494.5;973.5;3521.0
51000;4489.5;928.5;3561.0
51100;4552.0;951.0;3601.0
51200;4447.0;966.0;3481.0
51300;4447.0;966.0;3481.0
51400;4492.0;1011.0;3481.0
51500;4582.0;981.0;3601.0
51600;4567.0;966.0;3601.0
51700;4672.0;951.0;3721.0
51800;4582.0;981.0;3601.0
51900;4424.5;943.5;3481.0
52000;4447.0;966.0;3481.0
52100;4662.0;981.0;3681.0
52200;4647.0;966.0;3681.0
52300;4752.0;951.0;3801.0
52400;4632.0;951.0;3681.0
52500;4632.0;951.0;3681.0
52600;5032.0;951.0;4081.0
52700;4632.0;951.0;3681.0
52800;4617.0;936.0;3681.0
52900;4617.0;936.0;3681.0
53000;4537.0;936.0;3601.0
53100;4712.0;951.0;3761.0
53200;5057.0;936.0;4121.0
53300;4592.0;951.0;3641.0
53400;4832.0;951.0;3881.0
53500;4689.5;928.5;3761.0
53600;4272.0;951.0;3321.0
53700;4727.0;966.0;3761.0
53800;4609.5;848.5;3761.0
53900;4833.0;952.0;3881.0
54000;4873.0;952.0;3921.0
54100;4838.5;917.5;3921.0
54200;4913.0;952.0;3961.0
54300;4650.0;929.0;3721.0
54400;4770.0;929.0;3841.0
54500;4770.0;929.0;3841.0
54600;4812.0;971.0;3841.0
54700;4855.5;1014.5;3841.0
54800;4692.0;971.0;3721.0
54900;4812.0;971.0;3841.0
55000;4852.0;971.0;3881.0
55100;4935.5;1014.5;3921.0
55200;4877.5;956.5;3921.0
55300;4892.0;971.0;3921.0
55400;4728.5;927.5;3801.0
55500;4892.0;971.0;3921.0
55600;4892.0;971.0;3921.0
55700;5052.0;971.0;4081.0
55800;4892.0;971.0;3921.0
55900;4848.5;927.5;3921.0
56000;4932.0;971.0;3961.0
56100;4852.0;971.0;3881.0
56200;4972.0;971.0;4001.0
56300;5092.0;971.0;4121.0
56400;4870.5;869.5;4001.0
56500;4856.0;855.0;4001.0
56600;4972.0;971.0;4001.0
56700;5001.0;1000.0;4001.0
56800;4972.0;971.0;4001.0
56900;4881.0;1000.0;3881.0
57000;5041.0;1000.0;4041.0
57100;5012.0;971.0;4041.0
57200;5081.0;1000.0;4081.0
57300;4979.5;898.5;4081.0
57400;5095.5;1014.5;4081.0
57500;5212.0;971.0;4241.0
57600;5183.0;942.0;4241.0
57700;4994.0;913.0;4081.0
57800;4874.0;913.0;3961.0
57900;4874.0;913.0;3961.0
58000;5063.0;942.0;4121.0
58100;5103.0;942.0;4161.0
58200;5146.5;985.5;4161.0
58300;5103.0;942.0;4161.0
58400;5124.0;963.0;4161.0
58500;5124.0;963.0;4161.0
58600;5244.0;963.0;4281.0
58700;5124.0;963.0;4161.0
58800;5124.0;963.0;4161.0
58900;5124.0;963.0;4161.0
59000;5124.0;963.0;4161.0
59100;5220.0;979.0;4241.0
59200;5316.0;1075.0;4241.0
59300;5156.0;915.0;4241.0
59400;5172.0;931.0;4241.0
59500;5186.0;945.0;4241.0
59600;5171.0;930.0;4241.0
59700;4936.0;855.0;4081.0
59800;5141.0;900.0;4241.0
59900;5141.0;900.0;4241.0
60000;5256.0;975.0;4281.0
60100;5296.0;975.0;4321.0
60200;5176.0;975.0;4201.0
60300;5050.0;729.0;4321.0
60400;5323.0;1002.0;4321.0
60500;5323.0;1002.0;4321.0
60600;5323.0;1002.0;4321.0
60700;5362.0;1041.0;4321.0
60800;5384.5;943.5;4441.0
60900;5203.0;1002.0;4201.0
61000;5441.0;1080.0;4361.0
61100;5481.0;1080.0;4401.0
61200;5481.0;1080.0;4401.0
61300;5520.0;1119.0;4401.0
61400;5520.0;1119.0;4401.0
61500;5640.0;1119.0;4521.0
61600;5481.0;1080.0;4401.0
61700;5481.0;1080.0;4401.0
61800;5481.0;1080.0;4401.0
61900;5641.0;1080.0;4561.0
62000;5443.0;1122.0;4321.0
62100;5603.0;1122.0;4481.0
62200;5619.5;1138.5;4481.0
62300;5723.0;1122.0;4601.0
62400;5603.0;1122.0;4481.0
62500;5570.0;1089.0;4481.0
62600;5636.0;1155.0;4481.0
62700;5603.0;1122.0;4481.0
62800;5483.0;1122.0;4361.0
62900;5553.5;1072.5;4481.0
63000;5593.5;1072.5;4521.0
63100;5650.0;1089.0;4561.0
63200;5699.5;1138.5;4561.0
63300;5530.0;1089.0;4441.0
63400;5617.0;1056.0;4561.0
63500;5497.0;1056.0;4441.0
63600;5770.0;1089.0;4681.0
63700;5697.0;1136.0;4561.0
63800;5697.0;1136.0;4561.0
63900;5662.0;1101.0;4561.0
64000;5754.5;1153.5;4601.0
64100;5702.0;1101.0;4601.0
64200;5742.0;1101.0;4641.0
64300;5302.0;1101.0;4201.0
64400;5862.0;1101.0;4761.0
64500;5622.0;1101.0;4521.0
64600;5794.5;1153.5;4641.0
64700;5742.0;1101.0;4641.0
64800;5777.0;1136.0;4641.0
64900;5770.0;1129.0;4641.0
65000;5930.0;1129.0;4801.0
65100;5819.0;1098.0;4721.0
65200;5819.0;1098.0;4721.0
65300;5820.5;1099.5;4721.0
65400;5870.0;1149.0;4721.0
65500;5701.5;980.5;4721.0
65600;5927.0;1206.0;4721.0
65700;5886.0;1165.0;4721.0
65800;5927.0;1206.0;4721.0
65900;5927.0;1206.0;4721.0
66000;6087.0;1206.0;4881.0
66100;6127.0;1206.0;4921.0
66200;6168.0;1247.0;4921.0
66300;6007.0;1206.0;4801.0
66400;6007.0;1206.0;4801.0
66500;6007.0;1206.0;4801.0
66600;6007.0;1206.0;4801.0
66700;5945.5;1144.5;4801.0
66800;5945.5;1144.5;4801.0
66900;6007.0;1206.0;4801.0
67000;6088.0;1247.0;4841.0
67100;5967.0;1206.0;4761.0
67200;6087.0;1206.0;4881.0
67300;6046.0;1165.0;4881.0
67400;6207.0;1206.0;5001.0
67500;6148.5;1267.5;4881.0
67600;6487.0;1206.0;5281.0
67700;6046.0;1165.0;4881.0
67800;6087.0;1206.0;4881.0
67900;6087.0;1206.0;4881.0
68000;6108.0;1227.0;4881.0
68100;6308.0;1227.0;5081.0
68200;6188.0;1227.0;4961.0
68300;6169.0;1208.0;4961.0
68400;6188.0;1227.0;4961.0
68500;6308.0;1227.0;5081.0
68600;6188.0;1227.0;4961.0
68700;6308.0;1227.0;5081.0
68800;6036.0;1075.0;4961.0
68900;6030.0;1189.0;4841.0
69000;6228.0;1227.0;5001.0
69100;6148.0;1227.0;4921.0
69200;6268.0;1227.0;5041.0
69300;6230.0;1189.0;5041.0
69400;6306.0;1265.0;5041.0
69500;6268.0;1227.0;5041.0
69600;6249.0;1208.0;5041.0
69700;6249.0;1208.0;5041.0
69800;6325.0;1284.0;5041.0
69900;6388.0;1227.0;5161.0
70000;5887.0;1246.0;4641.0
70100;6348.0;1227.0;5121.0
70200;6247.0;1246.0;5001.0
70300;6285.0;1284.0;5001.0
70400;6748.0;1227.0;5521.0
70500;6468.0;1227.0;5241.0
70600;6405.0;1284.0;5121.0
70700;6386.0;1265.0;5121.0
70800;6348.0;1227.0;5121.0
70900;6190.0;1189.0;5001.0
71000;6266.0;1265.0;5001.0
71100;6209.0;1208.0;5001.0
71200;6396.0;1075.0;5321.0
71300;6605.0;1284.0;5321.0
71400;6466.0;1265.0;5201.0
71500;5988.0;1227.0;4761.0
71600;6548.0;1227.0;5321.0
71700;6586.0;1265.0;5321.0
71800;6624.0;1303.0;5321.0
71900;6504.0;1303.0;5201.0
72000;6544.0;1303.0;5241.0
72100;6563.0;1322.0;5241.0
72200;6464.0;1303.0;5161.0
72300;6364.0;1083.0;5281.0
72400;6676.0;1395.0;5281.0
72500;6652.0;1371.0;5281.0
72600;6700.0;1419.0;5281.0
72700;6700.0;1419.0;5281.0
72800;6388.0;1107.0;5281.0
72900;6652.0;1371.0;5281.0
73000;6572.0;1371.0;5201.0
73100;6780.0;1419.0;5361.0
73200;6292.0;1371.0;4921.0
73300;6732.0;1371.0;5361.0
73400;6900.0;1539.0;5361.0
73500;6780.0;1419.0;5361.0
73600;6780.0;1419.0;5361.0
73700;6828.0;1467.0;5361.0
73800;6828.0;1467.0;5361.0
73900;6660.0;1299.0;5361.0
74000;6604.0;1203.0;5401.0
74100;6860.0;1419.0;5441.0
74200;7028.0;1467.0;5561.0
74300;6908.0;1467.0;5441.0
74400;6788.0;1467.0;5321.0
74500;6956.0;1515.0;5441.0
74600;6908.0;1467.0;5441.0
74700;6908.0;1467.0;5441.0
74800;6908.0;1467.0;5441.0
74900;6788.0;1467.0;5321.0
75000;7068.0;1467.0;5601.0
75100;6868.0;1467.0;5401.0
75200;6988.0;1467.0;5521.0
75300;6988.0;1467.0;5521.0
75400;6940.0;1539.0;5401.0
75500;6940.0;1419.0;5521.0
75600;6868.0;1467.0;5401.0
75700;6940.0;1419.0;5521.0
75800;6940.0;1419.0;5521.0
75900;6940.0;1419.0;5521.0
76000;7140.0;1419.0;5721.0
76100;6900.0;1419.0;5481.0
76200;6900.0;1419.0;5481.0
76300;7062.0;1461.0;5601.0
76400;7263.0;1542.0;5721.0
76500;7349.0;1748.0;5601.0
76600;7188.0;1587.0;5601.0
76700;7565.0;1564.0;6001.0
76800;7280.0;1679.0;5601.0
76900;7280.0;1679.0;5601.0
77000;7348.0;1587.0;5761.0
77100;7388.0;1587.0;5801.0
77200;7291.0;1610.0;5681.0
77300;7314.0;1633.0;5681.0
77400;7314.0;1633.0;5681.0
77500;7314.0;1633.0;5681.0
77600;7314.0;1633.0;5681.0
77700;7434.0;1633.0;5801.0
77800;7061.0;1380.0;5681.0
77900;7314.0;1633.0;5681.0
78000;7428.0;1587.0;5841.0
78100;7279.0;1518.0;5761.0
78200;7182.0;1541.0;5641.0
78300;7348.0;1587.0;5761.0
78400;7348.0;1587.0;5761.0
78500;7279.0;1518.0;5761.0
78600;7348.0;1587.0;5761.0
78700;7302.0;1541.0;5761.0
78800;7302.0;1541.0;5761.0
78900;7279.0;1518.0;5761.0
79000;7526.0;1725.0;5801.0
79100;7428.0;1587.0;5841.0
79200;7428.0;1587.0;5841.0
79300;7285.0;1564.0;5721.0
79400;7428.0;1587.0;5841.0
79500;7382.0;1541.0;5841.0
79600;7359.0;1518.0;5841.0
79700;7428.0;1587.0;5841.0
79800;7428.0;1587.0;5841.0
79900;7548.0;1587.0;5961.0
80000;7468.0;1587.0;5881.0
80100;7628.0;1587.0;6041.0
80200;7439.0;1518.0;5921.0
80300;7388.0;1587.0;5801.0
80400;7112.0;1311.0;5801.0
80500;7462.0;1541.0;5921.0
80600;7577.0;1656.0;5921.0
80700;7508.0;1587.0;5921.0
80800;7485.0;1564.0;5921.0
80900;7342.0;1541.0;5801.0
81000;7502.0;1541.0;5961.0
81100;7473.0;1472.0;6001.0
81200;7445.0;1564.0;5881.0
81300;7376.0;1495.0;5881.0
81400;7376.0;1495.0;5881.0
81500;7496.0;1495.0;6001.0
81600;7427.0;1426.0;6001.0
81700;7404.0;1403.0;6001.0
81800;7450.0;1449.0;6001.0
81900;7450.0;1449.0;6001.0
82000;7490.0;1449.0;6041.0
82100;7490.0;1449.0;6041.0
82200;7438.0;1357.0;6081.0
82300;7530.0;1449.0;6081.0
82400;7581.0;1380.0;6201.0
82500;7461.0;1380.0;6081.0
82600;7530.0;1449.0;6081.0
82700;7484.0;1403.0;6081.0
82800;7484.0;1403.0;6081.0
82900;7438.0;1357.0;6081.0
83000;7524.0;1403.0;6121.0
83100;7564.0;1403.0;6161.0
83200;7472.0;1311.0;6161.0
83300;7472.0;1311.0;6161.0
83400;7472.0;1311.0;6161.0
83500;7638.0;1357.0;6281.0
83600;7656.0;1495.0;6161.0
83700;7466.0;1305.0;6161.0
83800;7576.0;1415.0;6161.0
83900;7368.0;1327.0;6041.0
84000;7408.0;1327.0;6081.0
84100;7732.0;1371.0;6361.0
84200;7612.0;1371.0;6241.0
84300;7612.0;1371.0;6241.0
84400;8144.0;1503.0;6641.0
84500;7612.0;1371.0;6241.0
84600;7612.0;1371.0;6241.0
84700;7732.0;1371.0;6361.0
84800;8012.0;1371.0;6641.0
84900;7612.0;1371.0;6241.0
85000;7772.0;1371.0;6401.0
85100;7692.0;1371.0;6321.0
85200;7692.0;1371.0;6321.0
85300;7626.0;1305.0;6321.0
85400;7528.0;1327.0;6201.0
85500;8097.0;1376.0;6721.0
85600;7697.0;1376.0;6321.0
85700;7493.0;1172.0;6321.0
85800;7697.0;1376.0;6321.0
85900;7594.0;1393.0;6201.0
86000;7782.0;1421.0;6361.0
86100;7758.0;1477.0;6281.0
86200;7758.0;1477.0;6281.0
86300;8082.0;1561.0;6521.0
86400;7934.0;1533.0;6401.0
86500;7814.0;1533.0;6281.0
86600;7934.0;1533.0;6401.0
86700;7990.0;1589.0;6401.0
86800;7870.0;1589.0;6281.0
86900;7814.0;1533.0;6281.0
87000;7974.0;1533.0;6441.0
87100;7986.0;1505.0;6481.0
87200;8070.0;1589.0;6481.0
87300;8014.0;1533.0;6481.0
87400;8218.0;1617.0;6601.0
87500;8014.0;1533.0;6481.0
87600;8014.0;1533.0;6481.0
87700;8134.0;1533.0;6601.0
87800;8304.5;1823.5;6481.0
87900;8161.0;1680.0;6481.0
88000;8081.0;1680.0;6401.0
88100;8241.0;1680.0;6561.0
88200;8241.0;1680.0;6561.0
88300;8369.0;1808.0;6561.0
88400;8369.0;1808.0;6561.0
88500;8315.0;1754.0;6561.0
88600;8315.0;1754.0;6561.0
88700;8195.0;1754.0;6441.0
88800;8315.0;1754.0;6561.0
88900;8369.0;1808.0;6561.0
89000;8193.0;1592.0;6601.0
89100;8395.0;1754.0;6641.0
89200;8395.0;1754.0;6641.0
89300;8260.0;1619.0;6641.0
89400;8530.0;1889.0;6641.0
89500;8449.0;1808.0;6641.0
89600;8449.0;1808.0;6641.0
89700;8834.5;2073.5;6761.0
89800;8467.0;1826.0;6641.0
89900;8467.0;1826.0;6641.0
90000;8552.0;1871.0;6681.0
90100;8547.0;1826.0;6721.0
90200;8662.0;1941.0;6721.0
90300;8662.0;1941.0;6721.0
90400;8627.0;1906.0;6721.0
90500;8627.0;1906.0;6721.0
90600;8747.0;1906.0;6841.0
90700;8676.0;1955.0;6721.0
90800;8776.5;2055.5;6721.0
90900;8718.0;1997.0;6721.0
91000;8680.0;1919.0;6761.0
91100;8934.5;2133.5;6801.0
91200;8817.5;2016.5;6801.0
91300;8759.0;1958.0;6801.0
91400;8639.0;1958.0;6681.0
91500;8639.0;1958.0;6681.0
91600;8879.0;1958.0;6921.0
91700;8359.0;1958.0;6401.0
91800;8759.0;1958.0;6801.0
91900;8798.0;1997.0;6801.0
92000;8838.0;1997.0;6841.0
92100;8777.5;2016.5;6761.0
92200;8839.0;1958.0;6881.0
92300;9017.5;2016.5;7001.0
92400;8738.5;1977.5;6761.0
92500;8839.0;1958.0;6881.0
92600;8839.0;1958.0;6881.0
92700;8839.0;1958.0;6881.0
92800;8680.0;1919.0;6761.0
92900;8800.0;1919.0;6881.0
93000;9050.0;2129.0;6921.0
93100;8935.0;1974.0;6961.0
93200;9028.0;2067.0;6961.0
93300;9055.0;1974.0;7081.0
93400;8935.0;1974.0;6961.0
93500;8904.0;1943.0;6961.0
93600;8904.0;1943.0;6961.0
93700;9024.0;1943.0;7081.0
93800;8904.0;1943.0;6961.0
93900;8904.0;1943.0;6961.0
94000;8975.0;1974.0;7001.0
94100;9006.0;2005.0;7001.0
94200;9015.0;1974.0;7041.0
94300;8895.0;1974.0;6921.0
94400;8984.0;1943.0;7041.0
94500;8984.0;1943.0;7041.0
94600;9104.0;1943.0;7161.0
94700;8937.5;1896.5;7041.0
94800;8984.0;1943.0;7041.0
94900;8937.5;1896.5;7041.0
95000;9024.0;1943.0;7081.0
95100;9064.0;1943.0;7121.0
95200;9017.5;1896.5;7121.0
95300;9033.0;1912.0;7121.0
95400;9002.0;1881.0;7121.0
95500;8882.0;1881.0;7001.0
95600;8897.5;1896.5;7001.0
95700;9064.0;1943.0;7121.0
95800;9079.5;1958.5;7121.0
95900;9174.0;1933.0;7241.0
96000;9188.0;1947.0;7241.0
96100;8986.0;1905.0;7081.0
96200;9134.0;1933.0;7201.0
96300;9218.0;2017.0;7201.0
96400;9134.0;1933.0;7201.0
96500;9106.0;1905.0;7201.0
96600;9106.0;1905.0;7201.0
96700;9254.0;1933.0;7321.0
96800;9162.0;1961.0;7201.0
96900;9176.0;1975.0;7201.0
97000;9198.0;1957.0;7241.0
97100;9274.0;1993.0;7281.0
97200;9652.0;2011.0;7641.0
97300;9220.0;1939.0;7281.0
97400;8816.0;1975.0;6841.0
97500;9274.0;1993.0;7281.0
97600;9274.0;1993.0;7281.0
97700;9154.0;1993.0;7161.0
97800;9394.0;1993.0;7401.0
97900;9286.0;2005.0;7281.0
98000;9326.0;2005.0;7321.0
98100;9234.0;1993.0;7241.0
98200;9384.0;2023.0;7361.0
98300;9366.0;2005.0;7361.0
98400;9360.0;1999.0;7361.0
98500;9378.0;2017.0;7361.0
98600;9378.0;2017.0;7361.0
98700;9290.0;1929.0;7361.0
98800;9394.0;2033.0;7361.0
98900;9386.0;2025.0;7361.0
99000;9322.0;2041.0;7281.0
99100;9426.0;1985.0;7441.0
99200;9602.0;2041.0;7561.0
99300;9474.0;2033.0;7441.0
99400;9466.0;2025.0;7441.0
99500;9498.0;2057.0;7441.0
99600;9498.0;2057.0;7441.0
99700;9378.0;2057.0;7321.0
99800;9498.0;2057.0;7441.0
99900;9498.0;2057.0;7441.0
100000;9402.0;2041.0;7361.0
100100;9618.0;1977.0;7641.0
100200;9378.0;1977.0;7401.0
100300;9546.0;2025.0;7521.0
100400;9594.0;2073.0;7521.0
100500;9578.0;2057.0;7521.0
100600;9578.0;2057.0;7521.0
100700;9578.0;2057.0;7521.0
100800;9722.0;2081.0;7641.0
100900;9578.0;2057.0;7521.0
101000;9634.0;2073.0;7561.0
101100;9794.0;2073.0;7721.0
101200;9770.0;2049.0;7721.0
101300;9690.0;2089.0;7601.0
101400;9690.0;2089.0;7601.0
101500;9674.0;2073.0;7601.0
101600;9658.0;2057.0;7601.0
101700;9674.0;2073.0;7601.0
101800;9698.0;2097.0;7601.0
101900;9674.0;2073.0;7601.0
102000;9714.0;2073.0;7641.0
102100;9738.0;2057.0;7681.0
102200;9570.0;2009.0;7561.0
102300;9618.0;2057.0;7561.0
102400;9738.0;2057.0;7681.0
102500;9738.0;2057.0;7681.0
102600;9898.0;2097.0;7801.0
102700;9898.0;2097.0;7801.0
102800;9602.0;2041.0;7561.0
102900;9706.0;2025.0;7681.0
103000;9762.0;2041.0;7721.0
103100;9818.0;2057.0;7761.0
103200;9818.0;2057.0;7761.0
103300;9786.0;2025.0;7761.0
103400;9802.0;2041.0;7761.0
103500;9378.0;2057.0;7321.0
103600;9802.0;2041.0;7761.0
103700;9842.5;2081.5;7761.0
103800;9811.0;2050.0;7761.0
103900;9811.0;2050.0;7761.0
104000;9844.0;2043.0;7801.0
104100;9908.5;2067.5;7841.0
104200;9908.5;2067.5;7841.0
104300;9908.5;2067.5;7841.0
104400;9891.0;2050.0;7841.0
104500;9891.0;2050.0;7841.0
104600;9880.5;2039.5;7841.0
104700;9891.0;2050.0;7841.0
104800;9908.5;2067.5;7841.0
104900;9884.0;2043.0;7841.0
105000;9931.0;2050.0;7881.0
105100;9971.0;2050.0;7921.0
105200;9971.0;2050.0;7921.0
105300;9964.0;2043.0;7921.0
105400;9844.0;2043.0;7801.0
105500;9858.0;2057.0;7801.0
105600;10098.0;2057.0;8041.0
105700;9978.0;2057.0;7921.0
105800;9851.0;2050.0;7801.0
105900;10024.0;2103.0;7921.0
106000;10063.0;2102.0;7961.0
106100;10059.0;2098.0;7961.0
106200;10221.0;2100.0;8121.0
106300;10101.0;2100.0;8001.0
106400;10101.0;2100.0;8001.0
106500;10101.0;2100.0;8001.0
106600;9981.0;2100.0;7881.0
106700;10261.0;2100.0;8161.0
106800;10101.0;2100.0;8001.0
106900;10099.0;2098.0;8001.0
107000;10141.0;2100.0;8041.0
107100;10303.0;2102.0;8201.0
107200;10204.0;2123.0;8081.0
107300;10206.5;2125.5;8081.0
107400;10324.0;2123.0;8201.0
107500;10204.0;2123.0;8081.0
107600;10196.5;2115.5;8081.0
107700;10084.0;2123.0;7961.0
107800;10211.5;2130.5;8081.0
107900;10324.0;2123.0;8201.0
108000;10319.0;2118.0;8201.0
108100;10291.5;2130.5;8161.0
108200;10289.0;2128.0;8161.0
108300;10286.5;2125.5;8161.0
108400;10289.0;2128.0;8161.0
108500;10281.5;2120.5;8161.0
108600;10289.0;2128.0;8161.0
108700;10289.0;2128.0;8161.0
108800;10691.5;2130.5;8561.0
108900;10284.0;2123.0;8161.0
109000;10444.0;2123.0;8321.0
109100;10371.5;2130.5;8241.0
109200;10364.0;2123.0;8241.0
109300;10364.0;2123.0;8241.0
109400;10371.5;2130.5;8241.0
109500;10364.0;2123.0;8241.0
109600;10359.0;2118.0;8241.0
109700;10344.0;2103.0;8241.0
109800;10764.0;2123.0;8641.0
109900;10356.5;2115.5;8241.0
110000;10404.0;2123.0;8281.0
110100;10444.0;2123.0;8321.0
110200;10446.5;2125.5;8321.0
110300;10439.0;2118.0;8321.0
110400;10444.0;2123.0;8321.0
110500;10439.0;2118.0;8321.0
110600;10439.0;2118.0;8321.0
110700;10439.0;2118.0;8321.0
110800;10439.0;2118.0;8321.0
110900;10434.0;2113.0;8321.0
111000;10479.0;2118.0;8361.0
111100;10514.0;2113.0;8401.0
111200;10524.0;2123.0;8401.0
111300;10524.0;2123.0;8401.0
111400;10399.0;2118.0;8281.0
111500;10399.0;2118.0;8281.0
111600;10429.0;2148.0;8281.0
111700;10549.0;2148.0;8401.0
111800;10439.0;2158.0;8281.0
111900;10439.0;2158.0;8281.0
112000;10599.0;2158.0;8441.0
112100;10584.0;2143.0;8441.0
112200;10519.0;2158.0;8361.0
112300;10604.0;2123.0;8481.0
112400;10649.0;2168.0;8481.0
112500;10609.0;2128.0;8481.0
112600;10654.0;2173.0;8481.0
112700;10609.0;2128.0;8481.0
112800;10639.0;2158.0;8481.0
112900;10519.0;2158.0;8361.0
113000;10674.0;2153.0;8521.0
113100;10839.0;2158.0;8681.0
113200;10719.0;2158.0;8561.0
113300;10719.0;2158.0;8561.0
113400;10719.0;2158.0;8561.0
113500;10849.0;2168.0;8681.0
113600;10839.0;2158.0;8681.0
113700;10729.0;2168.0;8561.0
113800;10719.0;2158.0;8561.0
113900;10729.0;2168.0;8561.0
114000;10769.0;2168.0;8601.0
114100;10824.0;2183.0;8641.0
114200;10809.0;2168.0;8641.0
114300;10789.0;2148.0;8641.0
114400;10799.0;2158.0;8641.0
114500;10799.0;2158.0;8641.0
114600;10799.0;2158.0;8641.0
114700;10830.0;2189.0;8641.0
114800;10830.0;2189.0;8641.0
114900;10817.0;2176.0;8641.0
115000;10837.5;2156.5;8681.0
115100;10837.5;2156.5;8681.0
115200;10897.0;2176.0;8721.0
115300;10897.0;2176.0;8721.0
115400;10897.0;2176.0;8721.0
115500;11017.0;2176.0;8841.0
115600;10858.0;2137.0;8721.0
115700;10916.5;2195.5;8721.0
115800;11030.0;2189.0;8841.0
115900;11049.5;2208.5;8841.0
116000;10937.0;2176.0;8761.0
116100;11041.0;2240.0;8801.0
116200;11104.0;2303.0;8801.0
116300;11062.0;2261.0;8801.0
116400;11083.0;2282.0;8801.0
116500;11171.5;2250.5;8921.0
116600;11083.0;2282.0;8801.0
116700;11062.0;2261.0;8801.0
116800;10963.0;2282.0;8681.0
116900;11041.0;2240.0;8801.0
117000;11102.0;2261.0;8841.0
117100;11173.5;2292.5;8881.0
117200;11163.0;2282.0;8881.0
117300;11251.5;2250.5;9001.0
117400;11163.0;2282.0;8881.0
117500;11163.0;2282.0;8881.0
117600;11346.0;2345.0;9001.0
117700;11184.0;2303.0;8881.0
117800;11163.0;2282.0;8881.0
117900;11163.0;2282.0;8881.0
118000;11203.0;2282.0;8921.0
118100;11582.0;2261.0;9321.0
118200;11222.0;2261.0;8961.0
118300;11222.0;2261.0;8961.0
118400;11222.0;2261.0;8961.0
118500;11222.0;2261.0;8961.0
118600;11222.0;2261.0;8961.0
118700;11342.0;2261.0;9081.0
118800;11190.5;2229.5;8961.0
118900;11102.0;2261.0;8841.0
119000;11262.0;2261.0;9001.0
119100;11302.0;2261.0;9041.0
119200;11323.0;2282.0;9041.0
119300;11182.0;2261.0;8921.0
119400;11302.0;2261.0;9041.0
119500;11422.0;2261.0;9161.0
119600;11302.0;2261.0;9041.0
119700;11323.0;2282.0;9041.0
119800;11354.5;2313.5;9041.0
119900;11344.0;2303.0;9041.0
120000;11197.0;2116.0;9081.0
120100;11500.5;2379.5;9121.0
120200;11454.0;2333.0;9121.0
120300;11179.0;2178.0;9001.0
120400;11574.0;2333.0;9241.0
120500;11334.0;2333.0;9001.0
120600;11454.0;2333.0;9121.0
120700;11423.0;2302.0;9121.0
120800;11423.0;2302.0;9121.0
120900;11423.0;2302.0;9121.0
121000;11463.0;2302.0;9161.0
121100;11179.0;2178.0;9001.0
121200;11352.0;2271.0;9081.0
121300;11472.0;2271.0;9201.0
121400;11352.0;2271.0;9081.0
121500;11732.0;2411.0;9321.0
121600;11482.0;2281.0;9201.0
121700;11521.0;2320.0;9201.0
121800;11508.0;2307.0;9201.0
121900;11508.0;2307.0;9201.0
122000;11554.0;2353.0;9201.0
122100;11658.0;2377.0;9281.0
122200;11642.0;2361.0;9281.0
122300;11693.0;2412.0;9281.0
122400;11693.0;2412.0;9281.0
122500;11682.0;2401.0;9281.0
122600;11599.0;2318.0;9281.0
122700;11689.0;2408.0;9281.0
122800;11669.0;2388.0;9281.0
122900;11689.0;2408.0;9281.0
123000;11729.0;2408.0;9321.0
123100;11769.0;2408.0;9361.0
123200;11889.0;2408.0;9481.0
123300;11889.0;2408.0;9481.0
123400;11769.0;2408.0;9361.0
123500;11809.0;2448.0;9361.0
123600;11789.0;2428.0;9361.0
123700;11909.0;2428.0;9481.0
123800;11889.0;2408.0;9481.0
123900;11769.0;2408.0;9361.0
124000;11829.0;2428.0;9401.0
124100;11869.0;2428.0;9441.0
124200;11989.0;2428.0;9561.0
124300;11869.0;2428.0;9441.0
124400;11869.0;2428.0;9441.0
124500;11845.0;2404.0;9441.0
124600;11867.0;2426.0;9441.0
124700;11747.0;2426.0;9321.0
124800;11856.0;2415.0;9441.0
124900;11987.0;2426.0;9561.0
125000;11729.0;2448.0;9281.0
125100;12089.0;2448.0;9641.0
125200;11969.0;2448.0;9521.0
125300;11881.0;2360.0;9521.0
125400;11947.0;2426.0;9521.0
125500;12100.0;2459.0;9641.0
125600;11969.0;2448.0;9521.0
125700;11827.0;2426.0;9401.0
125800;11827.0;2426.0;9401.0
125900;11947.0;2426.0;9521.0
126000;12151.0;2470.0;9681.0
126100;11972.0;2371.0;9601.0
126200;11972.0;2371.0;9601.0
126300;11972.0;2371.0;9601.0
126400;12047.0;2446.0;9601.0
126500;12089.0;2488.0;9601.0
126600;11969.0;2488.0;9481.0
126700;12243.0;2522.0;9721.0
126800;11889.5;2288.5;9601.0
126900;12104.0;2503.0;9601.0
127000;12024.0;2503.0;9521.0
127100;12184.0;2503.0;9681.0
127200;12304.0;2503.0;9801.0
127300;12164.5;2483.5;9681.0
127400;12083.5;2522.5;9561.0
127500;11949.0;2268.0;9681.0
127600;12243.0;2562.0;9681.0
127700;12123.0;2562.0;9561.0
127800;12284.5;2603.5;9681.0
127900;12261.0;2580.0;9681.0
128000;12301.0;2580.0;9721.0
128100;12371.5;2650.5;9721.0
128200;12301.0;2580.0;9721.0
128300;12341.0;2580.0;9761.0
128400;12294.0;2533.0;9761.0
128500;12341.0;2580.0;9761.0
128600;12341.0;2580.0;9761.0
128700;12341.0;2580.0;9761.0
128800;12341.0;2580.0;9761.0
128900;12461.0;2580.0;9881.0
129000;12501.0;2580.0;9921.0
129100;12374.0;2533.0;9841.0
129200;12538.5;2697.5;9841.0
129300;12444.5;2603.5;9841.0
129400;12374.0;2533.0;9841.0
129500;12371.5;2650.5;9721.0
129600;11840.0;2439.0;9401.0
129700;12374.0;2533.0;9841.0
129800;12327.0;2486.0;9841.0
129900;12535.0;2694.0;9841.0
130000;12345.0;2504.0;9841.0
130100;12823.0;2542.0;10281.0
130200;12583.0;2542.0;10041.0
130300;11957.0;2596.0;9361.0
130400;11885.0;2524.0;9361.0
130500;12481.0;2560.0;9921.0
130600;12463.0;2542.0;9921.0
130700;12409.0;2488.0;9921.0
130800;12307.0;2506.0;9801.0
130900;12445.0;2524.0;9921.0
131000;12348.0;2587.0;9761.0
131100;12615.0;2614.0;10001.0
131200;12588.0;2587.0;10001.0
131300;12588.0;2587.0;10001.0
131400;12629.0;2628.0;10001.0
131500;12616.5;2615.5;10001.0
131600;12604.0;2603.0;10001.0
131700;12509.0;2628.0;9881.0
131800;12521.5;2640.5;9881.0
131900;12774.0;2653.0;10121.0
132000;12656.5;2615.5;10041.0
132100;12684.0;2603.0;10081.0
132200;12721.5;2640.5;10081.0
132300;12804.0;2603.0;10201.0
132400;12609.0;2408.0;10201.0
132500;12639.0;2558.0;10081.0
132600;12549.0;2588.0;9961.0
132700;12639.0;2558.0;10081.0
132800;12699.0;2618.0;10081.0
132900;12669.0;2588.0;10081.0
133000;13094.0;2573.0;10521.0
133100;12749.0;2588.0;10161.0
133200;12869.0;2588.0;10281.0
133300;12749.0;2588.0;10161.0
133400;12749.0;2588.0;10161.0
133500;12779.0;2618.0;10161.0
133600;12809.0;2648.0;10161.0
133700;12779.0;2618.0;10161.0
133800;12764.0;2603.0;10161.0
133900;12629.0;2468.0;10161.0
134000;12774.0;2573.0;10201.0
134100;12874.0;2633.0;10241.0
134200;12799.0;2558.0;10241.0
134300;12829.0;2588.0;10241.0
134400;12859.0;2618.0;10241.0
134500;12859.0;2618.0;10241.0
134600;12979.0;2618.0;10361.0
134700;12904.0;2663.0;10241.0
134800;12859.0;2618.0;10241.0
134900;12859.0;2618.0;10241.0
135000;12899.0;2618.0;10281.0
135100;12939.0;2618.0;10321.0
135200;13059.0;2618.0;10441.0
135300;12939.0;2618.0;10321.0
135400;12954.0;2633.0;10321.0
135500;13369.0;2648.0;10721.0
135600;12849.0;2528.0;10321.0
135700;12984.0;2663.0;10321.0
135800;12849.0;2648.0;10201.0
135900;12849.0;2648.0;10201.0
136000;13009.0;2648.0;10361.0
136100;13049.0;2648.0;10401.0
136200;13049.0;2648.0;10401.0
136300;12929.0;2648.0;10281.0
136400;12914.0;2633.0;10281.0
136500;13124.0;2723.0;10401.0
136600;13004.0;2603.0;10401.0
136700;13049.0;2648.0;10401.0
136800;13049.0;2648.0;10401.0
136900;12989.0;2588.0;10401.0
137000;13089.0;2648.0;10441.0
137100;13099.0;2618.0;10481.0
137200;13249.0;2648.0;10601.0
137300;13129.0;2648.0;10481.0
137400;13129.0;2648.0;10481.0
137500;13129.0;2648.0;10481.0
137600;13009.0;2648.0;10361.0
137700;13319.5;2718.5;10601.0
137800;13159.0;2678.0;10481.0
137900;13118.5;2637.5;10481.0
138000;13212.5;2691.5;10521.0
138100;13239.0;2678.0;10561.0
138200;13239.0;2678.0;10561.0
138300;13092.0;2651.0;10441.0
138400;13239.0;2678.0;10561.0
138500;13225.5;2664.5;10561.0
138600;13105.5;2664.5;10441.0
138700;13786.0;2705.0;11081.0
138800;13225.5;2664.5;10561.0
138900;13186.5;2745.5;10441.0
139000;13399.0;2678.0;10721.0
139100;13319.0;2678.0;10641.0
139200;13253.0;2732.0;10521.0
139300;13373.0;2732.0;10641.0
139400;13378.5;2857.5;10521.0
139500;13526.0;2765.0;10761.0
139600;13323.0;2802.0;10521.0
139700;13498.5;2857.5;10641.0
139800;13387.5;2746.5;10641.0
139900;13566.0;2765.0;10801.0
140000;13446.0;2765.0;10681.0
140100;13523.0;2802.0;10721.0
140200;13504.5;2783.5;10721.0
140300;13523.0;2802.0;10721.0
140400;13347.5;2746.5;10601.0
140500;13923.0;2802.0;11121.0
140600;13941.5;2820.5;11121.0
140700;13486.0;2765.0;10721.0
140800;13329.0;2728.0;10601.0
140900;13366.0;2765.0;10601.0
141000;13489.0;2728.0;10761.0
141100;13381.0;2580.0;10801.0
141200;13566.0;2765.0;10801.0
141300;13529.0;2728.0;10801.0
141400;13329.0;2728.0;10601.0
141500;13566.0;2765.0;10801.0
141600;13566.0;2765.0;10801.0
141700;13621.5;2820.5;10801.0
141800;13446.0;2765.0;10681.0
141900;13566.0;2765.0;10801.0
142000;13740.0;2779.0;10961.0
142100;13601.5;2720.5;10881.0
142200;13582.0;2821.0;10761.0
142300;14062.0;2821.0;11241.0
142400;13702.0;2821.0;10881.0
142500;13649.5;2888.5;10761.0
142600;13769.5;2888.5;10881.0
142700;13702.0;2821.0;10881.0
142800;13702.0;2821.0;10881.0
142900;13769.5;2888.5;10881.0
143000;13809.5;2888.5;10921.0
143100;14164.5;2843.5;11321.0
143200;13782.0;2821.0;10961.0
143300;13782.0;2821.0;10961.0
143400;13902.0;2821.0;11081.0
143500;13902.0;2821.0;11081.0
143600;13827.0;2866.0;10961.0
143700;13534.5;2573.5;10961.0
143800;13827.0;2866.0;10961.0
143900;13827.0;2866.0;10961.0
144000;13702.0;2821.0;10881.0
144100;13702.0;2821.0;10881.0
144200;13817.0;2776.0;11041.0
144300;14297.0;2776.0;11521.0
144400;13817.0;2776.0;11041.0
144500;13937.0;2776.0;11161.0
144600;13862.0;2821.0;11041.0
144700;13794.5;2753.5;11041.0
144800;13982.0;2821.0;11161.0
144900;13817.0;2776.0;11041.0
145000;13737.0;2776.0;10961.0
145100;13942.0;2821.0;11121.0
145200;13784.5;2663.5;11121.0
145300;13942.0;2821.0;11121.0
145400;13942.0;2821.0;11121.0
145500;13942.0;2821.0;11121.0
145600;13942.0;2821.0;11121.0
145700;13942.0;2821.0;11121.0
145800;13897.0;2776.0;11121.0
145900;13897.0;2776.0;11121.0
146000;13794.5;2753.5;11041.0
146100;14022.0;2821.0;11201.0
146200;13977.0;2776.0;11201.0
146300;14074.5;2753.5;11321.0
146400;14022.0;2821.0;11201.0
146500;13954.5;2753.5;11201.0
146600;13977.0;2776.0;11201.0
146700;14064.0;2863.0;11201.0
146800;14025.0;2824.0;11201.0
146900;14025.0;2824.0;11201.0
147000;14143.0;2902.0;11241.0
147100;14303.0;2902.0;11401.0
147200;13626.0;2785.0;10841.0
147300;14105.0;2824.0;11281.0
147400;14225.0;2824.0;11401.0
147500;14066.0;2785.0;11281.0
147600;14066.0;2785.0;11281.0
147700;13946.0;2785.0;11161.0
147800;14066.0;2785.0;11281.0
147900;14066.0;2785.0;11281.0
148000;14226.0;2785.0;11441.0
148100;14185.0;2824.0;11361.0
148200;14263.0;2902.0;11361.0
148300;14263.0;2902.0;11361.0
148400;14143.0;2902.0;11241.0
148500;14360.5;2999.5;11361.0
148600;14224.0;2863.0;11361.0
148700;14165.5;2804.5;11361.0
148800;14185.0;2824.0;11361.0
148900;14224.0;2863.0;11361.0
149000;14165.5;2804.5;11361.0
149100;14074.5;2633.5;11441.0
149200;14322.0;2881.0;11441.0
149300;14397.0;2836.0;11561.0
149400;14322.0;2881.0;11441.0
149500;14529.0;3088.0;11441.0
149600;14349.0;2908.0;11441.0
149700;14367.0;2926.0;11441.0
149800;14421.0;2980.0;11441.0
149900;14367.0;2926.0;11441.0
150000;14527.0;2926.0;11601.0
150100;14411.0;2890.0;11521.0
150200;14531.0;2890.0;11641.0
150300;14621.0;2980.0;11641.0
150400;14447.0;2926.0;11521.0
150500;14447.0;2926.0;11521.0
150600;14661.0;2980.0;11681.0
150700;14303.0;2782.0;11521.0
150800;14411.0;2890.0;11521.0
150900;14327.0;2926.0;11401.0
151000;14367.0;2926.0;11441.0
151100;14527.0;2926.0;11601.0
151200;14563.0;2962.0;11601.0
151300;14527.0;2926.0;11601.0
151400;14527.0;2926.0;11601.0
151500;14443.0;2962.0;11481.0
151600;14647.0;2926.0;11721.0
151700;14407.0;2926.0;11481.0
151800;14389.0;2908.0;11481.0
151900;14563.0;2962.0;11601.0
152000;14483.0;2962.0;11521.0
152100;14643.0;2962.0;11681.0
152200;14643.0;2962.0;11681.0
152300;14643.0;2962.0;11681.0
152400;14607.0;2926.0;11681.0
152500;14625.0;2944.0;11681.0
152600;14679.0;2998.0;11681.0
152700;14733.0;3052.0;11681.0
152800;14613.0;3052.0;11561.0
152900;14929.0;3088.0;11841.0
153000;14821.0;2980.0;11841.0
153100;14831.0;3070.0;11761.0
153200;14830.0;3069.0;11761.0
153300;14789.0;3028.0;11761.0
153400;14748.0;2987.0;11761.0
153500;14789.0;3028.0;11761.0
153600;14789.0;3028.0;11761.0
153700;14830.0;3069.0;11761.0
153800;14830.0;3069.0;11761.0
153900;14912.0;3151.0;11761.0
154000;14829.0;3028.0;11801.0
154100;14870.0;3069.0;11801.0
154200;14869.0;3028.0;11841.0
154300;15290.5;3089.5;12201.0
154400;14869.0;3028.0;11841.0
154500;14971.5;3130.5;11841.0
154600;14926.0;3085.0;11841.0
154700;14926.0;3085.0;11841.0
154800;14840.0;2999.0;11841.0
154900;14947.5;3106.5;11841.0
155000;14923.0;3042.0;11881.0
155100;15366.0;3085.0;12281.0
155200;15006.0;3085.0;11921.0
155300;15436.0;3155.0;12281.0
155400;15076.0;3155.0;11921.0
155500;15118.0;3197.0;11921.0
155600;15038.5;3237.5;11801.0
155700;15598.0;3277.0;12321.0
155800;14755.5;3234.5;11521.0
155900;15403.0;3322.0;12081.0
156000;15378.0;3297.0;12081.0
156100;15323.0;3322.0;12001.0
156200;15373.0;3372.0;12001.0
156300;15348.0;3347.0;12001.0
156400;15348.0;3347.0;12001.0
156500;15443.0;3322.0;12121.0
156600;15373.0;3372.0;12001.0
156700;15373.0;3372.0;12001.0
156800;15373.0;3372.0;12001.0
156900;15285.5;3284.5;12001.0
157000;15438.0;3397.0;12041.0
157100;15573.0;3372.0;12201.0
157200;15478.0;3397.0;12081.0
157300;15453.0;3372.0;12081.0
157400;15465.5;3384.5;12081.0
157500;15453.0;3372.0;12081.0
157600;15453.0;3372.0;12081.0
157700;15453.0;3372.0;12081.0
157800;15453.0;3372.0;12081.0
157900;15525.5;3284.5;12241.0
158000;15525.5;3284.5;12241.0
158100;15348.0;3347.0;12001.0
158200;15423.0;3382.0;12041.0
158300;15558.0;3397.0;12161.0
158400;15498.0;3337.0;12161.0
158500;15513.0;3352.0;12161.0
158600;15423.0;3382.0;12041.0
158700;15483.0;3322.0;12161.0
158800;15513.0;3352.0;12161.0
158900;15673.0;3352.0;12321.0
159000;15433.0;3352.0;12081.0
159100;15533.0;3292.0;12241.0
159200;15593.0;3352.0;12241.0
159300;15548.0;3307.0;12241.0
159400;15548.0;3307.0;12241.0
159500;15593.0;3352.0;12241.0
159600;15593.0;3352.0;12241.0
159700;15698.0;3337.0;12361.0
159800;15503.0;3262.0;12241.0
159900;15593.0;3352.0;12241.0
160000;15603.0;3322.0;12281.0
160100;15688.0;3367.0;12321.0
160200;15688.0;3367.0;12321.0
160300;15793.0;3352.0;12441.0
160400;15553.0;3352.0;12201.0
160500;15833.0;3352.0;12481.0
160600;15673.0;3352.0;12321.0
160700;15673.0;3352.0;12321.0
160800;15703.0;3382.0;12321.0
160900;15703.0;3382.0;12321.0
161000;15743.0;3382.0;12361.0
161100;15783.0;3382.0;12401.0
161200;15783.0;3382.0;12401.0
161300;15783.0;3382.0;12401.0
161400;15783.0;3382.0;12401.0
161500;15753.0;3352.0;12401.0
161600;15753.0;3352.0;12401.0
161700;15798.0;3397.0;12401.0
161800;15753.0;3352.0;12401.0
161900;15753.0;3352.0;12401.0
162000;15733.0;3292.0;12441.0
162100;15803.0;3322.0;12481.0
162200;15923.0;3322.0;12601.0
162300;15803.0;3322.0;12481.0
162400;15773.0;3292.0;12481.0
162500;15773.0;3292.0;12481.0
162600;15743.0;3262.0;12481.0
162700;15773.0;3292.0;12481.0
162800;15668.0;3307.0;12361.0
162900;15653.0;3292.0;12361.0
163000;15768.0;3247.0;12521.0
163100;15853.0;3292.0;12561.0
163200;15688.0;3247.0;12441.0
163300;15973.0;3292.0;12681.0
163400;15823.0;3262.0;12561.0
163500;15823.0;3262.0;12561.0
163600;15883.0;3322.0;12561.0
163700;15883.0;3322.0;12561.0
163800;15883.0;3322.0;12561.0
163900;15763.0;3322.0;12441.0
164000;15893.0;3292.0;12601.0
164100;16323.0;3322.0;13001.0
164200;15433.0;3352.0;12081.0
164300;15993.0;3352.0;12641.0
164400;15993.0;3352.0;12641.0
164500;15993.0;3352.0;12641.0
164600;15993.0;3352.0;12641.0
164700;16008.0;3367.0;12641.0
164800;15963.0;3322.0;12641.0
164900;15978.0;3337.0;12641.0
165000;16063.0;3382.0;12681.0
165100;16103.0;3382.0;12721.0
165200;16103.0;3382.0;12721.0
165300;16258.0;3417.0;12841.0
165400;16223.0;3382.0;12841.0
165500;16227.5;3626.5;12601.0
165600;16161.5;3440.5;12721.0
165700;15986.0;3425.0;12561.0
165800;16146.0;3425.0;12721.0
165900;16161.5;3440.5;12721.0
166000;16066.0;3425.0;12641.0
166100;16319.0;3518.0;12801.0
166200;16272.5;3471.5;12801.0
166300;16226.0;3425.0;12801.0
166400;16075.0;3394.0;12681.0
166500;16226.0;3425.0;12801.0
166600;16226.0;3425.0;12801.0
166700;16226.0;3425.0;12801.0
166800;16226.0;3425.0;12801.0
166900;16226.0;3425.0;12801.0
167000;16235.0;3394.0;12841.0
167100;16337.0;3456.0;12881.0
167200;16290.5;3409.5;12881.0
167300;16306.0;3425.0;12881.0
167400;16306.0;3425.0;12881.0
167500;16368.0;3487.0;12881.0
167600;16306.0;3425.0;12881.0
167700;16259.5;3378.5;12881.0
167800;16306.0;3425.0;12881.0
167900;16306.0;3425.0;12881.0
168000;16346.0;3425.0;12921.0
168100;16386.0;3425.0;12961.0
168200;16339.5;3378.5;12961.0
168300;16401.5;3440.5;12961.0
168400;16235.0;3394.0;12841.0
168500;16235.0;3394.0;12841.0
168600;16235.0;3394.0;12841.0
168700;16355.0;3394.0;12961.0
168800;16475.0;3394.0;13081.0
168900;16386.0;3425.0;12961.0
169000;16395.0;3394.0;13001.0
169100;16435.0;3394.0;13041.0
169200;16481.5;3440.5;13041.0
169300;16435.0;3394.0;13041.0
169400;16563.0;3402.0;13161.0
169500;16443.0;3402.0;13041.0
169600;16443.0;3402.0;13041.0
169700;16443.0;3402.0;13041.0
169800;16443.0;3402.0;13041.0
169900;16031.5;3390.5;12641.0
170000;16460.0;3379.0;13081.0
170100;16500.0;3379.0;13121.0
170200;16523.0;3402.0;13121.0
170300;16380.0;3379.0;13001.0
170400;16380.0;3379.0;13001.0
170500;16911.5;3390.5;13521.0
170600;16523.0;3402.0;13121.0
170700;16523.0;3402.0;13121.0
170800;16523.0;3402.0;13121.0
170900;16523.0;3402.0;13121.0
171000;16563.0;3402.0;13161.0
171100;16466.0;3425.0;13041.0
171200;16734.5;3413.5;13321.0
171300;16614.5;3413.5;13201.0
171400;16769.0;3448.0;13321.0
171500;16140.0;3379.0;12761.0
171600;16580.0;3379.0;13201.0
171700;16626.0;3425.0;13201.0
171800;16626.0;3425.0;13201.0
171900;16763.0;3402.0;13361.0
172000;16620.0;3379.0;13241.0
172100;16706.0;3425.0;13281.0
172200;16706.0;3425.0;13281.0
172300;16706.0;3425.0;13281.0
172400;16826.0;3425.0;13401.0
172500;16729.0;3448.0;13281.0
172600;16729.0;3448.0;13281.0
172700;16757.0;3476.0;13281.0
172800;16757.0;3476.0;13281.0
172900;16936.0;3495.0;13441.0
173000;16797.0;3476.0;13321.0
173100;16628.0;3427.0;13201.0
173200;16839.0;3478.0;13361.0
173300;16993.0;3512.0;13481.0
173400;16864.5;3503.5;13361.0
173500;16719.0;3478.0;13241.0
173600;16839.0;3478.0;13361.0
173700;16822.0;3461.0;13361.0
173800;16822.0;3461.0;13361.0
173900;16702.0;3461.0;13241.0
174000;17365.0;3444.0;13921.0
174100;16927.5;3486.5;13441.0
174200;16868.0;3427.0;13441.0
174300;16919.0;3478.0;13441.0
174400;17005.0;3444.0;13561.0
174500;17005.0;3444.0;13561.0
174600;17022.0;3461.0;13561.0
174700;16885.0;3444.0;13441.0
174800;16936.0;3495.0;13441.0
174900;16876.5;3435.5;13441.0
175000;17325.0;3444.0;13881.0
175100;16965.0;3444.0;13521.0
175200;16965.0;3444.0;13521.0
175300;16965.0;3444.0;13521.0
175400;16956.5;3435.5;13521.0
175500;16956.5;3435.5;13521.0
175600;16836.5;3435.5;13401.0
175700;17051.0;3410.0;13641.0
175800;16922.5;3401.5;13521.0
175900;16948.0;3427.0;13521.0
176000;16922.5;3401.5;13521.0
176100;17028.0;3427.0;13601.0
176200;17011.0;3410.0;13601.0
176300;17028.0;3427.0;13601.0
176400;16977.0;3376.0;13601.0
176500;17028.0;3427.0;13601.0
176600;17028.0;3427.0;13601.0
176700;16765.0;3444.0;13321.0
176800;17028.0;3427.0;13601.0
176900;16908.0;3427.0;13481.0
177000;17188.0;3427.0;13761.0
177100;17228.0;3427.0;13801.0
177200;17108.0;3427.0;13681.0
177300;17091.0;3410.0;13681.0
177400;17211.0;3410.0;13801.0
177500;17150.5;3469.5;13681.0
177600;17142.0;3461.0;13681.0
177700;17212.0;3531.0;13681.0
177800;17212.0;3531.0;13681.0
177900;17399.0;3558.0;13841.0
178000;17279.0;3558.0;13721.0
178100;17359.5;3598.5;13761.0
178200;16892.5;3571.5;13321.0
178300;17346.0;3585.0;13761.0
178400;17292.0;3531.0;13761.0
178500;17172.0;3531.0;13641.0
178600;17346.0;3585.0;13761.0
178700;17305.5;3544.5;13761.0
178800;17319.0;3558.0;13761.0
178900;17319.0;3558.0;13761.0
179000;17359.0;3558.0;13801.0
179100;17933.0;3612.0;14321.0
179200;17426.0;3585.0;13841.0
179300;17226.0;3585.0;13641.0
179400;17426.0;3585.0;13841.0
179500;17426.0;3585.0;13841.0
179600;17399.0;3558.0;13841.0
179700;17360.0;3639.0;13721.0
179800;17372.0;3531.0;13841.0
179900;17426.0;3585.0;13841.0
180000;17466.0;3585.0;13881.0
180100;17506.0;3585.0;13921.0
180200;17506.0;3585.0;13921.0
180300;17533.0;3612.0;13921.0
180400;17506.0;3585.0;13921.0
180500;17506.0;3585.0;13921.0
180600;17533.0;3612.0;13921.0
180700;17533.0;3612.0;13921.0
180800;17399.5;3598.5;13801.0
180900;17506.0;3585.0;13921.0
181000;17505.5;3544.5;13961.0
181100;17586.0;3585.0;14001.0
181200;17652.0;3531.0;14121.0
181300;17572.5;3571.5;14001.0
181400;17532.0;3531.0;14001.0
181500;17559.0;3558.0;14001.0
181600;17602.0;3601.0;14001.0
181700;17573.0;3572.0;14001.0
181800;17573.0;3572.0;14001.0
181900;17675.0;3514.0;14161.0
182000;17733.0;3572.0;14161.0
182100;17744.0;3543.0;14201.0
182200;17504.0;3543.0;13961.0
182300;17624.0;3543.0;14081.0
182400;17653.0;3572.0;14081.0
182500;17533.0;3572.0;13961.0
182600;17624.0;3543.0;14081.0
182700;17710.0;3629.0;14081.0
182800;17710.0;3629.0;14081.0
182900;17727.0;3646.0;14081.0
183000;17819.0;3578.0;14241.0
183100;17739.0;3578.0;14161.0
183200;17739.0;3578.0;14161.0
183300;17619.0;3578.0;14041.0
183400;17653.0;3612.0;14041.0
183500;17705.0;3544.0;14161.0
183600;17705.0;3544.0;14161.0
183700;17705.0;3544.0;14161.0
183800;17585.0;3544.0;14041.0
183900;17670.0;3629.0;14041.0
184000;17568.0;3527.0;14041.0
184100;17904.0;3663.0;14241.0
184200;17649.0;3408.0;14241.0
184300;17802.0;3561.0;14241.0
184400;17619.0;3578.0;14041.0
184500;17939.0;3578.0;14361.0
184600;17853.0;3612.0;14241.0
184700;17999.5;3758.5;14241.0
184800;17929.5;3808.5;14121.0
184900;17770.0;3649.0;14121.0
185000;17930.0;3649.0;14281.0
185100;18075.5;3634.5;14441.0
185200;18162.5;3721.5;14441.0
185300;17999.0;3678.0;14321.0
185400;17955.5;3634.5;14321.0
185500;18399.0;3678.0;14721.0
185600;18028.0;3707.0;14321.0
185700;18028.0;3707.0;14321.0
185800;18028.0;3707.0;14321.0
185900;18069.0;3748.0;14321.0
186000;18070.0;3709.0;14361.0
186100;18149.0;3748.0;14401.0
186200;18269.0;3748.0;14521.0
186300;18269.0;3748.0;14521.0
186400;18132.5;3611.5;14521.0
186500;18029.0;3748.0;14281.0
186600;18110.0;3709.0;14401.0
186700;17990.0;3709.0;14281.0
186800;18138.0;3737.0;14401.0
186900;18202.5;3801.5;14401.0
187000;18178.0;3737.0;14441.0
187100;18218.0;3737.0;14481.0
187200;18368.5;3887.5;14481.0
187300;18141.0;3780.0;14361.0
187400;18175.0;3694.0;14481.0
187500;18098.0;3737.0;14361.0
187600;18261.0;3780.0;14481.0
187700;18218.0;3737.0;14481.0
187800;18252.0;3651.0;14601.0
187900;18359.5;3758.5;14601.0
188000;18095.0;3694.0;14401.0
188100;18052.0;3651.0;14401.0
188200;17815.0;3694.0;14121.0
188300;18212.0;3651.0;14561.0
188400;18212.0;3651.0;14561.0
188500;18169.0;3608.0;14561.0
188600;18375.0;3694.0;14681.0
188700;18092.0;3651.0;14441.0
188800;18113.5;3672.5;14441.0
188900;18147.5;3586.5;14561.0
189000;18212.0;3651.0;14561.0
189100;18412.0;3651.0;14761.0
189200;18141.5;3500.5;14641.0
189300;18141.5;3500.5;14641.0
189400;18141.5;3500.5;14641.0
189500;18369.0;3608.0;14761.0
189600;18412.0;3651.0;14761.0
189700;18175.5;3414.5;14761.0
189800;18292.0;3651.0;14641.0
189900;18196.5;3715.5;14481.0
190000;18387.5;3586.5;14801.0
190100;18372.0;3651.0;14721.0
190200;18307.5;3586.5;14721.0
190300;18372.0;3651.0;14721.0
190400;18350.0;3629.0;14721.0
190500;18330.0;3609.0;14721.0
190600;18390.0;3669.0;14721.0
190700;18390.0;3669.0;14721.0
190800;18270.0;3669.0;14601.0
190900;18390.0;3669.0;14721.0
191000;18470.0;3709.0;14761.0
191100;18510.0;3709.0;14801.0
191200;18490.0;3689.0;14801.0
191300;18470.0;3669.0;14801.0
191400;18470.0;3669.0;14801.0
191500;18470.0;3669.0;14801.0
191600;18470.0;3669.0;14801.0
191700;18510.0;3709.0;14801.0
191800;18390.0;3709.0;14681.0
191900;18550.0;3709.0;14841.0
192000;18510.0;3669.0;14841.0
192100;18510.0;3629.0;14881.0
192200;18470.0;3709.0;14761.0
192300;18670.0;3669.0;15001.0
192400;18590.0;3709.0;14881.0
192500;18550.0;3669.0;14881.0
192600;18798.0;3797.0;15001.0
192700;18486.0;3725.0;14761.0
192800;18606.0;3725.0;14881.0
192900;18716.0;3795.0;14921.0
193000;18558.0;3757.0;14801.0
193100;18775.0;3814.0;14961.0
193200;18756.0;3795.0;14961.0
193300;18942.5;3981.5;14961.0
193400;18942.5;3981.5;14961.0
193500;18761.0;3800.0;14961.0
193600;18761.0;3800.0;14961.0
193700;18810.5;3849.5;14961.0
193800;18761.0;3800.0;14961.0
193900;18921.0;3800.0;15121.0
194000;18730.5;3849.5;14881.0
194100;18890.5;3849.5;15041.0
194200;18874.0;3833.0;15041.0
194300;18758.5;3717.5;15041.0
194400;18841.0;3800.0;15041.0
194500;18841.0;3800.0;15041.0
194600;18841.0;3800.0;15041.0
194700;18770.5;3849.5;14921.0
194800;18874.0;3833.0;15041.0
194900;18474.0;3833.0;14641.0
195000;19050.5;3849.5;15201.0
195100;18954.0;3833.0;15121.0
195200;19003.5;3882.5;15121.0
195300;18954.0;3833.0;15121.0
195400;19069.5;3948.5;15121.0
195500;19321.0;3800.0;15521.0
195600;18954.0;3833.0;15121.0
195700;18921.0;3800.0;15121.0
195800;18987.0;3866.0;15121.0
195900;18591.5;3750.5;14841.0
196000;18977.5;3816.5;15161.0
196100;19187.0;3866.0;15321.0
196200;19154.0;3833.0;15321.0
196300;19034.0;3833.0;15201.0
196400;18935.0;3734.0;15201.0
196500;19100.0;3899.0;15201.0
196600;19034.0;3833.0;15201.0
196700;18984.5;3783.5;15201.0
196800;18984.5;3783.5;15201.0
196900;18968.0;3767.0;15201.0
197000;18937.5;3816.5;15121.0
197100;19081.0;3800.0;15281.0
197200;19064.5;3783.5;15281.0
197300;19264.0;3863.0;15401.0
197400;19306.0;3905.0;15401.0
197500;19186.0;3905.0;15281.0
197600;19264.0;3863.0;15401.0
197700;19228.0;3947.0;15281.0
197800;19066.0;3905.0;15161.0
197900;19186.0;3905.0;15281.0
198000;19346.0;3905.0;15441.0
198100;19224.0;3863.0;15361.0
198200;19413.0;4052.0;15361.0
198300;19386.0;3905.0;15481.0
198400;19188.0;3947.0;15241.0
198500;19083.0;3842.0;15241.0
198600;19035.0;3674.0;15361.0
198700;19224.0;3863.0;15361.0
198800;19344.0;3863.0;15481.0
198900;19104.0;3863.0;15241.0
199000;19144.0;3863.0;15281.0
199100;19304.0;3863.0;15441.0
199200;19346.0;3905.0;15441.0
199300;19163.0;3842.0;15321.0
199400;19283.0;3842.0;15441.0
199500;19346.0;3905.0;15441.0
199600;19388.0;3947.0;15441.0
199700;19466.0;3905.0;15561.0
199800;19424.0;3863.0;15561.0
199900;19304.0;3863.0;15441.0
200000;19344.0;3863.0;15481.0
200100;19458.0;3977.0;15481.0
200200;19426.0;3905.0;15521.0
200300;19664.0;4023.0;15641.0
200400;19438.0;4037.0;15401.0
200500;19586.0;4065.0;15521.0
200600;19435.0;3914.0;15521.0
200700;19518.0;3997.0;15521.0
200800;19518.0;3997.0;15521.0
200900;19518.0;3997.0;15521.0
201000;19678.0;3997.0;15681.0
201100;19438.0;3997.0;15441.0
201200;19598.0;3997.0;15601.0
201300;19598.0;3997.0;15601.0
201400;19598.0;3997.0;15601.0
201500;19478.0;3997.0;15481.0
201600;19644.0;4043.0;15601.0
201700;19489.0;4008.0;15481.0
201800;19709.0;4108.0;15601.0
201900;19604.0;4083.0;15521.0
202000;19674.0;4033.0;15641.0
202100;19599.0;3958.0;15641.0
202200;19669.0;4108.0;15561.0
202300;19714.0;4033.0;15681.0
202400;19594.0;4033.0;15561.0
202500;19464.0;3783.0;15681.0
202600;19544.0;3983.0;15561.0
202700;19714.0;4033.0;15681.0
202800;19664.0;3983.0;15681.0
202900;19704.0;3983.0;15721.0
203000;19384.0;3983.0;15401.0
203100;19704.0;3983.0;15721.0
203200;19704.0;3983.0;15721.0
203300;19939.0;4058.0;15881.0
203400;19864.0;3983.0;15881.0
203500;20194.0;4033.0;16161.0
203600;20144.0;3983.0;16161.0
203700;19744.0;3983.0;15761.0
203800;19864.0;3983.0;15881.0
203900;19659.0;3858.0;15801.0
204000;19734.0;3933.0;15801.0
204100;19684.0;3883.0;15801.0
204200;19684.0;3883.0;15801.0
204300;19844.0;3883.0;15961.0
204400;19724.0;3883.0;15841.0
204500;19774.0;3933.0;15841.0
204600;19774.0;3933.0;15841.0
204700;19629.0;3908.0;15721.0
204800;19774.0;3933.0;15841.0
204900;19814.0;3933.0;15881.0
205000;19739.0;3858.0;15881.0
205100;19814.0;3933.0;15881.0
205200;19974.0;3933.0;16041.0
205300;19804.0;3883.0;15921.0
205400;19854.0;3933.0;15921.0
205500;19879.0;3958.0;15921.0
205600;19968.0;3927.0;16041.0
205700;19754.0;3953.0;15801.0
205800;19900.0;3979.0;15921.0
205900;19862.0;3901.0;15961.0
206000;20382.0;3901.0;16481.0
206100;19742.0;3901.0;15841.0
206200;19954.0;3953.0;16001.0
206300;19788.0;3667.0;16121.0
206400;19756.0;3875.0;15881.0
206500;19834.0;3953.0;15881.0
206600;19951.0;3950.0;16001.0
206700;20319.0;4198.0;16121.0
206800;19929.0;3928.0;16001.0
206900;19956.0;3955.0;16001.0
207000;19996.0;3955.0;16041.0
207100;20104.0;4063.0;16041.0
207200;19982.0;3901.0;16081.0
207300;19982.0;3901.0;16081.0
207400;19982.0;3901.0;16081.0
207500;19982.0;3901.0;16081.0
207600;20102.0;3901.0;16201.0
207700;19982.0;3901.0;16081.0
207800;19982.0;3901.0;16081.0
207900;19968.0;3847.0;16121.0
208000;19848.0;3847.0;16001.0
208100;20088.0;3847.0;16241.0
208200;20008.0;3847.0;16161.0
208300;20008.0;3847.0;16161.0
208400;20008.0;3847.0;16161.0
208500;20008.0;3847.0;16161.0
208600;19834.0;3793.0;16041.0
208700;20008.0;3847.0;16161.0
208800;19954.0;3793.0;16161.0
208900;19900.0;3819.0;16081.0
209000;20020.0;3819.0;16201.0
209100;20020.0;3819.0;16201.0
209200;20124.0;3883.0;16241.0
209300;20028.0;3787.0;16241.0
209400;19684.0;3883.0;15801.0
209500;20028.0;3787.0;16241.0
209600;20124.0;3883.0;16241.0
209700;19996.0;3755.0;16241.0
209800;20036.0;3915.0;16121.0
209900;20100.0;3819.0;16281.0
210000;20222.0;3821.0;16401.0
210100;20306.0;4025.0;16281.0
210200;20364.0;3923.0;16441.0
210300;20192.0;3991.0;16201.0
210400;20312.0;3991.0;16321.0
210500;20244.0;3923.0;16321.0
210600;20244.0;3923.0;16321.0
210700;20244.0;3923.0;16321.0
210800;20244.0;3923.0;16321.0
210900;20244.0;3923.0;16321.0
211000;20284.0;3923.0;16361.0
211100;20284.0;3923.0;16361.0
211200;20324.0;3923.0;16401.0
211300;20324.0;3923.0;16401.0
211400;20512.0;3991.0;16521.0
211500;20256.0;3855.0;16401.0
211600;20324.0;3923.0;16401.0
211700;20392.0;3991.0;16401.0
211800;20324.0;3923.0;16401.0
211900;20364.0;3923.0;16441.0
212000;20364.0;3923.0;16441.0
212100;20764.0;3923.0;16841.0
212200;20696.0;3855.0;16841.0
212300;20438.0;3957.0;16481.0
212400;20336.0;3855.0;16481.0
212500;20336.0;3855.0;16481.0
212600;20336.0;3855.0;16481.0
212700;19826.0;3465.0;16361.0
212800;20390.0;3909.0;16481.0
212900;20353.0;3872.0;16481.0
213000;20390.0;3909.0;16481.0
213100;20430.0;3909.0;16521.0
213200;20544.0;3983.0;16561.0
213300;20738.0;4057.0;16681.0
213400;20350.0;3909.0;16441.0
213500;20350.0;3909.0;16441.0
213600;20350.0;3909.0;16441.0
213700;20424.0;3983.0;16441.0
213800;20470.0;3909.0;16561.0
213900;20544.0;3983.0;16561.0
214000;20584.0;3983.0;16601.0
214100;20584.0;3983.0;16601.0
214200;20624.0;3983.0;16641.0
214300;20624.0;3983.0;16641.0
214400;20818.0;4057.0;16761.0
214500;20698.0;4057.0;16641.0
214600;20689.0;4168.0;16521.0
214700;20541.0;4020.0;16521.0
214800;20652.0;4131.0;16521.0
214900;20812.0;4131.0;16681.0
215000;20932.0;4131.0;16801.0
215100;20692.0;4131.0;16561.0
215200;20778.0;4057.0;16721.0
215300;20972.0;4131.0;16841.0
215400;20926.0;4205.0;16721.0
215500;20852.0;4131.0;16721.0
215600;20963.0;4242.0;16721.0
215700;20741.0;4020.0;16721.0
215800;20852.0;4131.0;16721.0
215900;20772.0;4131.0;16641.0
216000;21003.0;4242.0;16761.0
216100;21003.0;4242.0;16761.0
216200;21052.0;4131.0;16921.0
216300;21015.0;4094.0;16921.0
216400;20895.0;4094.0;16801.0
216500;20895.0;4094.0;16801.0
216600;20738.0;4057.0;16681.0
216700;21052.0;4131.0;16921.0
216800;20932.0;4131.0;16801.0
216900;21321.0;4480.0;16841.0
217000;20866.0;4145.0;16721.0
217100;21053.0;4212.0;16841.0
217200;20519.0;4078.0;16441.0
217300;20858.5;3977.5;16881.0
217400;20992.5;4111.5;16881.0
217500;21160.0;4279.0;16881.0
217600;21093.0;4212.0;16881.0
217700;21112.5;4111.5;17001.0
217800;20945.0;3944.0;17001.0
217900;21166.5;4245.5;16921.0
218000;21066.0;4145.0;16921.0
218100;20946.0;4145.0;16801.0
218200;21106.0;4145.0;16961.0
218300;20804.5;3843.5;16961.0
218400;21173.0;4212.0;16961.0
218500;21293.0;4212.0;17081.0
218600;21173.0;4212.0;16961.0
218700;21139.5;4178.5;16961.0
218800;21240.0;4279.0;16961.0
218900;21173.0;4212.0;16961.0
219000;21280.0;4279.0;17001.0
219100;21213.0;4212.0;17001.0
219200;21320.0;4279.0;17041.0
219300;21253.0;4212.0;17041.0
219400;21253.0;4212.0;17041.0
219500;21373.0;4212.0;17161.0
219600;21387.0;4346.0;17041.0
219700;21320.0;4279.0;17041.0
219800;21353.5;4312.5;17041.0
219900;21293.0;4212.0;17081.0
220000;21293.0;4212.0;17081.0
220100;21293.0;4212.0;17081.0
220200;21333.0;4212.0;17121.0
220300;21333.0;4212.0;17121.0
220400;21213.0;4212.0;17001.0
220500;21213.0;4212.0;17001.0
220600;20893.0;4212.0;16681.0
220700;21333.0;4212.0;17121.0
220800;21333.0;4212.0;17121.0
220900;21392.5;4111.5;17281.0
221000;21272.5;4111.5;17161.0
221100;21440.0;4279.0;17161.0
221200;21346.0;4145.0;17201.0
221300;21346.0;4145.0;17201.0
221400;21413.0;4212.0;17201.0
221500;21313.5;4312.5;17001.0
221600;21012.0;4011.0;17001.0
221700;21700.5;4379.5;17321.0
221800;21480.0;4279.0;17201.0
221900;21453.0;4212.0;17241.0
222000;21467.0;4346.0;17121.0
222100;21453.0;4212.0;17241.0
222200;21613.0;4212.0;17401.0
222300;21373.0;4212.0;17161.0
222400;21373.0;4212.0;17161.0
222500;21694.0;4413.0;17281.0
222600;21493.0;4212.0;17281.0
222700;21258.5;3977.5;17281.0
222800;21138.5;3977.5;17161.0
222900;21616.0;4295.0;17321.0
223000;21551.0;4230.0;17321.0
223100;21746.0;4425.0;17321.0
223200;21591.0;4230.0;17361.0
223300;21711.0;4230.0;17481.0
223400;21656.0;4295.0;17361.0
223500;21591.0;4230.0;17361.0
223600;21613.5;4132.5;17481.0
223700;21751.0;4230.0;17521.0
223800;21591.0;4230.0;17361.0
223900;21971.0;4570.0;17401.0
224000;21701.0;4300.0;17401.0
224100;21641.0;4240.0;17401.0
224200;21561.0;4240.0;17321.0
224300;21501.0;4180.0;17321.0
224400;21711.0;4270.0;17441.0
224500;21561.0;4240.0;17321.0
224600;21531.0;4090.0;17441.0
224700;21681.0;4240.0;17441.0
224800;21656.0;4215.0;17441.0
224900;21745.0;4264.0;17481.0
225000;21745.0;4264.0;17481.0
225100;21745.0;4264.0;17481.0
225200;21833.0;4312.0;17521.0
225300;21785.0;4264.0;17521.0
225400;21785.0;4264.0;17521.0
225500;21785.0;4264.0;17521.0
225600;21905.0;4264.0;17641.0
225700;21857.0;4336.0;17521.0
225800;21833.0;4312.0;17521.0
225900;21705.0;4264.0;17441.0
226000;21921.0;4360.0;17561.0
226100;21729.0;4288.0;17441.0
226200;21817.0;4216.0;17601.0
226300;21871.0;4270.0;17601.0
226400;21844.0;4243.0;17601.0
226500;21991.0;4270.0;17721.0
226600;21871.0;4270.0;17601.0
226700;21790.0;4189.0;17601.0
226800;21871.0;4270.0;17601.0
226900;21950.0;4189.0;17761.0
227000;21884.0;4243.0;17641.0
227100;21575.0;4054.0;17521.0
227200;22005.0;4324.0;17681.0
227300;21978.0;4297.0;17681.0
227400;21843.0;4162.0;17681.0
227500;21885.0;4324.0;17561.0
227600;22020.5;4339.5;17681.0
227700;21812.0;4251.0;17561.0
227800;21993.0;4192.0;17801.0
227900;22092.0;4251.0;17841.0
228000;22127.0;4286.0;17841.0
228100;21887.0;4286.0;17601.0
228200;22047.0;4286.0;17761.0
228300;22410.0;4649.0;17761.0
228400;22005.0;4364.0;17641.0
228500;22090.5;4449.5;17641.0
228600;22125.0;4364.0;17761.0
228700;22125.0;4364.0;17761.0
228800;22210.5;4449.5;17761.0
228900;22102.0;4421.0;17681.0
229000;22222.0;4421.0;17801.0
229100;22279.0;4478.0;17801.0
229200;21987.0;4146.0;17841.0
229300;22234.5;4393.5;17841.0
229400;22142.0;4421.0;17721.0
229500;22307.0;4586.0;17721.0
229600;22387.0;4546.0;17841.0
229700;22312.0;4471.0;17841.0
229800;22337.0;4496.0;17841.0
229900;22302.0;4421.0;17881.0
230000;22302.0;4421.0;17881.0
230100;22252.0;4371.0;17881.0
230200;22342.0;4421.0;17921.0
230300;22342.0;4421.0;17921.0
230400;22392.0;4471.0;17921.0
230500;22467.0;4546.0;17921.0
230600;22272.0;4471.0;17801.0
230700;22217.0;4296.0;17921.0
230800;22417.0;4496.0;17921.0
230900;22332.0;4371.0;17961.0
231000;22382.0;4421.0;17961.0
231100;22382.0;4421.0;17961.0
231200;22422.0;4421.0;18001.0
231300;22472.0;4471.0;18001.0
231400;22347.0;4346.0;18001.0
231500;22542.0;4421.0;18121.0
231600;21857.0;4296.0;17561.0
231700;22197.0;4196.0;18001.0
231800;22492.0;4371.0;18121.0
231900;22412.0;4371.0;18041.0
232000;22292.0;4371.0;17921.0
232100;22292.0;4371.0;17921.0
232200;22452.0;4371.0;18081.0
232300;22572.0;4371.0;18201.0
232400;22382.0;4421.0;17961.0
232500;22552.0;4471.0;18081.0
232600;22527.0;4446.0;18081.0
232700;22502.0;4421.0;18081.0
232800;22622.0;4421.0;18201.0
232900;22522.0;4521.0;18001.0
233000;22492.0;4371.0;18121.0
233100;22442.0;4321.0;18121.0
233200;22532.0;4371.0;18161.0
233300;22412.0;4371.0;18041.0
233400;22532.0;4371.0;18161.0
233500;22452.0;4171.0;18281.0
233600;22412.0;4371.0;18041.0
233700;22482.0;4321.0;18161.0
233800;22482.0;4321.0;18161.0
233900;22522.0;4321.0;18201.0
234000;22472.0;4271.0;18201.0
234100;22642.0;4321.0;18321.0
234200;22562.0;4321.0;18241.0
234300;22562.0;4321.0;18241.0
234400;22537.0;4296.0;18241.0
234500;22787.0;4546.0;18241.0
234600;22662.0;4421.0;18241.0
234700;22542.0;4421.0;18121.0
234800;22612.0;4371.0;18241.0
234900;22677.0;4396.0;18281.0
235000;22602.0;4321.0;18281.0
235100;22602.0;4321.0;18281.0
235200;22642.0;4321.0;18321.0
235300;22717.0;4396.0;18321.0
235400;22717.0;4396.0;18321.0
235500;22467.0;4146.0;18321.0
235600;22905.0;4464.0;18441.0
235700;22640.0;4319.0;18321.0
235800;22640.0;4319.0;18321.0
235900;22800.0;4319.0;18481.0
236000;22680.0;4319.0;18361.0
236100;22766.0;4405.0;18361.0
236200;22926.0;4405.0;18521.0
236300;22806.0;4405.0;18401.0
236400;22686.0;4405.0;18281.0
236500;22820.0;4419.0;18401.0
236600;22912.0;4511.0;18401.0
236700;22844.0;4443.0;18401.0
236800;22656.0;4375.0;18281.0
236900;22986.0;4545.0;18441.0
237000;23039.0;4478.0;18561.0
237100;22979.0;4538.0;18441.0
237200;23012.0;4571.0;18441.0
237300;22953.0;4472.0;18481.0
237400;23452.0;4571.0;18881.0
237500;23052.0;4571.0;18481.0
237600;23052.0;4571.0;18481.0
237700;23518.0;4637.0;18881.0
237800;23085.0;4604.0;18481.0
237900;22972.0;4571.0;18401.0
238000;23092.0;4571.0;18521.0
238100;23212.0;4571.0;18641.0
238200;23066.0;4505.0;18561.0
238300;23066.0;4505.0;18561.0
238400;23066.0;4505.0;18561.0
238500;23066.0;4505.0;18561.0
238600;23066.0;4505.0;18561.0
238700;22934.0;4373.0;18561.0
238800;23000.0;4439.0;18561.0
238900;23040.0;4439.0;18601.0
239000;23160.0;4439.0;18721.0
239100;23106.0;4505.0;18601.0
239200;23278.0;4637.0;18641.0
239300;23113.0;4472.0;18641.0
239400;23113.0;4472.0;18641.0
239500;23026.0;4505.0;18521.0
239600;23146.0;4505.0;18641.0
239700;23080.0;4439.0;18641.0
239800;23080.0;4439.0;18641.0
239900;23120.0;4439.0;18681.0
240000;23186.0;4505.0;18681.0
240100;23186.0;4505.0;18681.0
240200;23226.0;4505.0;18721.0
240300;23226.0;4505.0;18721.0
240400;23193.0;4472.0;18721.0
240500;23280.0;4439.0;18841.0
240600;23160.0;4439.0;18721.0
240700;23007.0;4406.0;18601.0
240800;23280.0;4439.0;18841.0
240900;23200.0;4439.0;18761.0
241000;23266.0;4505.0;18761.0
241100;23167.0;4406.0;18761.0
241200;23240.0;4439.0;18801.0
241300;23273.0;4472.0;18801.0
241400;23240.0;4439.0;18801.0
241500;23240.0;4439.0;18801.0
241600;23240.0;4439.0;18801.0
241700;23362.0;4561.0;18801.0
241800;23289.0;4488.0;18801.0
241900;23329.0;4488.0;18841.0
242000;23402.0;4561.0;18841.0
242100;23802.0;4561.0;19241.0
242200;23656.0;4415.0;19241.0
242300;23489.0;4488.0;19001.0
242400;23296.0;4415.0;18881.0
242500;23416.0;4415.0;19001.0
242600;23416.0;4415.0;19001.0
242700;23285.5;4524.5;18761.0
242800;23331.0;4450.0;18881.0
242900;23371.0;4450.0;18921.0
243000;23491.0;4450.0;19041.0
243100;23371.0;4450.0;18921.0
243200;23453.0;4492.0;18961.0
243300;23515.0;4554.0;18961.0
243400;23484.0;4523.0;18961.0
243500;23884.0;4523.0;19361.0
243600;23391.0;4430.0;18961.0
243700;23477.0;4636.0;18841.0
243800;23633.0;4552.0;19081.0
243900;23637.0;4636.0;19001.0
244000;23581.0;4580.0;19001.0
244100;23553.0;4552.0;19001.0
244200;23305.0;4384.0;18921.0
244300;23417.0;4496.0;18921.0
244400;23361.0;4440.0;18921.0
244500;23501.0;4580.0;18921.0
244600;23657.0;4496.0;19161.0
244700;23573.0;4412.0;19161.0
244800;23361.0;4440.0;18921.0
244900;23521.0;4440.0;19081.0
245000;23521.0;4440.0;19081.0
245100;23577.0;4496.0;19081.0
245200;23441.0;4440.0;19001.0
245300;23337.0;4216.0;19121.0
245400;23617.0;4496.0;19121.0
245500;23561.0;4440.0;19121.0
245600;23617.0;4496.0;19121.0
245700;23505.0;4384.0;19121.0
245800;23673.0;4552.0;19121.0
245900;23769.0;4608.0;19161.0
246000;23685.0;4524.0;19161.0
246100;23573.0;4412.0;19161.0
246200;23760.0;4559.0;19201.0
246300;23695.0;4494.0;19201.0
246400;23695.0;4494.0;19201.0
246500;23695.0;4494.0;19201.0
246600;23695.0;4494.0;19201.0
246700;23575.0;4494.0;19081.0
246800;23630.0;4429.0;19201.0
246900;23695.0;4494.0;19201.0
247000;23735.0;4494.0;19241.0
247100;23735.0;4494.0;19241.0
247200;23775.0;4494.0;19281.0
247300;23775.0;4494.0;19281.0
247400;23775.0;4494.0;19281.0
247500;23655.0;4494.0;19161.0
247600;23937.0;4536.0;19401.0
247700;23533.0;4252.0;19281.0
247800;23391.0;4110.0;19281.0
247900;23786.0;4465.0;19321.0
248000;23786.0;4465.0;19321.0
248100;23750.5;4429.5;19321.0
248200;23897.0;4536.0;19361.0
248300;23897.0;4536.0;19361.0
248400;23897.0;4536.0;19361.0
248500;23826.0;4465.0;19361.0
248600;23897.0;4536.0;19361.0
248700;23897.0;4536.0;19361.0
248800;23968.0;4607.0;19361.0
248900;24008.0;4607.0;19401.0
249000;23937.0;4536.0;19401.0
249100;23937.0;4536.0;19401.0
249200;23937.0;4536.0;19401.0
249300;23977.0;4536.0;19441.0
249400;24097.0;4536.0;19561.0
249500;23857.0;4536.0;19321.0
249600;23977.0;4536.0;19441.0
249700;24048.0;4607.0;19441.0
249800;23892.5;4571.5;19321.0
249900;23928.0;4607.0;19321.0
250000;24208.0;4607.0;19601.0
250100;24088.0;4607.0;19481.0
250200;24248.0;4607.0;19641.0
250300;23937.0;4536.0;19401.0
250400;24177.0;4536.0;19641.0
250500;24177.0;4536.0;19641.0
250600;23950.5;4429.5;19521.0
250700;23950.5;4429.5;19521.0
250800;23808.5;4287.5;19521.0
250900;24097.0;4536.0;19561.0
251000;24097.0;4536.0;19561.0
251100;24061.5;4500.5;19561.0
251200;23711.0;4110.0;19601.0
251300;24208.0;4607.0;19601.0
251400;24208.0;4607.0;19601.0
251500;24137.0;4536.0;19601.0
251600;24257.0;4536.0;19721.0
251700;24165.0;4564.0;19601.0
251800;23970.0;4489.0;19481.0
251900;24280.0;4639.0;19641.0
252000;24280.0;4639.0;19641.0
252100;24280.0;4639.0;19641.0
252200;24245.0;4564.0;19681.0
252300;24315.0;4634.0;19681.0
252400;24444.5;4763.5;19681.0
252500;24318.5;4637.5;19681.0
252600;24381.5;4700.5;19681.0
252700;24350.0;4669.0;19681.0
252800;24287.0;4606.0;19681.0
252900;24327.0;4606.0;19721.0
253000;24295.5;4574.5;19721.0
253100;24390.0;4669.0;19721.0
253200;24310.0;4669.0;19641.0
253300;24310.0;4669.0;19641.0
253400;24550.0;4669.0;19881.0
253500;24550.0;4669.0;19881.0
253600;24430.0;4669.0;19761.0
253700;24493.0;4732.0;19761.0
253800;24430.0;4669.0;19761.0
253900;24470.0;4669.0;19801.0
254000;24470.0;4669.0;19801.0
254100;24375.5;4574.5;19801.0
254200;24470.0;4669.0;19801.0
254300;24541.5;4700.5;19841.0
254400;24573.0;4732.0;19841.0
254500;24510.0;4669.0;19841.0
254600;24604.5;4763.5;19841.0
254700;24675.0;4954.0;19721.0
254800;24383.5;4662.5;19721.0
254900;24543.5;4662.5;19881.0
255000;24649.5;4768.5;19881.0
255100;24623.0;4742.0;19881.0
255200;24742.5;4821.5;19921.0
255300;24716.0;4795.0;19921.0
255400;24622.5;4821.5;19801.0
255500;24862.5;4821.5;20041.0
255600;24901.0;4980.0;19921.0
255700;24681.0;4760.0;19921.0
255800;24681.0;4760.0;19921.0
255900;24721.0;4760.0;19961.0
256000;24885.0;4804.0;20081.0
256100;24809.0;4848.0;19961.0
256200;24849.0;4848.0;20001.0
256300;24849.0;4848.0;20001.0
256400;24893.0;4892.0;20001.0
256500;24805.0;4804.0;20001.0
256600;24849.0;4848.0;20001.0
256700;24849.0;4848.0;20001.0
256800;24729.0;4848.0;19881.0
256900;24889.0;4848.0;20041.0
257000;24889.0;4848.0;20041.0
257100;24769.0;4848.0;19921.0
257200;24907.0;4826.0;20081.0
257300;25017.0;4936.0;20081.0
257400;24809.0;4848.0;19961.0
257500;24929.0;4848.0;20081.0
257600;24951.0;4870.0;20081.0
257700;24951.0;4870.0;20081.0
257800;25005.0;4804.0;20201.0
257900;24859.0;4738.0;20121.0
258000;24925.0;4804.0;20121.0
258100;24925.0;4804.0;20121.0
258200;24965.0;4804.0;20161.0
258300;25028.0;4867.0;20161.0
258400;25091.0;4930.0;20161.0
258500;25091.0;4930.0;20161.0
258600;25091.0;4930.0;20161.0
258700;25044.5;4883.5;20161.0
258800;24962.0;4961.0;20001.0
258900;24931.0;4930.0;20001.0
259000;25162.0;4961.0;20201.0
259100;25162.0;4961.0;20201.0
259200;25146.5;4945.5;20201.0
259300;25202.0;4961.0;20241.0
259400;25258.0;5017.0;20241.0
259500;24818.0;5017.0;19801.0
259600;25297.0;5056.0;20241.0
259700;25138.0;5017.0;20121.0
259800;25417.0;5056.0;20361.0
259900;25417.0;5056.0;20361.0
260000;25337.0;5056.0;20281.0
260100;25337.0;5056.0;20281.0
260200;25318.5;4997.5;20321.0
260300;25416.0;5095.0;20321.0
260400;25257.0;5056.0;20201.0
260500;25472.0;5151.0;20321.0
260600;25334.0;5133.0;20201.0
260700;25289.0;5088.0;20201.0
260800;25574.0;5133.0;20441.0
260900;25494.0;5133.0;20361.0
261000;25494.0;5133.0;20361.0
261100;25494.0;5133.0;20361.0
261200;25534.0;5133.0;20401.0
261300;25520.0;5119.0;20401.0
261400;25672.0;5151.0;20521.0
261500;25448.0;5167.0;20281.0
261600;25496.0;5215.0;20281.0
261700;25584.0;5183.0;20401.0
261800;25680.0;5279.0;20401.0
261900;25616.0;5215.0;20401.0
262000;25620.0;5299.0;20321.0
262100;25860.0;5299.0;20561.0
262200;25580.0;5099.0;20481.0
262300;25580.0;5099.0;20481.0
262400;25692.0;5211.0;20481.0
262500;25664.0;5183.0;20481.0
262600;25664.0;5183.0;20481.0
262700;25636.0;5155.0;20481.0
262800;25586.0;5225.0;20361.0
262900;25626.0;5225.0;20401.0
263000;25732.0;5211.0;20521.0
263100;25662.0;5141.0;20521.0
263200;25744.0;5183.0;20561.0
263300;25984.0;5183.0;20801.0
263400;25744.0;5183.0;20561.0
263500;25758.0;5197.0;20561.0
263600;25828.0;5267.0;20561.0
263700;26052.0;5211.0;20841.0
263800;25772.0;5211.0;20561.0
263900;25784.0;5183.0;20601.0
264000;25756.0;5155.0;20601.0
264100;25756.0;5155.0;20601.0
264200;25908.0;5267.0;20641.0
264300;25796.0;5155.0;20641.0
264400;25796.0;5155.0;20641.0
264500;25796.0;5155.0;20641.0
264600;25852.0;5211.0;20641.0
264700;25944.0;5183.0;20761.0
264800;25916.0;5155.0;20761.0
264900;25632.0;5071.0;20561.0
265000;25776.0;5095.0;20681.0
265100;25920.0;5239.0;20681.0
265200;25960.0;5239.0;20721.0
265300;26080.0;5239.0;20841.0
265400;25996.0;5275.0;20721.0
265500;25490.0;5329.0;20161.0
265600;25960.0;5239.0;20721.0
265700;25996.0;5275.0;20721.0
265800;26050.0;5329.0;20721.0
265900;26036.0;5275.0;20761.0
266000;26072.0;5311.0;20761.0
266100;26126.0;5365.0;20761.0
266200;26148.0;5347.0;20801.0
266300;26148.0;5347.0;20801.0
266400;26148.0;5347.0;20801.0
266500;26076.0;5275.0;20801.0
266600;26046.0;5365.0;20681.0
266700;26148.0;5347.0;20801.0
266800;26112.0;5311.0;20801.0
266900;26188.0;5347.0;20841.0
267000;26215.0;5374.0;20841.0
267100;26282.5;5441.5;20841.0
267200;26367.5;5486.5;20881.0
267300;26330.0;5329.0;21001.0
267400;25770.0;5329.0;20441.0
267500;26330.0;5329.0;21001.0
267600;26165.0;5284.0;20881.0
267700;26210.0;5329.0;20881.0
267800;26330.0;5329.0;21001.0
267900;25980.0;5059.0;20921.0
268000;26295.0;5374.0;20921.0
268100;26527.5;5486.5;21041.0
268200;26007.5;5486.5;20521.0
268300;25850.0;5329.0;20521.0
268400;26260.0;5419.0;20841.0
268500;26455.0;5374.0;21081.0
268600;25895.0;5374.0;20521.0
268700;26290.0;5329.0;20961.0
268800;26493.5;5492.5;21001.0
268900;26474.0;5473.0;21001.0
269000;26415.5;5414.5;21001.0
269100;26376.5;5375.5;21001.0
269200;26416.5;5375.5;21041.0
269300;26671.5;5630.5;21041.0
269400;26546.0;5505.0;21041.0
269500;26507.0;5466.0;21041.0
269600;26507.0;5466.0;21041.0
269700;26507.0;5466.0;21041.0
269800;26546.0;5505.0;21041.0
269900;26586.0;5505.0;21081.0
270000;26508.0;5427.0;21081.0
270100;26586.0;5505.0;21081.0
270200;26587.0;5466.0;21121.0
270300;26587.0;5466.0;21121.0
270400;26679.0;5558.0;21121.0
270500;26743.5;5502.5;21241.0
270600;26642.0;5521.0;21121.0
270700;26839.0;5558.0;21281.0
270800;26679.0;5558.0;21121.0
270900;26682.0;5521.0;21161.0
271000;26793.0;5632.0;21161.0
271100;26953.0;5632.0;21321.0
271200;26842.0;5521.0;21321.0
271300;26620.5;5539.5;21081.0
271400;26786.5;5465.5;21321.0
271500;26639.0;5558.0;21081.0
271600;26703.5;5502.5;21201.0
271700;26722.0;5521.0;21201.0
271800;26794.0;5593.0;21201.0
271900;26922.0;5561.0;21361.0
272000;26986.0;5625.0;21361.0
272100;26898.0;5657.0;21241.0
272200;26906.0;5625.0;21281.0
272300;26858.0;5577.0;21281.0
272400;26842.0;5561.0;21281.0
272500;26906.0;5625.0;21281.0
272600;26754.0;5593.0;21161.0
272700;26458.0;5577.0;20881.0
272800;26948.0;5667.0;21281.0
272900;26988.0;5667.0;21321.0
273000;26868.0;5667.0;21201.0
273100;26764.0;5563.0;21201.0
273200;26816.0;5615.0;21201.0
273300;27148.0;5667.0;21481.0
273400;27028.0;5667.0;21361.0
273500;27002.0;5641.0;21361.0
273600;27002.0;5641.0;21361.0
273700;26963.0;5602.0;21361.0
273800;26911.0;5550.0;21361.0
273900;27162.0;5641.0;21521.0
274000;27120.0;5719.0;21401.0
274100;26602.0;5641.0;20961.0
274200;26922.0;5641.0;21281.0
274300;27562.0;5641.0;21921.0
274400;27082.0;5641.0;21441.0
274500;27082.0;5641.0;21441.0
274600;26642.0;5641.0;21001.0
274700;27082.0;5641.0;21441.0
274800;27069.0;5628.0;21441.0
274900;27096.0;5615.0;21481.0
275000;27122.0;5641.0;21481.0
275100;27148.0;5667.0;21481.0
275200;27136.0;5615.0;21521.0
275300;27282.0;5641.0;21641.0
275400;27123.0;5602.0;21521.0
275500;27162.0;5641.0;21521.0
275600;27157.0;5636.0;21521.0
275700;27179.0;5658.0;21521.0
275800;27190.0;5669.0;21521.0
275900;27350.0;5669.0;21681.0
276000;27230.0;5669.0;21561.0
276100;27197.0;5636.0;21561.0
276200;27357.0;5636.0;21721.0
276300;27325.0;5724.0;21601.0
276400;27237.0;5636.0;21601.0
276500;27237.0;5636.0;21601.0
276600;27248.0;5647.0;21601.0
276700;27248.0;5647.0;21601.0
276800;27248.0;5647.0;21601.0
276900;27321.0;5680.0;21641.0
277000;27266.0;5625.0;21641.0
277100;27066.0;5625.0;21441.0
277200;27306.0;5625.0;21681.0
277300;27273.0;5592.0;21681.0
277400;27306.0;5625.0;21681.0
277500;27306.0;5625.0;21681.0
277600;27426.0;5625.0;21801.0
277700;27273.0;5592.0;21681.0
277800;27306.0;5625.0;21681.0
277900;27401.0;5680.0;21721.0
278000;27313.0;5592.0;21721.0
278100;27357.0;5636.0;21721.0
278200;27364.0;5603.0;21761.0
278300;27484.0;5603.0;21881.0
278400;27375.0;5614.0;21761.0
278500;27375.0;5614.0;21761.0
278600;27364.0;5603.0;21761.0
278700;27222.0;5581.0;21641.0
278800;27946.0;5625.0;22321.0
278900;27338.0;5537.0;21801.0
279000;27371.0;5570.0;21801.0
279100;27404.0;5603.0;21801.0
279200;27306.0;5625.0;21681.0
279300;27466.0;5625.0;21841.0
279400;27466.0;5625.0;21841.0
279500;27346.0;5625.0;21721.0
279600;27466.0;5625.0;21841.0
279700;27379.0;5658.0;21721.0
279800;27466.0;5625.0;21841.0
279900;27495.0;5614.0;21881.0
280000;27258.0;5497.0;21761.0
280100;27398.0;5637.0;21761.0
280200;27426.0;5665.0;21761.0
280300;27516.0;5595.0;21921.0
280400;27558.0;5637.0;21921.0
280500;27558.0;5637.0;21921.0
280600;27558.0;5637.0;21921.0
280700;27426.0;5665.0;21761.0
280800;27628.0;5707.0;21921.0
280900;27520.0;5679.0;21841.0
281000;27520.0;5679.0;21841.0
281100;27760.0;5679.0;22081.0
281200;27680.0;5679.0;22001.0
281300;27650.0;5649.0;22001.0
281400;27680.0;5679.0;22001.0
281500;27590.0;5589.0;22001.0
281600;27755.0;5754.0;22001.0
281700;27710.0;5709.0;22001.0
281800;27870.0;5709.0;22161.0
281900;27565.0;5524.0;22041.0
282000;27736.0;5695.0;22041.0
282100;27736.0;5695.0;22041.0
282200;27738.0;5657.0;22081.0
282300;27776.0;5695.0;22081.0
282400;27757.0;5676.0;22081.0
282500;27924.0;5723.0;22201.0
282600;28408.0;5807.0;22601.0
282700;28229.5;5628.5;22601.0
282800;27807.0;5726.0;22081.0
282900;27847.0;5726.0;22121.0
283000;27886.0;5765.0;22121.0
283100;27886.0;5765.0;22121.0
283200;27965.0;5804.0;22161.0
283300;27965.0;5804.0;22161.0
283400;28004.0;5843.0;22161.0
283500;27806.0;5765.0;22041.0
283600;27984.5;5823.5;22161.0
283700;27845.0;5804.0;22041.0
283800;27906.5;5745.5;22161.0
283900;28005.0;5804.0;22201.0
284000;28063.5;5862.5;22201.0
284100;28005.0;5804.0;22201.0
284200;28084.0;5843.0;22241.0
284300;27925.0;5804.0;22121.0
284400;28184.5;5823.5;22361.0
284500;28064.5;5823.5;22241.0
284600;28006.0;5765.0;22241.0
284700;27925.0;5804.0;22121.0
284800;28045.0;5804.0;22241.0
284900;28085.0;5804.0;22281.0
285000;28205.0;5804.0;22401.0
285100;28065.5;5784.5;22281.0
285200;28047.0;5726.0;22321.0
285300;28164.0;5843.0;22321.0
285400;28164.0;5843.0;22321.0
285500;28164.0;5843.0;22321.0
285600;28044.0;5843.0;22201.0
285700;28203.0;5882.0;22321.0
285800;28363.0;5882.0;22481.0
285900;28204.0;5843.0;22361.0
286000;28304.5;5823.5;22481.0
286100;27764.0;5843.0;21921.0
286200;28185.5;5784.5;22401.0
286300;27966.0;5765.0;22201.0
286400;28085.0;5804.0;22281.0
286500;28205.0;5804.0;22401.0
286600;28263.5;5862.5;22401.0
286700;28166.0;5765.0;22401.0
286800;28244.0;5843.0;22401.0
286900;28284.0;5843.0;22441.0
287000;28303.5;5862.5;22441.0
287100;28245.0;5804.0;22441.0
287200;28343.5;5862.5;22481.0
287300;28463.5;5862.5;22601.0
287400;28444.0;5843.0;22601.0
287500;28285.0;5804.0;22481.0
287600;28285.0;5804.0;22481.0
287700;28207.0;5726.0;22481.0
287800;28304.5;5823.5;22481.0
287900;28166.0;5765.0;22401.0
288000;28523.0;5882.0;22641.0
288100;28406.0;5765.0;22641.0
288200;28365.0;5804.0;22561.0
288300;28326.0;5765.0;22561.0
288400;28446.0;5765.0;22681.0
288500;28365.0;5804.0;22561.0
288600;28326.0;5765.0;22561.0
288700;28267.5;5706.5;22561.0
288800;28267.5;5706.5;22561.0
288900;28405.0;5804.0;22601.0
289000;28405.0;5804.0;22601.0
289100;28327.0;5726.0;22601.0
289200;28425.5;5784.5;22641.0
289300;28347.5;5706.5;22641.0
289400;28367.0;5726.0;22641.0
289500;28367.0;5726.0;22641.0
289600;28367.0;5726.0;22641.0
289700;28208.0;5687.0;22521.0
289800;28367.0;5726.0;22641.0
289900;28446.0;5765.0;22681.0
290000;28407.0;5726.0;22681.0
290100;28485.0;5804.0;22681.0
290200;28525.0;5804.0;22721.0
290300;28447.0;5726.0;22721.0
290400;28447.0;5726.0;22721.0
290500;28327.0;5726.0;22601.0
290600;28408.0;5687.0;22721.0
290700;28447.0;5726.0;22721.0
290800;28385.5;5784.5;22601.0
290900;28448.0;5687.0;22761.0
291000;28406.0;5765.0;22641.0
291100;28406.0;5765.0;22641.0
291200;28507.5;5706.5;22801.0
291300;28468.5;5667.5;22801.0
291400;28548.0;5747.0;22801.0
291500;28548.0;5747.0;22801.0
291600;28590.0;5789.0;22801.0
291700;28590.0;5789.0;22801.0
291800;28428.0;5747.0;22681.0
291900;28386.0;5705.0;22681.0
292000;28588.0;5747.0;22841.0
292100;28468.0;5747.0;22721.0
292200;28628.0;5747.0;22881.0
292300;28628.0;5747.0;22881.0
292400;28586.0;5705.0;22881.0
292500;28628.0;5747.0;22881.0
292600;28586.0;5705.0;22881.0
292700;28586.0;5705.0;22881.0
292800;28746.0;5705.0;23041.0
292900;28626.0;5705.0;22921.0
293000;28506.0;5705.0;22801.0
293100;28984.0;5663.0;23321.0
293200;29026.0;5705.0;23321.0
293300;28708.0;5747.0;22961.0
293400;29108.0;5747.0;23361.0
293500;29213.0;5852.0;23361.0
293600;28687.0;5726.0;22961.0
293700;28308.0;5747.0;22561.0
293800;28708.0;5747.0;22961.0
293900;28790.0;5789.0;23001.0
294000;28748.0;5747.0;23001.0
294100;28748.0;5747.0;23001.0
294200;28725.0;5684.0;23041.0
294300;28788.0;5747.0;23041.0
294400;28731.0;5810.0;22921.0
294500;28809.0;5768.0;23041.0
294600;28746.0;5705.0;23041.0
294700;28746.0;5705.0;23041.0
294800;28746.0;5705.0;23041.0
294900;28864.0;5663.0;23201.0
295000;28744.0;5663.0;23081.0
295100;28864.0;5663.0;23201.0
295200;28826.0;5705.0;23121.0
295300;28826.0;5705.0;23121.0
295400;28973.0;5852.0;23121.0
295500;28762.0;5761.0;23001.0
295600;28728.0;5727.0;23001.0
295700;28848.0;5727.0;23121.0
295800;28779.0;5778.0;23001.0
295900;28871.0;5710.0;23161.0
296000;28888.0;5727.0;23161.0
296100;28922.0;5761.0;23161.0
296200;28836.0;5795.0;23041.0
296300;29031.0;5710.0;23321.0
296400;28996.0;5795.0;23201.0
296500;28996.0;5795.0;23201.0
296600;29030.0;5829.0;23201.0
296700;29047.0;5846.0;23201.0
296800;28996.0;5795.0;23201.0
296900;28996.0;5795.0;23201.0
297000;29059.0;5858.0;23201.0
297100;29326.0;5965.0;23361.0
297200;29132.0;5851.0;23281.0
297300;29287.0;5886.0;23401.0
297400;29191.0;5910.0;23281.0
297500;29231.0;5950.0;23281.0
297600;29207.0;5926.0;23281.0
297700;29207.0;5926.0;23281.0
297800;29207.0;5926.0;23281.0
297900;29247.0;5926.0;23321.0
298000;29263.0;5942.0;23321.0
298100;29239.0;5918.0;23321.0
298200;29303.0;5942.0;23361.0
298300;29287.0;5926.0;23361.0
298400;29183.0;5942.0;23241.0
298500;29287.0;5926.0;23361.0
298600;29167.0;5926.0;23241.0
298700;29279.0;5918.0;23361.0
298800;29271.0;5910.0;23361.0
298900;29191.0;5910.0;23281.0
299000;29351.0;5950.0;23401.0
299100;29311.0;5910.0;23401.0
299200;29471.0;5910.0;23561.0
299300;29343.0;5902.0;23441.0
299400;29247.0;5926.0;23321.0
299500;29378.0;5937.0;23441.0
299600;29387.0;5946.0;23441.0
299700;29387.0;5946.0;23441.0
299800;29387.0;5946.0;23441.0
299900;29427.0;5946.0;23481.0
300000;29427.0;5946.0;23481.0
300100;29427.0;5946.0;23481.0
300200;29307.0;5946.0;23361.0
300300;29458.0;5937.0;23521.0
300400;29347.0;5946.0;23401.0
300500;29413.0;5892.0;23521.0
300600;29467.0;5946.0;23521.0
300700;29467.0;5946.0;23521.0
300800;29485.0;5964.0;23521.0
300900;29485.0;5964.0;23521.0
301000;29543.0;5982.0;23561.0
301100;29507.0;5946.0;23561.0
301200;29480.0;5919.0;23561.0
301300;29520.0;5919.0;23601.0
301400;29649.0;5928.0;23721.0
301500;29391.0;5910.0;23481.0
301600;29574.0;5973.0;23601.0
301700;29547.0;5946.0;23601.0
301800;29520.0;5919.0;23601.0
301900;29587.0;5946.0;23641.0
302000;29587.0;5946.0;23641.0
302100;29614.0;5973.0;23641.0
302200;29613.5;5932.5;23681.0
302300;29654.0;5973.0;23681.0
302400;29613.5;5932.5;23681.0
302500;29733.5;5932.5;23801.0
302600;29733.5;5932.5;23801.0
302700;29721.5;6040.5;23681.0
302800;29751.0;6070.0;23681.0
302900;29791.0;6070.0;23721.0
303000;29801.0;5960.0;23841.0
303100;29701.0;5980.0;23721.0
303200;29581.0;5980.0;23601.0
303300;29601.0;5960.0;23641.0
303400;29841.0;5960.0;23881.0
303500;29741.0;5980.0;23761.0
303600;29741.0;5980.0;23761.0
303700;29741.0;5980.0;23761.0
303800;29621.0;5980.0;23641.0
303900;29781.0;5980.0;23801.0
304000;29761.0;5960.0;23801.0
304100;29691.0;6010.0;23681.0
304200;29771.0;5930.0;23841.0
304300;29771.0;5930.0;23841.0
304400;29801.0;5960.0;23841.0
304500;29821.0;5980.0;23841.0
304600;29821.0;5980.0;23841.0
304700;29941.0;5980.0;23961.0
304800;29821.0;5980.0;23841.0
304900;29861.0;5980.0;23881.0
305000;29861.0;5980.0;23881.0
305100;29881.0;6000.0;23881.0
305200;29711.0;5950.0;23761.0
305300;29901.0;5980.0;23921.0
305400;30021.0;5980.0;24041.0
305500;29921.0;6000.0;23921.0
305600;29481.0;6000.0;23481.0
305700;29901.0;5980.0;23921.0
305800;29901.0;5980.0;23921.0
305900;29941.0;5980.0;23961.0
306000;30321.0;5960.0;24361.0
306100;29921.0;5960.0;23961.0
306200;30143.0;6022.0;24121.0
306300;30023.0;6022.0;24001.0
306400;30023.0;6022.0;24001.0
306500;30058.0;6057.0;24001.0
306600;29917.0;6036.0;23881.0
306700;30037.0;6036.0;24001.0
306800;30068.5;6067.5;24001.0
306900;30098.0;6057.0;24041.0
307000;30098.0;6057.0;24041.0
307100;30098.0;6057.0;24041.0
307200;30138.0;6057.0;24081.0
307300;30138.0;6057.0;24081.0
307400;30258.0;6057.0;24201.0
307500;29938.0;6057.0;23881.0
307600;30173.0;6092.0;24081.0
307700;30014.0;6053.0;23961.0
307800;30173.0;6092.0;24081.0
307900;30174.0;6053.0;24121.0
308000;30265.0;6144.0;24121.0
308100;30106.0;6105.0;24001.0
308200;30240.0;6079.0;24161.0
308300;30227.0;6066.0;24161.0
308400;29761.0;6040.0;23721.0
308500;30227.0;6066.0;24161.0
308600;30162.0;6001.0;24161.0
308700;30214.0;6053.0;24161.0
308800;30227.0;6066.0;24161.0
308900;30267.0;6066.0;24201.0
309000;30361.0;6040.0;24321.0
309100;30241.0;6040.0;24201.0
309200;30228.0;6027.0;24201.0
309300;30254.0;6053.0;24201.0
309400;30281.0;6040.0;24241.0
309500;30281.0;6040.0;24241.0
309600;30401.0;6040.0;24361.0
309700;30135.0;6014.0;24121.0
309800;30346.0;6105.0;24241.0
309900;30281.0;6040.0;24241.0
310000;30358.5;6077.5;24281.0
310100;30358.5;6077.5;24281.0
310200;30527.0;6086.0;24441.0
310300;30611.0;6170.0;24441.0
310400;30436.0;6115.0;24321.0
310500;30436.0;6115.0;24321.0
310600;30332.5;6131.5;24201.0
310700;30452.5;6131.5;24321.0
310800;30425.0;6104.0;24321.0
310900;30529.0;6168.0;24361.0
311000;30524.0;6163.0;24361.0
311100;30529.0;6168.0;24361.0
311200;29969.0;6168.0;23801.0
311300;30569.0;6168.0;24401.0
311400;30569.0;6168.0;24401.0
311500;30569.0;6168.0;24401.0
311600;30564.0;6163.0;24401.0
311700;30571.5;6170.5;24401.0
311800;30571.5;6170.5;24401.0
311900;30624.0;6183.0;24441.0
312000;30619.0;6178.0;24441.0
312100;30619.0;6178.0;24441.0
312200;30659.0;6178.0;24481.0
312300;30659.0;6178.0;24481.0
312400;30539.0;6178.0;24361.0
312500;30779.0;6178.0;24601.0
312600;30659.0;6178.0;24481.0
312700;30779.0;6178.0;24601.0
312800;30659.0;6178.0;24481.0
312900;30659.0;6178.0;24481.0
313000;30819.0;6178.0;24641.0
313100;30713.0;6192.0;24521.0
313200;30752.0;6191.0;24561.0
313300;30873.0;6192.0;24681.0
313400;30873.0;6192.0;24681.0
313500;30875.0;6194.0;24681.0
313600;30936.0;6215.0;24721.0
313700;30897.5;6216.5;24681.0
313800;30658.0;6217.0;24441.0
313900;30937.5;6216.5;24721.0
314000;30817.5;6216.5;24601.0
314100;30816.0;6215.0;24601.0
314200;30956.5;6195.5;24761.0
314300;30886.0;6245.0;24641.0
314400;30752.5;6231.5;24521.0
314500;30757.0;6236.0;24521.0
314600;30868.0;6227.0;24641.0
314700;30997.0;6236.0;24761.0
314800;30868.0;6227.0;24641.0
314900;30788.0;6227.0;24561.0
315000;30917.0;6236.0;24681.0
315100;30917.0;6236.0;24681.0
315200;30970.5;6249.5;24721.0
315300;30948.0;6227.0;24721.0
315400;30850.5;6249.5;24601.0
315500;30837.0;6236.0;24601.0
315600;30887.5;6166.5;24721.0
315700;30981.0;6260.0;24721.0
315800;30896.0;6175.0;24721.0
315900;31004.0;6243.0;24761.0
316000;31004.0;6243.0;24761.0
316100;31004.0;6243.0;24761.0
316200;30884.0;6243.0;24641.0
316300;31095.0;6294.0;24801.0
316400;31095.0;6294.0;24801.0
316500;31061.0;6260.0;24801.0
316600;31035.5;6234.5;24801.0
316700;31155.5;6234.5;24921.0
316800;30924.0;6243.0;24681.0
316900;31101.0;6260.0;24841.0
317000;31101.0;6260.0;24841.0
317100;31221.0;6260.0;24961.0
317200;31141.0;6260.0;24881.0
317300;31200.5;6319.5;24881.0
317400;30890.0;6209.0;24681.0
317500;31158.0;6277.0;24881.0
317600;31261.0;6260.0;25001.0
317700;31021.0;6260.0;24761.0
317800;31318.0;6277.0;25041.0
317900;31164.0;6243.0;24921.0
318000;31181.0;6260.0;24921.0
318100;31181.0;6260.0;24921.0
318200;31221.0;6260.0;24961.0
318300;31238.0;6277.0;24961.0
318400;31238.0;6277.0;24961.0
318500;31221.0;6260.0;24961.0
318600;31349.5;6268.5;25081.0
318700;31238.0;6277.0;24961.0
318800;31238.0;6277.0;24961.0
318900;31261.0;6260.0;25001.0
319000;31295.0;6294.0;25001.0
319100;31453.0;6332.0;25121.0
319200;31338.0;6297.0;25041.0
319300;31345.0;6304.0;25041.0
319400;31331.0;6290.0;25041.0
319500;31338.0;6297.0;25041.0
319600;31458.0;6297.0;25161.0
319700;31458.0;6297.0;25161.0
319800;31498.0;6297.0;25201.0
319900;31491.0;6290.0;25201.0
320000;31378.0;6297.0;25081.0
320100;31381.5;6300.5;25081.0
320200;31385.0;6304.0;25081.0
320300;31428.5;6307.5;25121.0
320400;31418.0;6297.0;25121.0
320500;31298.0;6297.0;25001.0
320600;31425.0;6304.0;25121.0
320700;31425.0;6304.0;25121.0
320800;31404.0;6283.0;25121.0
320900;31526.5;6365.5;25161.0
321000;31526.0;6365.0;25161.0
321100;31526.0;6365.0;25161.0
321200;31564.0;6363.0;25201.0
321300;31565.0;6364.0;25201.0
321400;31564.0;6363.0;25201.0
321500;31564.0;6363.0;25201.0
321600;31564.0;6363.0;25201.0
321700;31567.5;6366.5;25201.0
321800;31563.0;6362.0;25201.0
321900;31724.5;6363.5;25361.0
322000;31603.0;6362.0;25241.0
322100;31603.0;6362.0;25241.0
322200;31763.5;6362.5;25401.0
322300;31644.5;6363.5;25281.0
322400;31643.0;6362.0;25281.0
322500;31643.0;6362.0;25281.0
322600;31642.5;6361.5;25281.0
322700;31524.0;6363.0;25161.0
322800;31525.0;6364.0;25161.0
322900;31684.0;6363.0;25321.0
323000;31683.0;6362.0;25321.0
323100;31684.5;6363.5;25321.0
323200;31721.5;6360.5;25361.0
323300;31723.0;6362.0;25361.0
323400;31723.0;6362.0;25361.0
323500;31764.0;6403.0;25361.0
323600;31771.0;6410.0;25361.0
323700;31651.0;6410.0;25241.0
323800;31771.0;6410.0;25361.0
323900;31677.0;6396.0;25281.0
324000;31924.0;6403.0;25521.0
324100;31804.0;6403.0;25401.0
324200;31833.5;6392.5;25441.0
324300;31844.0;6403.0;25441.0
324400;31630.0;6389.0;25241.0
324500;31847.5;6406.5;25441.0
324600;31851.0;6410.0;25441.0
324700;31837.5;6396.5;25441.0
324800;31864.5;6423.5;25441.0
324900;31891.0;6410.0;25481.0
325000;31926.0;6445.0;25481.0
325100;31926.0;6445.0;25481.0
325200;31806.0;6445.0;25361.0
325300;31966.0;6445.0;25521.0
325400;31966.0;6445.0;25521.0
325500;31960.0;6439.0;25521.0
325600;31952.0;6431.0;25521.0
325700;31960.0;6439.0;25521.0
325800;31966.0;6445.0;25521.0
325900;32006.0;6445.0;25561.0
326000;32126.0;6445.0;25681.0
326100;32006.0;6445.0;25561.0
326200;32164.0;6443.0;25721.0
326300;32050.0;6449.0;25601.0
326400;32050.0;6449.0;25601.0
326500;32054.0;6453.0;25601.0
326600;32050.0;6449.0;25601.0
326700;32044.0;6443.0;25601.0
326800;32046.0;6445.0;25601.0
326900;31966.0;6445.0;25521.0
327000;32076.0;6435.0;25641.0
327100;32090.0;6449.0;25641.0
327200;32246.0;6445.0;25801.0
327300;32126.0;6445.0;25681.0
327400;32126.0;6445.0;25681.0
327500;32122.0;6441.0;25681.0
327600;32522.0;6441.0;26081.0
327700;32122.0;6441.0;25681.0
327800;32282.0;6441.0;25841.0
327900;32166.0;6445.0;25721.0
328000;32282.0;6441.0;25841.0
328100;32162.0;6441.0;25721.0
328200;32202.0;6441.0;25761.0
328300;32204.0;6443.0;25761.0
328400;32202.0;6441.0;25761.0
328500;32720.0;6439.0;26281.0
328600;32722.0;6441.0;26281.0
328700;32606.0;6445.0;26161.0
328800;32366.0;6445.0;25921.0
328900;32246.0;6445.0;25801.0
329000;32309.0;6508.0;25801.0
329100;32429.0;6508.0;25921.0
329200;32362.0;6521.0;25841.0
329300;32482.0;6521.0;25961.0
329400;32342.5;6501.5;25841.0
329500;32362.0;6521.0;25841.0
329600;32342.5;6501.5;25841.0
329700;32336.0;6495.0;25841.0
329800;32336.0;6495.0;25841.0
329900;32402.0;6521.0;25881.0
330000;32509.0;6508.0;26001.0
330100;32389.0;6508.0;25881.0
330200;32442.0;6521.0;25921.0
330300;32486.5;6565.5;25921.0
330400;31886.0;6525.0;25361.0
330500;32446.0;6525.0;25921.0
330600;32460.0;6539.0;25921.0
330700;32460.0;6539.0;25921.0
330800;32620.0;6539.0;26081.0
330900;32483.5;6522.5;25961.0
331000;32500.0;6539.0;25961.0
331100;32603.5;6522.5;26081.0
331200;32551.0;6550.0;26001.0
331300;32420.0;6539.0;25881.0
331400;32540.0;6539.0;26001.0
331500;32551.0;6550.0;26001.0
331600;32562.0;6561.0;26001.0
331700;32551.0;6550.0;26001.0
331800;32764.0;6603.0;26161.0
331900;32636.5;6595.5;26041.0
332000;32644.0;6603.0;26041.0
332100;32641.0;6600.0;26041.0
332200;32684.0;6603.0;26081.0
332300;32679.5;6598.5;26081.0
332400;32564.0;6603.0;25961.0
332500;32684.0;6603.0;26081.0
332600;33084.0;6603.0;26481.0
332700;32684.0;6603.0;26081.0
332800;32719.0;6638.0;26081.0
332900;32764.0;6643.0;26121.0
333000;32879.0;6638.0;26241.0
333100;32759.0;6638.0;26121.0
333200;32891.0;6610.0;26281.0
333300;32811.0;6650.0;26161.0
333400;32811.0;6650.0;26161.0
333500;32803.0;6642.0;26161.0
333600;32927.0;6646.0;26281.0
333700;32923.0;6642.0;26281.0
333800;32803.0;6642.0;26161.0
333900;33255.0;6654.0;26601.0
334000;32843.0;6642.0;26201.0
334100;32839.0;6638.0;26201.0
334200;32899.0;6658.0;26241.0
334300;32891.0;6650.0;26241.0
334400;32891.0;6650.0;26241.0
334500;32879.0;6638.0;26241.0
334600;32891.0;6650.0;26241.0
334700;32883.0;6642.0;26241.0
334800;32883.0;6642.0;26241.0
334900;32795.0;6634.0;26161.0
335000;32931.0;6650.0;26281.0
335100;33043.0;6642.0;26401.0
335200;33095.0;6654.0;26441.0
335300;32843.0;6642.0;26201.0
335400;33371.0;6650.0;26721.0
335500;32971.0;6650.0;26321.0
335600;32971.0;6650.0;26321.0
335700;32971.0;6650.0;26321.0
335800;33013.0;6692.0;26321.0
335900;33053.0;6692.0;26361.0
336000;33093.0;6732.0;26361.0
336100;33221.0;6740.0;26481.0
336200;33141.0;6740.0;26401.0
336300;33141.0;6740.0;26401.0
336400;33204.0;6803.0;26401.0
336500;33213.0;6812.0;26401.0
336600;33035.0;6794.0;26241.0
336700;33315.0;6794.0;26521.0
336800;32845.0;6844.0;26001.0
336900;33405.0;6844.0;26561.0
337000;33147.5;6826.5;26321.0
337100;33280.0;6839.0;26441.0
337200;33218.0;6897.0;26321.0
337300;33308.0;6947.0;26361.0
337400;33296.0;6935.0;26361.0
337500;33316.0;6955.0;26361.0
337600;33428.0;6947.0;26481.0
337700;33420.0;6939.0;26481.0
337800;33428.0;6947.0;26481.0
337900;33468.0;6947.0;26521.0
338000;33468.0;6947.0;26521.0
338100;33348.0;6947.0;26401.0
338200;33508.0;6947.0;26561.0
338300;33500.0;6939.0;26561.0
338400;33500.0;6939.0;26561.0
338500;33500.0;6939.0;26561.0
338600;33500.0;6939.0;26561.0
338700;33504.0;6943.0;26561.0
338800;33504.0;6943.0;26561.0
338900;33540.0;6939.0;26601.0
339000;33536.0;6935.0;26601.0
339100;33544.0;6943.0;26601.0
339200;33572.0;6931.0;26641.0
339300;33572.0;6931.0;26641.0
339400;33584.0;6943.0;26641.0
339500;33452.0;6931.0;26521.0
339600;33572.0;6931.0;26641.0
339700;33572.0;6931.0;26641.0
339800;33572.0;6931.0;26641.0
339900;33612.0;6931.0;26681.0
340000;33484.0;6923.0;26561.0
340100;33612.0;6931.0;26681.0
340200;33652.0;6931.0;26721.0
340300;33660.0;6939.0;26721.0
340400;33652.0;6931.0;26721.0
340500;33652.0;6931.0;26721.0
340600;33652.0;6931.0;26721.0
340700;33546.0;6945.0;26601.0
340800;33663.0;6942.0;26721.0
340900;33706.0;6945.0;26761.0
341000;33580.0;6939.0;26641.0
341100;33706.0;6945.0;26761.0
341200;33774.0;6973.0;26801.0
341300;33774.0;6973.0;26801.0
341400;33766.0;6965.0;26801.0
341500;33886.0;6965.0;26921.0
341600;33758.0;6957.0;26801.0
341700;33766.0;6965.0;26801.0
341800;33766.0;6965.0;26801.0
341900;33806.0;6965.0;26841.0
342000;33806.0;6965.0;26841.0
342100;33922.0;6961.0;26961.0
342200;33842.0;6961.0;26881.0
342300;33854.0;6973.0;26881.0
342400;33734.0;6973.0;26761.0
342500;33854.0;6973.0;26881.0
342600;33734.0;6973.0;26761.0
342700;33854.0;6973.0;26881.0
342800;33854.0;6973.0;26881.0
342900;33894.0;6973.0;26921.0
343000;33898.0;6977.0;26921.0
343100;33914.0;6993.0;26921.0
343200;33827.5;6906.5;26921.0
343300;33841.0;7000.0;26841.0
343400;33935.5;6974.5;26961.0
343500;33952.5;6991.5;26961.0
343600;33961.0;7000.0;26961.0
343700;33841.0;7000.0;26841.0
343800;33961.0;7000.0;26961.0
343900;34018.0;7017.0;27001.0
344000;33578.0;7017.0;26561.0
344100;34138.0;7017.0;27121.0
344200;34086.0;7045.0;27041.0
344300;34086.0;7045.0;27041.0
344400;34086.0;7045.0;27041.0
344500;34086.0;7045.0;27041.0
344600;33667.0;7066.0;26601.0
344700;34065.0;7024.0;27041.0
344800;34065.0;7024.0;27041.0
344900;33665.0;7024.0;26641.0
345000;34105.0;7024.0;27081.0
345100;34246.0;7045.0;27201.0
345200;34145.0;7024.0;27121.0
345300;34025.0;7024.0;27001.0
345400;34145.0;7024.0;27121.0
345500;33945.0;7024.0;26921.0
345600;34025.0;7024.0;27001.0
345700;34166.0;7045.0;27121.0
345800;34187.0;7066.0;27121.0
345900;34227.0;7066.0;27161.0
346000;34227.0;7066.0;27161.0
346100;34227.0;7066.0;27161.0
346200;34391.0;7070.0;27321.0
346300;34355.0;7154.0;27201.0
346400;34221.0;7140.0;27081.0
346500;34271.0;7070.0;27201.0
346600;34229.0;7028.0;27201.0
346700;34271.0;7070.0;27201.0
346800;34431.0;7070.0;27361.0
346900;34311.0;7070.0;27241.0
347000;34227.0;6986.0;27241.0
347100;34339.0;7098.0;27241.0
347200;34407.0;7126.0;27281.0
347300;34407.0;7126.0;27281.0
347400;34379.0;7098.0;27281.0
347500;34379.0;7098.0;27281.0
347600;34351.0;7070.0;27281.0
347700;34379.0;7098.0;27281.0
347800;34379.0;7098.0;27281.0
347900;34379.0;7098.0;27281.0
348000;34489.0;7168.0;27321.0
348100;34447.0;7126.0;27321.0
348200;34487.0;7126.0;27361.0
348300;34459.0;7098.0;27361.0
348400;34431.0;7070.0;27361.0
348500;34431.0;7070.0;27361.0
348600;34515.0;7154.0;27361.0
348700;34339.0;7098.0;27241.0
348800;34431.0;7070.0;27361.0
348900;34591.0;7070.0;27521.0
349000;34351.0;7070.0;27281.0
349100;34471.0;7070.0;27401.0
349200;34407.0;7126.0;27281.0
349300;34511.0;7070.0;27441.0
349400;34483.0;7042.0;27441.0
349500;34483.0;7042.0;27441.0
349600;34483.0;7042.0;27441.0
349700;34399.0;7078.0;27321.0
349800;34375.0;7054.0;27321.0
349900;34523.0;7042.0;27481.0
350000;34319.0;6958.0;27361.0
350100;34499.0;7018.0;27481.0
350200;34539.0;7018.0;27521.0
350300;34419.0;7018.0;27401.0
350400;34574.0;7053.0;27521.0
350500;34574.0;7053.0;27521.0
350600;34974.0;7053.0;27921.0
350700;34574.0;7053.0;27521.0
350800;34574.0;7053.0;27521.0
350900;34633.0;7072.0;27561.0
351000;34633.0;7072.0;27561.0
351100;34633.0;7072.0;27561.0
351200;34673.0;7072.0;27601.0
351300;34673.0;7072.0;27601.0
351400;34793.0;7072.0;27721.0
351500;34812.0;7091.0;27721.0
351600;34673.0;7072.0;27601.0
351700;34692.0;7091.0;27601.0
351800;34727.0;7126.0;27601.0
351900;34922.0;7161.0;27761.0
352000;34647.0;7126.0;27521.0
352100;34774.0;7133.0;27641.0
352200;34621.0;7140.0;27481.0
352300;35221.0;7140.0;28081.0
352400;34807.0;7126.0;27681.0
352500;34807.0;7126.0;27681.0
352600;34807.0;7126.0;27681.0
352700;34927.0;7126.0;27801.0
352800;34687.0;7126.0;27561.0
352900;34833.0;7112.0;27721.0
353000;34868.0;7147.0;27721.0
353100;34868.0;7147.0;27721.0
353200;34927.0;7166.0;27761.0
353300;34908.0;7147.0;27761.0
353400;34908.0;7147.0;27761.0
353500;34908.0;7147.0;27761.0
353600;34496.5;7175.5;27321.0
353700;34908.0;7147.0;27761.0
353800;34508.0;7147.0;27361.0
353900;34948.0;7147.0;27801.0
354000;34828.0;7147.0;27681.0
354100;35087.0;7166.0;27921.0
354200;35007.0;7166.0;27841.0
354300;35007.0;7166.0;27841.0
354400;34978.5;7137.5;27841.0
354500;35007.0;7166.0;27841.0
354600;35136.5;7175.5;27961.0
354700;35026.0;7185.0;27841.0
354800;35186.0;7185.0;28001.0
354900;35066.0;7185.0;27881.0
355000;35047.0;7166.0;27881.0
355100;35085.0;7204.0;27881.0
355200;35106.0;7185.0;27921.0
355300;35087.0;7166.0;27921.0
355400;35106.0;7185.0;27921.0
355500;35087.0;7166.0;27921.0
355600;35106.0;7185.0;27921.0
355700;35226.0;7185.0;28041.0
355800;35087.0;7166.0;27921.0
355900;35096.5;7175.5;27921.0
356000;35127.0;7166.0;27961.0
356100;35127.0;7166.0;27961.0
356200;35268.0;7147.0;28121.0
356300;35148.0;7147.0;28001.0
356400;35047.0;7166.0;27881.0
356500;35138.5;7137.5;28001.0
356600;35287.0;7166.0;28121.0
356700;35249.0;7248.0;28001.0
356800;35249.0;7248.0;28001.0
356900;35289.0;7248.0;28041.0
357000;35289.0;7248.0;28041.0
357100;35169.0;7248.0;27921.0
357200;35459.0;7258.0;28201.0
357300;35349.0;7268.0;28081.0
357400;35219.0;7258.0;27961.0
357500;35480.0;7279.0;28201.0
357600;35347.0;7266.0;28081.0
357700;35347.0;7266.0;28081.0
357800;35360.0;7279.0;28081.0
357900;35560.0;7279.0;28281.0
358000;35348.0;7227.0;28121.0
358100;35419.5;7298.5;28121.0
358200;35260.5;7259.5;28001.0
358300;35267.0;7266.0;28001.0
358400;35448.0;7287.0;28161.0
358500;35448.0;7287.0;28161.0
358600;35568.0;7287.0;28281.0
358700;35578.0;7257.0;28321.0
358800;35458.0;7297.0;28161.0
358900;35498.0;7297.0;28201.0
359000;35158.0;7277.0;27881.0
359100;35488.0;7287.0;28201.0
359200;35528.0;7287.0;28241.0
359300;35577.0;7336.0;28241.0
359400;35556.0;7315.0;28241.0
359500;35556.0;7315.0;28241.0
359600;35450.0;7329.0;28121.0
359700;35577.0;7336.0;28241.0
359800;35556.0;7315.0;28241.0
359900;35610.0;7329.0;28281.0
360000;35695.0;7294.0;28401.0
360100;35737.0;7336.0;28401.0
360200;35622.0;7301.0;28321.0
360300;35495.0;7294.0;28201.0
360400;35735.0;7294.0;28441.0
360500;35636.0;7315.0;28321.0
360600;35636.0;7315.0;28321.0
360700;35742.0;7301.0;28441.0
360800;35502.0;7301.0;28201.0
360900;35662.0;7301.0;28361.0
361000;35669.0;7308.0;28361.0
361100;35810.0;7329.0;28481.0
361200;35702.0;7301.0;28401.0
361300;36102.0;7301.0;28801.0
361400;35744.0;7343.0;28401.0
361500;35744.0;7343.0;28401.0
361600;35380.0;7419.0;27961.0
361700;35886.0;7365.0;28521.0
361800;35760.0;7359.0;28401.0
361900;35800.0;7359.0;28441.0
362000;35812.0;7371.0;28441.0
362100;35932.0;7371.0;28561.0
362200;35864.0;7383.0;28481.0
362300;35852.0;7371.0;28481.0
362400;35852.0;7371.0;28481.0
362500;35412.0;7371.0;28041.0
362600;35882.0;7401.0;28481.0
362700;35840.0;7359.0;28481.0
362800;35840.0;7359.0;28481.0
362900;35880.0;7359.0;28521.0
363000;35892.0;7371.0;28521.0
363100;36000.0;7359.0;28641.0
363200;36070.0;7389.0;28681.0
363300;35950.0;7389.0;28561.0
363400;35820.0;7379.0;28441.0
363500;35940.0;7379.0;28561.0
363600;35820.0;7379.0;28441.0
363700;35944.0;7383.0;28561.0
363800;35940.0;7379.0;28561.0
363900;35980.0;7379.0;28601.0
364000;35980.0;7379.0;28601.0
364100;35980.0;7379.0;28601.0
364200;35980.0;7379.0;28601.0
364300;36020.0;7379.0;28641.0
364400;36020.0;7379.0;28641.0
364500;35900.0;7379.0;28521.0
364600;36020.0;7379.0;28641.0
364700;36140.0;7379.0;28761.0
364800;36020.0;7379.0;28641.0
364900;36022.0;7381.0;28641.0
365000;36059.0;7378.0;28681.0
365100;36059.0;7378.0;28681.0
365200;36099.0;7378.0;28721.0
365300;36121.0;7400.0;28721.0
365400;35686.0;7405.0;28281.0
365500;36246.0;7405.0;28841.0
365600;36126.0;7405.0;28721.0
365700;36139.0;7418.0;28721.0
365800;36294.5;7413.5;28881.0
365900;36173.0;7412.0;28761.0
366000;36174.5;7413.5;28761.0
366100;36294.5;7413.5;28881.0
366200;36214.0;7413.0;28801.0
366300;36214.0;7413.0;28801.0
366400;36214.0;7413.0;28801.0
366500;36213.0;7412.0;28801.0
366600;36212.0;7411.0;28801.0
366700;36212.5;7411.5;28801.0
366800;36053.0;7412.0;28641.0
366900;36253.0;7412.0;28841.0
367000;36253.0;7412.0;28841.0
367100;36222.5;7381.5;28841.0
367200;36323.0;7442.0;28881.0
367300;36323.0;7442.0;28881.0
367400;36323.0;7442.0;28881.0
367500;36443.0;7442.0;29001.0
367600;36323.0;7442.0;28881.0
367700;36323.0;7442.0;28881.0
367800;36317.5;7436.5;28881.0
367900;36346.5;7425.5;28921.0
368000;36390.5;7469.5;28921.0
368100;36352.0;7431.0;28921.0
368200;36248.5;7447.5;28801.0
368300;36392.0;7431.0;28961.0
368400;36381.0;7420.0;28961.0
368500;36403.0;7442.0;28961.0
368600;36381.0;7420.0;28961.0
368700;36392.0;7431.0;28961.0
368800;36443.0;7442.0;29001.0
368900;36448.5;7447.5;29001.0
369000;36241.0;7360.0;28881.0
369100;36421.0;7420.0;29001.0
369200;36431.0;7430.0;29001.0
369300;36591.0;7430.0;29161.0
369400;36501.0;7460.0;29041.0
369500;36501.0;7460.0;29041.0
369600;36481.0;7440.0;29041.0
369700;36561.0;7400.0;29161.0
369800;36501.0;7460.0;29041.0
369900;36421.0;7460.0;28961.0
370000;36541.0;7460.0;29081.0
370100;36541.0;7460.0;29081.0
370200;36581.0;7460.0;29121.0
370300;36581.0;7460.0;29121.0
370400;36581.0;7460.0;29121.0
370500;36533.5;7532.5;29001.0
370600;36593.5;7472.5;29121.0
370700;36608.5;7487.5;29121.0
370800;36693.5;7412.5;29281.0
370900;36641.0;7480.0;29161.0
371000;36633.5;7472.5;29161.0
371100;36626.0;7465.0;29161.0
371200;36666.0;7465.0;29201.0
371300;36681.0;7480.0;29201.0
371400;36681.0;7480.0;29201.0
371500;36681.0;7480.0;29201.0
371600;36681.0;7480.0;29201.0
371700;36681.0;7480.0;29201.0
371800;36681.0;7480.0;29201.0
371900;36698.5;7457.5;29241.0
372000;36841.0;7480.0;29361.0
372100;36721.0;7480.0;29241.0
372200;36761.0;7480.0;29281.0
372300;36321.0;7480.0;28841.0
372400;36776.0;7495.0;29281.0
372500;36776.0;7495.0;29281.0
372600;36761.0;7480.0;29281.0
372700;36761.0;7480.0;29281.0
372800;36921.0;7480.0;29441.0
372900;36801.0;7480.0;29321.0
373000;36801.0;7480.0;29321.0
373100;37246.0;7525.0;29721.0
373200;36726.0;7525.0;29201.0
373300;36856.0;7495.0;29361.0
373400;36841.0;7480.0;29361.0
373500;36841.0;7480.0;29361.0
373600;36841.0;7480.0;29361.0
373700;36946.0;7465.0;29481.0
373800;36841.0;7480.0;29361.0
373900;36911.0;7510.0;29401.0
374000;36896.0;7495.0;29401.0
374100;37016.0;7495.0;29521.0
374200;36761.0;7480.0;29281.0
374300;36958.5;7517.5;29441.0
374400;36921.0;7480.0;29441.0
374500;36936.0;7495.0;29441.0
374600;36801.0;7480.0;29321.0
374700;36936.0;7495.0;29441.0
374800;36906.0;7465.0;29441.0
374900;36961.0;7480.0;29481.0
375000;36961.0;7480.0;29481.0
375100;36961.0;7480.0;29481.0
375200;37001.0;7480.0;29521.0
375300;37029.0;7508.0;29521.0
375400;37031.0;7510.0;29521.0
375500;37047.0;7526.0;29521.0
375600;37047.0;7526.0;29521.0
375700;36927.0;7526.0;29401.0
375800;37047.0;7526.0;29521.0
375900;37207.0;7526.0;29681.0
376000;37207.0;7526.0;29681.0
376100;37087.0;7526.0;29561.0
376200;37111.0;7510.0;29601.0
376300;37271.0;7550.0;29721.0
376400;37143.0;7542.0;29601.0
376500;37111.0;7510.0;29601.0
376600;37127.0;7526.0;29601.0
376700;36567.0;7526.0;29041.0
376800;37151.0;7510.0;29641.0
376900;37143.0;7502.0;29641.0
377000;37167.0;7526.0;29641.0
377100;37167.0;7526.0;29641.0
377200;37175.0;7494.0;29681.0
377300;37191.0;7510.0;29681.0
377400;37219.0;7538.0;29681.0
377500;37219.0;7538.0;29681.0
377600;37239.0;7558.0;29681.0
377700;37329.0;7528.0;29801.0
377800;37359.0;7558.0;29801.0
377900;37279.0;7558.0;29721.0
378000;37279.0;7558.0;29721.0
378100;37279.0;7558.0;29721.0
378200;37249.0;7528.0;29721.0
378300;37339.0;7578.0;29761.0
378400;37495.0;7614.0;29881.0
378500;37423.0;7542.0;29881.0
378600;37303.0;7542.0;29761.0
378700;37303.0;7542.0;29761.0
378800;37303.0;7542.0;29761.0
378900;37447.0;7526.0;29921.0
379000;37479.0;7558.0;29921.0
379100;37383.0;7582.0;29801.0
379200;37415.0;7574.0;29841.0
379300;37519.0;7558.0;29961.0
379400;37399.0;7558.0;29841.0
379500;37399.0;7558.0;29841.0
379600;37399.0;7558.0;29841.0
379700;37399.0;7558.0;29841.0
379800;37279.0;7558.0;29721.0
379900;37407.0;7526.0;29881.0
380000;37319.0;7558.0;29761.0
380100;37423.0;7542.0;29881.0
380200;37583.0;7542.0;30041.0
380300;37327.0;7526.0;29801.0
380400;37447.0;7526.0;29921.0
380500;37351.0;7550.0;29801.0
380600;37599.0;7558.0;30041.0
380700;37471.0;7550.0;29921.0
380800;37479.0;7558.0;29921.0
380900;37535.0;7614.0;29921.0
381000;37565.0;7604.0;29961.0
381100;37609.0;7648.0;29961.0
381200;37747.0;7626.0;30121.0
381300;37769.0;7648.0;30121.0
381400;37747.0;7626.0;30121.0
381500;37747.0;7626.0;30121.0
381600;37649.0;7648.0;30001.0
381700;37705.0;7704.0;30001.0
381800;37777.0;7616.0;30161.0
381900;37657.0;7616.0;30041.0
382000;37673.0;7632.0;30041.0
382100;37777.0;7616.0;30161.0
382200;38057.0;7616.0;30441.0
382300;37697.0;7616.0;30081.0
382400;37801.0;7600.0;30201.0
382500;37681.0;7600.0;30081.0
382600;37681.0;7600.0;30081.0
382700;37721.0;7640.0;30081.0
382800;37713.0;7632.0;30081.0
382900;37721.0;7600.0;30121.0
383000;37763.0;7642.0;30121.0
383100;38163.0;7642.0;30521.0
383200;37803.0;7642.0;30161.0
383300;37803.0;7642.0;30161.0
383400;37803.0;7642.0;30161.0
383500;37933.0;7652.0;30281.0
383600;37720.5;7679.5;30041.0
383700;37818.0;7657.0;30161.0
383800;37978.0;7657.0;30321.0
383900;37848.0;7647.0;30201.0
384000;37879.5;7678.5;30201.0
384100;37884.0;7683.0;30201.0
384200;37933.0;7692.0;30241.0
384300;37946.5;7705.5;30241.0
384400;37951.0;7710.0;30241.0
384500;37942.0;7701.0;30241.0
384600;37946.5;7705.5;30241.0
384700;37822.0;7701.0;30121.0
384800;37858.0;7737.0;30121.0
384900;37973.0;7692.0;30281.0
385000;37853.0;7692.0;30161.0
385100;37982.0;7701.0;30281.0
385200;38013.0;7692.0;30321.0
385300;38133.0;7692.0;30441.0
385400;38133.0;7692.0;30441.0
385500;38004.0;7683.0;30321.0
385600;38040.0;7719.0;30321.0
385700;38013.0;7692.0;30321.0
385800;38013.0;7692.0;30321.0
385900;38017.0;7656.0;30361.0
386000;38053.0;7692.0;30361.0
386100;38053.0;7692.0;30361.0
386200;38093.0;7692.0;30401.0
386300;37973.0;7692.0;30281.0
386400;37973.0;7692.0;30281.0
386500;38124.5;7723.5;30401.0
386600;38084.0;7683.0;30401.0
386700;38075.0;7674.0;30401.0
386800;38075.0;7674.0;30401.0
386900;38084.0;7683.0;30401.0
387000;38137.5;7696.5;30441.0
387100;38035.5;7714.5;30321.0
387200;38119.5;7678.5;30441.0
387300;38173.0;7692.0;30481.0
387400;38173.0;7692.0;30481.0
387500;38173.0;7692.0;30481.0
387600;38164.0;7683.0;30481.0
387700;38164.0;7683.0;30481.0
387800;38333.0;7692.0;30641.0
387900;38102.0;7701.0;30401.0
388000;38213.0;7692.0;30521.0
388100;38351.0;7710.0;30641.0
388200;38213.0;7692.0;30521.0
388300;38266.5;7705.5;30561.0
388400;38133.0;7692.0;30441.0
388500;38053.0;7692.0;30361.0
388600;38266.5;7705.5;30561.0
388700;38386.5;7705.5;30681.0
388800;38266.5;7705.5;30561.0
388900;38173.0;7692.0;30481.0
389000;38293.0;7692.0;30601.0
389100;38293.0;7692.0;30601.0
389200;38337.5;7696.5;30641.0
389300;38337.5;7696.5;30641.0
389400;38444.0;7683.0;30761.0
389500;38324.0;7683.0;30641.0
389600;38342.0;7701.0;30641.0
389700;38333.0;7692.0;30641.0
389800;38403.0;7762.0;30641.0
389900;38504.0;7823.0;30681.0
390000;38504.0;7823.0;30681.0
390100;38513.0;7832.0;30681.0
390200;38384.0;7823.0;30561.0
390300;38553.0;7832.0;30721.0
390400;38616.0;7895.0;30721.0
390500;38481.0;7880.0;30601.0
390600;38601.0;7880.0;30721.0
390700;38586.0;7865.0;30721.0
390800;38646.0;7925.0;30721.0
390900;38746.0;7865.0;30881.0
391000;38633.5;7872.5;30761.0
391100;38669.0;7908.0;30761.0
391200;38659.5;7898.5;30761.0
391300;38848.0;7927.0;30921.0
391400;38848.0;7927.0;30921.0
391500;38747.0;7946.0;30801.0
391600;38728.0;7927.0;30801.0
391700;38766.0;7965.0;30801.0
391800;38747.0;7946.0;30801.0
391900;38768.0;7927.0;30841.0
392000;38787.0;7946.0;30841.0
392100;38768.0;7927.0;30841.0
392200;38827.0;7946.0;30881.0
392300;38982.0;7981.0;31001.0
392400;38756.0;7995.0;30761.0
392500;38869.0;7988.0;30881.0
392600;38989.0;7988.0;31001.0
392700;38756.0;7995.0;30761.0
392800;39036.0;7995.0;31041.0
392900;38916.0;7995.0;30921.0
393000;38916.0;7995.0;30921.0
393100;38796.0;7995.0;30801.0
393200;39062.0;7981.0;31081.0
393300;38942.0;7981.0;30961.0
393400;38956.0;7995.0;30961.0
393500;38977.0;8016.0;30961.0
393600;39097.0;8016.0;31081.0
393700;38942.0;7981.0;30961.0
393800;38956.0;7995.0;30961.0
393900;38996.0;7995.0;31001.0
394000;38975.0;7974.0;31001.0
394100;38996.0;7995.0;31001.0
394200;39022.0;7981.0;31041.0
394300;38902.0;7981.0;30921.0
394400;38902.0;7981.0;30921.0
394500;39022.0;7981.0;31041.0
394600;39036.0;7995.0;31041.0
394700;38937.0;7896.0;31041.0
394800;39003.5;7962.5;31041.0
394900;39117.5;8076.5;31041.0
395000;39232.0;7991.0;31241.0
395100;39232.0;7991.0;31241.0
395200;39112.0;7991.0;31121.0
395300;39001.5;8000.5;31001.0
395400;39102.5;7981.5;31121.0
395500;39213.0;7972.0;31241.0
395600;39093.0;7972.0;31121.0
395700;38973.0;7972.0;31001.0
395800;39001.5;8000.5;31001.0
395900;38963.5;7962.5;31001.0
396000;39152.0;7991.0;31161.0
396100;39133.0;7972.0;31161.0
396200;39133.0;7972.0;31161.0
396300;39192.0;7991.0;31201.0
396400;39192.0;7991.0;31201.0
396500;39192.0;7991.0;31201.0
396600;39192.0;7991.0;31201.0
396700;39182.5;7981.5;31201.0
396800;39201.5;8000.5;31201.0
396900;39232.0;7991.0;31241.0
397000;39232.0;7991.0;31241.0
397100;39232.0;7991.0;31241.0
397200;39270.0;8029.0;31241.0
397300;39272.0;7991.0;31281.0
397400;39272.0;7991.0;31281.0
397500;39392.0;7991.0;31401.0
397600;39338.5;8057.5;31281.0
397700;39411.0;8010.0;31401.0
397800;39291.0;8010.0;31281.0
397900;39331.0;8010.0;31321.0
398000;39230.0;8029.0;31201.0
398100;39432.0;7991.0;31441.0
398200;39361.5;8000.5;31361.0
398300;39342.5;7981.5;31361.0
398400;39342.5;7981.5;31361.0
398500;39371.0;8010.0;31361.0
398600;39390.0;8029.0;31361.0
398700;39447.0;8086.0;31361.0
398800;39327.0;8086.0;31241.0
398900;39550.0;8029.0;31521.0
399000;39531.0;8010.0;31521.0
399100;39411.0;8010.0;31401.0
399200;39291.0;8010.0;31281.0
399300;39331.0;8010.0;31321.0
399400;39413.0;7972.0;31441.0
399500;39432.0;7991.0;31441.0
399600;39422.5;7981.5;31441.0
399700;39340.5;8019.5;31321.0
399800;39432.0;7991.0;31441.0
399900;39472.0;7991.0;31481.0
400000;39500.5;8019.5;31481.0
400100;39491.0;8010.0;31481.0
400200;39371.0;8010.0;31361.0
400300;39502.5;7981.5;31521.0
400400;39531.0;8010.0;31521.0
400500;39477.5;8076.5;31401.0
400600;39521.5;8000.5;31521.0
400700;39512.0;7991.0;31521.0
400800;39531.0;8010.0;31521.0
400900;39571.0;8010.0;31561.0
401000;39131.0;8010.0;31121.0
401100;39131.0;8010.0;31121.0
401200;39580.5;8019.5;31561.0
401300;39630.0;8029.0;31601.0
401400;39698.0;8097.0;31601.0
401500;40098.0;8097.0;32001.0
401600;39635.0;8034.0;31601.0
401700;39698.0;8097.0;31601.0
401800;39853.0;8092.0;31761.0
401900;39853.0;8092.0;31761.0
402000;39733.0;8092.0;31641.0
402100;39728.0;8087.0;31641.0
402200;39723.0;8082.0;31641.0
402300;39768.0;8087.0;31681.0
402400;39803.0;8122.0;31681.0
402500;39803.0;8122.0;31681.0
402600;39803.0;8122.0;31681.0
402700;39693.0;8132.0;31561.0
402800;39853.0;8132.0;31721.0
402900;39853.0;8132.0;31721.0
403000;39853.0;8132.0;31721.0
403100;39838.0;8117.0;31721.0
403200;39838.0;8117.0;31721.0
403300;39718.0;8117.0;31601.0
403400;39893.0;8132.0;31761.0
403500;39688.0;8127.0;31561.0
403600;39883.0;8122.0;31761.0
403700;39903.0;8142.0;31761.0
403800;39928.0;8127.0;31801.0
403900;39923.0;8122.0;31801.0
404000;39908.0;8107.0;31801.0
404100;39933.0;8132.0;31801.0
404200;40063.0;8142.0;31921.0
404300;40088.0;8127.0;31961.0
404400;39853.0;8132.0;31721.0
404500;39963.0;8122.0;31841.0
404600;39973.0;8132.0;31841.0
404700;39968.0;8127.0;31841.0
404800;40128.0;8127.0;32001.0
404900;39993.0;8112.0;31881.0
405000;39893.0;8132.0;31761.0
405100;39993.0;8112.0;31881.0
405200;39997.0;8116.0;31881.0
405300;40037.0;8116.0;31921.0
405400;40025.0;8104.0;31921.0
405500;40055.0;8134.0;31921.0
405600;40169.0;8128.0;32041.0
405700;40049.0;8128.0;31921.0
405800;40083.0;8122.0;31961.0
405900;40089.0;8128.0;31961.0
406000;40089.0;8128.0;31961.0
406100;39649.0;8128.0;31521.0
406200;40089.0;8128.0;31961.0
406300;39951.0;8110.0;31841.0
406400;40009.0;8128.0;31881.0
406500;40129.0;8128.0;32001.0
406600;40249.0;8128.0;32121.0
406700;40301.0;8140.0;32161.0
406800;40199.0;8158.0;32041.0
406900;40181.0;8140.0;32041.0
407000;39741.0;8140.0;31601.0
407100;39729.0;8128.0;31601.0
407200;40073.0;8152.0;31921.0
407300;40039.0;8158.0;31881.0
407400;40277.0;8196.0;32081.0
407500;40393.0;8192.0;32201.0
407600;40277.0;8196.0;32081.0
407700;40277.0;8196.0;32081.0
407800;40433.0;8192.0;32241.0
407900;40437.0;8196.0;32241.0
408000;40437.0;8196.0;32241.0
408100;40317.0;8196.0;32121.0
408200;40317.0;8196.0;32121.0
408300;40197.0;8196.0;32001.0
408400;40361.0;8200.0;32161.0
408500;40357.0;8196.0;32161.0
408600;40361.0;8200.0;32161.0
408700;40357.0;8196.0;32161.0
408800;40361.0;8200.0;32161.0
408900;40361.0;8200.0;32161.0
409000;40397.0;8196.0;32201.0
409100;40393.0;8192.0;32201.0
409200;40352.0;8151.0;32201.0
409300;40556.0;8195.0;32361.0
409400;40458.0;8217.0;32241.0
409500;40371.0;8130.0;32241.0
409600;40488.0;8247.0;32241.0
409700;40323.0;8202.0;32121.0
409800;40492.0;8211.0;32281.0
409900;40519.0;8238.0;32281.0
410000;40555.0;8274.0;32281.0
410100;40399.0;8238.0;32161.0
410200;40537.0;8256.0;32281.0
410300;40435.0;8274.0;32161.0
410400;40435.0;8274.0;32161.0
410500;40577.0;8256.0;32321.0
410600;40613.0;8292.0;32321.0
410700;40541.0;8220.0;32321.0
410800;40701.0;8220.0;32481.0
410900;40626.0;8265.0;32361.0
411000;40599.0;8238.0;32361.0
411100;40599.0;8238.0;32361.0
411200;40719.0;8238.0;32481.0
411300;40639.0;8238.0;32401.0
411400;40666.0;8265.0;32401.0
411500;40639.0;8238.0;32401.0
411600;40639.0;8238.0;32401.0
411700;40519.0;8238.0;32281.0
411800;40577.0;8256.0;32321.0
411900;40697.0;8256.0;32441.0
412000;40643.0;8202.0;32441.0
412100;40679.0;8238.0;32441.0
412200;40541.0;8220.0;32321.0
412300;40701.0;8220.0;32481.0
412400;40683.0;8202.0;32481.0
412500;40665.0;8184.0;32481.0
412600;40591.0;8230.0;32361.0
412700;40773.0;8252.0;32521.0
412800;40773.0;8252.0;32521.0
412900;40795.0;8274.0;32521.0
413000;40795.0;8274.0;32521.0
413100;40795.0;8274.0;32521.0
413200;40751.0;8230.0;32521.0
413300;40977.0;8296.0;32681.0
413400;40835.0;8274.0;32561.0
413500;40933.0;8252.0;32681.0
413600;40671.0;8230.0;32441.0
413700;40693.0;8252.0;32441.0
413800;40853.0;8252.0;32601.0
413900;40853.0;8252.0;32601.0
414000;41077.0;8356.0;32721.0
414100;41037.0;8316.0;32721.0
414200;40909.0;8308.0;32601.0
414300;41077.0;8316.0;32761.0
414400;41069.0;8308.0;32761.0
414500;41077.0;8316.0;32761.0
414600;40933.0;8292.0;32641.0
414700;40997.0;8316.0;32681.0
414800;41101.0;8300.0;32801.0
414900;40997.0;8316.0;32681.0
415000;40997.0;8316.0;32681.0
415100;40997.0;8316.0;32681.0
415200;41133.0;8332.0;32801.0
415300;41037.0;8316.0;32721.0
415400;41045.0;8324.0;32721.0
415500;41037.0;8316.0;32721.0
415600;41037.0;8316.0;32721.0
415700;41037.0;8316.0;32721.0
415800;41239.0;8358.0;32881.0
415900;41272.0;8391.0;32881.0
416000;41086.0;8325.0;32761.0
416100;41133.0;8372.0;32761.0
416200;41133.0;8372.0;32761.0
416300;41173.0;8372.0;32801.0
416400;41053.0;8372.0;32681.0
416500;41029.0;8348.0;32681.0
416600;41173.0;8372.0;32801.0
416700;41237.0;8396.0;32841.0
416800;41069.0;8348.0;32721.0
416900;41093.0;8372.0;32721.0
417000;41261.0;8420.0;32841.0
417100;41237.0;8396.0;32841.0
417200;41357.0;8396.0;32961.0
417300;41301.0;8420.0;32881.0
417400;41157.0;8396.0;32761.0
417500;41277.0;8396.0;32881.0
417600;41277.0;8396.0;32881.0
417700;41205.0;8324.0;32881.0
417800;41245.0;8324.0;32921.0
417900;41341.0;8420.0;32921.0
418000;41365.0;8444.0;32921.0
418100;41365.0;8444.0;32921.0
418200;41221.0;8420.0;32801.0
418300;41221.0;8420.0;32801.0
418400;41381.0;8420.0;32961.0
418500;41381.0;8420.0;32961.0
418600;41405.0;8444.0;32961.0
418700;41393.0;8432.0;32961.0
418800;41397.0;8396.0;33001.0
418900;41589.0;8468.0;33121.0
419000;41397.0;8396.0;33001.0
419100;41445.0;8444.0;33001.0
419200;41445.0;8444.0;33001.0
419300;41437.0;8396.0;33041.0
419400;41437.0;8396.0;33041.0
419500;41413.0;8372.0;33041.0
419600;41437.0;8396.0;33041.0
419700;41437.0;8396.0;33041.0
419800;41477.0;8396.0;33081.0
419900;41477.0;8396.0;33081.0
420000;41453.0;8372.0;33081.0
420100;41513.0;8432.0;33081.0
420200;41357.0;8396.0;32961.0
420300;41517.0;8396.0;33121.0
420400;41517.0;8396.0;33121.0
420500;41481.0;8360.0;33121.0
420600;41517.0;8396.0;33121.0
420700;41397.0;8396.0;33001.0
420800;41437.0;8396.0;33041.0
420900;41533.0;8372.0;33161.0
421000;41533.0;8372.0;33161.0
421100;41533.0;8372.0;33161.0
421200;41365.0;8324.0;33041.0
421300;41633.0;8432.0;33201.0
421400;42069.0;8348.0;33721.0
421500;41573.0;8372.0;33201.0
421600;41573.0;8372.0;33201.0
421700;41525.0;8324.0;33201.0
421800;41625.0;8384.0;33241.0
421900;41589.0;8348.0;33241.0
422000;41625.0;8384.0;33241.0
422100;41625.0;8384.0;33241.0
422200;41589.0;8348.0;33241.0
422300;41653.0;8372.0;33281.0
422400;41545.0;8264.0;33281.0
422500;41593.0;8312.0;33281.0
422600;41629.0;8348.0;33281.0
422700;41653.0;8372.0;33281.0
422800;41549.0;8348.0;33201.0
422900;41789.0;8348.0;33441.0
423000;41669.0;8348.0;33321.0
423100;41669.0;8348.0;33321.0
423200;41669.0;8348.0;33321.0
423300;41613.0;8252.0;33361.0
423400;41829.0;8348.0;33481.0
423500;41709.0;8348.0;33361.0
423600;41829.0;8348.0;33481.0
423700;41685.0;8324.0;33361.0
423800;41845.0;8324.0;33521.0
423900;41688.5;8407.5;33281.0
424000;41808.5;8407.5;33401.0
424100;41843.5;8322.5;33521.0
424200;41715.0;8314.0;33401.0
424300;41858.0;8297.0;33561.0
424400;41653.0;8212.0;33441.0
424500;41738.0;8297.0;33441.0
424600;41738.0;8297.0;33441.0
424700;41780.0;8339.0;33441.0
424800;41843.0;8362.0;33481.0
424900;41843.0;8362.0;33481.0
425000;41723.0;8362.0;33361.0
425100;41963.0;8362.0;33601.0
425200;41862.0;8381.0;33481.0
425300;42422.0;8381.0;34041.0
425400;41893.5;8372.5;33521.0
425500;41927.5;8406.5;33521.0
425600;41902.0;8381.0;33521.0
425700;41942.0;8381.0;33561.0
425800;41907.0;8466.0;33441.0
425900;41991.0;8430.0;33561.0
426000;42039.0;8478.0;33561.0
426100;42039.0;8478.0;33561.0
426200;41871.0;8430.0;33441.0
426300;42007.0;8406.0;33601.0
426400;42031.0;8430.0;33601.0
426500;41911.0;8430.0;33481.0
426600;42031.0;8430.0;33601.0
426700;42079.0;8478.0;33601.0
426800;41975.0;8454.0;33521.0
426900;42191.0;8430.0;33761.0
427000;42071.0;8430.0;33641.0
427100;41951.0;8430.0;33521.0
427200;42095.0;8454.0;33641.0
427300;42135.0;8454.0;33681.0
427400;42487.0;8406.0;34081.0
427500;42511.0;8430.0;34081.0
427600;42111.0;8430.0;33681.0
427700;42111.0;8430.0;33681.0
427800;41935.0;8334.0;33601.0
427900;42139.0;8418.0;33721.0
428000;42255.0;8534.0;33721.0
428100;42159.0;8438.0;33721.0
428200;42167.0;8446.0;33721.0
428300;42063.0;8462.0;33601.0
428400;42063.0;8462.0;33601.0
428500;42087.0;8486.0;33601.0
428600;42247.0;8486.0;33761.0
428700;42207.0;8446.0;33761.0
428800;42295.0;8494.0;33801.0
428900;42247.0;8446.0;33801.0
429000;42271.0;8470.0;33801.0
429100;42247.0;8446.0;33801.0
429200;42247.0;8446.0;33801.0
429300;42223.0;8382.0;33841.0
429400;42271.0;8430.0;33841.0
429500;42287.0;8446.0;33841.0
429600;42303.0;8462.0;33841.0
429700;42271.0;8430.0;33841.0
429800;42389.0;8508.0;33881.0
429900;42389.0;8508.0;33881.0
430000;42334.0;8453.0;33881.0
430100;42377.0;8496.0;33881.0
430200;42377.0;8496.0;33881.0
430300;42423.0;8502.0;33921.0
430400;42303.0;8502.0;33801.0
430500;42417.0;8496.0;33921.0
430600;42411.0;8490.0;33921.0
430700;42426.0;8505.0;33921.0
430800;42451.0;8490.0;33961.0
430900;42445.0;8484.0;33961.0
431000;42451.0;8490.0;33961.0
431100;42451.0;8490.0;33961.0
431200;42454.0;8493.0;33961.0
431300;42322.0;8481.0;33841.0
431400;42482.0;8481.0;34001.0
431500;42611.0;8490.0;34121.0
431600;42488.0;8487.0;34001.0
431700;42488.0;8487.0;34001.0
431800;42537.0;8496.0;34041.0
431900;42657.0;8496.0;34161.0
432000;42522.0;8481.0;34041.0
432100;42691.0;8490.0;34201.0
432200;42411.0;8490.0;33921.0
432300;42577.0;8496.0;34081.0
432400;42583.0;8502.0;34081.0
432500;42457.0;8496.0;33961.0
432600;42448.0;8487.0;33961.0
432700;42617.0;8496.0;34121.0
432800;42659.0;8538.0;34121.0
432900;42659.0;8538.0;34121.0
433000;42225.0;8544.0;33681.0
433100;42207.0;8526.0;33681.0
433200;42767.0;8526.0;34241.0
433300;42741.0;8580.0;34161.0
433400;42567.0;8526.0;34041.0
433500;42687.0;8526.0;34161.0
433600;42675.0;8514.0;34161.0
433700;42609.0;8568.0;34041.0
433800;42769.0;8568.0;34201.0
433900;42787.0;8586.0;34201.0
434000;42814.0;8613.0;34201.0
434100;42733.0;8532.0;34201.0
434200;42751.0;8550.0;34201.0
434300;42791.0;8550.0;34241.0
434400;42773.0;8532.0;34241.0
434500;42653.0;8532.0;34121.0
434600;42791.0;8550.0;34241.0
434700;42791.0;8550.0;34241.0
434800;42822.0;8541.0;34281.0
434900;42849.0;8568.0;34281.0
435000;42849.0;8568.0;34281.0
435100;42831.0;8550.0;34281.0
435200;42831.0;8550.0;34281.0
435300;42813.0;8532.0;34281.0
435400;42892.0;8571.0;34321.0
435500;43012.0;8571.0;34441.0
435600;42892.0;8571.0;34321.0
435700;42934.0;8613.0;34321.0
435800;42911.0;8550.0;34361.0
435900;42942.5;8581.5;34361.0
436000;42932.0;8571.0;34361.0
436100;43332.0;8571.0;34761.0
436200;42822.5;8581.5;34241.0
436300;42972.0;8571.0;34401.0
436400;42972.0;8571.0;34401.0
436500;43092.0;8571.0;34521.0
436600;42951.0;8550.0;34401.0
436700;43014.0;8613.0;34401.0
436800;43012.0;8571.0;34441.0
436900;42787.0;8466.0;34321.0
437000;43012.0;8571.0;34441.0
437100;43043.5;8602.5;34441.0
437200;42913.0;8592.0;34321.0
437300;42913.0;8592.0;34321.0
437400;42921.5;8560.5;34361.0
437500;43073.0;8592.0;34481.0
437600;42984.5;8623.5;34361.0
437700;43233.0;8592.0;34641.0
437800;43102.5;8581.5;34521.0
437900;43134.0;8613.0;34521.0
438000;43134.0;8613.0;34521.0
438100;43254.0;8613.0;34641.0
438200;43134.0;8613.0;34521.0
438300;43174.0;8613.0;34561.0
438400;43195.0;8634.0;34561.0
438500;43595.0;8634.0;34961.0
438600;43195.0;8634.0;34561.0
438700;43195.0;8634.0;34561.0
438800;43052.0;8571.0;34481.0
438900;43115.0;8634.0;34481.0
439000;43355.0;8634.0;34721.0
439100;43270.0;8669.0;34601.0
439200;43270.0;8669.0;34601.0
439300;43286.0;8645.0;34641.0
439400;43310.0;8669.0;34641.0
439500;43430.0;8669.0;34761.0
439600;43286.0;8645.0;34641.0
439700;43318.0;8677.0;34641.0
439800;43433.5;8752.5;34681.0
439900;43420.0;8739.0;34681.0
440000;43420.0;8739.0;34681.0
440100;43420.0;8739.0;34681.0
440200;43420.0;8739.0;34681.0
440300;43481.0;8760.0;34721.0
440400;43481.0;8760.0;34721.0
440500;43481.0;8760.0;34721.0
440600;43475.0;8754.0;34721.0
440700;43489.0;8768.0;34721.0
440800;43505.0;8784.0;34721.0
440900;43425.0;8784.0;34641.0
441000;43517.0;8756.0;34761.0
441100;43533.0;8772.0;34761.0
441200;43545.0;8784.0;34761.0
441300;43689.0;8768.0;34921.0
441400;43457.0;8776.0;34681.0
441500;43577.0;8776.0;34801.0
441600;43585.0;8784.0;34801.0
441700;43737.0;8776.0;34961.0
441800;43617.0;8776.0;34841.0
441900;43563.5;8722.5;34841.0
442000;43661.0;8820.0;34841.0
442100;43606.0;8765.0;34841.0
442200;43606.0;8765.0;34841.0
442300;43690.0;8809.0;34881.0
442400;43690.0;8809.0;34881.0
442500;43706.5;8825.5;34881.0
442600;43564.5;8803.5;34761.0
442700;43903.0;8862.0;35041.0
442800;43660.5;8859.5;34801.0
442900;43788.0;8867.0;34921.0
443000;43811.0;8890.0;34921.0
443100;43810.0;8889.0;34921.0
443200;43809.0;8888.0;34921.0
443300;43809.0;8888.0;34921.0
443400;43970.0;8889.0;35081.0
443500;43850.0;8889.0;34961.0
443600;43970.0;8889.0;35081.0
443700;43850.0;8889.0;34961.0
443800;43890.0;8889.0;35001.0
443900;43890.0;8889.0;35001.0
444000;43745.0;8864.0;34881.0
444100;44056.5;8895.5;35161.0
444200;44371.0;8970.0;35401.0
444300;44011.0;8970.0;35041.0
444400;44011.0;8970.0;35041.0
444500;44011.0;8970.0;35041.0
444600;43992.0;8951.0;35041.0
444700;44011.0;8970.0;35041.0
444800;44070.0;8989.0;35081.0
444900;44070.0;8989.0;35081.0
445000;44107.0;9026.0;35081.0
445100;43987.0;9026.0;34961.0
445200;44080.0;8999.0;35081.0
445300;44120.0;8999.0;35121.0
445400;44120.0;8999.0;35121.0
445500;44147.0;9026.0;35121.0
445600;44120.0;8999.0;35121.0
445700;44120.0;8999.0;35121.0
445800;44160.0;8999.0;35161.0
445900;44187.0;9026.0;35161.0
446000;44146.5;8985.5;35161.0
446100;44160.0;8999.0;35161.0
446200;44160.0;8999.0;35161.0
446300;44119.0;8918.0;35201.0
446400;44200.0;8999.0;35201.0
446500;44039.5;8958.5;35081.0
446600;44240.5;9039.5;35201.0
446700;44200.0;8999.0;35201.0
446800;44240.0;8999.0;35241.0
446900;44213.0;8972.0;35241.0
447000;44213.0;8972.0;35241.0
447100;44160.5;9039.5;35121.0
447200;44280.5;9039.5;35241.0
447300;44440.5;9039.5;35401.0
447400;44160.0;8999.0;35161.0
447500;44280.0;8999.0;35281.0
447600;44320.5;9039.5;35281.0
447700;44280.0;8999.0;35281.0
447800;44293.0;8972.0;35321.0
447900;44227.0;9026.0;35201.0
448000;44554.0;9113.0;35441.0
448100;44264.0;8943.0;35321.0
448200;44474.0;9033.0;35441.0
448300;44494.0;9013.0;35481.0
448400;44374.0;9013.0;35361.0
448500;44374.0;9013.0;35361.0
448600;44794.0;9033.0;35761.0
448700;44384.0;9023.0;35361.0
448800;44394.0;9033.0;35361.0
448900;44454.0;9053.0;35401.0
449000;44394.0;8993.0;35401.0
449100;44470.0;9069.0;35401.0
449200;44470.0;9069.0;35401.0
449300;44510.0;9069.0;35441.0
449400;44468.0;9027.0;35441.0
449500;44510.0;9069.0;35441.0
449600;44390.0;9069.0;35321.0
449700;44522.0;9081.0;35441.0
449800;44544.0;9063.0;35481.0
449900;44430.0;9069.0;35361.0
450000;44550.0;9069.0;35481.0
450100;44532.0;9051.0;35481.0
450200;44652.0;9051.0;35601.0
450300;44698.0;9057.0;35641.0
450400;44578.0;9057.0;35521.0
450500;44578.0;9057.0;35521.0
450600;44698.0;9057.0;35641.0
450700;44578.0;9057.0;35521.0
450800;44601.5;9040.5;35561.0
450900;44762.0;9081.0;35681.0
451000;44513.0;9072.0;35441.0
451100;44619.5;9058.5;35561.0
451200;44624.0;9063.0;35561.0
451300;44664.0;9063.0;35601.0
451400;44673.0;9072.0;35601.0
451500;44668.5;9067.5;35601.0
451600;44641.5;9040.5;35601.0
451700;44655.0;9054.0;35601.0
451800;44859.0;9098.0;35761.0
451900;44739.0;9098.0;35641.0
452000;44733.0;9092.0;35641.0
452100;44853.0;9092.0;35761.0
452200;44617.0;9096.0;35521.0
452300;44844.5;9163.5;35681.0
452400;44839.0;9158.0;35681.0
452500;44850.0;9169.0;35681.0
452600;44959.0;9158.0;35801.0
452700;44839.0;9158.0;35681.0
452800;44879.0;9158.0;35721.0
452900;44999.0;9158.0;35841.0
453000;45382.5;9141.5;36241.0
453100;44862.5;9141.5;35721.0
453200;44857.0;9136.0;35721.0
453300;44897.0;9136.0;35761.0
453400;44928.0;9167.0;35761.0
453500;44933.0;9172.0;35761.0
453600;44928.0;9167.0;35761.0
453700;44869.0;9108.0;35761.0
453800;44426.0;9185.0;35241.0
453900;44986.0;9185.0;35801.0
454000;44908.0;9227.0;35681.0
454100;44958.0;9157.0;35801.0
454200;45078.0;9157.0;35921.0
454300;45092.0;9171.0;35921.0
454400;44892.0;9171.0;35721.0
454500;44913.0;9192.0;35721.0
454600;45012.0;9171.0;35841.0
454700;45012.0;9171.0;35841.0
454800;45038.0;9157.0;35881.0
454900;45165.0;9164.0;36001.0
455000;45052.0;9171.0;35881.0
455100;45172.0;9171.0;36001.0
455200;45052.0;9171.0;35881.0
455300;45134.0;9213.0;35921.0
455400;45092.0;9171.0;35921.0
455500;45092.0;9171.0;35921.0
455600;45092.0;9171.0;35921.0
455700;45106.0;9185.0;35921.0
455800;45146.0;9185.0;35961.0
455900;45052.0;9211.0;35841.0
456000;45188.0;9227.0;35961.0
456100;45180.0;9219.0;35961.0
456200;45180.0;9219.0;35961.0
456300;45220.0;9219.0;36001.0
456400;45328.0;9207.0;36121.0
456500;45208.0;9207.0;36001.0
456600;45220.0;9219.0;36001.0
456700;45220.0;9219.0;36001.0
456800;45256.0;9215.0;36041.0
456900;45268.0;9227.0;36041.0
457000;45280.0;9239.0;36041.0
457100;45268.0;9227.0;36041.0
457200;45268.0;9227.0;36041.0
457300;45260.0;9219.0;36041.0
457400;45308.0;9227.0;36081.0
457500;45308.0;9227.0;36081.0
457600;45708.0;9227.0;36481.0
457700;45308.0;9227.0;36081.0
457800;45348.0;9227.0;36121.0
457900;45360.0;9239.0;36121.0
458000;45348.0;9227.0;36121.0
458100;45348.0;9227.0;36121.0
458200;45228.0;9227.0;36001.0
458300;45504.0;9223.0;36281.0
458400;45430.0;9269.0;36161.0
458500;45409.0;9248.0;36161.0
458600;45430.0;9269.0;36161.0
458700;45416.0;9255.0;36161.0
458800;45449.0;9248.0;36201.0
458900;45470.0;9269.0;36201.0
459000;45470.0;9269.0;36201.0
459100;45491.0;9290.0;36201.0
459200;45456.0;9255.0;36201.0
459300;45700.0;9339.0;36361.0
459400;45637.0;9276.0;36361.0
459500;45397.0;9276.0;36121.0
459600;45524.0;9283.0;36241.0
459700;45524.0;9283.0;36241.0
459800;45543.0;9262.0;36281.0
459900;45543.0;9262.0;36281.0
460000;45550.0;9269.0;36281.0
460100;45564.0;9283.0;36281.0
460200;45670.0;9269.0;36401.0
460300;45590.0;9269.0;36321.0
460400;45590.0;9269.0;36321.0
460500;45583.0;9262.0;36321.0
460600;45590.0;9269.0;36321.0
460700;45456.0;9255.0;36201.0
460800;45531.0;9290.0;36241.0
460900;45651.0;9290.0;36361.0
461000;45651.0;9290.0;36361.0
461100;45616.0;9255.0;36361.0
461200;45623.0;9262.0;36361.0
461300;45684.0;9283.0;36401.0
461400;45684.0;9283.0;36401.0
461500;45684.0;9283.0;36401.0
461600;45564.0;9283.0;36281.0
461700;45684.0;9283.0;36401.0
461800;45844.0;9283.0;36561.0
461900;45766.0;9325.0;36441.0
462000;45724.0;9283.0;36441.0
462100;45773.0;9332.0;36441.0
462200;45724.0;9283.0;36441.0
462300;45724.0;9283.0;36441.0
462400;45646.0;9165.0;36481.0
462500;45776.0;9295.0;36481.0
462600;46056.0;9295.0;36761.0
462700;46026.0;9265.0;36761.0
462800;45746.0;9345.0;36401.0
462900;45674.0;9273.0;36401.0
463000;45812.0;9291.0;36521.0
463100;45950.0;9309.0;36641.0
463200;45932.0;9291.0;36641.0
463300;45834.0;9273.0;36561.0
463400;45972.0;9291.0;36681.0
463500;45732.0;9291.0;36441.0
463600;45852.0;9291.0;36561.0
463700;45913.0;9352.0;36561.0
463800;45868.0;9307.0;36561.0
463900;45830.0;9349.0;36481.0
464000;45966.0;9365.0;36601.0
464100;46086.0;9365.0;36721.0
464200;45942.0;9341.0;36601.0
464300;45822.0;9341.0;36481.0
464400;45870.0;9349.0;36521.0
464500;45886.0;9365.0;36521.0
464600;46006.0;9365.0;36641.0
464700;46014.0;9373.0;36641.0
464800;46030.0;9349.0;36681.0
464900;46150.0;9349.0;36801.0
465000;46030.0;9349.0;36681.0
465100;46046.0;9365.0;36681.0
465200;46094.0;9293.0;36801.0
465300;46070.0;9349.0;36721.0
465400;46070.0;9349.0;36721.0
465500;46112.0;9391.0;36721.0
465600;46036.0;9435.0;36601.0
465700;46036.0;9435.0;36601.0
465800;46294.0;9413.0;36881.0
465900;46052.0;9291.0;36761.0
466000;45703.0;9382.0;36321.0
466100;46062.0;9421.0;36641.0
466200;46276.0;9395.0;36881.0
466300;46182.0;9421.0;36761.0
466400;46196.0;9395.0;36801.0
466500;46076.0;9395.0;36681.0
466600;46170.0;9369.0;36801.0
466700;46170.0;9369.0;36801.0
466800;46090.0;9369.0;36721.0
466900;46197.0;9356.0;36841.0
467000;46236.0;9395.0;36841.0
467100;46236.0;9395.0;36841.0
467200;46236.0;9395.0;36841.0
467300;46289.0;9408.0;36881.0
467400;46250.0;9369.0;36881.0
467500;46250.0;9369.0;36881.0
467600;46250.0;9369.0;36881.0
467700;46250.0;9369.0;36881.0
467800;46018.0;9217.0;36801.0
467900;46300.0;9379.0;36921.0
468000;46264.0;9343.0;36921.0
468100;46394.0;9473.0;36921.0
468200;46366.0;9445.0;36921.0
468300;46564.0;9603.0;36961.0
468400;46456.0;9495.0;36961.0
468500;46444.0;9483.0;36961.0
468600;46856.0;9495.0;37361.0
468700;46616.0;9495.0;37121.0
468800;46688.0;9567.0;37121.0
468900;46508.0;9507.0;37001.0
469000;46472.0;9471.0;37001.0
469100;46472.0;9471.0;37001.0
469200;46472.0;9471.0;37001.0
469300;46316.0;9435.0;36881.0
469400;46316.0;9435.0;36881.0
469500;46608.0;9447.0;37161.0
469600;46476.0;9435.0;37041.0
469700;46512.0;9471.0;37041.0
469800;46600.0;9519.0;37081.0
469900;46408.0;9447.0;36961.0
470000;46516.0;9435.0;37081.0
470100;46408.0;9447.0;36961.0
470200;46528.0;9447.0;37081.0
470300;46568.0;9447.0;37121.0
470400;46568.0;9447.0;37121.0
470500;46532.0;9411.0;37121.0
470600;46604.0;9483.0;37121.0
470700;46568.0;9447.0;37121.0
470800;46632.0;9471.0;37161.0
470900;46792.0;9471.0;37321.0
471000;46512.0;9471.0;37041.0
471100;46752.0;9471.0;37281.0
471200;46836.0;9555.0;37281.0
471300;46920.0;9599.0;37321.0
471400;46702.0;9501.0;37201.0
471500;46681.0;9480.0;37201.0
471600;46801.0;9480.0;37321.0
471700;46702.0;9501.0;37201.0
471800;46862.0;9501.0;37361.0
471900;46784.0;9543.0;37241.0
472000;46784.0;9543.0;37241.0
472100;46804.0;9563.0;37241.0
472200;46825.0;9584.0;37241.0
472300;46865.0;9584.0;37281.0
472400;46745.0;9584.0;37161.0
472500;47010.5;9609.5;37401.0
472600;46856.5;9575.5;37281.0
472700;46907.5;9626.5;37281.0
472800;46802.0;9601.0;37201.0
472900;46819.0;9618.0;37201.0
473000;47288.0;9567.0;37721.0
473100;46947.5;9626.5;37321.0
473200;46999.5;9558.5;37441.0
473300;46919.5;9558.5;37361.0
473400;46816.5;9575.5;37241.0
473500;46962.0;9601.0;37361.0
473600;46987.5;9626.5;37361.0
473700;46962.0;9601.0;37361.0
473800;47402.0;9601.0;37801.0
473900;47002.0;9601.0;37401.0
474000;47402.0;9601.0;37801.0
474100;47122.0;9601.0;37521.0
474200;46907.5;9626.5;37281.0
474300;47059.0;9618.0;37441.0
474400;47042.0;9601.0;37441.0
474500;46939.0;9618.0;37321.0
474600;46930.5;9609.5;37321.0
474700;47033.5;9592.5;37441.0
474800;47099.0;9618.0;37481.0
474900;47099.0;9618.0;37481.0
475000;47236.0;9635.0;37601.0
475100;47150.0;9669.0;37481.0
475200;46979.0;9618.0;37361.0
475300;47259.0;9618.0;37641.0
475400;47259.0;9618.0;37641.0
475500;47156.0;9635.0;37521.0
475600;47173.0;9652.0;37521.0
475700;47181.5;9660.5;37521.0
475800;47213.0;9652.0;37561.0
475900;47093.0;9652.0;37441.0
476000;47213.0;9652.0;37561.0
476100;47213.0;9652.0;37561.0
476200;47316.0;9635.0;37681.0
476300;47093.0;9652.0;37441.0
476400;47145.0;9704.0;37441.0
476500;47316.0;9715.0;37601.0
476600;47283.0;9682.0;37601.0
476700;47421.0;9660.0;37761.0
476800;47465.0;9704.0;37761.0
476900;47214.0;9693.0;37521.0
477000;47225.0;9704.0;37521.0
477100;47433.0;9792.0;37641.0
477200;47409.0;9768.0;37641.0
477300;47009.0;9768.0;37241.0
477400;47449.0;9768.0;37681.0
477500;47449.0;9768.0;37681.0
477600;47433.0;9752.0;37681.0
477700;47433.0;9752.0;37681.0
477800;47457.0;9736.0;37721.0
477900;47593.0;9752.0;37841.0
478000;47497.0;9776.0;37721.0
478100;47497.0;9776.0;37721.0
478200;47473.0;9752.0;37721.0
478300;47513.0;9752.0;37761.0
478400;47513.0;9752.0;37761.0
478500;47430.0;9789.0;37641.0
478600;47592.0;9831.0;37761.0
478700;47482.5;9841.5;37641.0
478800;47632.0;9831.0;37801.0
478900;47632.0;9831.0;37801.0
479000;47766.0;9845.0;37921.0
479100;47639.0;9838.0;37801.0
479200;47646.0;9845.0;37801.0
479300;47679.0;9838.0;37841.0
479400;47672.0;9831.0;37841.0
479500;47661.5;9820.5;37841.0
479600;47558.5;9837.5;37721.0
479700;47686.0;9845.0;37841.0
479800;47721.0;9840.0;37881.0
479900;47716.0;9835.0;37881.0
480000;47721.0;9840.0;37881.0
480100;47854.0;9853.0;38001.0
480200;47849.5;9848.5;38001.0
480300;47769.5;9848.5;37921.0
480400;47768.0;9847.0;37921.0
480500;47768.0;9847.0;37921.0
480600;47648.0;9847.0;37801.0
480700;47928.0;9847.0;38081.0
480800;47809.0;9848.0;37961.0
480900;47809.0;9848.0;37961.0
481000;47689.0;9848.0;37841.0
481100;47689.0;9848.0;37841.0
481200;47809.5;9848.5;37961.0
481300;47970.0;9849.0;38121.0
481400;47968.5;9847.5;38121.0
481500;47848.5;9847.5;38001.0
481600;47850.0;9849.0;38001.0
481700;47850.0;9849.0;38001.0
481800;47890.0;9849.0;38041.0
481900;47893.0;9852.0;38041.0
482000;48008.5;9847.5;38161.0
482100;48011.0;9850.0;38161.0
482200;48011.0;9850.0;38161.0
482300;47935.0;9854.0;38081.0
482400;48053.0;9852.0;38201.0
482500;47932.0;9851.0;38081.0
482600;47967.0;9886.0;38081.0
482700;48015.5;9934.5;38081.0
482800;48055.5;9934.5;38121.0
482900;48055.5;9934.5;38121.0
483000;48042.0;9921.0;38121.0
483100;48042.0;9921.0;38121.0
483200;48042.0;9921.0;38121.0
483300;48082.0;9921.0;38161.0
483400;48536.0;9855.0;38681.0
483500;48048.0;9887.0;38161.0
483600;48088.0;9927.0;38161.0
483700;48088.0;9927.0;38161.0
483800;48176.0;9975.0;38201.0
483900;48168.0;9967.0;38201.0
484000;48048.0;9967.0;38081.0
484100;48168.0;9967.0;38201.0
484200;48136.0;9935.0;38201.0
484300;48184.0;9983.0;38201.0
484400;48136.0;9935.0;38201.0
484500;48136.0;9935.0;38201.0
484600;48192.0;9951.0;38241.0
484700;48248.0;10007.0;38241.0
484800;48232.0;9951.0;38281.0
484900;48216.0;9935.0;38281.0
485000;48224.0;9943.0;38281.0
485100;48224.0;9943.0;38281.0
485200;48248.0;9967.0;38281.0
485300;48288.0;9967.0;38321.0
485400;48288.0;9967.0;38321.0
485500;48272.0;9951.0;38321.0
485600;48136.0;9935.0;38201.0
485700;48272.0;9951.0;38321.0
485800;48312.0;9951.0;38361.0
485900;48312.0;9951.0;38361.0
486000;47872.0;9951.0;37921.0
486100;48312.0;9951.0;38361.0
486200;48696.0;9935.0;38761.0
486300;48328.0;9927.0;38401.0
486400;48472.0;9951.0;38521.0
486500;48248.0;9967.0;38281.0
486600;48368.0;9967.0;38401.0
486700;48312.0;9911.0;38401.0
486800;48288.0;9967.0;38321.0
486900;48288.0;9967.0;38321.0
487000;48392.0;9951.0;38441.0
487100;48304.0;9983.0;38321.0
487200;48565.0;10004.0;38561.0
487300;48485.0;10004.0;38481.0
487400;48485.0;10004.0;38481.0
487500;48529.5;10048.5;38481.0
487600;48538.0;10057.0;38481.0
487700;48544.0;10063.0;38481.0
487800;48464.0;10063.0;38401.0
487900;48628.0;10107.0;38521.0
488000;48628.0;10107.0;38521.0
488100;48748.0;10107.0;38641.0
488200;48628.0;10107.0;38521.0
488300;48508.0;10107.0;38401.0
488400;48558.0;9997.0;38561.0
488500;48504.0;10063.0;38441.0
488600;48657.0;10096.0;38561.0
488700;48657.0;10096.0;38561.0
488800;48664.0;10063.0;38601.0
488900;48686.0;10085.0;38601.0
489000;48708.0;10107.0;38601.0
489100;48589.0;9988.0;38601.0
489200;48574.0;9973.0;38601.0
489300;48764.0;10123.0;38641.0
489400;48794.0;10153.0;38641.0
489500;48914.0;10153.0;38761.0
489600;48809.0;10168.0;38641.0
489700;48898.5;10257.5;38641.0
489800;48938.5;10257.5;38681.0
489900;49024.0;10223.0;38801.0
490000;48881.0;10200.0;38681.0
490100;48858.0;10177.0;38681.0
490200;48881.0;10200.0;38681.0
490300;49041.0;10200.0;38841.0
490400;48921.0;10200.0;38721.0
490500;48921.0;10200.0;38721.0
490600;48978.5;10257.5;38721.0
490700;48921.0;10200.0;38721.0
490800;48961.0;10200.0;38761.0
490900;48961.0;10200.0;38761.0
491000;48984.0;10223.0;38761.0
491100;48961.0;10200.0;38761.0
491200;48984.0;10223.0;38761.0
491300;49121.0;10200.0;38921.0
491400;49047.0;10246.0;38801.0
491500;49024.0;10223.0;38801.0
491600;49001.0;10200.0;38801.0
491700;48978.0;10177.0;38801.0
491800;49041.0;10200.0;38841.0
491900;49041.0;10200.0;38841.0
492000;48624.0;10223.0;38401.0
492100;49064.0;10223.0;38841.0
492200;49087.0;10246.0;38841.0
492300;48973.0;10292.0;38681.0
492400;49104.0;10223.0;38881.0
492500;49224.0;10223.0;39001.0
492600;49258.5;10257.5;39001.0
492700;49092.5;10211.5;38881.0
492800;49264.0;10223.0;39041.0
492900;49144.0;10223.0;38921.0
493000;49001.0;10200.0;38801.0
493100;49121.0;10200.0;38921.0
493200;49098.0;10177.0;38921.0
493300;49115.0;10154.0;38961.0
493400;49041.0;10200.0;38841.0
493500;48601.0;10200.0;38401.0
493600;49161.0;10200.0;38961.0
493700;49149.5;10188.5;38961.0
493800;49332.5;10211.5;39121.0
493900;49172.5;10291.5;38881.0
494000;49234.0;10233.0;39001.0
494100;49234.0;10233.0;39001.0
494200;49234.0;10233.0;39001.0
494300;49295.0;10254.0;39041.0
494400;49295.0;10254.0;39041.0
494500;49285.0;10244.0;39041.0
494600;49175.0;10254.0;38921.0
494700;49315.0;10274.0;39041.0
494800;49455.0;10254.0;39201.0
494900;49335.0;10254.0;39081.0
495000;49335.0;10254.0;39081.0
495100;49735.0;10254.0;39481.0
495200;49335.0;10254.0;39081.0
495300;49495.0;10254.0;39241.0
495400;49260.0;10259.0;39001.0
495500;49375.0;10254.0;39121.0
495600;49390.0;10269.0;39121.0
495700;49265.0;10264.0;39001.0
495800;49450.0;10289.0;39161.0
495900;49295.0;10254.0;39041.0
496000;49295.0;10254.0;39041.0
496100;49415.0;10254.0;39161.0
496200;49320.0;10279.0;39041.0
496300;49465.0;10264.0;39201.0
496400;49465.0;10264.0;39201.0
496500;49445.0;10244.0;39201.0
496600;49415.0;10214.0;39201.0
496700;49445.0;10244.0;39201.0
496800;49485.0;10244.0;39241.0
496900;49480.0;10239.0;39241.0
497000;49485.0;10244.0;39241.0
497100;49355.0;10234.0;39121.0
497200;49365.0;10244.0;39121.0
497300;49355.0;10234.0;39121.0
497400;49535.0;10254.0;39281.0
497500;49405.0;10244.0;39161.0
497600;49645.0;10244.0;39401.0
497700;49525.0;10244.0;39281.0
497800;49565.0;10244.0;39321.0
497900;49610.0;10289.0;39321.0
498000;49565.0;10244.0;39321.0
498100;49550.0;10229.0;39321.0
498200;49565.0;10244.0;39321.0
498300;49605.0;10244.0;39361.0
498400;49585.0;10224.0;39361.0
498500;49610.0;10249.0;39361.0
498600;49595.0;10234.0;39361.0
498700;49595.0;10234.0;39361.0
498800;49659.0;10258.0;39401.0
498900;49715.0;10314.0;39401.0
499000;49697.0;10296.0;39401.0
499100;49697.0;10296.0;39401.0
499200;49697.0;10296.0;39401.0
499300;49697.0;10296.0;39401.0
499400;49863.0;10302.0;39561.0
499500;49761.0;10320.0;39441.0
499600;49737.0;10296.0;39441.0
499700;49897.0;10296.0;39601.0
499800;49777.0;10296.0;39481.0
499900;49777.0;10296.0;39481.0
500000;50205.0;10324.0;39881.0
500100;49845.0;10364.0;39481.0
500200;49693.0;10332.0;39361.0
500300;49829.0;10308.0;39521.0
500400;49829.0;10308.0;39521.0
500500;49829.0;10308.0;39521.0
500600;49973.0;10332.0;39641.0
500700;49853.0;10332.0;39521.0
500800;49893.0;10332.0;39561.0
500900;50013.0;10332.0;39681.0
501000;49893.0;10332.0;39561.0
501100;49893.0;10332.0;39561.0
501200;49877.0;10316.0;39561.0
501300;50333.0;10332.0;40001.0
501400;49917.0;10316.0;39601.0
501500;49807.0;10206.0;39601.0
501600;49937.0;10336.0;39601.0
501700;50097.0;10336.0;39761.0
501800;49977.0;10336.0;39641.0
501900;49953.0;10432.0;39521.0
502000;49963.0;10322.0;39641.0
502100;50011.0;10370.0;39641.0
502200;50011.0;10370.0;39641.0
502300;50015.0;10334.0;39681.0
502400;50027.0;10346.0;39681.0
502500;49907.0;10346.0;39561.0
502600;50147.0;10346.0;39801.0
502700;50065.0;10384.0;39681.0
502800;50094.0;10373.0;39721.0
502900;49985.0;10384.0;39601.0
503000;50105.0;10384.0;39721.0
503100;49964.0;10243.0;39721.0
503200;50129.0;10408.0;39721.0
503300;50214.0;10453.0;39761.0
503400;50289.0;10408.0;39881.0
503500;50169.0;10408.0;39761.0
503600;50199.0;10438.0;39761.0
503700;50199.0;10438.0;39761.0
503800;50119.0;10438.0;39681.0
503900;50119.0;10438.0;39681.0
504000;50239.0;10438.0;39801.0
504100;50239.0;10438.0;39801.0
504200;50269.0;10468.0;39801.0
504300;50269.0;10468.0;39801.0
504400;50264.0;10423.0;39841.0
504500;50264.0;10423.0;39841.0
504600;50264.0;10423.0;39841.0
504700;50309.0;10468.0;39841.0
504800;50349.0;10468.0;39881.0
504900;50349.0;10468.0;39881.0
505000;50319.0;10438.0;39881.0
505100;49909.0;10468.0;39441.0
505200;50469.0;10468.0;40001.0
505300;50509.0;10468.0;40041.0
505400;50389.0;10468.0;39921.0
505500;50434.0;10513.0;39921.0
505600;50299.0;10498.0;39801.0
505700;50269.0;10468.0;39801.0
505800;50459.0;10498.0;39961.0
505900;50549.0;10468.0;40081.0
506000;50429.0;10468.0;39961.0
506100;50549.0;10468.0;40081.0
506200;50534.0;10453.0;40081.0
506300;50544.0;10543.0;40001.0
506400;50499.0;10498.0;40001.0
506500;50379.0;10498.0;39881.0
506600;50499.0;10498.0;40001.0
506700;50499.0;10498.0;40001.0
506800;50499.0;10498.0;40001.0
506900;50509.0;10468.0;40041.0
507000;50539.0;10498.0;40041.0
507100;50539.0;10498.0;40041.0
507200;50539.0;10498.0;40041.0
507300;50624.0;10543.0;40081.0
507400;50534.0;10453.0;40081.0
507500;50429.0;10468.0;39961.0
507600;50474.0;10513.0;39961.0
507700;50549.0;10468.0;40081.0
507800;50589.0;10468.0;40121.0
507900;50389.0;10268.0;40121.0
508000;50461.5;10460.5;40001.0
508100;50634.0;10513.0;40121.0
508200;50634.0;10513.0;40121.0
508300;50674.0;10513.0;40161.0
508400;50674.0;10513.0;40161.0
508500;50674.0;10513.0;40161.0
508600;50726.5;10565.5;40161.0
508700;50674.0;10513.0;40161.0
508800;50886.5;10565.5;40321.0
508900;50834.0;10513.0;40321.0
509000;50714.0;10513.0;40201.0
509100;50594.0;10513.0;40081.0
509200;50646.5;10565.5;40081.0
509300;50716.5;10635.5;40081.0
509400;50754.0;10513.0;40241.0
509500;50944.0;10583.0;40361.0
509600;50789.0;10548.0;40241.0
509700;50984.0;10583.0;40401.0
509800;50864.0;10583.0;40281.0
509900;50864.0;10583.0;40281.0
510000;50864.0;10583.0;40281.0
510100;50864.0;10583.0;40281.0
510200;50899.0;10618.0;40281.0
510300;50939.0;10618.0;40321.0
510400;50816.5;10495.5;40321.0
510500;50939.0;10618.0;40321.0
510600;50834.0;10513.0;40321.0
510700;50904.0;10583.0;40321.0
510800;50979.0;10618.0;40361.0
510900;50979.0;10618.0;40361.0
511000;51046.0;10685.0;40361.0
511100;50807.0;10646.0;40161.0
511200;50807.0;10646.0;40161.0
511300;50887.0;10646.0;40241.0
511400;51047.0;10646.0;40401.0
511500;51086.0;10685.0;40401.0
511600;51086.0;10685.0;40401.0
511700;51128.0;10727.0;40401.0
511800;51177.5;10776.5;40401.0
511900;51201.0;10760.0;40441.0
512000;51168.0;10727.0;40441.0
512100;51168.0;10727.0;40441.0
512200;51118.5;10677.5;40441.0
512300;51175.0;10694.0;40481.0
512400;51208.0;10727.0;40481.0
512500;51192.5;10711.5;40481.0
512600;51192.5;10711.5;40481.0
512700;51207.0;10726.0;40481.0
512800;51303.0;10782.0;40521.0
512900;51138.0;10617.0;40521.0
513000;51233.0;10832.0;40401.0
513100;51559.0;10918.0;40641.0
513200;51396.0;10875.0;40521.0
513300;51436.0;10875.0;40561.0
513400;51393.0;10832.0;40561.0
513500;51393.0;10832.0;40561.0
513600;51230.0;10789.0;40441.0
513700;51553.0;10832.0;40721.0
513800;51433.0;10832.0;40601.0
513900;51313.0;10832.0;40481.0
514000;51553.0;10832.0;40721.0
514100;51270.0;10789.0;40481.0
514200;51270.0;10789.0;40481.0
514300;51267.0;10786.0;40481.0
514400;51427.0;10906.0;40521.0
514500;51475.0;10834.0;40641.0
514600;51307.0;10666.0;40641.0
514700;51475.0;10834.0;40641.0
514800;51515.0;10834.0;40681.0
514900;51563.0;10882.0;40681.0
515000;51467.0;10786.0;40681.0
515100;51587.0;10786.0;40801.0
515200;51467.0;10786.0;40681.0
515300;51555.0;10834.0;40721.0
515400;51531.0;10810.0;40721.0
515500;51507.0;10906.0;40601.0
515600;51555.0;10834.0;40721.0
515700;51595.0;10834.0;40761.0
515800;51595.0;10834.0;40761.0
515900;51667.0;10906.0;40761.0
516000;51547.0;10786.0;40761.0
516100;51630.0;10869.0;40761.0
516200;51522.5;10761.5;40761.0
516300;51562.5;10761.5;40801.0
516400;51756.0;10955.0;40801.0
516500;51713.0;10912.0;40801.0
516600;51550.0;10869.0;40681.0
516700;51734.5;10933.5;40801.0
516800;51590.0;10869.0;40721.0
516900;51894.5;10933.5;40961.0
517000;51830.0;10869.0;40961.0
517100;51787.0;10826.0;40961.0
517200;51664.0;10823.0;40841.0
517300;51620.0;10899.0;40721.0
517400;51677.0;10956.0;40721.0
517500;51837.0;10956.0;40881.0
517600;51780.0;10899.0;40881.0
517700;51780.0;10899.0;40881.0
517800;51738.0;10937.0;40801.0
517900;51776.0;10975.0;40801.0
518000;51776.0;10975.0;40801.0
518100;51858.0;10937.0;40921.0
518200;51738.0;10937.0;40801.0
518300;51738.0;10937.0;40801.0
518400;51860.0;10899.0;40961.0
518500;51841.0;10880.0;40961.0
518600;51898.0;10937.0;40961.0
518700;51898.0;10937.0;40961.0
518800;51976.0;10975.0;41001.0
518900;51976.0;10975.0;41001.0
519000;51938.0;10937.0;41001.0
519100;51976.0;10975.0;41001.0
519200;51894.0;11013.0;40881.0
519300;52016.0;10975.0;41041.0
519400;52016.0;10975.0;41041.0
519500;52016.0;10975.0;41041.0
519600;52035.0;10994.0;41041.0
519700;52094.0;11013.0;41081.0
519800;51616.0;10975.0;40641.0
519900;52056.0;10975.0;41081.0
520000;52094.0;11013.0;41081.0
520100;52098.0;11017.0;41081.0
520200;52146.0;11065.0;41081.0
520300;51978.0;11017.0;40961.0
520400;52018.0;11017.0;41001.0
520500;52138.0;11017.0;41121.0
520600;52170.0;11049.0;41121.0
520700;52330.0;11049.0;41281.0
520800;52210.0;11049.0;41161.0
520900;52330.0;11049.0;41281.0
521000;52242.0;11081.0;41161.0
521100;52282.0;11001.0;41281.0
521200;52282.0;11001.0;41281.0
521300;52218.0;11017.0;41201.0
521400;52218.0;11017.0;41201.0
521500;52218.0;11017.0;41201.0
521600;52218.0;11017.0;41201.0
521700;52250.0;11049.0;41201.0
521800;52186.0;10985.0;41201.0
521900;52222.0;11021.0;41201.0
522000;52262.0;11021.0;41241.0
522100;52142.0;11021.0;41121.0
522200;52174.0;10813.0;41361.0
522300;52314.0;11033.0;41281.0
522400;52434.0;11033.0;41401.0
522500;52214.0;10933.0;41281.0
522600;52439.0;11038.0;41401.0
522700;52319.0;11038.0;41281.0
522800;52204.0;11003.0;41201.0
522900;52394.0;11073.0;41321.0
523000;52324.0;11003.0;41321.0
523100;52324.0;11003.0;41321.0
523200;52201.5;10880.5;41321.0
523300;52271.5;10950.5;41321.0
523400;52244.0;11003.0;41241.0
523500;52244.0;11003.0;41241.0
523600;52045.0;10804.0;41241.0
523700;52380.0;11019.0;41361.0
523800;52300.0;11019.0;41281.0
523900;52463.0;11062.0;41401.0
524000;52463.0;11062.0;41401.0
524100;52420.0;11019.0;41401.0
524200;52235.5;10954.5;41281.0
524300;52395.5;10954.5;41441.0
524400;52515.5;10954.5;41561.0
524500;52460.0;11019.0;41441.0
524600;52460.0;11019.0;41441.0
524700;52460.0;11019.0;41441.0
524800;52380.0;11019.0;41361.0
524900;52577.0;10976.0;41601.0
525000;52620.0;11019.0;41601.0
525100;52500.0;11019.0;41481.0
525200;52500.0;11019.0;41481.0
525300;52574.0;11213.0;41361.0
525400;52516.0;11195.0;41321.0
525500;52728.0;11087.0;41641.0
525600;52674.0;11033.0;41641.0
525700;52902.0;11061.0;41841.0
525800;52622.0;11061.0;41561.0
525900;52419.5;10858.5;41561.0
526000;52640.0;11079.0;41561.0
526100;52640.0;11079.0;41561.0
526200;52689.0;11128.0;41561.0
526300;52642.5;11201.5;41441.0
526400;52680.0;11079.0;41601.0
526500;52865.5;11264.5;41601.0
526600;52651.0;11050.0;41601.0
526700;52690.0;11089.0;41601.0
526800;52730.0;11089.0;41641.0
526900;52691.0;11050.0;41641.0
527000;52811.0;11050.0;41761.0
527100;52652.0;11011.0;41641.0
527200;52652.0;11011.0;41641.0
527300;53092.0;11011.0;42081.0
527400;53092.0;11011.0;42081.0
527500;52689.0;11128.0;41561.0
527600;52809.0;11128.0;41681.0
527700;52770.0;11089.0;41681.0
527800;52907.5;11186.5;41721.0
527900;52690.0;11089.0;41601.0
528000;52988.5;11147.5;41841.0
528100;52988.5;11147.5;41841.0
528200;52985.5;11264.5;41721.0
528300;53009.0;11128.0;41881.0
528400;52850.0;11089.0;41761.0
528500;52850.0;11089.0;41761.0
528600;52791.5;11030.5;41761.0
528700;52971.0;11050.0;41921.0
528800;52948.5;11147.5;41801.0
528900;52929.0;11128.0;41801.0
529000;52890.0;11089.0;41801.0
529100;52890.0;11089.0;41801.0
529200;52870.5;11069.5;41801.0
529300;52969.0;11128.0;41841.0
529400;52888.0;11167.0;41721.0
529500;53008.0;11167.0;41841.0
529600;52969.0;11128.0;41841.0
529700;52949.5;11108.5;41841.0
529800;52970.0;11089.0;41881.0
529900;52850.0;11089.0;41761.0
530000;53129.0;11128.0;42001.0
530100;52970.0;11089.0;41881.0
530200;52970.0;11089.0;41881.0
530300;53010.0;11089.0;41921.0
530400;53010.0;11089.0;41921.0
530500;53010.0;11089.0;41921.0
530600;52951.5;11030.5;41921.0
530700;52893.0;10972.0;41921.0
530800;52969.0;11128.0;41841.0
530900;53089.0;11128.0;41961.0
531000;53050.0;11089.0;41961.0
531100;52930.0;11089.0;41841.0
531200;52930.0;11089.0;41841.0
531300;53129.0;11128.0;42001.0
531400;53070.5;11069.5;42001.0
531500;53129.0;11128.0;42001.0
531600;53070.5;11069.5;42001.0
531700;53169.0;11128.0;42041.0
531800;53169.0;11128.0;42041.0
531900;53049.0;11128.0;41921.0
532000;53107.5;11186.5;41921.0
532100;53169.0;11128.0;42041.0
532200;53208.0;11167.0;42041.0
532300;53070.0;11149.0;41921.0
532400;53047.0;11086.0;41961.0
532500;53230.0;11149.0;42081.0
532600;53167.0;11086.0;42081.0
532700;53110.0;11149.0;41961.0
532800;53081.0;10960.0;42121.0
532900;53312.0;11191.0;42121.0
533000;53312.0;11191.0;42121.0
533100;53375.0;11254.0;42121.0
533200;53354.0;11233.0;42121.0
533300;53773.0;11212.0;42561.0
533400;53394.0;11233.0;42161.0
533500;53394.0;11233.0;42161.0
533600;53394.0;11233.0;42161.0
533700;53499.0;11338.0;42161.0
533800;53352.0;11191.0;42161.0
533900;53434.0;11233.0;42201.0
534000;53434.0;11233.0;42201.0
534100;53461.0;11380.0;42081.0
534200;53476.0;11275.0;42201.0
534300;53516.0;11275.0;42241.0
534400;53663.0;11422.0;42241.0
534500;53558.0;11317.0;42241.0
534600;53558.0;11317.0;42241.0
534700;53579.0;11338.0;42241.0
534800;53677.5;11516.5;42161.0
534900;53649.0;11368.0;42281.0
535000;53529.0;11368.0;42161.0
535100;53649.0;11368.0;42281.0
535200;53698.5;11417.5;42281.0
535300;53809.0;11368.0;42441.0
535400;53788.0;11467.0;42321.0
535500;53809.0;11368.0;42441.0
535600;53606.5;11285.5;42321.0
535700;53788.0;11467.0;42321.0
535800;53729.0;11368.0;42361.0
535900;53778.5;11417.5;42361.0
536000;53729.0;11368.0;42361.0
536100;53771.0;11410.0;42361.0
536200;53732.0;11371.0;42361.0
536300;53892.0;11371.0;42521.0
536400;53970.0;11449.0;42521.0
536500;53811.0;11410.0;42401.0
536600;53674.5;11273.5;42401.0
536700;53652.0;11371.0;42281.0
536800;53851.0;11410.0;42441.0
536900;53890.0;11449.0;42441.0
537000;53890.0;11449.0;42441.0
537100;53792.5;11351.5;42441.0
537200;53872.0;11431.0;42441.0
537300;53912.0;11431.0;42481.0
537400;53734.0;11413.0;42321.0
537500;53948.0;11467.0;42481.0
537600;53948.0;11467.0;42481.0
537700;53894.0;11413.0;42481.0
537800;53934.0;11413.0;42521.0
537900;53934.0;11413.0;42521.0
538000;53952.0;11431.0;42521.0
538100;53952.0;11431.0;42521.0
538200;54105.0;11584.0;42521.0
538300;54265.0;11584.0;42681.0
538400;54010.0;11449.0;42561.0
538500;54010.0;11449.0;42561.0
538600;53854.0;11293.0;42561.0
538700;54424.0;11463.0;42961.0
538800;54064.0;11463.0;42601.0
538900;54098.0;11497.0;42601.0
539000;54166.0;11565.0;42601.0
539100;54166.0;11565.0;42601.0
539200;54166.0;11565.0;42601.0
539300;54138.0;11497.0;42641.0
539400;54189.0;11548.0;42641.0
539500;54189.0;11548.0;42641.0
539600;54104.0;11463.0;42641.0
539700;54264.0;11463.0;42801.0
539800;54178.0;11497.0;42681.0
539900;54144.0;11463.0;42681.0
540000;54178.0;11497.0;42681.0
540100;54312.0;11511.0;42801.0
540200;54312.0;11511.0;42801.0
540300;54296.0;11575.0;42721.0
540400;54088.0;11527.0;42561.0
540500;54144.0;11543.0;42601.0
540600;54264.0;11543.0;42721.0
540700;54264.0;11543.0;42721.0
540800;54232.0;11511.0;42721.0
540900;54272.0;11511.0;42761.0
541000;54288.0;11527.0;42761.0
541100;54192.0;11431.0;42761.0
541200;54256.0;11495.0;42761.0
541300;54296.0;11495.0;42801.0
541400;54776.0;11575.0;43201.0
541500;54464.0;11543.0;42921.0
541600;54536.0;11575.0;42961.0
541700;54392.0;11591.0;42801.0
541800;54264.0;11543.0;42721.0
541900;54216.0;11495.0;42721.0
542000;54336.0;11495.0;42841.0
542100;54504.0;11543.0;42961.0
542200;54264.0;11543.0;42721.0
542300;54560.0;11679.0;42881.0
542400;54680.0;11679.0;43001.0
542500;54464.0;11583.0;42881.0
542600;54464.0;11583.0;42881.0
542700;54464.0;11583.0;42881.0
542800;54528.0;11607.0;42921.0
542900;54592.0;11511.0;43081.0
543000;54504.0;11583.0;42921.0
543100;54624.0;11583.0;43041.0
543200;54624.0;11583.0;43041.0
543300;54544.0;11583.0;42961.0
543400;54544.0;11583.0;42961.0
543500;54544.0;11583.0;42961.0
543600;54544.0;11583.0;42961.0
543700;54580.0;11619.0;42961.0
543800;54584.0;11583.0;43001.0
543900;54704.0;11583.0;43121.0
544000;54608.0;11607.0;43001.0
544100;54608.0;11607.0;43001.0
544200;54728.0;11607.0;43121.0
544300;54648.0;11607.0;43041.0
544400;54648.0;11607.0;43041.0
544500;54648.0;11607.0;43041.0
544600;54648.0;11607.0;43041.0
544700;55048.0;11607.0;43441.0
544800;54688.0;11607.0;43081.0
544900;54688.0;11607.0;43081.0
545000;54688.0;11607.0;43081.0
545100;54664.0;11583.0;43081.0
545200;54652.0;11571.0;43081.0
545300;54848.0;11607.0;43241.0
545400;55008.0;11487.0;43521.0
545500;54848.0;11607.0;43241.0
545600;54716.0;11595.0;43121.0
545700;54704.0;11583.0;43121.0
545800;54768.0;11607.0;43161.0
545900;55251.5;11690.5;43561.0
546000;54741.0;11580.0;43161.0
546100;54758.0;11597.0;43161.0
546200;54758.0;11597.0;43161.0
546300;54832.0;11631.0;43201.0
546400;54832.0;11631.0;43201.0
546500;54703.5;11622.5;43081.0
546600;54781.0;11580.0;43201.0
546700;54678.0;11597.0;43081.0
546800;54983.5;11622.5;43361.0
546900;54855.0;11614.0;43241.0
547000;54735.0;11614.0;43121.0
547100;54735.0;11614.0;43121.0
547200;54855.0;11614.0;43241.0
547300;54950.0;11669.0;43281.0
547400;55002.0;11721.0;43281.0
547500;54950.0;11669.0;43281.0
547600;54976.0;11695.0;43281.0
547700;54976.0;11695.0;43281.0
547800;55016.0;11695.0;43321.0
547900;55016.0;11695.0;43321.0
548000;54550.0;11669.0;42881.0
548100;55016.0;11695.0;43321.0
548200;55016.0;11695.0;43321.0
548300;55030.0;11669.0;43361.0
548400;55232.0;11751.0;43481.0
548500;55024.0;11663.0;43361.0
548600;54920.0;11679.0;43241.0
548700;55040.0;11679.0;43361.0
548800;55080.0;11679.0;43401.0
548900;55504.0;11703.0;43801.0
549000;55080.0;11679.0;43401.0
549100;54976.0;11695.0;43281.0
549200;55064.0;11663.0;43401.0
549300;55104.0;11663.0;43441.0
549400;54928.0;11647.0;43281.0
549500;55104.0;11663.0;43441.0
549600;55088.0;11647.0;43441.0
549700;55104.0;11663.0;43441.0
549800;55144.0;11663.0;43481.0
549900;55144.0;11663.0;43481.0
550000;55128.0;11647.0;43481.0
550100;55144.0;11663.0;43481.0
550200;55205.0;11724.0;43481.0
550300;55190.0;11669.0;43521.0
550400;55200.0;11679.0;43521.0
550500;55200.0;11679.0;43521.0
550600;55200.0;11679.0;43521.0
550700;55200.0;11679.0;43521.0
550800;55230.0;11669.0;43561.0
550900;55230.0;11669.0;43561.0
551000;55230.0;11669.0;43561.0
551100;55215.0;11654.0;43561.0
551200;55350.0;11669.0;43681.0
551300;55270.0;11669.0;43601.0
551400;55230.0;11669.0;43561.0
551500;54710.0;11669.0;43041.0
551600;55110.0;11669.0;43441.0
551700;55270.0;11669.0;43601.0
551800;55465.0;11704.0;43761.0
551900;55430.0;11669.0;43761.0
552000;55420.0;11659.0;43761.0
552100;55320.0;11679.0;43641.0
552200;55310.0;11669.0;43641.0
552300;55470.0;11669.0;43801.0
552400;55455.0;11654.0;43801.0
552500;55460.0;11659.0;43801.0
552600;55489.0;11688.0;43801.0
552700;55234.0;11673.0;43561.0
552800;55514.0;11673.0;43841.0
552900;55467.0;11746.0;43721.0
553000;55467.0;11746.0;43721.0
553100;55467.0;11746.0;43721.0
553200;55353.5;11752.5;43601.0
553300;55481.0;11720.0;43761.0
553400;55481.0;11720.0;43761.0
553500;55481.0;11720.0;43761.0
553600;55481.0;11720.0;43761.0
553700;55468.0;11707.0;43761.0
553800;55508.0;11707.0;43801.0
553900;55401.0;11720.0;43681.0
554000;55562.0;11761.0;43801.0
554100;55538.0;11737.0;43801.0
554200;55406.0;11725.0;43681.0
554300;55702.0;11741.0;43961.0
554400;55644.0;11803.0;43841.0
554500;55524.0;11803.0;43721.0
554600;55204.0;11803.0;43401.0
554700;55698.0;11857.0;43841.0
554800;55564.0;11803.0;43761.0
554900;55666.0;11785.0;43881.0
555000;55804.0;11803.0;44001.0
555100;55702.0;11821.0;43881.0
555200;55702.0;11821.0;43881.0
555300;55742.0;11821.0;43921.0
555400;55778.0;11857.0;43921.0
555500;55751.0;11830.0;43921.0
555600;55733.0;11812.0;43921.0
555700;55302.0;11821.0;43481.0
555800;55893.0;11812.0;44081.0
555900;55800.0;11839.0;43961.0
556000;55782.0;11821.0;43961.0
556100;55800.0;11839.0;43961.0
556200;55818.0;11857.0;43961.0
556300;55662.0;11821.0;43841.0
556400;55662.0;11821.0;43841.0
556500;55804.0;11803.0;44001.0
556600;55804.0;11803.0;44001.0
556700;55396.0;11835.0;43561.0
556800;55856.0;11815.0;44041.0
556900;55856.0;11815.0;44041.0
557000;55876.0;11835.0;44041.0
557100;55856.0;11815.0;44041.0
557200;55836.0;11795.0;44041.0
557300;55856.0;11815.0;44041.0
557400;55876.0;11795.0;44081.0
557500;55846.0;11765.0;44081.0
557600;55756.0;11795.0;43961.0
557700;55812.0;11851.0;43961.0
557800;55626.0;11665.0;43961.0
557900;56110.0;11869.0;44241.0
558000;56076.0;11835.0;44241.0
558100;55854.0;11733.0;44121.0
558200;55990.0;11869.0;44121.0
558300;55996.0;11835.0;44161.0
558400;55996.0;11835.0;44161.0
558500;55996.0;11835.0;44161.0
558600;55996.0;11835.0;44161.0
558700;56156.0;11835.0;44321.0
558800;56436.0;11835.0;44601.0
558900;56470.0;11869.0;44601.0
559000;56070.0;11869.0;44201.0
559100;55899.0;11818.0;44081.0
559200;56036.0;11835.0;44201.0
559300;56084.0;11843.0;44241.0
559400;56084.0;11843.0;44241.0
559500;55964.0;11843.0;44121.0
559600;56084.0;11843.0;44241.0
559700;56244.0;11843.0;44401.0
559800;56056.0;11895.0;44161.0
559900;56150.0;11869.0;44281.0
560000;56150.0;11869.0;44281.0
560100;56150.0;11869.0;44281.0
560200;56030.0;11869.0;44161.0
560300;56232.0;11911.0;44321.0
560400;56232.0;11911.0;44321.0
560500;56112.0;11911.0;44201.0
560600;56062.0;11901.0;44161.0
560700;56072.0;11871.0;44201.0
560800;56307.0;11946.0;44361.0
560900;56262.0;11901.0;44361.0
561000;56277.0;11916.0;44361.0
561100;55832.0;11911.0;43921.0
561200;56262.0;11901.0;44361.0
561300;55852.0;11891.0;43961.0
561400;56412.0;11891.0;44521.0
561500;56272.0;11871.0;44401.0
561600;56302.0;11901.0;44401.0
561700;56292.0;11891.0;44401.0
561800;56462.0;11901.0;44561.0
561900;56487.0;11926.0;44561.0
562000;56342.0;11901.0;44441.0
562100;56322.0;11881.0;44441.0
562200;56452.0;11891.0;44561.0
562300;56227.0;11906.0;44321.0
562400;56492.0;11891.0;44601.0
562500;56492.0;11891.0;44601.0
562600;56387.0;11906.0;44481.0
562700;56362.0;11881.0;44481.0
562800;56412.0;11891.0;44521.0
562900;56392.0;11871.0;44521.0
563000;56417.0;11896.0;44521.0
563100;56402.0;11881.0;44521.0
563200;56412.0;11891.0;44521.0
563300;56452.0;11891.0;44561.0
563400;56437.0;11876.0;44561.0
563500;56292.0;11851.0;44441.0
563600;56442.0;11881.0;44561.0
563700;56463.0;11902.0;44561.0
563800;56503.0;11902.0;44601.0
563900;56503.0;11902.0;44601.0
564000;56503.0;11902.0;44601.0
564100;56383.0;11902.0;44481.0
564200;56623.0;11902.0;44721.0
564300;56539.5;11898.5;44641.0
564400;56543.0;11902.0;44641.0
564500;56423.0;11902.0;44521.0
564600;56423.0;11902.0;44521.0
564700;56564.0;11923.0;44641.0
564800;56703.0;11902.0;44801.0
564900;55998.5;11877.5;44121.0
565000;56572.5;11891.5;44681.0
565100;56473.5;11912.5;44561.0
565200;56710.0;11909.0;44801.0
565300;56630.0;11909.0;44721.0
565400;56630.0;11909.0;44721.0
565500;56630.0;11909.0;44721.0
565600;56630.0;11909.0;44721.0
565700;56630.0;11909.0;44721.0
565800;56677.0;11916.0;44761.0
565900;56800.5;11919.5;44881.0
566000;56663.0;11902.0;44761.0
566100;56223.0;11902.0;44321.0
566200;56677.0;11916.0;44761.0
566300;56717.0;11916.0;44801.0
566400;56706.5;11905.5;44801.0
566500;56717.0;11916.0;44801.0
566600;56646.0;11965.0;44681.0
566700;56766.0;11965.0;44801.0
566800;56806.0;11965.0;44841.0
566900;56806.0;11965.0;44841.0
567000;56806.0;11965.0;44841.0
567100;56686.0;11965.0;44721.0
567200;56806.0;11965.0;44841.0
567300;57036.0;12035.0;45001.0
567400;56906.0;12025.0;44881.0
567500;56926.0;12045.0;44881.0
567600;57091.0;12050.0;45041.0
567700;56916.0;12035.0;44881.0
567800;56911.0;12030.0;44881.0
567900;56836.0;12035.0;44801.0
568000;56956.0;12035.0;44921.0
568100;56941.0;12020.0;44921.0
568200;56956.0;12035.0;44921.0
568300;56996.0;12035.0;44961.0
568400;56996.0;12035.0;44961.0
568500;56876.0;12035.0;44841.0
568600;56996.0;12035.0;44961.0
568700;56996.0;12035.0;44961.0
568800;57036.0;12035.0;45001.0
568900;57026.0;12025.0;45001.0
569000;57031.0;12030.0;45001.0
569100;57026.0;12025.0;45001.0
569200;57021.0;12020.0;45001.0
569300;57076.0;12035.0;45041.0
569400;57076.0;12035.0;45041.0
569500;57096.0;12055.0;45041.0
569600;57236.0;12035.0;45201.0
569700;57076.0;12035.0;45041.0
569800;57116.0;12035.0;45081.0
569900;57106.0;12025.0;45081.0
570000;57116.0;12035.0;45081.0
570100;57116.0;12035.0;45081.0
570200;57126.0;12045.0;45081.0
570300;57276.0;12035.0;45241.0
570400;57156.0;12035.0;45121.0
570500;57146.0;12025.0;45121.0
570600;57156.0;12035.0;45121.0
570700;57146.0;12025.0;45121.0
570800;57186.0;12025.0;45161.0
570900;57186.0;12025.0;45161.0
571000;57191.0;12030.0;45161.0
571100;57191.0;12030.0;45161.0
571200;57191.0;12030.0;45161.0
571300;57216.0;12015.0;45201.0
571400;57216.0;12015.0;45201.0
571500;57206.0;12005.0;45201.0
571600;57096.0;12015.0;45081.0
571700;57221.0;12020.0;45201.0
571800;57146.0;12025.0;45121.0
571900;57136.0;12015.0;45121.0
572000;57256.0;12015.0;45241.0
572100;57256.0;12015.0;45241.0
572200;57256.0;12015.0;45241.0
572300;57276.0;11995.0;45281.0
572400;57296.0;12015.0;45281.0
572500;57166.0;12005.0;45161.0
572600;57296.0;12015.0;45281.0
572700;57286.0;12005.0;45281.0
572800;57446.0;12005.0;45441.0
572900;57336.0;12015.0;45321.0
573000;57357.0;12036.0;45321.0
573100;57360.5;12039.5;45321.0
573200;57329.0;12008.0;45321.0
573300;57400.5;12039.5;45361.0
573400;57397.0;12036.0;45361.0
573500;56957.0;12036.0;44921.0
573600;57393.5;12032.5;45361.0
573700;57957.0;12036.0;45921.0
573800;57444.0;12043.0;45401.0
573900;57564.0;12043.0;45521.0
574000;57578.0;12057.0;45521.0
574100;57493.0;12092.0;45401.0
574200;57493.0;12092.0;45401.0
574300;57561.0;12120.0;45441.0
574400;57561.0;12120.0;45441.0
574500;57423.5;12102.5;45321.0
574600;57423.5;12102.5;45321.0
574700;57434.0;12113.0;45321.0
574800;57721.0;12120.0;45601.0
574900;57601.0;12120.0;45481.0
575000;57601.0;12120.0;45481.0
575100;57601.0;12120.0;45481.0
575200;57587.0;12106.0;45481.0
575300;57594.0;12113.0;45481.0
575400;57481.0;12120.0;45361.0
575500;57503.5;12102.5;45401.0
575600;57627.0;12106.0;45521.0
575700;57780.0;12099.0;45681.0
575800;57543.5;12102.5;45441.0
575900;57663.5;12102.5;45561.0
576000;57674.0;12113.0;45561.0
576100;57557.5;12116.5;45441.0
576200;57677.5;12116.5;45561.0
576300;57827.0;12106.0;45721.0
576400;57827.0;12106.0;45721.0
576500;57267.0;12106.0;45161.0
576600;57267.0;12106.0;45161.0
576700;57884.5;12123.5;45761.0
576800;57747.0;12106.0;45641.0
576900;57747.0;12106.0;45641.0
577000;57740.0;12099.0;45641.0
577100;57740.0;12099.0;45641.0
577200;57627.0;12106.0;45521.0
577300;57780.0;12099.0;45681.0
577400;57769.5;12088.5;45681.0
577500;57780.0;12099.0;45681.0
577600;57787.0;12106.0;45681.0
577700;57780.0;12099.0;45681.0
577800;57947.0;12106.0;45841.0
577900;57710.5;12109.5;45601.0
578000;57700.0;12099.0;45601.0
578100;57693.0;12092.0;45601.0
578200;57820.0;12099.0;45721.0
578300;57420.0;12099.0;45321.0
578400;57818.5;12057.5;45761.0
578500;57759.0;12118.0;45641.0
578600;57796.0;12155.0;45641.0
578700;57891.0;12130.0;45761.0
578800;57931.0;12130.0;45801.0
578900;58051.0;12130.0;45921.0
579000;58001.0;12080.0;45921.0
579100;57941.0;12140.0;45801.0
579200;57841.0;12160.0;45681.0
579300;57976.0;12135.0;45841.0
579400;57981.0;12140.0;45841.0
579500;57976.0;12135.0;45841.0
579600;58151.0;12150.0;46001.0
579700;57981.0;12140.0;45841.0
579800;58031.0;12150.0;45881.0
579900;58031.0;12150.0;45881.0
580000;58031.0;12150.0;45881.0
580100;58031.0;12150.0;45881.0
580200;58031.0;12150.0;45881.0
580300;58031.0;12150.0;45881.0
580400;58071.0;12150.0;45921.0
580500;57941.0;12140.0;45801.0
580600;58061.0;12140.0;45921.0
580700;58111.0;12150.0;45961.0
580800;58031.0;12070.0;45961.0
580900;58159.0;12198.0;45961.0
581000;58143.0;12182.0;45961.0
581100;58143.0;12182.0;45961.0
581200;58103.0;12142.0;45961.0
581300;58143.0;12142.0;46001.0
581400;58159.0;12158.0;46001.0
581500;58279.0;12158.0;46121.0
581600;58159.0;12158.0;46001.0
581700;58119.0;12118.0;46001.0
581800;58199.0;12158.0;46041.0
581900;58079.0;12158.0;45921.0
582000;58199.0;12158.0;46041.0
582100;57983.0;12142.0;45841.0
582200;58215.0;12174.0;46041.0
582300;58255.0;12174.0;46081.0
582400;58063.0;12142.0;45921.0
582500;58223.0;12142.0;46081.0
582600;58399.0;12158.0;46241.0
582700;58239.0;12158.0;46081.0
582800;58279.0;12158.0;46121.0
582900;58279.0;12158.0;46121.0
583000;58263.0;12142.0;46121.0
583100;58247.0;12126.0;46121.0
583200;58016.5;12015.5;46001.0
583300;58434.0;12153.0;46281.0
583400;58226.5;12065.5;46161.0
583500;58326.5;12165.5;46161.0
583600;58314.0;12153.0;46161.0
583700;58314.0;12153.0;46161.0
583800;58354.0;12153.0;46201.0
583900;58403.0;12202.0;46201.0
584000;58441.0;12240.0;46201.0
584100;58461.0;12260.0;46201.0
584200;58431.0;12230.0;46201.0
584300;58431.0;12230.0;46201.0
584400;58461.0;12220.0;46241.0
584500;58461.0;12220.0;46241.0
584600;58351.0;12230.0;46121.0
584700;58471.0;12230.0;46241.0
584800;58521.0;12240.0;46281.0
584900;58501.0;12220.0;46281.0
585000;58516.0;12235.0;46281.0
585100;58436.0;12155.0;46281.0
585200;58526.0;12245.0;46281.0
585300;58566.0;12245.0;46321.0
585400;58573.5;12252.5;46321.0
585500;58581.0;12260.0;46321.0
585600;58566.0;12245.0;46321.0
585700;58581.0;12260.0;46321.0
585800;58621.0;12260.0;46361.0
585900;58406.0;12245.0;46161.0
586000;58636.0;12275.0;46361.0
586100;58636.0;12275.0;46361.0
586200;58621.0;12260.0;46361.0
586300;58621.0;12260.0;46361.0
586400;58486.0;12245.0;46241.0
586500;58661.0;12260.0;46401.0
586600;58661.0;12260.0;46401.0
586700;58541.0;12260.0;46281.0
586800;58701.0;12260.0;46441.0
586900;58701.0;12260.0;46441.0
587000;58701.0;12260.0;46441.0
587100;58701.0;12260.0;46441.0
587200;59086.0;12245.0;46841.0
587300;58741.0;12260.0;46481.0
587400;58741.0;12260.0;46481.0
587500;58621.0;12260.0;46361.0
587600;58606.0;12245.0;46361.0
587700;58741.0;12260.0;46481.0
587800;58781.0;12260.0;46521.0
587900;58803.5;12282.5;46521.0
588000;58916.0;12275.0;46641.0
588100;58661.0;12260.0;46401.0
588200;58781.0;12260.0;46521.0
588300;58661.0;12260.0;46401.0
588400;59221.0;12260.0;46961.0
588500;58843.5;12282.5;46561.0
588600;58843.5;12282.5;46561.0
588700;58973.5;12252.5;46721.0
588800;58846.0;12245.0;46601.0
588900;58846.0;12245.0;46601.0
589000;58883.5;12162.5;46721.0
589100;58847.5;12246.5;46601.0
589200;58805.5;12204.5;46601.0
589300;58845.5;12204.5;46641.0
589400;58919.0;12278.0;46641.0
589500;59018.0;12257.0;46761.0
589600;58961.0;12320.0;46641.0
589700;58898.0;12257.0;46641.0
589800;58959.0;12278.0;46681.0
589900;58938.0;12257.0;46681.0
590000;58938.0;12257.0;46681.0
590100;58941.0;12260.0;46681.0
590200;58959.0;12278.0;46681.0
590300;58945.0;12224.0;46721.0
590400;59137.0;12296.0;46841.0
590500;59119.0;12278.0;46841.0
590600;59017.0;12296.0;46721.0
590700;58897.0;12296.0;46601.0
590800;59102.0;12341.0;46761.0
590900;59177.0;12296.0;46881.0
591000;59057.0;12296.0;46761.0
591100;59057.0;12296.0;46761.0
591200;59030.0;12269.0;46761.0
591300;58937.0;12296.0;46641.0
591400;59097.0;12296.0;46801.0
591500;59097.0;12296.0;46801.0
591600;59097.0;12296.0;46801.0
591700;59097.0;12296.0;46801.0
591800;59257.0;12296.0;46961.0
591900;59110.0;12269.0;46841.0
592000;59101.0;12260.0;46841.0
592100;59101.0;12260.0;46841.0
592200;59119.0;12278.0;46841.0
592300;59159.0;12278.0;46881.0
592400;59159.0;12278.0;46881.0
592500;59270.0;12269.0;47001.0
592600;59186.0;12305.0;46881.0
592700;59258.0;12377.0;46881.0
592800;59217.0;12296.0;46921.0
592900;59244.0;12323.0;46921.0
593000;59298.0;12377.0;46921.0
593100;59203.0;12282.0;46921.0
593200;59238.0;12317.0;46921.0
593300;59273.0;12312.0;46961.0
593400;59273.0;12312.0;46961.0
593500;59153.0;12312.0;46841.0
593600;59273.0;12312.0;46961.0
593700;59273.0;12312.0;46961.0
593800;59193.0;12312.0;46881.0
593900;59323.0;12322.0;47001.0
594000;59353.0;12352.0;47001.0
594100;59343.0;12342.0;47001.0
594200;59333.0;12332.0;47001.0
594300;59248.0;12367.0;46881.0
594400;59363.0;12322.0;47041.0
594500;59363.0;12322.0;47041.0
594600;59348.0;12307.0;47041.0
594700;59353.0;12312.0;47041.0
594800;59367.0;12326.0;47041.0
594900;59367.0;12326.0;47041.0
595000;59407.0;12326.0;47081.0
595100;59407.0;12326.0;47081.0
595200;59415.0;12334.0;47081.0
595300;59239.0;12318.0;46921.0
595400;59439.0;12318.0;47121.0
595500;59567.0;12326.0;47241.0
595600;59435.0;12314.0;47121.0
595700;59419.0;12298.0;47121.0
595800;59479.0;12318.0;47161.0
595900;59479.0;12318.0;47161.0
596000;59471.0;12310.0;47161.0
596100;59479.0;12318.0;47161.0
596200;59367.0;12326.0;47041.0
596300;59519.0;12318.0;47201.0
596400;59511.0;12310.0;47201.0
596500;59411.0;12330.0;47081.0
596600;59531.0;12330.0;47201.0
596700;59519.0;12318.0;47201.0
596800;59679.0;12318.0;47361.0
596900;59679.0;12318.0;47361.0
597000;59547.0;12306.0;47241.0
597100;59256.0;12335.0;46921.0
597200;59442.0;12321.0;47121.0
597300;59602.0;12321.0;47281.0
597400;59734.0;12333.0;47401.0
597500;59602.0;12321.0;47281.0
597600;59603.0;12322.0;47281.0
597700;59603.0;12322.0;47281.0
597800;59521.0;12320.0;47201.0
597900;59641.0;12320.0;47321.0
598000;59641.0;12320.0;47321.0
598100;59642.0;12321.0;47321.0
598200;59759.0;12318.0;47441.0
598300;59677.0;12316.0;47361.0
598400;59679.0;12318.0;47361.0
598500;59679.0;12318.0;47361.0
598600;59687.0;12326.0;47361.0
598700;59853.0;12332.0;47521.0
598800;59727.0;12326.0;47401.0
598900;59727.0;12326.0;47401.0
599000;59727.0;12326.0;47401.0
599100;59727.0;12326.0;47401.0
599200;59736.0;12335.0;47401.0
599300;59613.0;12332.0;47281.0
599400;59794.0;12353.0;47441.0
599500;59776.0;12335.0;47441.0
599600;59767.0;12326.0;47441.0
599700;59767.0;12326.0;47441.0
599800;59807.0;12326.0;47481.0
599900;59798.0;12317.0;47481.0
600000;59807.0;12326.0;47481.0
600100;59807.0;12326.0;47481.0
600200;59801.0;12320.0;47481.0
600300;59807.0;12326.0;47481.0
600400;59847.0;12326.0;47521.0
600500;59847.0;12326.0;47521.0
600600;59889.0;12368.0;47521.0
600700;59889.0;12368.0;47521.0
600800;59953.0;12392.0;47561.0
600900;59923.0;12362.0;47561.0
601000;59953.0;12392.0;47561.0
601100;59953.0;12392.0;47561.0
601200;59911.0;12350.0;47561.0
601300;60109.0;12428.0;47681.0
601400;59869.0;12428.0;47441.0
601500;59993.0;12392.0;47601.0
601600;60171.0;12410.0;47761.0
601700;59815.0;12374.0;47441.0
601800;59815.0;12374.0;47441.0
601900;60141.0;12380.0;47761.0
602000;60141.0;12380.0;47761.0
602100;60141.0;12380.0;47761.0
602200;60015.0;12374.0;47641.0
602300;59913.0;12392.0;47521.0
602400;60091.0;12410.0;47681.0
602500;60061.0;12380.0;47681.0
602600;60233.0;12392.0;47841.0
602700;60077.0;12356.0;47721.0
602800;60113.0;12392.0;47721.0
602900;60169.0;12448.0;47721.0
603000;60127.0;12406.0;47721.0
603100;60127.0;12406.0;47721.0
603200;60127.0;12406.0;47721.0
603300;60282.0;12441.0;47841.0
603400;60195.0;12434.0;47761.0
603500;60160.0;12399.0;47761.0
603600;60292.0;12371.0;47921.0
603700;60221.0;12420.0;47801.0
603800;60207.0;12406.0;47801.0
603900;60207.0;12406.0;47801.0
604000;60327.0;12406.0;47921.0
604100;60087.0;12406.0;47681.0
604200;60134.0;12333.0;47801.0
604300;60353.0;12432.0;47921.0
604400;60273.0;12432.0;47841.0
604500;60273.0;12432.0;47841.0
604600;60246.0;12405.0;47841.0
604700;60313.0;12432.0;47881.0
604800;60451.0;12450.0;48001.0
604900;60295.0;12414.0;47881.0
605000;60295.0;12414.0;47881.0
605100;60295.0;12414.0;47881.0
605200;60331.0;12450.0;47881.0
605300;60295.0;12414.0;47881.0
605400;60353.0;12432.0;47921.0
605500;60362.0;12441.0;47921.0
605600;60335.0;12414.0;47921.0
605700;60522.0;12441.0;48081.0
605800;60375.0;12414.0;47961.0
605900;60513.0;12432.0;48081.0
606000;60348.0;12387.0;47961.0
606100;60375.0;12414.0;47961.0
606200;60375.0;12414.0;47961.0
606300;60375.0;12414.0;47961.0
606400;60415.0;12414.0;48001.0
606500;60415.0;12414.0;48001.0
606600;60593.0;12432.0;48161.0
606700;60335.0;12414.0;47921.0
606800;60335.0;12414.0;47921.0
606900;60308.0;12387.0;47921.0
607000;60335.0;12414.0;47921.0
607100;60455.0;12414.0;48041.0
607200;60476.0;12435.0;48041.0
607300;60476.0;12435.0;48041.0
607400;60516.0;12435.0;48081.0
607500;60667.5;12466.5;48201.0
607600;60551.0;12470.0;48081.0
607700;60495.0;12494.0;48001.0
607800;60735.0;12494.0;48241.0
607900;60575.0;12454.0;48121.0
608000;60591.0;12470.0;48121.0
608100;60591.0;12470.0;48121.0
608200;60535.0;12414.0;48121.0
608300;60575.0;12454.0;48121.0
608400;60567.0;12406.0;48161.0
608500;60479.0;12438.0;48041.0
608600;60455.0;12454.0;48001.0
608700;60751.0;12430.0;48321.0
608800;60941.0;12340.0;48601.0
608900;60662.0;12461.0;48201.0
609000;60618.0;12417.0;48201.0
609100;60706.0;12505.0;48201.0
609200;60509.0;12428.0;48081.0
609300;60651.0;12450.0;48201.0
609400;60789.0;12428.0;48361.0
609500;60647.0;12406.0;48241.0
609600;60669.0;12428.0;48241.0
609700;60573.0;12292.0;48281.0
609800;60699.0;12418.0;48281.0
609900;60671.0;12390.0;48281.0
610000;60847.0;12446.0;48401.0
610100;60819.0;12418.0;48401.0
610200;60847.0;12446.0;48401.0
610300;60727.0;12446.0;48281.0
610400;60781.0;12460.0;48321.0
610500;60795.0;12474.0;48321.0
610600;60795.0;12474.0;48321.0
610700;60807.0;12446.0;48361.0
610800;60807.0;12446.0;48361.0
610900;60807.0;12446.0;48361.0
611000;60723.0;12362.0;48361.0
611100;60779.0;12418.0;48361.0
611200;60779.0;12418.0;48361.0
611300;60835.0;12474.0;48361.0
611400;60849.0;12488.0;48361.0
611500;60906.0;12505.0;48401.0
611600;61066.0;12505.0;48561.0
611700;60844.0;12523.0;48321.0
611800;60986.5;12425.5;48561.0
611900;60886.0;12445.0;48441.0
612000;60740.0;12299.0;48441.0
612100;60888.0;12447.0;48441.0
612200;61008.0;12447.0;48561.0
612300;60448.0;12447.0;48001.0
612400;60888.0;12447.0;48441.0
612500;60992.5;12391.5;48601.0
612600;60928.0;12447.0;48481.0
612700;60968.0;12447.0;48521.0
612800;60968.0;12447.0;48521.0
612900;60968.0;12447.0;48521.0
613000;60968.0;12447.0;48521.0
613100;60968.0;12447.0;48521.0
613200;61088.0;12447.0;48641.0
613300;60968.0;12447.0;48521.0
613400;60968.0;12447.0;48521.0
613500;61100.5;12539.5;48561.0
613600;61008.0;12447.0;48561.0
613700;61008.0;12447.0;48561.0
613800;61008.0;12447.0;48561.0
613900;61048.0;12447.0;48601.0
614000;61208.0;12447.0;48761.0
614100;61048.0;12447.0;48601.0
614200;60965.0;12484.0;48481.0
614300;61085.0;12484.0;48601.0
614400;60965.0;12484.0;48481.0
614500;61125.0;12484.0;48641.0
614600;61162.0;12521.0;48641.0
614700;61202.0;12521.0;48681.0
614800;61165.0;12484.0;48681.0
614900;61082.0;12521.0;48561.0
615000;61202.0;12521.0;48681.0
615100;61202.0;12521.0;48681.0
615200;61257.5;12576.5;48681.0
615300;61202.0;12521.0;48681.0
615400;61306.5;12465.5;48841.0
615500;61242.0;12521.0;48721.0
615600;61437.0;12556.0;48881.0
615700;61165.0;12524.0;48641.0
615800;61285.0;12524.0;48761.0
615900;61445.0;12524.0;48921.0
616000;61221.0;12460.0;48761.0
616100;61373.0;12492.0;48881.0
616200;61373.0;12492.0;48881.0
616300;61437.0;12556.0;48881.0
616400;61325.0;12524.0;48801.0
616500;61413.0;12492.0;48921.0
616600;61277.0;12476.0;48801.0
616700;61453.0;12492.0;48961.0
616800;61365.0;12524.0;48841.0
616900;61453.0;12492.0;48961.0
617000;61245.0;12524.0;48721.0
617100;61213.0;12492.0;48721.0
617200;61765.0;12524.0;49241.0
617300;61365.0;12524.0;48841.0
617400;61525.0;12524.0;49001.0
617500;61525.0;12524.0;49001.0
617600;61373.0;12492.0;48881.0
617700;61565.0;12524.0;49041.0
617800;61413.0;12492.0;48921.0
617900;61501.0;12460.0;49041.0
618000;61477.0;12556.0;48921.0
618100;61413.0;12492.0;48921.0
618200;61477.0;12556.0;48921.0
618300;61445.0;12524.0;48921.0
618400;61637.0;12556.0;49081.0
618500;61381.0;12540.0;48841.0
618600;61397.0;12556.0;48841.0
618700;61345.0;12344.0;49001.0
618800;61687.0;12566.0;49121.0
618900;61567.0;12566.0;49001.0
619000;61567.0;12566.0;49001.0
619100;61567.0;12566.0;49001.0
619200;61622.5;12621.5;49001.0
619300;61548.5;12547.5;49001.0
619400;61484.0;12603.0;48881.0
619500;61681.0;12640.0;49041.0
619600;61607.0;12566.0;49041.0
619700;61601.0;12640.0;48961.0
619800;61628.5;12547.5;49081.0
619900;61804.0;12603.0;49201.0
620000;61684.0;12603.0;49081.0
620100;61684.0;12603.0;49081.0
620200;61804.0;12603.0;49201.0
620300;61684.0;12603.0;49081.0
620400;61844.0;12603.0;49241.0
620500;61844.0;12603.0;49241.0
620600;61705.5;12584.5;49121.0
620700;61693.5;12652.5;49041.0
620800;62257.0;12696.0;49561.0
620900;62286.0;12725.0;49561.0
621000;61857.0;12696.0;49161.0
621100;61886.0;12725.0;49161.0
621200;61886.0;12725.0;49161.0
621300;61886.0;12725.0;49161.0
621400;61926.0;12725.0;49201.0
621500;61955.0;12754.0;49201.0
621600;62038.5;12797.5;49241.0
621700;62038.5;12797.5;49241.0
621800;62038.5;12797.5;49241.0
621900;61995.0;12754.0;49241.0
622000;62024.0;12783.0;49241.0
622100;61937.0;12696.0;49241.0
622200;61966.0;12725.0;49241.0
622300;61995.0;12754.0;49241.0
622400;62111.5;12710.5;49401.0
622500;62035.0;12754.0;49281.0
622600;62035.0;12754.0;49281.0
622700;62127.5;12806.5;49321.0
622800;62247.5;12806.5;49441.0
622900;62090.0;12769.0;49321.0
623000;62077.5;12756.5;49321.0
623100;62065.0;12744.0;49321.0
623200;62210.0;12769.0;49441.0
623300;62210.0;12769.0;49441.0
623400;62090.0;12769.0;49321.0
623500;62130.0;12769.0;49361.0
623600;62130.0;12769.0;49361.0
623700;62130.0;12769.0;49361.0
623800;62220.0;12819.0;49401.0
623900;62145.0;12744.0;49401.0
624000;62265.0;12744.0;49521.0
624100;62145.0;12744.0;49401.0
624200;62265.0;12744.0;49521.0
624300;62145.0;12744.0;49401.0
624400;61937.5;12656.5;49281.0
624500;62258.0;12817.0;49441.0
624600;62196.0;12755.0;49441.0
624700;62236.0;12755.0;49481.0
624800;62116.0;12755.0;49361.0
624900;62205.0;12724.0;49481.0
625000;62085.0;12724.0;49361.0
625100;62158.5;12677.5;49481.0
625200;62174.0;12693.0;49481.0
625300;62174.0;12693.0;49481.0
625400;62214.0;12693.0;49521.0
625500;62214.0;12693.0;49521.0
625600;62374.0;12693.0;49681.0
625700;62223.0;12662.0;49561.0
625800;62254.0;12693.0;49561.0
625900;62165.0;12724.0;49441.0
626000;62102.0;12541.0;49561.0
626100;62264.0;12703.0;49561.0
626200;62144.0;12703.0;49441.0
626300;62704.0;12703.0;50001.0
626400;62424.0;12703.0;49721.0
626500;62304.0;12703.0;49601.0
626600;62250.0;12649.0;49601.0
626700;62344.0;12703.0;49641.0
626800;62344.0;12703.0;49641.0
626900;62344.0;12703.0;49641.0
627000;62260.0;12739.0;49521.0
627100;62380.0;12739.0;49641.0
627200;62344.0;12703.0;49641.0
627300;62362.0;12721.0;49641.0
627400;62922.0;12721.0;50201.0
627500;62384.0;12703.0;49681.0
627600;62384.0;12703.0;49681.0
627700;62424.0;12703.0;49721.0
627800;62424.0;12703.0;49721.0
627900;62544.0;12703.0;49841.0
628000;62340.0;12739.0;49601.0
628100;62340.0;12739.0;49601.0
628200;62460.0;12739.0;49721.0
628300;62460.0;12739.0;49721.0
628400;62500.0;12739.0;49761.0
628500;62482.0;12721.0;49761.0
628600;62344.0;12703.0;49641.0
628700;62384.0;12703.0;49681.0
628800;62540.0;12739.0;49801.0
628900;62666.0;12745.0;49921.0
629000;62546.0;12745.0;49801.0
629100;62546.0;12745.0;49801.0
629200;62576.0;12775.0;49801.0
629300;62516.0;12715.0;49801.0
629400;62456.0;12775.0;49681.0
629500;62496.0;12775.0;49721.0
629600;62616.0;12775.0;49841.0
629700;62536.0;12775.0;49761.0
629800;62656.0;12775.0;49881.0
629900;62776.0;12775.0;50001.0
630000;62776.0;12775.0;50001.0
630100;62776.0;12775.0;50001.0
630200;62731.0;12730.0;50001.0
630300;62791.0;12790.0;50001.0
630400;62726.0;12805.0;49921.0
630500;62696.0;12775.0;49921.0
630600;62696.0;12775.0;49921.0
630700;62736.0;12775.0;49961.0
630800;62896.0;12775.0;50121.0
630900;62736.0;12775.0;49961.0
631000;62601.0;12760.0;49841.0
631100;62886.0;12805.0;50081.0
631200;62646.0;12805.0;49841.0
631300;62886.0;12805.0;50081.0
631400;62776.0;12775.0;50001.0
631500;62761.0;12760.0;50001.0
631600;62806.0;12805.0;50001.0
631700;62726.0;12685.0;50041.0
631800;62846.0;12805.0;50041.0
631900;62846.0;12805.0;50041.0
632000;62921.0;12760.0;50161.0
632100;62851.0;12810.0;50041.0
632200;62838.5;12797.5;50041.0
632300;62876.0;12835.0;50041.0
632400;62916.0;12835.0;50081.0
632500;62771.0;12810.0;49961.0
632600;62816.0;12735.0;50081.0
632700;62931.0;12810.0;50121.0
632800;62981.0;12860.0;50121.0
632900;63018.5;12897.5;50121.0
633000;62731.0;12810.0;49921.0
633100;62956.0;12835.0;50121.0
633200;62956.0;12835.0;50121.0
633300;62811.0;12810.0;50001.0
633400;62971.0;12810.0;50161.0
633500;62691.0;12810.0;49881.0
633600;62971.0;12810.0;50161.0
633700;62816.0;12735.0;50081.0
633800;62998.5;12797.5;50201.0
633900;62916.0;12835.0;50081.0
634000;62955.0;12874.0;50081.0
634100;63075.0;12874.0;50201.0
634200;63088.5;12887.5;50201.0
634300;62955.0;12874.0;50081.0
634400;63515.0;12874.0;50641.0
634500;63515.0;12874.0;50641.0
634600;63115.0;12874.0;50241.0
634700;63088.0;12847.0;50241.0
634800;63275.0;12874.0;50401.0
634900;63275.0;12874.0;50401.0
635000;63155.0;12874.0;50281.0
635100;63128.0;12847.0;50281.0
635200;63141.5;12860.5;50281.0
635300;63155.0;12874.0;50281.0
635400;63195.0;12874.0;50321.0
635500;63195.0;12874.0;50321.0
635600;63168.0;12847.0;50321.0
635700;63194.5;12833.5;50361.0
635800;63194.5;12833.5;50361.0
635900;63248.5;12887.5;50361.0
636000;63355.0;12874.0;50481.0
636100;63088.0;12847.0;50241.0
636200;63181.0;12820.0;50361.0
636300;63328.0;12847.0;50481.0
636400;63088.0;12847.0;50241.0
636500;63248.0;12847.0;50401.0
636600;63248.0;12847.0;50401.0
636700;63435.0;12874.0;50561.0
636800;63154.5;12833.5;50321.0
636900;63315.0;12874.0;50441.0
637000;63208.5;12887.5;50321.0
637100;63408.0;12847.0;50561.0
637200;63435.0;12874.0;50561.0
637300;63342.0;12901.0;50441.0
637400;63382.0;12901.0;50481.0
637500;63382.0;12901.0;50481.0
637600;63382.0;12901.0;50481.0
637700;63341.0;12820.0;50521.0
637800;63449.0;12928.0;50521.0
637900;63408.5;12887.5;50521.0
638000;63596.0;12955.0;50641.0
638100;63449.0;12928.0;50521.0
638200;63449.0;12928.0;50521.0
638300;63408.5;12887.5;50521.0
638400;63449.0;12928.0;50521.0
638500;63541.5;12860.5;50681.0
638600;63622.0;12901.0;50721.0
638700;63502.0;12901.0;50601.0
638800;63502.0;12901.0;50601.0
638900;63502.0;12901.0;50601.0
639000;63502.0;12901.0;50601.0
639100;63438.0;12957.0;50481.0
639200;63431.0;12830.0;50601.0
639300;63585.0;12984.0;50601.0
639400;63773.0;13012.0;50761.0
639500;63519.0;12998.0;50521.0
639600;63625.0;12984.0;50641.0
639700;63665.0;12984.0;50681.0
639800;63573.0;13012.0;50561.0
639900;63693.0;13012.0;50681.0
640000;63665.0;12984.0;50681.0
640100;63665.0;12984.0;50681.0
640200;63665.0;12984.0;50681.0
640300;63637.0;12956.0;50681.0
640400;63733.0;13012.0;50721.0
640500;63869.0;13148.0;50721.0
640600;63857.0;13136.0;50721.0
640700;63801.0;13040.0;50761.0
640800;63825.0;13064.0;50761.0
640900;63825.0;13064.0;50761.0
641000;63717.0;13076.0;50641.0
641100;63693.0;13052.0;50641.0
641200;63813.0;13052.0;50761.0
641300;63837.0;13076.0;50761.0
641400;63705.0;13064.0;50641.0
641500;64253.0;13052.0;51201.0
641600;63829.0;13028.0;50801.0
641700;63749.0;13028.0;50721.0
641800;63904.0;13063.0;50841.0
641900;64024.0;13063.0;50961.0
642000;63923.0;13082.0;50841.0
642100;63923.0;13082.0;50841.0
642200;64052.5;13091.5;50961.0
642300;64043.0;13082.0;50961.0
642400;63963.0;13082.0;50881.0
642500;63963.0;13082.0;50881.0
642600;63963.0;13082.0;50881.0
642700;63730.5;13129.5;50601.0
642800;64044.0;13123.0;50921.0
642900;64044.0;13123.0;50921.0
643000;64024.5;13103.5;50921.0
643100;64076.5;13155.5;50921.0
643200;63998.5;13077.5;50921.0
643300;64031.0;13110.0;50921.0
643400;64071.0;13110.0;50961.0
643500;64071.0;13110.0;50961.0
643600;63938.0;13097.0;50841.0
643700;63938.0;13097.0;50841.0
643800;64130.5;13129.5;51001.0
643900;64231.0;13110.0;51121.0
644000;64111.0;13110.0;51001.0
644100;64153.0;13152.0;51001.0
644200;64149.5;13148.5;51001.0
644300;64153.0;13152.0;51001.0
644400;64193.0;13152.0;51041.0
644500;64193.0;13152.0;51041.0
644600;64193.0;13152.0;51041.0
644700;64116.5;13155.5;50961.0
644800;64240.0;13159.0;51081.0
644900;64240.0;13159.0;51081.0
645000;64407.0;13166.0;51241.0
645100;64233.0;13152.0;51081.0
645200;64226.0;13145.0;51081.0
645300;64240.0;13159.0;51081.0
645400;64296.0;13175.0;51121.0
645500;64318.5;13197.5;51121.0
645600;64278.0;13157.0;51121.0
645700;64382.0;13221.0;51161.0
645800;64382.0;13221.0;51161.0
645900;64383.5;13222.5;51161.0
646000;64264.5;13223.5;51041.0
646100;64382.0;13221.0;51161.0
646200;64382.5;13221.5;51161.0
646300;64263.0;13222.0;51041.0
646400;64423.0;13222.0;51201.0
646500;64423.0;13222.0;51201.0
646600;64420.5;13219.5;51201.0
646700;64342.5;13221.5;51121.0
646800;64464.0;13223.0;51241.0
646900;64583.0;13222.0;51361.0
647000;64464.0;13223.0;51241.0
647100;64343.0;13222.0;51121.0
647200;64584.0;13223.0;51361.0
647300;64505.0;13264.0;51241.0
647400;64553.0;13272.0;51281.0
647500;64433.0;13272.0;51161.0
647600;64553.0;13272.0;51281.0
647700;64591.0;13270.0;51321.0
647800;64469.0;13268.0;51201.0
647900;64589.0;13268.0;51321.0
648000;64589.0;13268.0;51321.0
648100;64593.0;13272.0;51321.0
648200;64593.0;13272.0;51321.0
648300;64749.0;13268.0;51481.0
648400;64641.0;13280.0;51361.0
648500;64513.0;13272.0;51241.0
648600;64673.0;13272.0;51401.0
648700;64673.0;13272.0;51401.0
648800;64671.0;13270.0;51401.0
648900;64679.0;13278.0;51401.0
649000;64673.0;13272.0;51401.0
649100;64677.0;13276.0;51401.0
649200;64677.0;13276.0;51401.0
649300;64681.0;13280.0;51401.0
649400;64707.0;13266.0;51441.0
649500;64717.0;13276.0;51441.0
649600;64717.0;13276.0;51441.0
649700;64637.0;13276.0;51361.0
649800;64877.0;13276.0;51601.0
649900;64757.0;13276.0;51481.0
650000;64761.0;13280.0;51481.0
650100;64763.0;13282.0;51481.0
650200;64557.0;13276.0;51281.0
650300;64753.0;13272.0;51481.0
650400;64949.0;13308.0;51641.0
650500;64949.0;13308.0;51641.0
650600;64989.0;13308.0;51681.0
650700;64989.0;13308.0;51681.0
650800;64989.0;13308.0;51681.0
650900;64749.0;13308.0;51441.0
651000;64869.0;13308.0;51561.0
651100;64869.0;13308.0;51561.0
651200;65029.0;13308.0;51721.0
651300;65309.0;13308.0;52001.0
651400;64909.0;13308.0;51601.0
651500;64909.0;13308.0;51601.0
651600;64909.0;13308.0;51601.0
651700;64949.0;13308.0;51641.0
651800;64829.0;13308.0;51521.0
651900;64749.0;13308.0;51441.0
652000;64949.0;13308.0;51641.0
652100;64949.0;13308.0;51641.0
652200;64949.0;13308.0;51641.0
652300;64949.0;13308.0;51641.0
652400;64989.0;13308.0;51681.0
652500;64869.0;13308.0;51561.0
652600;64989.0;13308.0;51681.0
652700;64909.0;13308.0;51601.0
652800;65029.0;13308.0;51721.0
652900;65029.0;13308.0;51721.0
653000;65029.0;13308.0;51721.0
653100;65149.0;13308.0;51841.0
653200;65149.0;13308.0;51841.0
653300;65029.0;13308.0;51721.0
653400;65069.0;13308.0;51761.0
653500;65069.0;13308.0;51761.0
653600;65069.0;13308.0;51761.0
653700;65109.0;13308.0;51801.0
653800;65109.0;13308.0;51801.0
653900;65157.0;13356.0;51801.0
654000;65151.0;13350.0;51801.0
654100;65265.0;13344.0;51921.0
654200;65151.0;13350.0;51801.0
654300;65145.0;13344.0;51801.0
654400;65302.0;13341.0;51961.0
654500;65191.0;13350.0;51841.0
654600;65071.0;13350.0;51721.0
654700;65111.0;13350.0;51761.0
654800;65273.0;13392.0;51881.0
654900;65273.0;13392.0;51881.0
655000;65285.0;13404.0;51881.0
655100;65273.0;13392.0;51881.0
655200;65273.0;13392.0;51881.0
655300;65261.0;13380.0;51881.0
655400;65313.0;13392.0;51921.0
655500;65313.0;13392.0;51921.0
655600;65473.0;13392.0;52081.0
655700;65233.0;13392.0;51841.0
655800;65461.0;13380.0;52081.0
655900;65374.0;13413.0;51961.0
656000;65359.0;13398.0;51961.0
656100;65344.0;13383.0;51961.0
656200;65359.0;13398.0;51961.0
656300;65359.0;13398.0;51961.0
656400;65399.0;13398.0;52001.0
656500;65399.0;13398.0;52001.0
656600;65406.5;13405.5;52001.0
656700;65424.0;13383.0;52041.0
656800;65454.0;13413.0;52041.0
656900;65509.0;13468.0;52041.0
657000;65534.0;13493.0;52041.0
657100;65509.0;13468.0;52041.0
657200;65509.0;13468.0;52041.0
657300;65401.5;13480.5;51921.0
657400;65511.5;13430.5;52081.0
657500;65574.0;13493.0;52081.0
657600;65454.0;13493.0;51961.0
657700;65589.0;13468.0;52121.0
657800;65614.0;13493.0;52121.0
657900;65614.0;13493.0;52121.0
658000;65663.0;13542.0;52121.0
658100;65607.0;13486.0;52121.0
658200;65607.0;13486.0;52121.0
658300;65181.0;13500.0;51681.0
658400;65724.0;13563.0;52161.0
658500;65707.0;13546.0;52161.0
658600;65766.5;13605.5;52161.0
658700;65884.0;13563.0;52321.0
658800;65764.0;13563.0;52201.0
658900;65755.5;13554.5;52201.0
659000;65747.0;13546.0;52201.0
659100;65747.0;13546.0;52201.0
659200;65610.0;13529.0;52081.0
659300;65713.0;13512.0;52201.0
659400;65839.0;13478.0;52361.0
659500;65778.5;13537.5;52241.0
659600;65744.5;13503.5;52241.0
659700;65784.5;13503.5;52281.0
659800;65233.0;13512.0;51721.0
659900;65793.0;13512.0;52281.0
660000;65818.5;13537.5;52281.0
660100;65810.0;13529.0;52281.0
660200;65821.0;13540.0;52281.0
660300;65821.0;13540.0;52281.0
660400;65861.0;13540.0;52321.0
660500;65728.0;13527.0;52201.0
660600;65848.0;13527.0;52321.0
660700;65901.0;13540.0;52361.0
660800;65781.0;13540.0;52241.0
660900;65888.0;13527.0;52361.0
661000;65888.0;13527.0;52361.0
661100;65875.0;13514.0;52361.0
661200;65755.0;13514.0;52241.0
661300;65875.0;13514.0;52361.0
661400;65875.0;13514.0;52361.0
661500;65928.0;13527.0;52401.0
661600;65960.5;13559.5;52401.0
661700;66088.0;13527.0;52561.0
661800;65968.0;13527.0;52441.0
661900;65968.0;13527.0;52441.0
662000;65948.5;13507.5;52441.0
662100;66094.5;13533.5;52561.0
662200;65968.0;13527.0;52441.0
662300;66062.0;13501.0;52561.0
662400;66014.5;13533.5;52481.0
662500;66008.0;13527.0;52481.0
662600;65995.0;13514.0;52481.0
662700;66168.0;13527.0;52641.0
662800;66035.0;13514.0;52521.0
662900;66035.0;13514.0;52521.0
663000;66035.0;13514.0;52521.0
663100;65895.5;13494.5;52401.0
663200;66035.0;13514.0;52521.0
663300;66022.0;13501.0;52521.0
663400;65915.0;13514.0;52401.0
663500;66075.0;13514.0;52561.0
663600;66075.0;13514.0;52561.0
663700;66102.0;13501.0;52601.0
663800;66254.5;13533.5;52721.0
663900;66102.0;13501.0;52601.0
664000;66235.0;13514.0;52721.0
664100;66102.0;13501.0;52601.0
664200;66102.0;13501.0;52601.0
664300;66115.0;13514.0;52601.0
664400;66189.0;13548.0;52641.0
664500;66153.0;13512.0;52641.0
664600;66162.0;13521.0;52641.0
664700;66082.0;13521.0;52561.0
664800;66190.0;13509.0;52681.0
664900;66316.0;13515.0;52801.0
665000;66307.0;13506.0;52801.0
665100;66184.0;13503.0;52681.0
665200;66190.0;13509.0;52681.0
665300;66190.0;13509.0;52681.0
665400;66350.0;13509.0;52841.0
665500;66230.0;13509.0;52721.0
665600;66236.0;13515.0;52721.0
665700;66276.0;13515.0;52761.0
665800;66270.0;13509.0;52761.0
665900;66390.0;13509.0;52881.0
666000;66270.0;13509.0;52761.0
666100;66270.0;13509.0;52761.0
666200;66138.0;13497.0;52641.0
666300;66144.0;13503.0;52641.0
666400;66462.0;13541.0;52921.0
666500;66332.0;13531.0;52801.0
666600;66332.0;13531.0;52801.0
666700;66372.0;13531.0;52841.0
666800;66277.0;13556.0;52721.0
666900;66292.0;13571.0;52721.0
667000;66254.5;13533.5;52721.0
667100;66442.0;13601.0;52841.0
667200;66427.0;13586.0;52841.0
667300;66322.0;13601.0;52721.0
667400;66322.0;13601.0;52721.0
667500;66482.0;13601.0;52881.0
667600;66649.5;13608.5;53041.0
667700;66642.0;13601.0;53041.0
667800;66922.0;13601.0;53321.0
667900;66642.0;13601.0;53041.0
668000;66536.0;13615.0;52921.0
668100;66403.0;13602.0;52801.0
668200;66523.0;13602.0;52921.0
668300;66429.0;13628.0;52801.0
668400;66576.0;13615.0;52961.0
668500;66602.0;13641.0;52961.0
668600;66582.5;13621.5;52961.0
668700;66522.0;13641.0;52881.0
668800;66655.0;13654.0;53001.0
668900;66642.0;13641.0;53001.0
669000;66622.5;13621.5;53001.0
669100;66622.5;13621.5;53001.0
669200;66642.0;13641.0;53001.0
669300;66515.5;13634.5;52881.0
669400;66688.5;13647.5;53041.0
669500;66695.0;13654.0;53041.0
669600;66682.0;13641.0;53041.0
669700;66722.0;13641.0;53081.0
669800;66735.0;13654.0;53081.0
669900;66615.0;13654.0;52961.0
670000;66735.0;13654.0;53081.0
670100;66735.0;13654.0;53081.0
670200;66748.0;13667.0;53081.0
670300;66748.0;13667.0;53081.0
670400;66908.0;13667.0;53241.0
670500;66634.5;13673.5;52961.0
670600;66775.0;13654.0;53121.0
670700;66802.0;13641.0;53161.0
670800;66802.0;13641.0;53161.0
670900;66815.0;13654.0;53161.0
671000;66834.5;13673.5;53161.0
671100;66828.0;13667.0;53161.0
671200;66828.0;13667.0;53161.0
671300;66828.0;13667.0;53161.0
671400;66868.0;13667.0;53201.0
671500;66721.0;13680.0;53041.0
671600;66881.0;13680.0;53201.0
671700;66921.0;13680.0;53241.0
671800;66908.0;13667.0;53241.0
671900;67028.0;13667.0;53361.0
672000;66901.5;13660.5;53241.0
672100;66908.0;13667.0;53241.0
672200;66875.5;13634.5;53241.0
672300;66921.0;13680.0;53241.0
672400;66775.0;13654.0;53121.0
672500;66948.0;13667.0;53281.0
672600;66961.0;13680.0;53281.0
672700;67001.0;13680.0;53321.0
672800;67001.0;13680.0;53321.0
672900;67001.0;13680.0;53321.0
673000;66561.0;13680.0;52881.0
673100;67014.0;13693.0;53321.0
673200;67027.0;13706.0;53321.0
673300;67014.0;13693.0;53321.0
673400;67067.0;13706.0;53361.0
673500;66894.0;13693.0;53201.0
673600;67524.0;13763.0;53761.0
673700;67164.0;13763.0;53401.0
673800;67152.5;13751.5;53401.0
673900;67164.0;13763.0;53401.0
674000;67164.0;13763.0;53401.0
674100;67095.0;13694.0;53401.0
674200;67095.0;13694.0;53401.0
674300;67187.0;13786.0;53401.0
674400;67284.5;13843.5;53441.0
674500;67204.0;13763.0;53441.0
674600;67112.0;13671.0;53441.0
674700;67181.0;13740.0;53441.0
674800;67244.0;13763.0;53481.0
674900;67278.5;13797.5;53481.0
675000;67341.0;13740.0;53601.0
675100;67186.5;13705.5;53481.0
675200;67244.0;13763.0;53481.0
675300;67221.0;13740.0;53481.0
675400;67249.5;13728.5;53521.0
675500;67078.0;13717.0;53361.0
675600;67798.0;13717.0;54081.0
675700;67278.0;13717.0;53561.0
675800;67255.0;13694.0;53561.0
675900;67301.0;13740.0;53561.0
676000;67266.5;13705.5;53561.0
676100;67278.0;13717.0;53561.0
676200;67266.5;13705.5;53561.0
676300;67232.0;13671.0;53561.0
676400;67398.5;13797.5;53601.0
676500;67318.0;13717.0;53601.0
676600;67152.0;13671.0;53481.0
676700;67312.0;13671.0;53641.0
676800;67363.0;13722.0;53641.0
676900;67483.0;13722.0;53761.0
677000;67390.0;13749.0;53641.0
677100;67410.0;13769.0;53641.0
677200;67290.0;13769.0;53521.0
677300;67366.5;13725.5;53641.0
677400;67421.0;13740.0;53681.0
677500;67421.0;13740.0;53681.0
677600;67610.0;13769.0;53841.0
677700;67581.0;13740.0;53841.0
677800;67297.5;13696.5;53601.0
677900;67417.5;13696.5;53721.0
678000;67552.0;13711.0;53841.0
678100;67432.0;13711.0;53721.0
678200;67523.0;13682.0;53841.0
678300;67297.5;13696.5;53601.0
678400;67312.0;13711.0;53601.0
678500;67617.5;13696.5;53921.0
678600;67617.5;13696.5;53921.0
678700;67392.0;13711.0;53681.0
678800;67632.0;13711.0;53921.0
678900;67541.0;13740.0;53801.0
679000;67541.0;13740.0;53801.0
679100;67555.5;13754.5;53801.0
679200;67523.0;13722.0;53801.0
679300;67520.0;13599.0;53921.0
679400;67685.0;13764.0;53921.0
679500;67685.0;13764.0;53921.0
679600;67605.0;13764.0;53841.0
679700;67435.0;13674.0;53761.0
679800;67675.0;13674.0;54001.0
679900;67765.0;13764.0;54001.0
680000;67645.0;13764.0;53881.0
680100;67645.0;13764.0;53881.0
680200;67645.0;13764.0;53881.0
680300;67675.0;13794.0;53881.0
680400;67715.0;13794.0;53921.0
680500;67685.0;13764.0;53921.0
680600;67595.0;13794.0;53801.0
680700;67755.0;13794.0;53961.0
680800;67650.0;13689.0;53961.0
680900;67725.0;13764.0;53961.0
681000;67725.0;13764.0;53961.0
681100;67725.0;13764.0;53961.0
681200;67788.0;13827.0;53961.0
681300;67788.0;13827.0;53961.0
681400;67828.0;13827.0;54001.0
681500;67786.0;13785.0;54001.0
681600;67676.5;13795.5;53881.0
681700;67836.5;13795.5;54041.0
681800;67868.0;13827.0;54041.0
681900;67943.0;13902.0;54041.0
682000;67775.0;13854.0;53921.0
682100;67871.0;13830.0;54041.0
682200;67751.0;13830.0;53921.0
682300;67859.0;13818.0;54041.0
682400;67899.0;13818.0;54081.0
682500;67911.0;13830.0;54081.0
682600;67767.0;13806.0;53961.0
682700;67975.0;13854.0;54121.0
682800;68375.0;13854.0;54521.0
682900;68123.0;13882.0;54241.0
683000;68003.0;13882.0;54121.0
683100;68003.0;13882.0;54121.0
683200;68123.0;13882.0;54241.0
683300;68003.0;13882.0;54121.0
683400;68023.0;13902.0;54121.0
683500;68043.0;13882.0;54161.0
683600;67923.0;13882.0;54041.0
683700;68083.0;13882.0;54201.0
683800;68083.0;13882.0;54201.0
683900;68603.0;13882.0;54721.0
684000;67943.0;13862.0;54081.0
684100;68173.0;13852.0;54321.0
684200;68083.0;13882.0;54201.0
684300;68073.0;13872.0;54201.0
684400;68103.0;13862.0;54241.0
684500;68083.0;13842.0;54241.0
684600;68103.0;13862.0;54241.0
684700;68243.0;13842.0;54401.0
684800;68153.0;13872.0;54281.0
684900;68123.0;13842.0;54281.0
685000;68123.0;13842.0;54281.0
685100;68003.0;13842.0;54161.0
685200;68123.0;13842.0;54281.0
685300;68003.0;13842.0;54161.0
685400;68199.0;13878.0;54321.0
685500;68212.0;13891.0;54321.0
685600;68205.5;13884.5;54321.0
685700;68265.0;13904.0;54361.0
685800;68265.0;13904.0;54361.0
685900;68278.0;13917.0;54361.0
686000;68265.0;13904.0;54361.0
686100;68265.0;13904.0;54361.0
686200;68278.0;13917.0;54361.0
686300;68265.0;13904.0;54361.0
686400;67865.0;13904.0;53961.0
686500;68132.0;13891.0;54241.0
686600;68305.0;13904.0;54401.0
686700;68345.0;13904.0;54441.0
686800;68345.0;13904.0;54441.0
686900;68358.0;13917.0;54441.0
687000;68338.5;13897.5;54441.0
687100;68364.5;13923.5;54441.0
687200;68244.5;13923.5;54321.0
687300;68199.0;13878.0;54321.0
687400;68372.0;13891.0;54481.0
687500;68372.0;13891.0;54481.0
687600;68386.0;13865.0;54521.0
687700;68438.0;13917.0;54521.0
687800;68564.5;13923.5;54641.0
687900;68425.0;13904.0;54521.0
688000;68545.0;13904.0;54641.0
688100;68564.5;13923.5;54641.0
688200;68558.0;13917.0;54641.0
688300;68311.5;13910.5;54401.0
688400;68305.0;13904.0;54401.0
688500;68025.0;13904.0;54121.0
688600;68426.0;13865.0;54561.0
688700;68492.0;13891.0;54601.0
688800;68505.0;13904.0;54601.0
688900;68398.0;13917.0;54481.0
689000;68385.0;13904.0;54481.0
689100;68511.5;13910.5;54601.0
689200;68492.0;13891.0;54601.0
689300;68505.0;13904.0;54601.0
689400;68678.0;13917.0;54761.0
689500;68587.0;13946.0;54641.0
689600;68515.0;13874.0;54641.0
689700;68580.5;13899.5;54681.0
689800;68520.0;13959.0;54561.0
689900;68520.0;13959.0;54561.0
690000;68640.0;13959.0;54681.0
690100;68743.0;13942.0;54801.0
690200;68623.0;13942.0;54681.0
690300;68778.0;13977.0;54801.0
690400;68494.0;13933.0;54561.0
690500;68654.0;13933.0;54721.0
690600;69076.0;13955.0;55121.0
690700;68996.0;13955.0;55041.0
690800;68770.0;14009.0;54761.0
690900;68744.0;13983.0;54761.0
691000;68864.0;13983.0;54881.0
691100;68770.0;14009.0;54761.0
691200;68304.0;13983.0;54321.0
691300;68744.0;13983.0;54761.0
691400;68852.0;13931.0;54921.0
691500;68758.0;13957.0;54801.0
691600;68797.0;13996.0;54801.0
691700;68758.0;13957.0;54801.0
691800;68892.0;13931.0;54961.0
691900;68824.0;13983.0;54841.0
692000;68957.0;13996.0;54961.0
692100;69198.0;13957.0;55241.0
692200;68678.0;13957.0;54721.0
692300;68850.0;14009.0;54841.0
692400;68639.0;13918.0;54721.0
692500;68743.0;14022.0;54721.0
692600;68678.0;13957.0;54721.0
692700;68852.0;13931.0;54921.0
692800;68878.0;13957.0;54921.0
692900;68998.0;13957.0;55041.0
693000;68878.0;13957.0;54921.0
693100;68852.0;13931.0;54921.0
693200;68878.0;13957.0;54921.0
693300;69011.0;13970.0;55041.0
693400;68970.0;14009.0;54961.0
693500;68918.0;13957.0;54961.0
693600;68944.0;13983.0;54961.0
693700;68903.0;14022.0;54881.0
693800;68942.0;14061.0;54881.0
693900;69010.0;14009.0;55001.0
694000;69130.0;14009.0;55121.0
694100;69010.0;14009.0;55001.0
694200;69010.0;14009.0;55001.0
694300;69075.0;14074.0;55001.0
694400;69570.0;14009.0;55561.0
694500;69050.0;14009.0;55041.0
694600;69050.0;14009.0;55041.0
694700;69236.0;14035.0;55201.0
694800;69090.0;14009.0;55081.0
694900;69077.0;13996.0;55081.0
695000;69116.0;14035.0;55081.0
695100;69236.0;14035.0;55201.0
695200;69090.0;14009.0;55081.0
695300;69012.0;13931.0;55081.0
695400;69090.0;14009.0;55081.0
695500;68970.0;14009.0;54961.0
695600;69130.0;14009.0;55121.0
695700;69050.0;14009.0;55041.0
695800;69196.0;14035.0;55161.0
695900;69157.0;13996.0;55161.0
696000;69274.0;14113.0;55161.0
696100;69196.0;14035.0;55161.0
696200;69222.0;14061.0;55161.0
696300;69222.0;14061.0;55161.0
696400;69262.0;14061.0;55201.0
696500;69396.0;14035.0;55361.0
696600;69236.0;14035.0;55201.0
696700;69289.0;14048.0;55241.0
696800;69250.0;14009.0;55241.0
696900;69250.0;14009.0;55241.0
697000;69250.0;14009.0;55241.0
697100;69250.0;14009.0;55241.0
697200;69370.0;14009.0;55361.0
697300;69211.0;13970.0;55241.0
697400;69410.0;14009.0;55401.0
697500;69130.0;14009.0;55121.0
697600;69235.0;14074.0;55161.0
697700;69170.0;14009.0;55161.0
697800;69304.0;13983.0;55321.0
697900;69304.0;13983.0;55321.0
698000;69330.0;14009.0;55321.0
698100;69408.0;14087.0;55321.0
698200;69210.0;14009.0;55201.0
698300;69330.0;14009.0;55321.0
698400;69184.0;13983.0;55201.0
698500;69318.0;13957.0;55361.0
698600;69198.0;13957.0;55241.0
698700;69358.0;13957.0;55401.0
698800;69238.0;13957.0;55281.0
698900;69264.0;13983.0;55281.0
699000;69358.0;13957.0;55401.0
699100;69358.0;13957.0;55401.0
699200;69355.0;14074.0;55281.0
699300;69238.0;13957.0;55281.0
699400;69307.0;13866.0;55441.0
699500;69212.0;13931.0;55281.0
699600;69186.0;13905.0;55281.0
699700;69335.0;13854.0;55481.0
699800;69335.0;13854.0;55481.0
699900;69374.0;14013.0;55361.0
700000;69374.0;14013.0;55361.0
700100;69454.0;13973.0;55481.0
700200;69454.0;13973.0;55481.0
700300;69376.0;14015.0;55361.0
700400;69576.5;14055.5;55521.0
700500;69557.0;14036.0;55521.0
700600;69557.0;14036.0;55521.0
700700;69597.0;14036.0;55561.0
700800;69558.0;13997.0;55561.0
700900;69597.0;14036.0;55561.0
701000;69105.0;13984.0;55121.0
701100;69464.0;14023.0;55441.0
701200;69490.0;14049.0;55441.0
701300;69610.0;14049.0;55561.0
701400;69490.0;14049.0;55441.0
701500;69637.0;14036.0;55601.0
701600;69656.5;14055.5;55601.0
701700;69677.0;14036.0;55641.0
701800;69570.0;14049.0;55521.0
701900;69683.5;14042.5;55641.0
702000;69644.5;14003.5;55641.0
702100;70070.5;14029.5;56041.0
702200;69263.0;14062.0;55201.0
702300;69570.0;14049.0;55521.0
702400;69570.0;14049.0;55521.0
702500;69589.5;14068.5;55521.0
702600;69730.0;14049.0;55681.0
702700;69770.0;14049.0;55721.0
702800;69783.0;14062.0;55721.0
702900;69783.0;14062.0;55721.0
703000;69796.0;14075.0;55721.0
703100;69811.0;14090.0;55721.0
703200;69836.5;14115.5;55721.0
703300;69845.0;14124.0;55721.0
703400;70013.5;14132.5;55881.0
703500;70028.0;14107.0;55921.0
703600;69868.0;14107.0;55761.0
703700;69933.5;14132.5;55801.0
703800;69908.0;14107.0;55801.0
703900;69797.0;13996.0;55801.0
704000;69929.0;14128.0;55801.0
704100;69929.0;14128.0;55801.0
704200;70121.0;14200.0;55921.0
704300;69929.0;14128.0;55801.0
704400;69737.0;14056.0;55681.0
704500;69773.0;14092.0;55681.0
704600;70369.0;14128.0;56241.0
704700;70009.0;14128.0;55881.0
704800;70045.0;14164.0;55881.0
704900;70009.0;14128.0;55881.0
705000;69997.0;14116.0;55881.0
705100;70009.0;14128.0;55881.0
705200;70009.0;14128.0;55881.0
705300;70093.0;14092.0;56001.0
705400;70098.0;14177.0;55921.0
705500;69891.5;14130.5;55761.0
705600;70098.0;14177.0;55921.0
705700;69538.0;14177.0;55361.0
705800;69987.0;14146.0;55841.0
705900;70138.0;14177.0;55961.0
706000;70138.0;14177.0;55961.0
706100;70169.0;14208.0;55961.0
706200;70153.5;14192.5;55961.0
706300;70107.0;14146.0;55961.0
706400;70147.0;14146.0;56001.0
706500;70307.0;14146.0;56161.0
706600;70307.0;14146.0;56161.0
706700;70187.0;14146.0;56041.0
706800;70036.0;14115.0;55921.0
706900;70276.0;14115.0;56161.0
707000;70036.0;14115.0;55921.0
707100;70125.0;14084.0;56041.0
707200;70036.0;14115.0;55921.0
707300;70125.0;14084.0;56041.0
707400;70196.0;14115.0;56081.0
707500;70098.0;14177.0;55921.0
707600;70067.0;14146.0;55921.0
707700;70282.5;14161.5;56121.0
707800;70205.0;14204.0;56001.0
707900;70169.0;14168.0;56001.0
708000;70151.0;14150.0;56001.0
708100;70205.0;14204.0;56001.0
708200;70271.0;14150.0;56121.0
708300;70271.0;14150.0;56121.0
708400;70311.0;14150.0;56161.0
708500;70311.0;14150.0;56161.0
708600;70293.0;14132.0;56161.0
708700;70513.0;14192.0;56321.0
708800;70513.0;14192.0;56321.0
708900;70435.0;14234.0;56201.0
709000;70330.0;14129.0;56201.0
709100;70231.0;14150.0;56081.0
709200;70309.0;14108.0;56201.0
709300;70429.0;14108.0;56321.0
709400;70637.0;14396.0;56241.0
709500;70757.0;14396.0;56361.0
709600;70349.0;14108.0;56241.0
709700;70287.0;14126.0;56161.0
709800;70573.5;14292.5;56281.0
709900;70332.0;14171.0;56161.0
710000;70653.0;14252.0;56401.0
710100;70533.0;14252.0;56281.0
710200;70541.5;14260.5;56281.0
710300;70494.0;14213.0;56281.0
710400;70610.0;14289.0;56321.0
710500;70760.5;14279.5;56481.0
710600;70452.0;14251.0;56201.0
710700;70751.0;14270.0;56481.0
710800;70631.0;14270.0;56361.0
710900;70808.0;14327.0;56481.0
711000;70621.5;14260.5;56361.0
711100;70631.0;14270.0;56361.0
711200;70631.0;14270.0;56361.0
711300;70631.0;14270.0;56361.0
711400;70791.0;14270.0;56521.0
711500;70690.0;14289.0;56401.0
711600;70378.0;14097.0;56281.0
711700;70832.0;14271.0;56561.0
711800;70712.0;14271.0;56441.0
711900;70712.0;14271.0;56441.0
712000;70712.0;14271.0;56441.0
712100;70627.0;14306.0;56321.0
712200;70711.0;14270.0;56441.0
712300;70747.0;14306.0;56441.0
712400;70799.0;14318.0;56481.0
712500;70799.0;14318.0;56481.0
712600;70787.0;14306.0;56481.0
712700;70827.0;14306.0;56521.0
712800;70911.0;14270.0;56641.0
712900;70671.0;14270.0;56401.0
713000;70815.0;14294.0;56521.0
713100;70803.0;14282.0;56521.0
713200;70947.0;14306.0;56641.0
713300;70851.0;14330.0;56521.0
713400;70954.0;14393.0;56561.0
713500;70877.0;14316.0;56561.0
713600;70863.0;14302.0;56561.0
713700;70683.0;14202.0;56481.0
713800;70827.0;14346.0;56481.0
713900;70947.0;14346.0;56601.0
714000;71031.0;14310.0;56721.0
714100;70923.0;14322.0;56601.0
714200;71043.0;14322.0;56721.0
714300;71043.0;14322.0;56721.0
714400;70963.0;14322.0;56641.0
714500;70779.0;14298.0;56481.0
714600;70963.0;14322.0;56641.0
714700;71027.0;14346.0;56681.0
714800;71015.0;14334.0;56681.0
714900;70846.0;14165.0;56681.0
715000;70713.0;14352.0;56361.0
715100;71153.0;14352.0;56801.0
715200;70947.0;14386.0;56561.0
715300;71066.0;14505.0;56561.0
715400;71073.0;14352.0;56721.0
715500;71022.0;14301.0;56721.0
715600;71199.0;14318.0;56881.0
715700;71096.0;14335.0;56761.0
715800;71113.0;14352.0;56761.0
715900;71147.0;14386.0;56761.0
716000;71130.0;14369.0;56761.0
716100;71130.0;14369.0;56761.0
716200;71079.0;14318.0;56761.0
716300;71113.0;14352.0;56761.0
716400;71119.0;14478.0;56641.0
716500;71125.0;14324.0;56801.0
716600;71285.0;14324.0;56961.0
716700;71137.0;14296.0;56841.0
716800;71207.0;14366.0;56841.0
716900;71137.0;14296.0;56841.0
717000;71285.0;14324.0;56961.0
717100;71073.0;14352.0;56721.0
717200;70947.0;14226.0;56721.0
717300;71123.0;14282.0;56841.0
717400;71045.0;14324.0;56721.0
717500;71365.0;14324.0;57041.0
717600;71217.0;14296.0;56921.0
717700;71231.0;14310.0;56921.0
717800;71147.0;14226.0;56921.0
717900;71433.0;14352.0;57081.0
718000;71301.0;14380.0;56921.0
718100;71195.0;14394.0;56801.0
718200;71245.0;14324.0;56921.0
718300;71125.0;14324.0;56801.0
718400;71313.0;14352.0;56961.0
718500;71313.0;14352.0;56961.0
718600;71313.0;14352.0;56961.0
718700;71353.0;14352.0;57001.0
718800;71353.0;14352.0;57001.0
718900;71445.0;14324.0;57121.0
719000;71185.0;14184.0;57001.0
719100;71163.0;14282.0;56881.0
719200;71241.0;14240.0;57001.0
719300;71297.0;14296.0;57001.0
719400;71337.0;14296.0;57041.0
719500;71365.0;14324.0;57041.0
719600;71525.0;14324.0;57201.0
719700;71405.0;14324.0;57081.0
719800;71313.0;14352.0;56961.0
719900;71525.0;14324.0;57201.0
720000;71433.0;14352.0;57081.0
720100;71461.0;14380.0;57081.0
720200;71405.0;14324.0;57081.0
720300;71391.0;14310.0;57081.0
720400;71501.0;14380.0;57121.0
720500;71477.0;14356.0;57121.0
720600;71357.0;14356.0;57001.0
720700;71421.0;14380.0;57041.0
720800;71421.0;14380.0;57041.0
720900;71421.0;14380.0;57041.0
721000;71493.0;14332.0;57161.0
721100;71637.0;14356.0;57281.0
721200;71053.0;14452.0;56601.0
721300;71429.0;14388.0;57041.0
721400;71549.0;14348.0;57201.0
721500;71573.0;14372.0;57201.0
721600;71733.0;14372.0;57361.0
721700;71613.0;14372.0;57241.0
721800;71493.0;14372.0;57121.0
721900;71509.0;14388.0;57121.0
722000;71613.0;14372.0;57241.0
722100;71629.0;14388.0;57241.0
722200;71749.0;14388.0;57361.0
722300;72189.0;14388.0;57801.0
722400;71669.0;14388.0;57281.0
722500;71669.0;14388.0;57281.0
722600;71669.0;14388.0;57281.0
722700;71709.0;14388.0;57321.0
722800;71756.5;14435.5;57321.0
722900;71605.0;14404.0;57201.0
723000;71720.5;14399.5;57321.0
723100;71749.0;14428.0;57321.0
723200;71749.0;14428.0;57321.0
723300;71749.0;14428.0;57321.0
723400;71789.0;14428.0;57361.0
723500;71789.0;14428.0;57361.0
723600;71774.0;14413.0;57361.0
723700;71829.0;14428.0;57401.0
723800;71709.0;14428.0;57281.0
723900;71859.0;14458.0;57401.0
724000;71814.0;14413.0;57401.0
724100;71814.0;14413.0;57401.0
724200;71724.0;14443.0;57281.0
724300;71866.5;14465.5;57401.0
724400;71846.5;14405.5;57441.0
724500;71846.5;14405.5;57441.0
724600;71846.5;14405.5;57441.0
724700;71789.0;14428.0;57361.0
724800;71930.0;14329.0;57601.0
724900;71925.0;14444.0;57481.0
725000;71925.0;14444.0;57481.0
725100;71959.5;14478.5;57481.0
725200;71948.0;14467.0;57481.0
725300;71948.0;14467.0;57481.0
725400;71988.0;14467.0;57521.0
725500;72125.0;14444.0;57681.0
725600;72148.0;14467.0;57681.0
725700;72084.0;14523.0;57561.0
725800;72068.5;14507.5;57561.0
725900;72146.0;14585.0;57561.0
726000;72115.0;14554.0;57561.0
726100;71675.0;14554.0;57121.0
726200;72150.0;14589.0;57561.0
726300;72150.0;14589.0;57561.0
726400;72066.0;14625.0;57441.0
726500;72422.0;14661.0;57761.0
726600;72190.0;14589.0;57601.0
726700;72374.0;14733.0;57641.0
726800;72266.0;14625.0;57641.0
726900;72128.0;14607.0;57521.0
727000;72146.0;14625.0;57521.0
727100;72266.0;14625.0;57641.0
727200;72302.0;14661.0;57641.0
727300;72182.0;14661.0;57521.0
727400;72288.0;14607.0;57681.0
727500;72128.0;14607.0;57521.0
727600;72432.0;14751.0;57681.0
727700;72400.0;14679.0;57721.0
727800;72502.0;14661.0;57841.0
727900;72346.0;14625.0;57721.0
728000;72262.0;14661.0;57601.0
728100;72400.0;14679.0;57721.0
728200;72508.0;14787.0;57721.0
728300;72574.0;14733.0;57841.0
728400;72494.0;14733.0;57761.0
728500;72494.0;14733.0;57761.0
728600;72458.0;14697.0;57761.0
728700;72414.0;14733.0;57681.0
728800;72444.0;14643.0;57801.0
728900;72462.0;14661.0;57801.0
729000;72426.0;14625.0;57801.0
729100;72490.0;14689.0;57801.0
729200;72546.0;14745.0;57801.0
729300;72461.0;14780.0;57681.0
729400;72621.0;14780.0;57841.0
729500;72604.5;14763.5;57841.0
729600;72621.0;14780.0;57841.0
729700;72670.5;14829.5;57841.0
729800;72694.0;14813.0;57881.0
729900;72661.0;14780.0;57881.0
730000;72661.0;14780.0;57881.0
730100;72628.0;14747.0;57881.0
730200;72508.0;14747.0;57761.0
730300;72557.5;14796.5;57761.0
730400;72710.0;14789.0;57921.0
730500;72712.0;14791.0;57921.0
730600;72744.0;14823.0;57921.0
730700;72912.0;14951.0;57961.0
730800;72800.0;14839.0;57961.0
730900;72888.0;14807.0;58081.0
731000;72935.5;14974.5;57961.0
731100;72832.0;14871.0;57961.0
731200;72872.0;14911.0;57961.0
731300;72865.0;14904.0;57961.0
731400;72912.0;14911.0;58001.0
731500;72877.0;14876.0;58001.0
731600;72827.0;14946.0;57881.0
731700;72966.0;14925.0;58041.0
731800;72966.0;14925.0;58041.0
731900;72966.0;14925.0;58041.0
732000;73086.0;14925.0;58161.0
732100;72846.0;14925.0;57921.0
732200;72910.0;14869.0;58041.0
732300;73176.0;14855.0;58321.0
732400;73027.0;14946.0;58081.0
732500;73020.0;14939.0;58081.0
732600;73006.0;14925.0;58081.0
732700;73046.0;14925.0;58121.0
732800;73095.0;14974.0;58121.0
732900;73060.0;14939.0;58121.0
733000;73060.0;14939.0;58121.0
733100;73039.0;14918.0;58121.0
733200;73060.0;14939.0;58121.0
733300;73060.0;14939.0;58121.0
733400;73100.0;14939.0;58161.0
733500;73100.0;14939.0;58161.0
733600;73100.0;14939.0;58161.0
733700;73165.5;14844.5;58321.0
733800;73161.0;14960.0;58201.0
733900;73041.0;14960.0;58081.0
734000;73182.0;14981.0;58201.0
734100;73140.0;14939.0;58201.0
734200;73020.0;14939.0;58081.0
734300;73140.0;14939.0;58201.0
734400;73300.0;14939.0;58361.0
734500;73041.0;14960.0;58081.0
734600;73201.0;14960.0;58241.0
734700;73350.5;14949.5;58401.0
734800;73276.0;14995.0;58281.0
734900;73332.0;15051.0;58281.0
735000;73222.5;15061.5;58161.0
735100;72751.0;15030.0;57721.0
735200;73191.0;15030.0;58161.0
735300;73170.0;15009.0;58161.0
735400;73330.0;15009.0;58321.0
735500;73330.0;15009.0;58321.0
735600;73309.0;14988.0;58321.0
735700;73349.0;14988.0;58361.0
735800;73370.0;15009.0;58361.0
735900;73229.0;14988.0;58241.0
736000;73349.0;14988.0;58361.0
736100;73370.0;15009.0;58361.0
736200;73349.0;14988.0;58361.0
736300;73349.0;14988.0;58361.0
736400;73420.5;15019.5;58401.0
736500;73424.0;15023.0;58401.0
736600;73424.0;15023.0;58401.0
736700;73464.0;15023.0;58441.0
736800;73456.0;15015.0;58441.0
736900;73456.0;15015.0;58441.0
737000;73448.0;15007.0;58441.0
737100;73608.0;15047.0;58561.0
737200;73608.0;15047.0;58561.0
737300;73488.0;15047.0;58441.0
737400;73504.0;15023.0;58481.0
737500;73904.0;15023.0;58881.0
737600;73072.0;15031.0;58041.0
737700;73408.0;15007.0;58401.0
737800;73664.0;15023.0;58641.0
737900;73552.0;15031.0;58521.0
738000;73512.0;14991.0;58521.0
738100;73504.0;14983.0;58521.0
738200;73512.0;14991.0;58521.0
738300;73528.0;15007.0;58521.0
738400;73712.0;15031.0;58681.0
738500;73576.0;15015.0;58561.0
738600;73584.0;15023.0;58561.0
738700;73504.0;15023.0;58481.0
738800;73112.0;14991.0;58121.0
738900;73672.0;15071.0;58601.0
739000;73624.0;15023.0;58601.0
739100;73624.0;15023.0;58601.0
739200;73666.0;15065.0;58601.0
739300;73651.0;15050.0;58601.0
739400;73706.0;15065.0;58641.0
739500;73616.0;15135.0;58481.0
739600;73816.0;15175.0;58641.0
739700;73836.0;15155.0;58681.0
739800;73896.0;15215.0;58681.0
739900;74266.0;15185.0;59081.0
740000;73856.0;15175.0;58681.0
740100;73856.0;15175.0;58681.0
740200;74016.0;15175.0;58841.0
740300;73836.0;15155.0;58681.0
740400;73876.0;15155.0;58721.0
740500;73952.0;15231.0;58721.0
740600;73934.0;15213.0;58721.0
740700;73974.0;15213.0;58761.0
740800;74040.0;15159.0;58881.0
740900;73932.0;15171.0;58761.0
741000;74058.0;15177.0;58881.0
741100;74064.0;15183.0;58881.0
741200;73950.0;15189.0;58761.0
741300;73932.0;15171.0;58761.0
741400;73978.0;15177.0;58801.0
741500;73978.0;15177.0;58801.0
741600;73972.0;15171.0;58801.0
741700;74012.0;15171.0;58841.0
741800;74024.0;15183.0;58841.0
741900;74000.0;15159.0;58841.0
742000;73619.0;15218.0;58401.0
742100;73626.0;15225.0;58401.0
742200;74182.5;15221.5;58961.0
742300;74059.0;15218.0;58841.0
742400;74099.0;15218.0;58881.0
742500;73939.0;15218.0;58721.0
742600;74106.0;15225.0;58881.0
742700;74266.0;15225.0;59041.0
742800;74135.5;15214.5;58921.0
742900;74146.0;15225.0;58921.0
743000;74146.0;15225.0;58921.0
743100;74160.0;15239.0;58921.0
743200;74160.0;15239.0;58921.0
743300;74139.0;15218.0;58921.0
743400;74179.0;15218.0;58961.0
743500;74207.0;15246.0;58961.0
743600;74207.0;15246.0;58961.0
743700;74247.0;15246.0;59001.0
743800;74247.0;15246.0;59001.0
743900;74247.0;15246.0;59001.0
744000;74258.0;15257.0;59001.0
744100;74258.0;15257.0;59001.0
744200;74269.0;15268.0;59001.0
744300;74258.0;15257.0;59001.0
744400;74274.5;15273.5;59001.0
744500;74458.0;15257.0;59201.0
744600;74298.0;15257.0;59041.0
744700;74338.0;15257.0;59081.0
744800;74458.0;15257.0;59201.0
744900;74354.5;15273.5;59081.0
745000;74338.0;15257.0;59081.0
745100;74458.0;15257.0;59201.0
745200;74380.0;15299.0;59081.0
745300;74363.0;15282.0;59081.0
745400;74403.0;15282.0;59121.0
745500;74428.5;15307.5;59121.0
745600;74403.0;15282.0;59121.0
745700;74509.0;15348.0;59161.0
745800;74576.5;15295.5;59281.0
745900;74488.0;15327.0;59161.0
746000;74425.0;15264.0;59161.0
746100;74544.0;15383.0;59161.0
746200;74424.0;15383.0;59041.0
746300;74437.0;15396.0;59041.0
746400;74642.5;15441.5;59201.0
746500;74597.0;15396.0;59201.0
746600;74770.0;15409.0;59361.0
746700;74637.0;15396.0;59241.0
746800;74637.0;15396.0;59241.0
746900;74656.5;15415.5;59241.0
747000;74637.0;15396.0;59241.0
747100;74637.0;15396.0;59241.0
747200;74530.0;15409.0;59121.0
747300;74650.0;15409.0;59241.0
747400;74690.0;15409.0;59281.0
747500;74497.5;15376.5;59121.0
747600;74703.0;15422.0;59281.0
747700;74743.0;15422.0;59321.0
747800;74743.0;15422.0;59321.0
747900;74863.0;15422.0;59441.0
748000;74743.0;15422.0;59321.0
748100;74723.5;15402.5;59321.0
748200;74610.0;15409.0;59201.0
748300;74491.0;15370.0;59121.0
748400;74770.0;15409.0;59361.0
748500;74783.0;15422.0;59361.0
748600;74783.0;15422.0;59361.0
748700;74849.0;15448.0;59401.0
748800;74810.0;15409.0;59401.0
748900;74878.0;15357.0;59521.0
749000;74917.0;15396.0;59521.0
749100;74917.0;15396.0;59521.0
749200;74797.0;15396.0;59401.0
749300;74797.0;15396.0;59401.0
749400;74850.0;15409.0;59441.0
749500;74843.5;15402.5;59441.0
749600;74843.5;15402.5;59441.0
749700;74890.0;15409.0;59481.0
749800;74890.0;15409.0;59481.0
749900;74916.0;15435.0;59481.0
750000;74703.0;15422.0;59281.0
750100;74916.0;15435.0;59481.0
750200;74932.0;15451.0;59481.0
750300;74822.5;15461.5;59361.0
750400;74993.0;15472.0;59521.0
750500;74993.0;15472.0;59521.0
750600;74865.0;15344.0;59521.0
750700;75208.0;15487.0;59721.0
750800;75048.0;15487.0;59561.0
750900;75048.0;15487.0;59561.0
751000;75048.0;15487.0;59561.0
751100;74928.0;15487.0;59441.0
751200;75100.0;15539.0;59561.0
751300;74608.0;15487.0;59121.0
751400;74958.0;15357.0;59601.0
751500;75222.0;15461.0;59761.0
751600;75062.0;15461.0;59601.0
751700;75102.0;15461.0;59641.0
751800;74982.0;15461.0;59521.0
751900;75010.0;15489.0;59521.0
752000;74842.0;15321.0;59521.0
752100;75268.0;15507.0;59761.0
752200;75194.5;15553.5;59641.0
752300;75163.5;15522.5;59641.0
752400;75234.5;15553.5;59681.0
752500;75234.5;15553.5;59681.0
752600;75172.5;15491.5;59681.0
752700;75228.0;15507.0;59721.0
752800;75228.0;15507.0;59721.0
752900;75228.0;15507.0;59721.0
753000;75108.0;15507.0;59601.0
753100;75336.0;15615.0;59721.0
753200;75281.0;15560.0;59721.0
753300;75237.0;15516.0;59721.0
753400;75095.0;15494.0;59601.0
753500;75255.0;15494.0;59761.0
753600;75255.0;15494.0;59761.0
753700;75121.0;15440.0;59681.0
753800;75241.0;15440.0;59801.0
753900;75446.5;15525.5;59921.0
754000;75451.0;15530.0;59921.0
754100;75352.0;15551.0;59801.0
754200;75352.0;15551.0;59801.0
754300;75232.0;15551.0;59681.0
754400;75512.0;15551.0;59961.0
754500;75392.0;15551.0;59841.0
754600;75392.0;15551.0;59841.0
754700;75432.0;15551.0;59881.0
754800;75432.0;15551.0;59881.0
754900;75432.0;15551.0;59881.0
755000;75418.0;15537.0;59881.0
755100;75418.0;15537.0;59881.0
755200;75432.0;15551.0;59881.0
755300;75411.0;15530.0;59881.0
755400;75472.0;15551.0;59921.0
755500;75485.0;15564.0;59921.0
755600;75515.0;15594.0;59921.0
755700;75540.0;15579.0;59961.0
755800;75660.0;15579.0;60081.0
755900;75670.0;15589.0;60081.0
756000;75090.0;15569.0;59521.0
756100;75650.0;15569.0;60081.0
756200;75702.0;15621.0;60081.0
756300;75454.0;15613.0;59841.0
756400;75798.0;15677.0;60121.0
756500;75654.0;15653.0;60001.0
756600;75701.0;15700.0;60001.0
756700;75621.0;15700.0;59921.0
756800;75741.0;15700.0;60041.0
756900;75776.0;15735.0;60041.0
757000;75776.0;15735.0;60041.0
757100;75776.0;15735.0;60041.0
757200;75839.0;15798.0;60041.0
757300;75702.5;15661.5;60041.0
757400;75976.5;15895.5;60081.0
757500;75879.0;15798.0;60081.0
757600;75762.0;15681.0;60081.0
757700;75958.0;15837.0;60121.0
757800;75838.0;15837.0;60001.0
757900;76039.0;15798.0;60241.0
758000;75919.0;15798.0;60121.0
758100;75877.0;15956.0;59921.0
758200;76044.0;15803.0;60241.0
758300;75818.0;15817.0;60001.0
758400;76178.0;15897.0;60281.0
758500;75858.0;15697.0;60161.0
758600;75738.0;15697.0;60041.0
758700;76058.0;15857.0;60201.0
758800;76038.0;15837.0;60201.0
758900;76098.0;15897.0;60201.0
759000;75938.0;15857.0;60081.0
759100;76058.0;15857.0;60201.0
759200;76058.0;15857.0;60201.0
759300;76058.0;15857.0;60201.0
759400;76098.0;15857.0;60241.0
759500;76118.0;15877.0;60241.0
759600;75978.0;15857.0;60121.0
759700;76138.0;15857.0;60281.0
759800;76138.0;15857.0;60281.0
759900;76138.0;15857.0;60281.0
760000;76258.0;15857.0;60401.0
760100;76258.0;15857.0;60401.0
760200;76258.0;15857.0;60401.0
760300;75978.0;15817.0;60161.0
760400;76138.0;15817.0;60321.0
760500;76138.0;15817.0;60321.0
760600;76018.0;15817.0;60201.0
760700;76178.0;15817.0;60361.0
760800;76258.0;15897.0;60361.0
760900;76218.0;15857.0;60361.0
761000;76338.0;15857.0;60481.0
761100;76298.0;15937.0;60361.0
761200;76258.0;15897.0;60361.0
761300;76218.0;15857.0;60361.0
761400;76138.0;15737.0;60401.0
761500;76298.0;15897.0;60401.0
761600;76298.0;15897.0;60401.0
761700;76258.0;15817.0;60441.0
761800;75698.0;15857.0;59841.0
761900;75798.0;15957.0;59841.0
762000;75698.0;15857.0;59841.0
762100;76258.0;15817.0;60441.0
762200;76298.0;15857.0;60441.0
762300;76218.0;15897.0;60321.0
762400;76178.0;15857.0;60321.0
762500;76338.0;15857.0;60481.0
762600;75898.0;15857.0;60041.0
762700;75898.0;15857.0;60041.0
762800;76338.0;15817.0;60521.0
762900;76418.0;15897.0;60521.0
763000;76458.0;15937.0;60521.0
763100;76478.0;15957.0;60521.0
763200;76418.0;15897.0;60521.0
763300;76298.0;15897.0;60401.0
763400;76418.0;15857.0;60561.0
763500;76578.0;15857.0;60721.0
763600;76538.0;15817.0;60721.0
763700;76426.0;15825.0;60601.0
763800;76518.0;15917.0;60601.0
763900;76609.0;16008.0;60601.0
764000;76528.0;15927.0;60601.0
764100;76528.0;15927.0;60601.0
764200;76408.0;15927.0;60481.0
764300;76489.0;16008.0;60481.0
764400;76568.0;15927.0;60641.0
764500;76568.0;15927.0;60641.0
764600;76568.0;15927.0;60641.0
764700;76689.0;16008.0;60681.0
764800;76608.0;15927.0;60681.0
764900;76527.0;15846.0;60681.0
765000;76608.0;15927.0;60681.0
765100;76608.0;15927.0;60681.0
765200;76488.0;15927.0;60561.0
765300;76608.0;15927.0;60681.0
765400;76488.0;15927.0;60561.0
765500;76729.0;16008.0;60721.0
765600;76648.0;15927.0;60721.0
765700;76688.0;15927.0;60761.0
765800;76688.0;15927.0;60761.0
765900;76688.0;15927.0;60761.0
766000;77262.0;15981.0;61281.0
766100;76742.0;15981.0;60761.0
766200;76742.0;15981.0;60761.0
766300;76676.0;16035.0;60641.0
766400;76782.0;15981.0;60801.0
766500;76942.0;15981.0;60961.0
766600;76662.0;15981.0;60681.0
766700;76876.0;16035.0;60841.0
766800;76876.0;16035.0;60841.0
766900;76822.0;15981.0;60841.0
767000;76885.0;16044.0;60841.0
767100;76885.0;16044.0;60841.0
767200;76885.0;16044.0;60841.0
767300;76885.0;16044.0;60841.0
767400;76885.0;16044.0;60841.0
767500;76697.5;15976.5;60721.0
767600;76925.0;16044.0;60881.0
767700;76947.5;16066.5;60881.0
767800;76965.0;16044.0;60921.0
767900;76965.0;16044.0;60921.0
768000;76965.0;16044.0;60921.0
768100;76965.0;16044.0;60921.0
768200;77085.0;16044.0;61041.0
768300;76920.0;15999.0;60921.0
768400;77005.0;16044.0;60961.0
768500;76735.0;15774.0;60961.0
768600;76960.0;15999.0;60961.0
768700;77000.0;15999.0;61001.0
768800;77000.0;15999.0;61001.0
768900;77187.5;16066.5;61121.0
769000;77067.5;16066.5;61001.0
769100;77120.0;15999.0;61121.0
769200;77045.0;16044.0;61001.0
769300;77067.5;16066.5;61001.0
769400;77130.0;16089.0;61041.0
769500;77085.0;16044.0;61041.0
769600;77130.0;16089.0;61041.0
769700;77147.5;16066.5;61081.0
769800;77170.0;16089.0;61081.0
769900;77170.0;16089.0;61081.0
770000;77192.5;16111.5;61081.0
770100;77125.0;16044.0;61081.0
770200;77125.0;16044.0;61081.0
770300;77192.5;16111.5;61081.0
770400;77005.0;16044.0;60961.0
770500;77210.0;16089.0;61121.0
770600;77370.0;16089.0;61281.0
770700;77130.0;16089.0;61041.0
770800;77295.0;16134.0;61161.0
770900;77340.0;16179.0;61161.0
771000;77455.0;16134.0;61321.0
771100;77295.0;16134.0;61161.0
771200;77175.0;16134.0;61041.0
771300;77317.5;16156.5;61161.0
771400;77357.5;16156.5;61201.0
771500;77380.0;16179.0;61201.0
771600;77260.0;16179.0;61081.0
771700;77540.0;16179.0;61361.0
771800;77693.0;16332.0;61361.0
771900;77393.0;16152.0;61241.0
772000;77309.0;16188.0;61121.0
772100;77255.0;16134.0;61121.0
772200;77429.0;16188.0;61241.0
772300;77375.0;16134.0;61241.0
772400;77535.0;16134.0;61401.0
772500;77309.0;16188.0;61121.0
772600;77295.0;16134.0;61161.0
772700;77473.0;16152.0;61321.0
772800;77509.0;16188.0;61321.0
772900;77509.0;16188.0;61321.0
773000;77473.0;16152.0;61321.0
773100;77473.0;16152.0;61321.0
773200;77509.0;16188.0;61321.0
773300;77527.0;16206.0;61321.0
773400;77669.0;16308.0;61361.0
773500;77529.0;16168.0;61361.0
773600;77487.0;16126.0;61361.0
773700;77529.0;16168.0;61361.0
773800;77089.0;16168.0;60921.0
773900;77569.0;16168.0;61401.0
774000;77569.0;16168.0;61401.0
774100;77661.0;16140.0;61521.0
774200;77731.0;16210.0;61521.0
774300;77597.0;16196.0;61401.0
774400;77623.0;16182.0;61441.0
774500;77581.0;16140.0;61441.0
774600;77595.0;16154.0;61441.0
774700;77621.0;16140.0;61481.0
774800;77621.0;16140.0;61481.0
774900;77621.0;16140.0;61481.0
775000;77444.5;15963.5;61481.0
775100;77629.5;16148.5;61481.0
775200;77648.0;16167.0;61481.0
775300;77648.0;16167.0;61481.0
775400;77602.0;16241.0;61361.0
775500;78125.0;16204.0;61921.0
775600;77605.0;16204.0;61401.0
775700;77645.0;16204.0;61441.0
775800;77765.0;16204.0;61561.0
775900;77765.0;16204.0;61561.0
776000;77925.0;16204.0;61721.0
776100;77783.5;16222.5;61561.0
776200;77765.0;16204.0;61561.0
776300;77885.0;16204.0;61681.0
776400;77645.0;16204.0;61441.0
776500;77645.0;16204.0;61441.0
776600;77897.5;16296.5;61601.0
776700;77937.5;16296.5;61641.0
776800;77863.5;16222.5;61641.0
776900;77863.5;16222.5;61641.0
777000;77789.5;16148.5;61641.0
777100;77882.0;16241.0;61641.0
777200;77758.0;16237.0;61521.0
777300;77998.0;16237.0;61761.0
777400;77998.0;16237.0;61761.0
777500;77891.0;16210.0;61681.0
777600;77891.0;16210.0;61681.0
777700;77918.0;16237.0;61681.0
777800;77904.0;16183.0;61721.0
777900;77904.0;16183.0;61721.0
778000;77904.0;16183.0;61721.0
778100;78024.0;16183.0;61841.0
778200;77904.0;16183.0;61721.0
778300;77997.0;16156.0;61841.0
778400;77917.0;16156.0;61761.0
778500;77917.0;16156.0;61761.0
778600;77957.0;16156.0;61801.0
778700;77930.0;16129.0;61801.0
778800;77930.0;16129.0;61801.0
778900;77930.0;16129.0;61801.0
779000;78077.0;16156.0;61921.0
779100;77957.0;16156.0;61801.0
779200;77957.0;16156.0;61801.0
779300;77837.0;16156.0;61681.0
779400;78024.0;16183.0;61841.0
779500;78157.0;16156.0;62001.0
779600;77997.0;16156.0;61841.0
779700;77900.5;16019.5;61881.0
779800;77762.0;16201.0;61561.0
779900;78096.0;16215.0;61881.0
780000;77976.0;16215.0;61761.0
780100;78158.0;16277.0;61881.0
780200;78158.0;16277.0;61881.0
780300;77896.0;16215.0;61681.0
780400;77865.0;16184.0;61681.0
780500;78182.5;16261.5;61921.0
780600;78016.0;16215.0;61801.0
780700;78296.0;16215.0;62081.0
780800;78207.0;16246.0;61961.0
780900;78087.0;16246.0;61841.0
781000;78296.0;16215.0;62081.0
781100;78669.0;16308.0;62361.0
781200;78269.0;16308.0;61961.0
781300;78056.0;16215.0;61841.0
781400;78200.5;16199.5;62001.0
781500;78247.0;16246.0;62001.0
781600;78185.0;16184.0;62001.0
781700;78105.0;16184.0;61921.0
781800;78136.0;16215.0;61921.0
781900;78407.0;16246.0;62161.0
782000;78318.0;16277.0;62041.0
782100;78287.0;16246.0;62041.0
782200;78287.0;16246.0;62041.0
782300;78106.5;16065.5;62041.0
782400;78304.0;16223.0;62081.0
782500;78416.0;16335.0;62081.0
782600;78318.0;16237.0;62081.0
782700;78386.0;16265.0;62121.0
782800;78386.0;16265.0;62121.0
782900;78428.0;16307.0;62121.0
783000;78534.0;16293.0;62241.0
783100;78386.0;16265.0;62121.0
783200;78386.0;16265.0;62121.0
783300;78386.0;16265.0;62121.0
783400;78014.0;16293.0;61721.0
783500;78084.0;16363.0;61721.0
783600;78306.0;16265.0;62041.0
783700;78374.0;16293.0;62081.0
783800;78508.0;16307.0;62201.0
783900;78354.0;16153.0;62201.0
784000;78494.0;16293.0;62201.0
784100;78452.0;16251.0;62201.0
784200;78494.0;16293.0;62201.0
784300;78494.0;16293.0;62201.0
784400;78576.0;16335.0;62241.0
784500;78506.0;16265.0;62241.0
784600;78520.0;16279.0;62241.0
784700;78602.0;16321.0;62281.0
784800;78422.0;16141.0;62281.0
784900;78550.0;16269.0;62281.0
785000;78582.0;16301.0;62281.0
785100;78582.0;16301.0;62281.0
785200;78702.0;16301.0;62401.0
785300;78582.0;16301.0;62281.0
785400;78622.0;16301.0;62321.0
785500;78590.0;16269.0;62321.0
785600;78622.0;16301.0;62321.0
785700;78662.0;16301.0;62361.0
785800;78662.0;16301.0;62361.0
785900;78662.0;16301.0;62361.0
786000;78694.0;16333.0;62361.0
786100;78574.0;16333.0;62241.0
786200;78574.0;16333.0;62241.0
786300;78574.0;16333.0;62241.0
786400;78734.0;16333.0;62401.0
786500;78734.0;16333.0;62401.0
786600;78894.0;16333.0;62561.0
786700;78774.0;16333.0;62441.0
786800;78774.0;16333.0;62441.0
786900;78774.0;16333.0;62441.0
787000;79174.0;16333.0;62841.0
787100;78774.0;16333.0;62441.0
787200;78654.0;16333.0;62321.0
787300;78774.0;16333.0;62441.0
787400;78774.0;16333.0;62441.0
787500;78774.0;16333.0;62441.0
787600;78942.0;16301.0;62641.0
787700;78790.0;16269.0;62521.0
787800;78870.0;16349.0;62521.0
787900;78854.0;16333.0;62521.0
788000;78885.5;16364.5;62521.0
788100;78885.5;16364.5;62521.0
788200;78779.0;16378.0;62401.0
788300;78872.0;16351.0;62521.0
788400;79072.5;16391.5;62681.0
788500;79126.0;16405.0;62721.0
788600;78898.5;16337.5;62561.0
788700;78952.0;16351.0;62601.0
788800;78952.0;16351.0;62601.0
788900;78952.0;16351.0;62601.0
789000;78952.0;16351.0;62601.0
789100;78952.0;16351.0;62601.0
789200;79072.0;16351.0;62721.0
789300;78952.0;16351.0;62601.0
789400;78992.0;16351.0;62641.0
789500;79006.0;16365.0;62641.0
789600;79035.0;16394.0;62641.0
789700;79035.0;16394.0;62641.0
789800;79166.0;16365.0;62801.0
789900;79046.0;16365.0;62681.0
790000;79046.0;16365.0;62681.0
790100;79046.0;16365.0;62681.0
790200;79046.0;16365.0;62681.0
790300;79137.0;16336.0;62801.0
790400;79086.0;16365.0;62721.0
790500;79042.5;16321.5;62721.0
790600;79086.0;16365.0;62721.0
790700;79155.0;16394.0;62761.0
790800;79126.0;16365.0;62761.0
790900;79126.0;16365.0;62761.0
791000;79126.0;16365.0;62761.0
791100;79246.0;16365.0;62881.0
791200;79126.0;16365.0;62761.0
791300;79006.0;16365.0;62641.0
791400;79137.0;16336.0;62801.0
791500;79166.0;16365.0;62801.0
791600;79166.0;16365.0;62801.0
791700;79395.0;16434.0;62961.0
791800;79275.0;16434.0;62841.0
791900;79121.0;16400.0;62721.0
792000;79241.0;16400.0;62841.0
792100;79105.0;16264.0;62841.0
792200;79241.0;16400.0;62841.0
792300;79311.0;16470.0;62841.0
792400;79351.0;16470.0;62881.0
792500;79351.0;16470.0;62881.0
792600;79351.0;16470.0;62881.0
792700;79415.0;16494.0;62921.0
792800;79367.0;16446.0;62921.0
792900;79367.0;16446.0;62921.0
793000;79391.0;16470.0;62921.0
793100;79235.0;16434.0;62801.0
793200;79271.0;16470.0;62801.0
793300;79427.0;16506.0;62921.0
793400;79431.0;16470.0;62961.0
793500;79431.0;16470.0;62961.0
793600;79503.0;16542.0;62961.0
793700;79583.0;16582.0;63001.0
793800;79555.0;16554.0;63001.0
793900;79541.0;16540.0;63001.0
794000;79423.0;16422.0;63001.0
794100;79556.0;16555.0;63001.0
794200;79556.0;16555.0;63001.0
794300;79556.0;16555.0;63001.0
794400;79596.0;16555.0;63041.0
794500;79436.0;16555.0;62881.0
794600;79596.0;16555.0;63041.0
794700;79636.0;16555.0;63081.0
794800;79655.0;16574.0;63081.0
794900;79655.0;16574.0;63081.0
795000;79525.5;16564.5;62961.0
795100;79655.0;16574.0;63081.0
795200;79721.5;16640.5;63081.0
795300;79636.0;16555.0;63081.0
795400;79516.0;16555.0;62961.0
795500;79657.0;16536.0;63121.0
795600;79666.5;16545.5;63121.0
795700;79826.5;16545.5;63281.0
795800;79615.0;16574.0;63041.0
795900;79754.0;16593.0;63161.0
796000;79615.0;16574.0;63041.0
796100;80154.0;16593.0;63561.0
796200;79620.5;16659.5;62961.0
796300;79740.5;16579.5;63161.0
796400;79815.0;16614.0;63201.0
796500;79815.0;16614.0;63201.0
796600;80375.0;16614.0;63761.0
796700;79735.0;16614.0;63121.0
796800;79832.0;16591.0;63241.0
796900;79712.0;16591.0;63121.0
797000;79832.0;16591.0;63241.0
797100;79832.0;16591.0;63241.0
797200;79929.0;16568.0;63361.0
797300;79809.0;16568.0;63241.0
797400;79872.0;16591.0;63281.0
797500;79872.0;16591.0;63281.0
797600;79872.0;16591.0;63281.0
797700;79889.0;16568.0;63321.0
797800;80009.0;16568.0;63441.0
797900;79912.0;16591.0;63321.0
798000;79877.5;16556.5;63321.0
798100;79666.0;16545.0;63121.0
798200;79854.5;16533.5;63321.0
798300;80009.0;16568.0;63441.0
798400;79889.0;16568.0;63321.0
798500;79734.5;16533.5;63201.0
798600;79929.0;16568.0;63361.0
798700;79849.0;16568.0;63281.0
798800;79946.0;16545.0;63401.0
798900;79992.0;16591.0;63401.0
799000;79969.0;16568.0;63401.0
799100;79992.0;16591.0;63401.0
799200;80054.5;16533.5;63521.0
799300;79934.5;16533.5;63401.0
799400;80020.5;16579.5;63441.0
799500;80055.0;16614.0;63441.0
799600;80055.0;16614.0;63441.0
799700;80049.0;16568.0;63481.0
799800;80192.0;16591.0;63601.0
799900;80072.0;16591.0;63481.0
800000;80072.0;16591.0;63481.0
800100;80157.5;16556.5;63601.0
800200;80106.5;16625.5;63481.0
800300;79968.5;16487.5;63481.0
800400;80089.0;16568.0;63521.0
800500;80249.0;16568.0;63681.0
800600;80249.0;16568.0;63681.0
800700;80009.0;16568.0;63441.0
800800;80272.0;16591.0;63681.0
800900;80249.0;16568.0;63681.0
801000;80283.5;16602.5;63681.0
801100;80147.5;16426.5;63721.0
801200;80147.0;16586.0;63561.0
801300;80147.0;16586.0;63561.0
801400;80176.0;16615.0;63561.0
801500;80303.5;16542.5;63761.0
801600;80187.0;16586.0;63601.0
801700;80198.0;16557.0;63641.0
801800;80227.0;16586.0;63641.0
801900;80227.0;16586.0;63641.0
802000;80023.0;16502.0;63521.0
802100;80263.0;16622.0;63641.0
802200;80371.0;16610.0;63761.0
802300;80251.0;16610.0;63641.0
802400;80047.0;16406.0;63641.0
802500;80247.0;16406.0;63841.0
802600;79927.5;16686.5;63241.0
802700;80358.0;16637.0;63721.0
802800;80304.0;16703.0;63601.0
802900;80391.0;16670.0;63721.0
803000;80391.0;16670.0;63721.0
803100;80426.0;16705.0;63721.0
803200;80426.0;16705.0;63721.0
803300;80594.0;16593.0;64001.0
803400;80226.0;16705.0;63521.0
803500;80466.0;16705.0;63761.0
803600;80466.0;16705.0;63761.0
803700;80626.0;16705.0;63921.0
803800;80506.0;16705.0;63801.0
803900;80506.0;16705.0;63801.0
804000;80506.0;16705.0;63801.0
804100;80506.0;16705.0;63801.0
804200;80506.0;16705.0;63801.0
804300;80386.0;16705.0;63681.0
804400;80506.0;16705.0;63801.0
804500;80588.0;16747.0;63841.0
804600;80628.0;16747.0;63881.0
804700;80706.0;16705.0;64001.0
804800;80466.0;16705.0;63761.0
804900;80586.0;16705.0;63881.0
805000;81028.0;16747.0;64281.0
805100;80628.0;16747.0;63881.0
805200;80595.0;16714.0;63881.0
805300;80628.0;16747.0;63881.0
805400;80377.0;16616.0;63761.0
805500;80680.0;16759.0;63921.0
805600;80720.0;16759.0;63961.0
805700;80681.0;16720.0;63961.0
805800;80880.0;16799.0;64081.0
805900;80880.0;16799.0;64081.0
806000;80732.0;16771.0;63961.0
806100;80760.0;16799.0;63961.0
806200;80640.0;16799.0;63841.0
806300;80880.0;16799.0;64081.0
806400;80800.0;16799.0;64001.0
806500;80668.0;16827.0;63841.0
806600;80668.0;16827.0;63841.0
806700;80840.0;16799.0;64041.0
806800;80868.0;16827.0;64041.0
806900;80868.0;16827.0;64041.0
807000;81028.0;16827.0;64201.0
807100;80840.0;16799.0;64041.0
807200;80706.0;16785.0;63921.0
807300;80960.0;16799.0;64161.0
807400;80868.0;16827.0;64041.0
807500;80908.0;16827.0;64081.0
807600;80788.0;16827.0;63961.0
807700;80828.0;16827.0;64001.0
807800;80948.0;16827.0;64121.0
807900;80898.0;16897.0;64001.0
808000;81082.0;16841.0;64241.0
808100;80864.0;16743.0;64121.0
808200;80984.0;16743.0;64241.0
808300;80744.0;16743.0;64001.0
808400;81164.0;16883.0;64281.0
808500;81044.0;16883.0;64161.0
808600;80924.0;16883.0;64041.0
808700;80944.0;16743.0;64201.0
808800;81042.0;16841.0;64201.0
808900;81232.0;16911.0;64321.0
809000;81112.0;16911.0;64201.0
809100;80992.0;16911.0;64081.0
809200;81112.0;16911.0;64201.0
809300;81232.0;16911.0;64321.0
809400;80992.0;16911.0;64081.0
809500;81222.0;16981.0;64241.0
809600;81164.0;16883.0;64281.0
809700;81164.0;16883.0;64281.0
809800;81284.0;16883.0;64401.0
809900;81284.0;16883.0;64401.0
810000;81192.0;16911.0;64281.0
810100;81192.0;16911.0;64281.0
810200;81220.0;16939.0;64281.0
810300;81192.0;16911.0;64281.0
810400;81192.0;16911.0;64281.0
810500;81291.0;16970.0;64321.0
810600;81171.0;16970.0;64201.0
810700;81292.0;16931.0;64361.0
810800;80786.0;16905.0;63881.0
810900;81386.0;16905.0;64481.0
811000;81240.0;16879.0;64361.0
811100;81308.0;16827.0;64481.0
811200;81253.0;16892.0;64361.0
811300;81292.0;16931.0;64361.0
811400;81266.0;16905.0;64361.0
811500;81146.0;16905.0;64241.0
811600;81320.0;16879.0;64441.0
811700;81320.0;16879.0;64441.0
811800;81346.0;16905.0;64441.0
811900;81226.0;16905.0;64321.0
812000;81226.0;16905.0;64321.0
812100;81346.0;16905.0;64441.0
812200;81346.0;16905.0;64441.0
812300;80906.0;16905.0;64001.0
812400;81372.0;16931.0;64441.0
812500;81546.0;16905.0;64641.0
812600;81946.0;16905.0;65041.0
812700;81426.0;16905.0;64521.0
812800;81586.0;16905.0;64681.0
812900;81306.0;16905.0;64401.0
813000;81426.0;16905.0;64521.0
813100;81426.0;16905.0;64521.0
813200;81332.0;16931.0;64401.0
813300;81306.0;16905.0;64401.0
813400;81306.0;16905.0;64401.0
813500;80987.0;16866.0;64121.0
813600;81480.0;16879.0;64601.0
813700;81506.0;16905.0;64601.0
813800;81376.0;16775.0;64601.0
813900;81506.0;16905.0;64601.0
814000;81506.0;16905.0;64601.0
814100;81626.0;16905.0;64721.0
814200;81506.0;16905.0;64601.0
814300;81506.0;16905.0;64601.0
814400;81386.0;16905.0;64481.0
814500;81546.0;16905.0;64641.0
814600;81465.0;16944.0;64521.0
814700;81625.0;16944.0;64681.0
814800;81612.0;16931.0;64681.0
814900;81612.0;16931.0;64681.0
815000;81586.0;16905.0;64681.0
815100;81586.0;16905.0;64681.0
815200;81560.0;16879.0;64681.0
815300;81586.0;16905.0;64681.0
815400;81581.0;16900.0;64681.0
815500;81614.0;16933.0;64681.0
815600;81694.0;16933.0;64761.0
815700;81683.0;16922.0;64761.0
815800;81672.0;16911.0;64761.0
815900;82028.0;16867.0;65161.0
816000;81530.0;16889.0;64641.0
816100;81530.0;16889.0;64641.0
816200;81716.0;16955.0;64761.0
816300;81672.0;16911.0;64761.0
816400;81672.0;16911.0;64761.0
816500;81872.0;16911.0;64961.0
816600;81774.0;16933.0;64841.0
816700;81774.0;16933.0;64841.0
816800;81752.0;16911.0;64841.0
816900;81927.0;16966.0;64961.0
817000;81752.0;16911.0;64841.0
817100;81774.0;16933.0;64841.0
817200;81828.0;16867.0;64961.0
817300;81894.0;16933.0;64961.0
817400;81934.0;16933.0;65001.0
817500;81814.0;16933.0;64881.0
817600;81876.0;16955.0;64921.0
817700;81756.0;16955.0;64801.0
817800;81778.0;16977.0;64801.0
817900;81854.0;16933.0;64921.0
818000;81974.0;16933.0;65041.0
818100;81887.0;16966.0;64921.0
818200;81876.0;16955.0;64921.0
818300;82018.0;16977.0;65041.0
818400;82058.0;16977.0;65081.0
818500;82098.0;16977.0;65121.0
818600;81978.0;16977.0;65001.0
818700;81978.0;16977.0;65001.0
818800;81978.0;16977.0;65001.0
818900;82011.0;17010.0;65001.0
819000;82000.0;16999.0;65001.0
819100;82175.0;17054.0;65121.0
819200;82055.0;17054.0;65001.0
819300;81978.0;16977.0;65001.0
819400;81858.0;16977.0;64881.0
819500;81880.0;16999.0;64881.0
819600;82058.0;16977.0;65081.0
819700;82080.0;16999.0;65081.0
819800;82080.0;16999.0;65081.0
819900;82058.0;16977.0;65081.0
820000;82025.0;16944.0;65081.0
820100;82058.0;16977.0;65081.0
820200;82156.0;16955.0;65201.0
820300;82058.0;16977.0;65081.0
820400;82058.0;16977.0;65081.0
820500;82076.0;16955.0;65121.0
820600;82116.0;16955.0;65161.0
820700;82094.0;16933.0;65161.0
820800;81996.0;16955.0;65041.0
820900;82094.0;16933.0;65161.0
821000;82159.0;16878.0;65281.0
821100;82172.0;17011.0;65161.0
821200;82172.0;17011.0;65161.0
821300;82193.0;17032.0;65161.0
821400;82172.0;17011.0;65161.0
821500;82212.0;17011.0;65201.0
821600;82071.0;16990.0;65081.0
821700;82287.0;17046.0;65241.0
821800;82372.0;17011.0;65361.0
821900;82238.0;16997.0;65241.0
822000;82217.0;16976.0;65241.0
822100;82238.0;16997.0;65241.0
822200;82252.0;17011.0;65241.0
822300;82231.0;16990.0;65241.0
822400;82224.0;16983.0;65241.0
822500;82678.0;16997.0;65681.0
822600;82144.0;16983.0;65161.0
822700;82318.0;16997.0;65321.0
822800;82417.0;16976.0;65441.0
822900;82318.0;16997.0;65321.0
823000;82318.0;16997.0;65321.0
823100;82304.0;16983.0;65321.0
823200;82296.0;16975.0;65321.0
823300;82230.0;17029.0;65201.0
823400;82336.5;17015.5;65321.0
823500;82749.5;16988.5;65761.0
823600;82754.0;16993.0;65761.0
823700;82767.5;17006.5;65761.0
823800;82523.0;17002.0;65521.0
823900;82421.0;17020.0;65401.0
824000;82287.5;17006.5;65281.0
824100;82371.5;16970.5;65401.0
824200;82532.0;17011.0;65521.0
824300;82403.0;17002.0;65401.0
824400;82403.0;17002.0;65401.0
824500;82443.0;17002.0;65441.0
824600;82612.0;17011.0;65601.0
824700;82478.5;16997.5;65481.0
824800;82358.5;16997.5;65361.0
824900;82372.0;17011.0;65361.0
825000;82381.0;17020.0;65361.0
825100;82492.0;17011.0;65481.0
825200;82932.0;17011.0;65921.0
825300;82492.0;17011.0;65481.0
825400;82643.0;17002.0;65641.0
825500;82523.0;17002.0;65521.0
825600;82963.0;17002.0;65961.0
825700;82958.5;16997.5;65961.0
825800;82558.5;16997.5;65561.0
825900;82701.0;17020.0;65681.0
826000;82572.0;17011.0;65561.0
826100;82452.0;17011.0;65441.0
826200;82461.0;17020.0;65441.0
826300;82567.5;17006.5;65561.0
826400;82461.0;17020.0;65441.0
826500;82452.0;17011.0;65441.0
826600;82492.0;17011.0;65481.0
826700;82661.0;17020.0;65641.0
826800;82527.5;17006.5;65521.0
826900;82781.0;17020.0;65761.0
827000;82781.0;17020.0;65761.0
827100;82541.0;17020.0;65521.0
827200;82661.0;17020.0;65641.0
827300;82670.0;17029.0;65641.0
827400;82661.0;17020.0;65641.0
827500;82669.5;16988.5;65681.0
827600;82741.0;17020.0;65721.0
827700;82754.5;17033.5;65721.0
827800;82750.0;17029.0;65721.0
827900;82750.0;17029.0;65721.0
828000;82750.0;17029.0;65721.0
828100;82732.0;17011.0;65721.0
828200;82741.0;17020.0;65721.0
828300;82732.0;17011.0;65721.0
828400;82741.0;17020.0;65721.0
828500;82772.0;17011.0;65761.0
828600;82830.0;17029.0;65801.0
828700;82692.0;17011.0;65681.0
828800;82812.0;17011.0;65801.0
828900;82812.0;17011.0;65801.0
829000;82812.0;17011.0;65801.0
829100;82803.0;17002.0;65801.0
829200;82803.0;17002.0;65801.0
829300;82923.0;17002.0;65921.0
829400;82803.0;17002.0;65801.0
829500;82852.0;17011.0;65841.0
829600;82892.0;17011.0;65881.0
829700;82883.0;17002.0;65881.0
829800;82763.0;17002.0;65761.0
829900;83163.0;17002.0;66161.0
830000;82878.5;16997.5;65881.0
830100;83003.0;17002.0;66001.0
830200;83003.0;17002.0;66001.0
830300;82883.0;17002.0;65881.0
830400;82763.0;17002.0;65761.0
830500;82763.0;17002.0;65761.0
830600;82967.5;17006.5;65961.0
830700;82958.5;16997.5;65961.0
830800;82883.5;17042.5;65841.0
830900;82981.0;17020.0;65961.0
831000;83101.0;17020.0;66081.0
831100;82981.0;17020.0;65961.0
831200;82981.0;17020.0;65961.0
831300;82967.5;17006.5;65961.0
831400;82972.0;17011.0;65961.0
831500;82985.0;16984.0;66001.0
831600;83052.0;17011.0;66041.0
831700;82941.0;17020.0;65921.0
831800;82932.0;17011.0;65921.0
831900;82932.0;17011.0;65921.0
832000;83065.5;17024.5;66041.0
832100;83025.0;16984.0;66041.0
832200;83061.0;17020.0;66041.0
832300;83061.0;17020.0;66041.0
832400;83065.5;17024.5;66041.0
832500;83119.0;17038.0;66081.0
832600;83270.0;17029.0;66241.0
832700;83326.0;17085.0;66241.0
832800;83263.0;17022.0;66241.0
832900;83199.0;17078.0;66121.0
833000;83199.0;17078.0;66121.0
833100;83079.0;17078.0;66001.0
833200;83340.0;17099.0;66241.0
833300;83079.0;17078.0;66001.0
833400;83079.0;17078.0;66001.0
833500;83239.0;17078.0;66161.0
833600;83385.0;17064.0;66321.0
833700;83785.0;17064.0;66721.0
833800;83399.0;17078.0;66321.0
833900;83328.0;17127.0;66201.0
834000;83418.0;17097.0;66321.0
834100;83293.0;17092.0;66201.0
834200;83293.0;17092.0;66201.0
834300;83293.0;17092.0;66201.0
834400;83293.0;17092.0;66201.0
834500;83173.0;17092.0;66081.0
834600;83383.0;17102.0;66281.0
834700;83388.0;17107.0;66281.0
834800;83373.0;17092.0;66281.0
834900;83383.0;17102.0;66281.0
835000;83263.0;17102.0;66161.0
835100;83258.0;17097.0;66161.0
835200;83321.0;17040.0;66281.0
835300;83391.0;17110.0;66281.0
835400;83391.0;17110.0;66281.0
835500;83612.0;17131.0;66481.0
835600;83471.0;17110.0;66361.0
835700;83527.0;17166.0;66361.0
835800;83521.0;17160.0;66361.0
835900;83392.0;17151.0;66241.0
836000;83521.0;17160.0;66361.0
836100;83527.0;17166.0;66361.0
836200;83521.0;17160.0;66361.0
836300;83521.0;17160.0;66361.0
836400;83558.0;17157.0;66401.0
836500;83573.0;17172.0;66401.0
836600;83601.0;17160.0;66441.0
836700;83601.0;17160.0;66441.0
836800;83530.0;17209.0;66321.0
836900;83802.5;17241.5;66561.0
837000;83530.0;17209.0;66321.0
837100;83650.0;17209.0;66441.0
837200;83668.0;17107.0;66561.0
837300;83773.0;17212.0;66561.0
837400;83813.0;17212.0;66601.0
837500;83693.0;17212.0;66481.0
837600;83733.0;17212.0;66521.0
837700;83733.0;17212.0;66521.0
837800;83634.0;17233.0;66401.0
837900;83701.5;17180.5;66521.0
838000;83649.0;17128.0;66521.0
838100;83733.0;17212.0;66521.0
838200;83733.0;17212.0;66521.0
838300;83613.0;17212.0;66401.0
838400;83733.0;17212.0;66521.0
838500;83773.0;17212.0;66561.0
838600;83731.0;17170.0;66561.0
838700;83771.0;17170.0;66601.0
838800;83933.0;17212.0;66721.0
838900;83813.0;17212.0;66601.0
839000;83813.0;17212.0;66601.0
839100;83813.0;17212.0;66601.0
839200;83760.5;17159.5;66601.0
839300;83823.5;17222.5;66601.0
839400;83792.0;17191.0;66601.0
839500;83885.0;17244.0;66641.0
839600;83748.0;17227.0;66521.0
839700;83813.5;17252.5;66561.0
839800;83852.0;17291.0;66561.0
839900;83932.0;17251.0;66681.0
840000;83922.0;17241.0;66681.0
840100;83922.0;17241.0;66681.0
840200;83937.0;17256.0;66681.0
840300;83927.0;17246.0;66681.0
840400;83922.0;17241.0;66681.0
840500;83992.0;17271.0;66721.0
840600;83842.0;17241.0;66601.0
840700;84002.0;17241.0;66761.0
840800;84002.0;17241.0;66761.0
840900;83442.0;17241.0;66201.0
841000;83997.0;17236.0;66761.0
841100;83912.0;17151.0;66761.0
841200;84102.0;17221.0;66881.0
841300;83992.0;17231.0;66761.0
841400;84012.0;17251.0;66761.0
841500;84054.0;17293.0;66761.0
841600;84000.0;17319.0;66681.0
841700;84160.0;17319.0;66841.0
841800;84160.0;17319.0;66841.0
841900;84134.0;17293.0;66841.0
842000;84147.0;17306.0;66841.0
842100;83934.0;17293.0;66641.0
842200;84160.0;17319.0;66841.0
842300;84280.0;17319.0;66961.0
842400;84160.0;17319.0;66841.0
842500;84200.0;17319.0;66881.0
842600;84240.0;17319.0;66921.0
842700;84279.0;17358.0;66921.0
842800;84155.0;17354.0;66801.0
842900;84275.0;17354.0;66921.0
843000;84212.0;17291.0;66921.0
843100;84430.0;17389.0;67041.0
843200;84458.0;17417.0;67041.0
843300;84398.0;17357.0;67041.0
843400;84293.0;17372.0;66921.0
843500;84378.0;17417.0;66961.0
843600;84418.0;17417.0;67001.0
843700;84463.0;17462.0;67001.0
843800;84418.0;17417.0;67001.0
843900;84373.0;17372.0;67001.0
844000;84373.0;17372.0;67001.0
844100;84578.0;17417.0;67161.0
844200;84418.0;17417.0;67001.0
844300;84858.0;17417.0;67441.0
844400;84418.0;17417.0;67001.0
844500;84458.0;17417.0;67041.0
844600;84498.0;17417.0;67081.0
844700;84498.0;17417.0;67081.0
844800;84018.0;17417.0;66601.0
844900;84498.0;17417.0;67081.0
845000;84378.0;17417.0;66961.0
845100;84358.5;17397.5;66961.0
845200;84519.0;17438.0;67081.0
845300;84519.0;17438.0;67081.0
845400;84100.0;17459.0;66641.0
845500;84384.0;17423.0;66961.0
845600;84536.0;17375.0;67161.0
845700;84620.0;17459.0;67161.0
845800;84764.0;17483.0;67281.0
845900;84620.0;17459.0;67161.0
846000;84620.0;17459.0;67161.0
846100;84722.0;17561.0;67161.0
846200;84632.0;17471.0;67161.0
846300;84541.0;17380.0;67161.0
846400;84662.0;17501.0;67161.0
846500;84618.0;17457.0;67161.0
846600;84753.0;17512.0;67241.0
846700;84890.0;17529.0;67361.0
846800;84740.0;17499.0;67241.0
846900;84760.0;17519.0;67241.0
847000;84760.0;17519.0;67241.0
847100;84610.0;17489.0;67121.0
847200;84740.0;17499.0;67241.0
847300;84740.0;17499.0;67241.0
847400;84900.0;17499.0;67401.0
847500;84696.0;17575.0;67121.0
847600;84878.0;17557.0;67321.0
847700;84764.0;17563.0;67201.0
847800;84945.0;17624.0;67321.0
847900;84825.0;17624.0;67201.0
848000;84973.5;17652.5;67321.0
848100;85065.0;17624.0;67441.0
848200;84825.0;17624.0;67201.0
848300;85387.0;17626.0;67761.0
848400;84947.0;17626.0;67321.0
848500;84947.0;17626.0;67321.0
848600;85087.0;17686.0;67401.0
848700;85051.0;17650.0;67401.0
848800;85171.0;17650.0;67521.0
848900;85099.0;17698.0;67401.0
849000;85171.0;17650.0;67521.0
849100;85075.0;17674.0;67401.0
849200;85075.0;17674.0;67401.0
849300;85075.0;17674.0;67401.0
849400;85075.0;17674.0;67401.0
849500;85091.0;17650.0;67441.0
849600;84995.0;17674.0;67321.0
849700;85155.0;17674.0;67481.0
849800;85155.0;17674.0;67481.0
849900;85275.0;17674.0;67601.0
850000;85299.0;17698.0;67601.0
850100;85059.0;17698.0;67361.0
850200;85023.0;17662.0;67361.0
850300;85365.0;17764.0;67601.0
850400;85175.0;17694.0;67481.0
850500;85175.0;17694.0;67481.0
850600;85283.0;17722.0;67561.0
850700;85255.0;17694.0;67561.0
850800;85255.0;17694.0;67561.0
850900;85255.0;17694.0;67561.0
851000;85375.0;17694.0;67681.0
851100;85149.0;17708.0;67441.0
851200;85149.0;17708.0;67441.0
851300;85135.0;17694.0;67441.0
851400;85135.0;17694.0;67441.0
851500;85295.0;17694.0;67601.0
851600;85455.0;17694.0;67761.0
851700;85349.0;17708.0;67641.0
851800;85335.0;17694.0;67641.0
851900;85335.0;17694.0;67641.0
852000;85335.0;17694.0;67641.0
852100;85515.5;17754.5;67761.0
852200;85370.0;17729.0;67641.0
852300;85374.0;17733.0;67641.0
852400;85434.0;17793.0;67641.0
852500;85254.0;17733.0;67521.0
852600;85454.0;17733.0;67721.0
852700;85454.0;17733.0;67721.0
852800;85434.0;17713.0;67721.0
852900;85434.0;17713.0;67721.0
853000;85454.0;17733.0;67721.0
853100;85414.0;17693.0;67721.0
853200;85404.0;17683.0;67721.0
853300;85414.0;17693.0;67721.0
853400;85414.0;17693.0;67721.0
853500;85274.0;17673.0;67601.0
853600;85464.0;17663.0;67801.0
853700;85604.0;17683.0;67921.0
853800;85374.0;17693.0;67681.0
853900;85504.0;17703.0;67801.0
854000;85414.0;17733.0;67681.0
854100;85514.0;17713.0;67801.0
854200;85334.0;17653.0;67681.0
854300;85514.0;17713.0;67801.0
854400;85734.0;17773.0;67961.0
854500;85684.0;17683.0;68001.0
854600;85714.0;17713.0;68001.0
854700;85574.0;17693.0;67881.0
854800;85594.0;17713.0;67881.0
854900;85574.0;17693.0;67881.0
855000;85724.0;17723.0;68001.0
855100;85564.0;17683.0;67881.0
855200;85674.0;17673.0;68001.0
855300;85534.0;17653.0;67881.0
855400;85574.0;17693.0;67881.0
855500;85470.0;17549.0;67921.0
855600;85510.0;17549.0;67961.0
855700;85622.0;17661.0;67961.0
855800;85622.0;17661.0;67961.0
855900;85566.0;17605.0;67961.0
856000;85552.0;17591.0;67961.0
856100;85686.0;17605.0;68081.0
856200;85608.0;17647.0;67961.0
856300;85566.0;17605.0;67961.0
856400;85726.0;17605.0;68121.0
856500;85606.0;17605.0;68001.0
856600;85646.0;17605.0;68041.0
856700;85660.0;17619.0;68041.0
856800;85646.0;17605.0;68041.0
856900;85646.0;17605.0;68041.0
857000;85674.0;17633.0;68041.0
857100;85794.0;17633.0;68161.0
857200;85674.0;17633.0;68041.0
857300;85590.0;17549.0;68041.0
857400;85674.0;17633.0;68041.0
857500;85702.0;17661.0;68041.0
857600;85554.0;17633.0;67921.0
857700;85754.0;17633.0;68121.0
857800;85712.0;17591.0;68121.0
857900;85712.0;17591.0;68121.0
858000;85832.0;17591.0;68241.0
858100;85846.0;17605.0;68241.0
858200;85846.0;17605.0;68241.0
858300;85684.0;17563.0;68121.0
858400;85726.0;17605.0;68121.0
858500;85766.0;17605.0;68161.0
858600;85806.0;17605.0;68201.0
858700;85694.0;17493.0;68201.0
858800;85806.0;17605.0;68201.0
858900;85778.0;17577.0;68201.0
859000;85834.0;17633.0;68201.0
859100;85792.0;17591.0;68201.0
859200;85806.0;17605.0;68201.0
859300;85714.0;17633.0;68081.0
859400;85966.0;17605.0;68361.0
859500;85994.0;17633.0;68361.0
859600;86026.0;17665.0;68361.0
859700;85826.0;17665.0;68161.0
859800;85978.0;17697.0;68281.0
859900;86098.0;17697.0;68401.0
860000;86034.0;17633.0;68401.0
860100;85914.0;17633.0;68281.0
860200;85914.0;17633.0;68281.0
860300;85474.0;17633.0;67841.0
860400;86138.0;17697.0;68441.0
860500;85954.0;17633.0;68321.0
860600;85994.0;17633.0;68361.0
860700;85994.0;17633.0;68361.0
860800;86026.0;17665.0;68361.0
860900;85994.0;17633.0;68361.0
861000;85554.0;17633.0;67921.0
861100;85994.0;17633.0;68361.0
861200;85978.0;17617.0;68361.0
861300;86058.0;17697.0;68361.0
861400;86026.0;17665.0;68361.0
861500;86114.0;17713.0;68401.0
861600;85890.0;17449.0;68441.0
861700;86118.0;17677.0;68441.0
861800;86118.0;17677.0;68441.0
861900;86252.0;17811.0;68441.0
862000;86092.0;17651.0;68441.0
862100;86092.0;17651.0;68441.0
862200;86060.0;17619.0;68441.0
862300;86060.0;17619.0;68441.0
862400;85728.0;17407.0;68321.0
862500;86005.5;17684.5;68321.0
862600;86150.0;17629.0;68521.0
862700;86187.0;17666.0;68521.0
862800;86113.0;17592.0;68521.0
862900;86113.0;17592.0;68521.0
863000;86113.0;17592.0;68521.0
863100;86076.0;17555.0;68521.0
863200;86368.0;17407.0;68961.0
863300;86076.0;17555.0;68521.0
863400;86150.0;17629.0;68521.0
863500;86030.0;17629.0;68401.0
863600;85927.0;17366.0;68561.0
863700;86134.0;17573.0;68561.0
863800;86220.0;17619.0;68601.0
863900;86220.0;17619.0;68601.0
864000;86146.0;17665.0;68481.0
864100;86146.0;17665.0;68481.0
864200;85962.0;17481.0;68481.0
864300;85826.0;17665.0;68161.0
864400;86266.0;17665.0;68601.0
864500;86146.0;17665.0;68481.0
864600;86162.0;17481.0;68681.0
864700;86139.0;17458.0;68681.0
864800;86356.0;17675.0;68681.0
864900;86356.0;17675.0;68681.0
865000;86398.0;17717.0;68681.0
865100;86518.0;17717.0;68801.0
865200;86332.0;17651.0;68681.0
865300;86442.0;17761.0;68681.0
865400;86442.0;17761.0;68681.0
865500;86388.0;17827.0;68561.0
865600;86522.0;17761.0;68761.0
865700;86566.0;17805.0;68761.0
865800;86566.0;17805.0;68761.0
865900;86752.0;17871.0;68881.0
866000;86632.0;17871.0;68761.0
866100;86566.0;17805.0;68761.0
866200;86446.0;17805.0;68641.0
866300;86686.0;17805.0;68881.0
866400;86446.0;17805.0;68641.0
866500;86606.0;17805.0;68801.0
866600;86580.0;17739.0;68841.0
866700;86734.0;17893.0;68841.0
866800;86762.0;17761.0;69001.0
866900;86678.0;17717.0;68961.0
867000;86602.0;17761.0;68841.0
867100;86360.0;17519.0;68841.0
867200;86358.0;17717.0;68641.0
867300;86402.0;17761.0;68641.0
867400;86482.0;17761.0;68721.0
867500;86686.0;17805.0;68881.0
867600;86703.0;17782.0;68921.0
867700;86823.0;17782.0;69041.0
867800;86656.0;17735.0;68921.0
867900;86609.0;17688.0;68921.0
868000;86609.0;17688.0;68921.0
868100;86917.0;17996.0;68921.0
868200;86517.0;17596.0;68921.0
868300;86717.0;17796.0;68921.0
868400;86777.0;17856.0;68921.0
868500;86757.0;17796.0;68961.0
868600;86917.0;17796.0;69121.0
868700;86797.0;17796.0;69001.0
868800;86797.0;17796.0;69001.0
868900;86797.0;17796.0;69001.0
869000;86837.0;17836.0;69001.0
869100;86837.0;17836.0;69001.0
869200;86837.0;17836.0;69001.0
869300;86717.0;17836.0;68881.0
869400;86737.0;17856.0;68881.0
869500;86837.0;17796.0;69041.0
869600;86877.0;17796.0;69081.0
869700;86877.0;17796.0;69081.0
869800;86997.0;17916.0;69081.0
869900;86997.0;17916.0;69081.0
870000;86877.0;17796.0;69081.0
870100;86877.0;17796.0;69081.0
870200;86957.0;17756.0;69201.0
870300;86877.0;17796.0;69081.0
870400;86837.0;17756.0;69081.0
870500;87097.0;17816.0;69281.0
870600;86957.0;17796.0;69161.0
870700;87079.5;17918.5;69161.0
870800;87027.0;17866.0;69161.0
870900;87027.0;17866.0;69161.0
871000;86992.0;17831.0;69161.0
871100;86957.0;17796.0;69161.0
871200;86837.0;17796.0;69041.0
871300;86971.0;17810.0;69161.0
871400;87094.0;17773.0;69321.0
871500;87062.0;17861.0;69201.0
871600;86942.0;17861.0;69081.0
871700;86982.0;17861.0;69121.0
871800;87084.5;17843.5;69241.0
871900;87187.0;17826.0;69361.0
872000;86982.0;17861.0;69121.0
872100;87169.5;17808.5;69361.0
872200;87102.0;17861.0;69241.0
872300;87102.0;17861.0;69241.0
872400;86999.5;17878.5;69121.0
872500;86982.0;17861.0;69121.0
872600;87302.0;17861.0;69441.0
872700;87182.0;17861.0;69321.0
872800;87269.5;17948.5;69321.0
872900;87129.5;17808.5;69321.0
873000;87182.0;17861.0;69321.0
873100;87217.0;17896.0;69321.0
873200;87337.0;17896.0;69441.0
873300;87097.0;17896.0;69201.0
873400;87324.5;17843.5;69481.0
873500;87309.5;17948.5;69361.0
873600;87297.0;17896.0;69401.0
873700;87297.0;17896.0;69401.0
873800;87349.5;17948.5;69401.0
873900;87297.0;17896.0;69401.0
874000;87332.0;17931.0;69401.0
874100;87332.0;17931.0;69401.0
874200;87332.0;17931.0;69401.0
874300;87332.0;17931.0;69401.0
874400;87332.0;17931.0;69401.0
874500;87332.0;17891.0;69441.0
874600;87352.0;17871.0;69481.0
874700;87312.0;17831.0;69481.0
874800;86852.0;17851.0;69001.0
874900;87212.0;17851.0;69361.0
875000;87332.0;17851.0;69481.0
875100;87352.0;17871.0;69481.0
875200;87332.0;17851.0;69481.0
875300;87212.0;17851.0;69361.0
875400;87367.0;17886.0;69481.0
875500;87407.0;17886.0;69521.0
875600;87377.0;17976.0;69401.0
875700;87514.5;17953.5;69561.0
875800;87447.0;17886.0;69561.0
875900;87625.0;18064.0;69561.0
876000;87574.0;17893.0;69681.0
876100;87454.0;17893.0;69561.0
876200;87511.0;17950.0;69561.0
876300;87612.0;17931.0;69681.0
876400;87454.0;17893.0;69561.0
876500;87654.0;17893.0;69761.0
876600;87654.0;17893.0;69761.0
876700;87654.0;17893.0;69761.0
876800;87635.0;17874.0;69761.0
876900;87635.0;17874.0;69761.0
877000;87452.0;17931.0;69521.0
877100;87629.0;17988.0;69641.0
877200;87572.0;17931.0;69641.0
877300;87692.0;17931.0;69761.0
877400;87572.0;17931.0;69641.0
877500;87729.0;18088.0;69641.0
877600;87776.0;17935.0;69841.0
877700;87776.0;17935.0;69841.0
877800;87776.0;17935.0;69841.0
877900;87705.0;17984.0;69721.0
878000;87300.0;18019.0;69281.0
878100;87620.0;18019.0;69601.0
878200;87776.0;18055.0;69721.0
878300;87656.0;18055.0;69601.0
878400;87744.0;17983.0;69761.0
878500;87672.0;17911.0;69761.0
878600;87820.0;18019.0;69801.0
878700;87856.0;18055.0;69801.0
878800;87700.0;18019.0;69681.0
878900;87802.0;18001.0;69801.0
879000;87820.0;18019.0;69801.0
879100;87619.0;17818.0;69801.0
879200;87834.0;18033.0;69801.0
879300;87834.0;18033.0;69801.0
879400;87714.0;18033.0;69681.0
879500;88077.0;18076.0;70001.0
879600;87797.0;18076.0;69721.0
879700;87686.5;17925.5;69761.0
879800;87871.0;17990.0;69881.0
879900;88000.0;18119.0;69881.0
880000;87957.0;18076.0;69881.0
880100;88000.0;18119.0;69881.0
880200;88077.0;18076.0;70001.0
880300;87957.0;18076.0;69881.0
880400;87914.0;18033.0;69881.0
880500;87997.0;18076.0;69921.0
880600;88065.0;18104.0;69961.0
880700;88138.0;18057.0;70081.0
880800;88065.0;18104.0;69961.0
880900;88112.0;18151.0;69961.0
881000;87945.0;18104.0;69841.0
881100;88065.0;18104.0;69961.0
881200;88458.0;18057.0;70401.0
881300;88208.5;18127.5;70081.0
881400;88226.0;18265.0;69961.0
881500;87916.0;18075.0;69841.0
881600;88116.0;18075.0;70041.0
881700;88116.0;18075.0;70041.0
881800;88116.0;18075.0;70041.0
881900;88236.0;18075.0;70161.0
882000;88154.0;18113.0;70041.0
882100;87996.0;18075.0;69921.0
882200;88116.0;18075.0;70041.0
882300;88116.0;18075.0;70041.0
882400;88116.0;18075.0;70041.0
882500;88137.0;18056.0;70081.0
882600;88175.0;18094.0;70081.0
882700;87890.0;17769.0;70121.0
882800;88106.0;17985.0;70121.0
882900;88178.0;18057.0;70121.0
883000;87666.0;17985.0;69681.0
883100;88298.0;18057.0;70241.0
883200;88058.0;18057.0;70001.0
883300;88058.0;18057.0;70001.0
883400;88058.0;18057.0;70001.0
883500;88122.0;17961.0;70161.0
883600;88162.0;17961.0;70201.0
883700;88210.0;18009.0;70201.0
883800;88258.0;18057.0;70201.0
883900;88330.0;18009.0;70321.0
884000;88234.0;18033.0;70201.0
884100;88210.0;18009.0;70201.0
884200;88258.0;18057.0;70201.0
884300;88282.0;17961.0;70321.0
884400;88298.0;17937.0;70361.0
884500;88250.0;18009.0;70241.0
884600;88218.0;17937.0;70281.0
884700;88242.0;17961.0;70281.0
884800;88290.0;18009.0;70281.0
884900;88410.0;18009.0;70401.0
885000;88242.0;17961.0;70281.0
885100;88242.0;17961.0;70281.0
885200;88242.0;17961.0;70281.0
885300;88242.0;17961.0;70281.0
885400;88242.0;17961.0;70281.0
885500;88234.0;17913.0;70321.0
885600;88090.0;17889.0;70201.0
885700;88322.0;17961.0;70361.0
885800;88322.0;17961.0;70361.0
885900;88418.0;18057.0;70361.0
886000;88866.0;17985.0;70881.0
886100;88250.0;17889.0;70361.0
886200;88202.0;17961.0;70241.0
886300;88154.0;17793.0;70361.0
886400;88482.0;17961.0;70521.0
886500;88362.0;17961.0;70401.0
886600;88162.0;17721.0;70441.0
886700;88402.0;17961.0;70441.0
886800;88450.0;18009.0;70441.0
886900;88402.0;17961.0;70441.0
887000;88970.0;18129.0;70841.0
887100;88274.0;18033.0;70241.0
887200;88402.0;17961.0;70441.0
887300;88354.0;17913.0;70441.0
887400;88450.0;18009.0;70441.0
887500;88490.0;18009.0;70481.0
887600;88714.5;18193.5;70521.0
887700;88581.0;18060.0;70521.0
887800;88581.0;18060.0;70521.0
887900;88548.0;18027.0;70521.0
888000;88498.5;17977.5;70521.0
888100;88395.0;17994.0;70401.0
888200;88515.0;17994.0;70521.0
888300;88416.0;17895.0;70521.0
888400;88296.0;17895.0;70401.0
888500;88555.0;17994.0;70561.0
888600;88595.0;17994.0;70601.0
888700;88715.0;17994.0;70721.0
888800;88661.0;18060.0;70601.0
888900;88595.0;17994.0;70601.0
889000;88595.0;17994.0;70601.0
889100;88578.5;17977.5;70601.0
889200;88524.5;18043.5;70481.0
889300;88628.0;18027.0;70601.0
889400;88595.0;17994.0;70601.0
889500;88844.5;18043.5;70801.0
889600;88658.5;17977.5;70681.0
889700;88861.0;18060.0;70801.0
889800;88724.5;18043.5;70681.0
889900;88658.5;17977.5;70681.0
890000;88708.0;18027.0;70681.0
890100;88708.0;18027.0;70681.0
890200;88675.0;17994.0;70681.0
890300;88828.0;18027.0;70801.0
890400;88658.5;17977.5;70681.0
890500;88511.5;17830.5;70681.0
890600;88806.0;18045.0;70761.0
890700;88845.0;18084.0;70761.0
890800;88926.0;18045.0;70881.0
890900;88945.5;18064.5;70881.0
891000;88845.0;18084.0;70761.0
891100;88845.0;18084.0;70761.0
891200;88965.0;18084.0;70881.0
891300;88845.0;18084.0;70761.0
891400;89304.5;18103.5;71201.0
891500;88885.0;18084.0;70801.0
891600;88964.0;18123.0;70841.0
891700;88925.0;18084.0;70841.0
891800;88925.0;18084.0;70841.0
891900;88805.0;18084.0;70721.0
892000;89003.0;18162.0;70841.0
892100;89084.0;18123.0;70961.0
892200;89065.5;18064.5;71001.0
892300;88925.0;18084.0;70841.0
892400;89004.0;18123.0;70881.0
892500;89004.0;18123.0;70881.0
892600;89044.0;18123.0;70921.0
892700;89044.0;18123.0;70921.0
892800;89005.0;18084.0;70921.0
892900;89620.0;18179.0;71441.0
893000;89087.5;18166.5;70921.0
893100;89140.0;18219.0;70921.0
893200;89140.0;18219.0;70921.0
893300;89020.0;18219.0;70801.0
893400;89140.0;18219.0;70921.0
893500;89180.0;18219.0;70961.0
893600;89340.0;18219.0;71121.0
893700;89517.5;18236.5;71281.0
893800;89202.5;18201.5;71001.0
893900;89272.5;18271.5;71001.0
894000;89272.5;18271.5;71001.0
894100;89290.0;18289.0;71001.0
894200;89170.0;18289.0;70881.0
894300;89167.5;18166.5;71001.0
894400;89290.0;18289.0;71001.0
894500;89365.0;18324.0;71041.0
894600;89387.5;18306.5;71081.0
894700;89370.0;18289.0;71081.0
894800;89300.0;18219.0;71081.0
894900;89175.0;18414.0;70761.0
895000;89025.0;18264.0;70761.0
895100;89135.0;18174.0;70961.0
895200;89195.0;18234.0;70961.0
895300;89255.0;18174.0;71081.0
895400;89390.0;18309.0;71081.0
895500;89385.0;18264.0;71121.0
895600;89220.0;18219.0;71001.0
895700;89425.0;18264.0;71161.0
895800;89260.0;18219.0;71041.0
895900;89305.0;18264.0;71041.0
896000;89305.0;18264.0;71041.0
896100;89395.0;18234.0;71161.0
896200;89305.0;18264.0;71041.0
896300;89365.0;18204.0;71161.0
896400;89260.0;18219.0;71041.0
896500;89435.0;18234.0;71201.0
896600;89610.0;18249.0;71361.0
896700;89640.0;18279.0;71361.0
896800;89505.0;18264.0;71241.0
896900;89505.0;18264.0;71241.0
897000;89505.0;18264.0;71241.0
897100;89505.0;18264.0;71241.0
897200;89565.0;18324.0;71241.0
897300;89535.0;18294.0;71241.0
897400;89505.0;18264.0;71241.0
897500;89545.0;18264.0;71281.0
897600;89630.0;18309.0;71321.0
897700;89615.0;18294.0;71321.0
897800;89585.0;18264.0;71321.0
897900;89585.0;18264.0;71321.0
898000;89465.0;18264.0;71201.0
898100;89025.0;18264.0;70761.0
898200;89748.5;18427.5;71321.0
898300;89502.0;18301.0;71201.0
898400;89645.0;18324.0;71321.0
898500;89616.0;18255.0;71361.0
898600;89502.0;18301.0;71201.0
898700;89679.0;18278.0;71401.0
898800;89702.0;18301.0;71401.0
898900;89845.0;18324.0;71521.0
899000;89582.0;18301.0;71281.0
899100;89736.5;18335.5;71401.0
899200;89908.0;18387.0;71521.0
899300;89752.0;18351.0;71401.0
899400;89752.0;18351.0;71401.0
899500;89792.0;18351.0;71441.0
899600;89792.0;18351.0;71441.0
899700;89805.0;18324.0;71481.0
899800;89832.0;18351.0;71481.0
899900;89952.0;18351.0;71601.0
900000;89588.0;18227.0;71361.0
900100;89862.0;18381.0;71481.0
900200;89820.0;18339.0;71481.0
900300;89904.0;18423.0;71481.0
900400;89862.0;18381.0;71481.0
900500;89462.0;18381.0;71081.0
900600;89942.0;18381.0;71561.0
900700;89942.0;18381.0;71561.0
900800;89942.0;18381.0;71561.0
900900;89914.0;18353.0;71561.0
901000;89544.0;18423.0;71121.0
901100;90104.0;18423.0;71681.0
901200;89942.0;18381.0;71561.0
901300;90034.0;18353.0;71681.0
901400;89970.0;18409.0;71561.0
901500;90092.0;18491.0;71601.0
901600;90020.0;18419.0;71601.0
901700;90460.0;18419.0;72041.0
901800;89508.0;18347.0;71161.0
901900;90009.0;18488.0;71521.0
902000;90063.0;18422.0;71641.0
902100;90068.5;18427.5;71641.0
902200;90068.5;18427.5;71641.0
902300;90205.0;18444.0;71761.0
902400;90228.5;18427.5;71801.0
902500;90108.5;18427.5;71681.0
902600;90176.0;18455.0;71721.0
902700;90165.0;18444.0;71721.0
902800;90154.0;18433.0;71721.0
902900;90187.0;18466.0;71721.0
903000;90176.0;18455.0;71721.0
903100;90159.5;18438.5;71721.0
903200;90159.5;18438.5;71721.0
903300;90192.5;18471.5;71721.0
903400;90159.5;18438.5;71721.0
903500;90216.0;18455.0;71761.0
903600;90239.5;18438.5;71801.0
903700;90283.5;18482.5;71801.0
903800;90245.0;18444.0;71801.0
903900;90245.0;18444.0;71801.0
904000;90639.5;18438.5;72201.0
904100;90256.0;18455.0;71801.0
904200;90267.0;18466.0;71801.0
904300;90239.5;18438.5;71801.0
904400;90245.0;18444.0;71801.0
904500;90317.0;18476.0;71841.0
904600;90357.0;18476.0;71881.0
904700;90237.0;18476.0;71761.0
904800;90377.0;18496.0;71881.0
904900;90373.0;18492.0;71881.0
905000;90369.0;18608.0;71761.0
905100;90347.0;18586.0;71761.0
905200;90467.0;18586.0;71881.0
905300;90467.0;18586.0;71881.0
905400;90467.0;18586.0;71881.0
905500;90507.0;18586.0;71921.0
905600;90547.0;18586.0;71961.0
905700;90631.0;18670.0;71961.0
905800;90597.0;18636.0;71961.0
905900;90614.0;18653.0;71961.0
906000;90614.0;18653.0;71961.0
906100;90494.0;18653.0;71841.0
906200;90597.0;18636.0;71961.0
906300;90631.0;18670.0;71961.0
906400;90614.0;18653.0;71961.0
906500;91071.0;18670.0;72401.0
906600;90685.5;18644.5;72041.0
906700;90768.0;18567.0;72201.0
906800;90619.5;18578.5;72041.0
906900;90746.0;18705.0;72041.0
907000;90746.0;18705.0;72041.0
907100;90746.0;18705.0;72041.0
907200;90723.0;18682.0;72041.0
907300;90746.0;18705.0;72041.0
907400;90746.0;18705.0;72041.0
907500;90809.0;18728.0;72081.0
907600;90849.0;18728.0;72121.0
907700;90849.0;18728.0;72121.0
907800;90849.0;18728.0;72121.0
907900;90906.5;18785.5;72121.0
908000;90872.0;18751.0;72121.0
908100;90872.0;18751.0;72121.0
908200;90849.0;18728.0;72121.0
908300;90872.0;18751.0;72121.0
908400;90872.0;18751.0;72121.0
908500;90872.0;18751.0;72121.0
908600;90986.5;18785.5;72201.0
908700;90952.0;18751.0;72201.0
908800;90855.0;18774.0;72081.0
908900;90963.5;18762.5;72201.0
909000;90952.0;18751.0;72201.0
909100;91072.0;18751.0;72321.0
909200;90961.0;18760.0;72201.0
909300;90988.0;18787.0;72201.0
909400;91015.0;18814.0;72201.0
909500;91082.0;18841.0;72241.0
909600;91122.0;18841.0;72281.0
909700;91054.5;18773.5;72281.0
909800;90948.0;18787.0;72161.0
909900;91105.0;18824.0;72281.0
910000;91181.0;18900.0;72281.0
910100;91192.0;18911.0;72281.0
910200;91129.0;18848.0;72281.0
910300;91115.0;18834.0;72281.0
910400;91150.0;18869.0;72281.0
910500;91204.0;18883.0;72321.0
910600;91343.0;18862.0;72481.0
910700;91089.0;18848.0;72241.0
910800;91315.0;18834.0;72481.0
910900;91089.0;18848.0;72241.0
911000;91223.0;18862.0;72361.0
911100;91223.0;18862.0;72361.0
911200;91205.0;18844.0;72361.0
911300;91091.0;18850.0;72241.0
911400;91211.0;18850.0;72361.0
911500;91079.0;18838.0;72241.0
911600;91297.0;18856.0;72441.0
911700;91303.0;18862.0;72441.0
911800;91177.0;18856.0;72321.0
911900;91315.0;18874.0;72441.0
912000;91607.0;18886.0;72721.0
912100;91315.0;18874.0;72441.0
912200;91336.0;18895.0;72441.0
912300;91465.0;18904.0;72561.0
912400;91505.0;18904.0;72601.0
912500;91220.5;18899.5;72321.0
912600;91425.0;18904.0;72521.0
912700;91545.0;18904.0;72641.0
912800;91425.0;18904.0;72521.0
912900;91434.0;18913.0;72521.0
913000;91554.0;18913.0;72641.0
913100;91450.0;18929.0;72521.0
913200;91450.0;18929.0;72521.0
913300;91439.0;18918.0;72521.0
913400;91444.0;18923.0;72521.0
913500;91481.0;18920.0;72561.0
913600;91521.0;18920.0;72601.0
913700;91403.0;18922.0;72481.0
913800;91521.0;18920.0;72601.0
913900;91521.0;18920.0;72601.0
914000;91639.0;18918.0;72721.0
914100;91523.0;18922.0;72601.0
914200;91521.0;18920.0;72601.0
914300;91521.0;18920.0;72601.0
914400;91521.0;18920.0;72601.0
914500;91563.0;18922.0;72641.0
914600;92003.0;18922.0;73081.0
914700;91481.0;18920.0;72561.0
914800;91481.0;18920.0;72561.0
914900;91601.0;18920.0;72681.0
915000;91603.0;18922.0;72681.0
915100;91599.0;18918.0;72681.0
915200;91721.0;18920.0;72801.0
915300;91561.0;18880.0;72681.0
915400;91181.0;18940.0;72241.0
915500;91661.0;18940.0;72721.0
915600;91719.0;18958.0;72761.0
915700;91593.0;18952.0;72641.0
915800;91725.0;18964.0;72761.0
915900;91833.0;18952.0;72881.0
916000;91725.0;18964.0;72761.0
916100;91833.0;18952.0;72881.0
916200;91713.0;18952.0;72761.0
916300;91689.0;18928.0;72761.0
916400;91713.0;18952.0;72761.0
916500;91901.0;18940.0;72961.0
916600;91781.0;18940.0;72841.0
916700;91781.0;18940.0;72841.0
916800;91793.0;18952.0;72841.0
916900;91889.0;18928.0;72961.0
917000;91769.0;18928.0;72841.0
917100;91769.0;18928.0;72841.0
917200;91805.0;18964.0;72841.0
917300;91649.0;18928.0;72721.0
917400;91769.0;18928.0;72841.0
917500;91725.0;18844.0;72881.0
917600;91985.0;18944.0;73041.0
917700;91865.0;18944.0;72921.0
917800;91865.0;18944.0;72921.0
917900;91900.0;18979.0;72921.0
918000;91885.0;18964.0;72921.0
918100;91870.0;18949.0;72921.0
918200;91885.0;18964.0;72921.0
918300;91885.0;18964.0;72921.0
918400;91907.5;18986.5;72921.0
918500;91900.0;18979.0;72921.0
918600;91972.5;18971.5;73001.0
918700;91980.0;18979.0;73001.0
918800;92247.0;18846.0;73401.0
918900;92023.0;19022.0;73001.0
919000;92023.0;19022.0;73001.0
919100;92143.0;19022.0;73121.0
919200;92023.0;19022.0;73001.0
919300;92001.0;19000.0;73001.0
919400;92034.0;19033.0;73001.0
919500;91881.0;19000.0;72881.0
919600;92147.0;19066.0;73081.0
919700;92081.0;19000.0;73081.0
919800;91993.0;18912.0;73081.0
919900;91993.0;18912.0;73081.0
920000;92103.0;19022.0;73081.0
920100;91983.0;19022.0;72961.0
920200;91983.0;19022.0;72961.0
920300;91983.0;19022.0;72961.0
920400;92169.0;19088.0;73081.0
920500;92164.0;19043.0;73121.0
920600;92107.0;18986.0;73121.0
920700;92164.0;19043.0;73121.0
920800;92204.0;19043.0;73161.0
920900;92324.0;19043.0;73281.0
921000;92204.0;19043.0;73161.0
921100;92185.0;19024.0;73161.0
921200;92284.0;19123.0;73161.0
921300;92284.0;19123.0;73161.0
921400;92284.0;19123.0;73161.0
921500;92306.0;19105.0;73201.0
921600;92204.0;19123.0;73081.0
921700;92364.0;19123.0;73241.0
921800;92364.0;19123.0;73241.0
921900;92484.0;19123.0;73361.0
922000;92364.0;19123.0;73241.0
922100;92764.0;19123.0;73641.0
922200;92364.0;19123.0;73241.0
922300;92244.0;19123.0;73121.0
922400;92364.0;19123.0;73241.0
922500;92364.0;19123.0;73241.0
922600;92444.0;19123.0;73321.0
922700;92444.0;19123.0;73321.0
922800;92564.0;19123.0;73441.0
922900;92444.0;19123.0;73321.0
923000;92444.0;19123.0;73321.0
923100;92444.0;19123.0;73321.0
923200;92444.0;19123.0;73321.0
923300;92469.5;19148.5;73321.0
923400;92345.0;19144.0;73201.0
923500;92345.0;19144.0;73201.0
923600;92665.0;19144.0;73521.0
923700;92425.0;19144.0;73281.0
923800;92530.0;19129.0;73401.0
923900;92561.5;19160.5;73401.0
924000;92565.0;19164.0;73401.0
924100;92005.0;19164.0;72841.0
924200;92438.0;19157.0;73281.0
924300;92558.0;19157.0;73401.0
924400;92579.0;19178.0;73401.0
924500;92612.0;19171.0;73441.0
924600;92652.0;19171.0;73481.0
924700;92652.0;19171.0;73481.0
924800;92532.0;19171.0;73361.0
924900;92772.0;19171.0;73601.0
925000;92645.0;19164.0;73481.0
925100;92652.0;19171.0;73481.0
925200;92652.0;19171.0;73481.0
925300;92652.0;19171.0;73481.0
925400;92539.0;19178.0;73361.0
925500;92699.0;19178.0;73521.0
925600;92852.0;19171.0;73681.0
925700;92667.0;19106.0;73561.0
925800;92752.0;19191.0;73561.0
925900;92769.0;19208.0;73561.0
926000;92769.0;19208.0;73561.0
926100;92927.0;19246.0;73681.0
926200;92772.0;19211.0;73561.0
926300;92902.5;19221.5;73681.0
926400;92779.0;19218.0;73561.0
926500;92805.0;19204.0;73601.0
926600;92845.0;19204.0;73641.0
926700;92852.0;19211.0;73641.0
926800;92739.0;19218.0;73521.0
926900;92852.0;19211.0;73641.0
927000;92739.0;19218.0;73521.0
927100;92739.0;19218.0;73521.0
927200;93299.0;19218.0;74081.0
927300;92859.0;19218.0;73641.0
927400;92873.0;19232.0;73641.0
927500;92916.5;19235.5;73681.0
927600;92946.0;19225.0;73721.0
927700;92953.0;19232.0;73721.0
927800;92946.0;19225.0;73721.0
927900;92946.0;19225.0;73721.0
928000;92826.0;19225.0;73601.0
928100;92967.0;19246.0;73721.0
928200;92967.0;19246.0;73721.0
928300;93087.0;19246.0;73841.0
928400;92971.0;19250.0;73721.0
928500;93003.0;19242.0;73761.0
928600;93043.0;19242.0;73801.0
928700;93071.0;19270.0;73801.0
928800;92951.0;19270.0;73681.0
928900;92951.0;19270.0;73681.0
929000;93071.0;19270.0;73801.0
929100;93071.0;19270.0;73801.0
929200;93071.0;19270.0;73801.0
929300;93085.0;19284.0;73801.0
929400;93248.0;19287.0;73961.0
929500;92963.0;19282.0;73681.0
929600;93167.0;19286.0;73881.0
929700;93167.0;19286.0;73881.0
929800;93167.0;19286.0;73881.0
929900;93564.0;19283.0;74281.0
930000;93047.0;19286.0;73761.0
930100;93165.0;19284.0;73881.0
930200;92965.0;19284.0;73681.0
930300;93165.0;19284.0;73881.0
930400;93167.0;19286.0;73881.0
930500;93207.0;19286.0;73921.0
930600;93287.0;19326.0;73961.0
930700;93401.0;19320.0;74081.0
930800;93407.0;19326.0;74081.0
930900;93283.0;19322.0;73961.0
931000;93419.0;19338.0;74081.0
931100;93407.0;19326.0;74081.0
931200;93167.0;19326.0;73841.0
931300;93163.0;19322.0;73841.0
931400;93291.0;19330.0;73961.0
931500;93331.0;19330.0;74001.0
931600;93371.0;19330.0;74041.0
931700;93371.0;19330.0;74041.0
931800;93367.0;19326.0;74041.0
931900;93367.0;19326.0;74041.0
932000;93373.0;19332.0;74041.0
932100;93367.0;19326.0;74041.0
932200;93485.0;19324.0;74161.0
932300;93363.0;19322.0;74041.0
932400;93367.0;19326.0;74041.0
932500;93413.0;19332.0;74081.0
932600;93651.0;19410.0;74241.0
932700;93528.0;19407.0;74121.0
932800;93543.0;19422.0;74121.0
932900;93537.0;19416.0;74121.0
933000;93531.0;19410.0;74121.0
933100;93531.0;19410.0;74121.0
933200;93561.0;19440.0;74121.0
933300;93537.0;19416.0;74121.0
933400;93429.0;19428.0;74001.0
933500;93571.0;19410.0;74161.0
933600;93611.0;19410.0;74201.0
933700;93611.0;19410.0;74201.0
933800;93602.0;19401.0;74201.0
933900;93632.0;19431.0;74201.0
934000;93632.0;19431.0;74201.0
934100;93752.0;19431.0;74321.0
934200;93752.0;19431.0;74321.0
934300;93192.0;19431.0;73761.0
934400;93569.0;19368.0;74201.0
934500;93524.0;19443.0;74081.0
934600;93709.0;19428.0;74281.0
934700;93724.0;19443.0;74281.0
934800;93626.5;19465.5;74161.0
934900;93724.0;19443.0;74281.0
935000;93739.0;19458.0;74281.0
935100;93724.0;19443.0;74281.0
935200;93724.0;19443.0;74281.0
935300;93739.0;19458.0;74281.0
935400;93724.0;19443.0;74281.0
935500;93749.0;19428.0;74321.0
935600;93909.0;19428.0;74481.0
935700;93629.0;19428.0;74201.0
935800;93684.0;19443.0;74241.0
935900;93860.0;19499.0;74361.0
936000;93413.0;19492.0;73921.0
936100;93860.0;19499.0;74361.0
936200;93867.0;19506.0;74361.0
936300;93867.0;19506.0;74361.0
936400;93750.5;19509.5;74241.0
936500;94067.0;19506.0;74561.0
936600;93467.0;19506.0;73961.0
936700;93907.0;19506.0;74401.0
936800;94060.0;19499.0;74561.0
936900;94067.0;19506.0;74561.0
937000;93961.0;19520.0;74441.0
937100;93954.0;19513.0;74441.0
937200;93954.0;19513.0;74441.0
937300;93754.0;19513.0;74241.0
937400;93834.0;19513.0;74321.0
937500;93994.0;19513.0;74481.0
937600;93874.0;19513.0;74361.0
937700;94027.0;19506.0;74521.0
937800;93960.5;19439.5;74521.0
937900;94045.5;19524.5;74521.0
938000;94062.5;19541.5;74521.0
938100;94071.0;19550.0;74521.0
938200;94054.0;19533.0;74521.0
938300;94037.0;19516.0;74521.0
938400;94011.5;19490.5;74521.0
938500;93917.0;19516.0;74401.0
938600;94117.0;19516.0;74601.0
938700;94131.0;19530.0;74601.0
938800;94260.5;19539.5;74721.0
938900;94140.5;19539.5;74601.0
939000;94131.0;19530.0;74601.0
939100;94251.0;19530.0;74721.0
939200;94173.0;19572.0;74601.0
939300;94173.0;19572.0;74601.0
939400;94198.0;19597.0;74601.0
939500;94445.0;19644.0;74801.0
939600;94479.0;19678.0;74801.0
939700;94547.0;19746.0;74801.0
939800;94495.0;19814.0;74681.0
939900;94445.0;19644.0;74801.0
940000;94208.0;19527.0;74681.0
940100;94523.0;19722.0;74801.0
940200;94224.5;19663.5;74561.0
940300;94403.0;19722.0;74681.0
940400;94422.5;19741.5;74681.0
940500;94443.0;19722.0;74721.0
940600;94444.0;19683.0;74761.0
940700;94564.0;19683.0;74881.0
940800;94366.0;19605.0;74761.0
940900;94405.0;19644.0;74761.0
941000;94444.0;19683.0;74761.0
941100;94444.0;19683.0;74761.0
941200;94385.5;19624.5;74761.0
941300;94385.5;19624.5;74761.0
941400;94405.0;19644.0;74761.0
941500;94445.0;19644.0;74801.0
941600;94383.5;19702.5;74681.0
941700;94426.5;19585.5;74841.0
941800;94485.0;19644.0;74841.0
941900;94260.0;19419.0;74841.0
942000;94505.0;19664.0;74841.0
942100;94505.0;19664.0;74841.0
942200;94505.0;19664.0;74841.0
942300;94505.0;19664.0;74841.0
942400;94714.0;19713.0;75001.0
942500;94594.0;19713.0;74881.0
942600;94634.0;19713.0;74921.0
942700;94154.0;19713.0;74441.0
942800;95034.0;19713.0;75321.0
942900;94803.0;19762.0;75041.0
943000;94683.0;19762.0;74921.0
943100;94683.0;19762.0;74921.0
943200;94867.5;19786.5;75081.0
943300;94683.0;19762.0;74921.0
943400;94634.0;19713.0;74921.0
943500;94674.0;19713.0;74961.0
943600;94714.0;19713.0;75001.0
943700;94665.0;19664.0;75001.0
943800;94616.0;19615.0;75001.0
943900;94665.0;19664.0;75001.0
944000;94665.0;19664.0;75001.0
944100;94616.0;19615.0;75001.0
944200;94616.0;19615.0;75001.0
944300;94616.0;19615.0;75001.0
944400;94616.0;19615.0;75001.0
944500;94656.0;19615.0;75041.0
944600;94696.0;19615.0;75081.0
944700;94696.0;19615.0;75081.0
944800;94696.0;19615.0;75081.0
944900;94647.0;19566.0;75081.0
945000;94696.0;19615.0;75081.0
945100;94851.0;19370.0;75481.0
945200;94647.0;19566.0;75081.0
945300;94745.0;19664.0;75081.0
945400;95136.0;19615.0;75521.0
945500;94969.5;19688.5;75281.0
945600;94896.0;19615.0;75281.0
945700;95092.0;19811.0;75281.0
945800;94727.0;19566.0;75161.0
945900;94751.5;19590.5;75161.0
946000;94825.0;19664.0;75161.0
946100;94983.5;19822.5;75161.0
946200;94925.0;19764.0;75161.0
946300;94925.0;19764.0;75161.0
946400;94925.0;19764.0;75161.0
946500;94965.0;19764.0;75201.0
946600;94966.0;19725.0;75241.0
946700;95047.0;19686.0;75361.0
946800;95024.5;19783.5;75241.0
946900;94865.5;19744.5;75121.0
947000;95105.5;19744.5;75361.0
947100;95086.0;19725.0;75361.0
947200;94966.0;19725.0;75241.0
947300;95126.0;19725.0;75401.0
947400;95087.0;19686.0;75401.0
947500;95084.0;19803.0;75281.0
947600;95046.0;19725.0;75321.0
947700;95295.0;19974.0;75321.0
947800;95097.0;19776.0;75321.0
947900;94624.0;19743.0;74881.0
948000;95064.0;19743.0;75321.0
948100;95064.0;19743.0;75321.0
948200;95250.0;19809.0;75441.0
948300;95130.0;19809.0;75321.0
948400;95113.0;19792.0;75321.0
948500;95233.0;19872.0;75361.0
948600;95233.0;19832.0;75401.0
948700;95233.0;19832.0;75401.0
948800;95593.0;19792.0;75801.0
948900;95633.0;19832.0;75801.0
949000;95193.0;19792.0;75401.0
949100;95193.0;19792.0;75401.0
949200;95249.0;19848.0;75401.0
949300;95345.0;19944.0;75401.0
949400;95185.0;19784.0;75401.0
949500;95387.0;19946.0;75441.0
949600;95404.0;19803.0;75601.0
949700;95437.0;19836.0;75601.0
949800;95295.0;19814.0;75481.0
949900;95175.0;19814.0;75361.0
950000;95197.0;19836.0;75361.0
950100;95295.0;19814.0;75481.0
950200;95437.0;19836.0;75601.0
950300;95295.0;19814.0;75481.0
950400;95175.0;19814.0;75361.0
950500;95335.0;19814.0;75521.0
950600;95335.0;19814.0;75521.0
950700;95342.0;19781.0;75561.0
950800;95375.0;19814.0;75561.0
950900;95342.0;19781.0;75561.0
951000;95473.0;19792.0;75681.0
951100;95565.0;19884.0;75681.0
951200;95445.0;19884.0;75561.0
951300;95365.0;19804.0;75561.0
951400;95501.0;19780.0;75721.0
951500;95565.0;19804.0;75761.0
951600;95445.0;19804.0;75641.0
951700;95565.0;19804.0;75761.0
951800;95589.0;19828.0;75761.0
951900;95325.0;19804.0;75521.0
952000;95573.0;19812.0;75761.0
952100;95429.0;19788.0;75641.0
952200;95429.0;19788.0;75641.0
952300;95621.0;19820.0;75801.0
952400;95325.0;19804.0;75521.0
952500;95485.0;19804.0;75681.0
952600;95525.0;19804.0;75721.0
952700;95525.0;19804.0;75721.0
952800;95485.0;19764.0;75721.0
952900;95485.0;19764.0;75721.0
953000;95621.0;19780.0;75841.0
953100;95589.0;19868.0;75721.0
953200;95653.0;19812.0;75841.0
953300;95525.0;19804.0;75721.0
953400;95541.0;19820.0;75721.0
953500;95581.0;19820.0;75761.0
953600;95729.0;19808.0;75921.0
953700;95733.0;19812.0;75921.0
953800;95501.0;19820.0;75681.0
953900;95560.0;19759.0;75801.0
954000;95612.5;19811.5;75801.0
954100;95612.5;19811.5;75801.0
954200;95620.0;19819.0;75801.0
954300;95552.5;19751.5;75801.0
954400;95635.0;19834.0;75801.0
954500;95332.5;19811.5;75521.0
954600;95332.5;19811.5;75521.0
954700;95355.0;19834.0;75521.0
954800;95850.0;19849.0;76001.0
954900;95850.0;19849.0;76001.0
955000;95737.5;19856.5;75881.0
955100;95767.5;19886.5;75881.0
955200;95707.5;19826.5;75881.0
955300;95617.5;19856.5;75761.0
955400;95715.0;19834.0;75881.0
955500;95777.5;19856.5;75921.0
955600;95742.5;19781.5;75961.0
955700;95795.0;19834.0;75961.0
955800;95780.0;19819.0;75961.0
955900;95340.0;19819.0;75521.0
956000;95787.5;19826.5;75961.0
956100;95772.5;19811.5;75961.0
956200;95786.0;19825.0;75961.0
956300;95786.0;19825.0;75961.0
956400;95946.0;19825.0;76121.0
956500;95826.0;19825.0;76001.0
956600;95706.0;19825.0;75881.0
956700;95844.0;19843.0;76001.0
956800;95785.0;19744.0;76041.0
956900;95851.5;19810.5;76041.0
957000;95880.0;19839.0;76041.0
957100;95880.0;19839.0;76041.0
957200;95899.0;19858.0;76041.0
957300;95861.0;19820.0;76041.0
957400;95421.0;19820.0;75601.0
957500;95882.0;19801.0;76081.0
957600;95790.5;19829.5;75961.0
957700;95781.0;19820.0;75961.0
957800;95821.0;19820.0;76001.0
957900;95941.0;19820.0;76121.0
958000;95960.0;19839.0;76121.0
958100;95960.0;19839.0;76121.0
958200;95960.0;19839.0;76121.0
958300;95941.0;19820.0;76121.0
958400;95941.0;19820.0;76121.0
958500;96072.5;19791.5;76281.0
958600;96021.0;19820.0;76201.0
958700;96002.0;19801.0;76201.0
958800;95882.0;19801.0;76081.0
958900;96093.5;19772.5;76321.0
959000;95983.0;19782.0;76201.0
959100;96364.0;19763.0;76601.0
959200;95863.0;19782.0;76081.0
959300;95973.5;19772.5;76201.0
959400;96002.0;19801.0;76201.0
959500;96042.0;19801.0;76241.0
959600;96154.5;19753.5;76401.0
959700;95874.5;19753.5;76121.0
959800;95962.0;19801.0;76161.0
959900;96133.0;19852.0;76281.0
960000;96137.0;19856.0;76281.0
960100;96127.0;19846.0;76281.0
960200;96127.0;19846.0;76281.0
960300;96287.0;19846.0;76441.0
960400;96287.0;19846.0;76441.0
960500;96157.0;19836.0;76321.0
960600;96187.0;19826.0;76361.0
960700;96187.0;19826.0;76361.0
960800;96197.0;19836.0;76361.0
960900;95997.0;19836.0;76161.0
961000;96197.0;19836.0;76361.0
961100;96135.0;19774.0;76361.0
961200;96135.0;19774.0;76361.0
961300;96365.0;19844.0;76521.0
961400;96127.0;19886.0;76241.0
961500;96231.0;19830.0;76401.0
961600;96292.0;19851.0;76441.0
961700;96370.0;19809.0;76561.0
961800;96250.0;19809.0;76441.0
961900;96278.0;19837.0;76441.0
962000;96292.0;19851.0;76441.0
962100;96271.0;19830.0;76441.0
962200;96271.0;19830.0;76441.0
962300;96271.0;19830.0;76441.0
962400;96271.0;19830.0;76441.0
962500;96341.0;19900.0;76441.0
962600;96365.0;19844.0;76521.0
962700;96365.0;19844.0;76521.0
962800;96365.0;19844.0;76521.0
962900;96351.0;19830.0;76521.0
963000;96365.0;19844.0;76521.0
963100;96245.0;19844.0;76401.0
963200;96351.0;19830.0;76521.0
963300;96365.0;19844.0;76521.0
963400;96358.0;19837.0;76521.0
963500;96259.0;19858.0;76401.0
963600;96459.0;19858.0;76601.0
963700;96852.0;19851.0;77001.0
963800;96473.0;19872.0;76601.0
963900;96473.0;19872.0;76601.0
964000;96494.0;19893.0;76601.0
964100;96614.0;19893.0;76721.0
964200;96597.0;19876.0;76721.0
964300;95934.0;19893.0;76041.0
964400;96494.0;19893.0;76601.0
964500;96668.5;19867.5;76801.0
964600;96557.0;19876.0;76681.0
964700;96557.0;19876.0;76681.0
964800;96531.5;19850.5;76681.0
964900;96531.5;19850.5;76681.0
965000;96437.0;19876.0;76561.0
965100;96582.5;19901.5;76681.0
965200;96608.0;19927.0;76681.0
965300;96582.5;19901.5;76681.0
965400;96717.0;19876.0;76841.0
965500;96588.5;19867.5;76721.0
965600;96714.5;19833.5;76881.0
965700;96628.5;19867.5;76761.0
965800;96679.5;19918.5;76761.0
965900;96654.0;19893.0;76761.0
966000;96679.5;19918.5;76761.0
966100;96654.0;19893.0;76761.0
966200;96654.0;19893.0;76761.0
966300;96593.5;19952.5;76641.0
966400;96654.0;19893.0;76761.0
966500;96694.0;19893.0;76801.0
966600;96751.0;19910.0;76841.0
966700;96768.0;19927.0;76841.0
966800;96759.5;19918.5;76841.0
966900;96871.0;19910.0;76961.0
967000;96759.5;19918.5;76841.0
967100;96734.0;19893.0;76841.0
967200;96854.0;19893.0;76961.0
967300;96734.0;19893.0;76841.0
967400;96734.0;19893.0;76841.0
967500;96791.0;19910.0;76881.0
967600;96679.5;19918.5;76761.0
967700;96654.0;19893.0;76761.0
967800;96814.0;19893.0;76921.0
967900;97334.0;19893.0;77441.0
968000;96814.0;19893.0;76921.0
968100;96814.0;19893.0;76921.0
968200;96814.0;19893.0;76921.0
968300;96694.0;19893.0;76801.0
968400;96694.0;19893.0;76801.0
968500;96854.0;19893.0;76961.0
968600;96894.0;19893.0;77001.0
968700;96894.0;19893.0;77001.0
968800;96919.5;19918.5;77001.0
968900;96894.0;19893.0;77001.0
969000;96970.0;19969.0;77001.0
969100;96965.0;19964.0;77001.0
969200;96915.0;19914.0;77001.0
969300;96915.0;19914.0;77001.0
969400;96955.0;19914.0;77041.0
969500;97115.0;19914.0;77201.0
969600;97125.0;19924.0;77201.0
969700;96845.0;19924.0;76921.0
969800;97037.0;19956.0;77081.0
969900;97137.0;19936.0;77201.0
970000;96577.0;19936.0;76641.0
970100;97015.0;19934.0;77081.0
970200;97017.0;19936.0;77081.0
970300;96901.0;19940.0;76961.0
970400;97181.0;19940.0;77241.0
970500;97053.0;19932.0;77121.0
970600;97063.0;19942.0;77121.0
970700;97501.0;19940.0;77561.0
970800;97097.0;19936.0;77161.0
970900;97132.0;19971.0;77161.0
971000;97252.0;19971.0;77281.0
971100;97123.0;19962.0;77161.0
971200;97243.0;19962.0;77281.0
971300;97123.0;19962.0;77161.0
971400;97123.0;19962.0;77161.0
971500;97323.0;19962.0;77361.0
971600;97323.0;19962.0;77361.0
971700;97216.5;19975.5;77241.0
971800;97189.5;19948.5;77241.0
971900;97216.5;19975.5;77241.0
972000;97203.0;19962.0;77241.0
972100;97341.0;19980.0;77361.0
972200;97332.0;19971.0;77361.0
972300;97203.0;19962.0;77241.0
972400;97092.0;19971.0;77121.0
972500;97238.5;19957.5;77281.0
972600;97412.0;19971.0;77441.0
972700;97665.0;19944.0;77721.0
972800;97421.0;19980.0;77441.0
972900;97292.0;19971.0;77321.0
973000;97283.0;19962.0;77321.0
973100;97292.0;19971.0;77321.0
973200;97292.0;19971.0;77321.0
973300;97305.5;19984.5;77321.0
973400;97185.5;19984.5;77201.0
973500;97345.5;19984.5;77361.0
973600;97381.0;19980.0;77401.0
973700;97221.0;19980.0;77241.0
973800;97437.5;19916.5;77521.0
973900;97382.5;19981.5;77401.0
974000;97256.0;19975.0;77281.0
974100;97395.5;19994.5;77401.0
974200;97376.0;19975.0;77401.0
974300;96835.5;19994.5;76841.0
974400;97389.0;19988.0;77401.0
974500;97256.0;19975.0;77281.0
974600;97497.0;20016.0;77481.0
974700;97497.0;20016.0;77481.0
974800;97394.0;20033.0;77361.0
974900;97394.0;20033.0;77361.0
975000;97634.0;20033.0;77601.0
975100;97528.0;20047.0;77481.0
975200;97528.0;20047.0;77481.0
975300;97430.5;20069.5;77361.0
975400;97528.0;20047.0;77481.0
975500;97589.0;20068.0;77521.0
975600;97629.0;20068.0;77561.0
975700;97629.0;20068.0;77561.0
975800;97629.0;20068.0;77561.0
975900;97629.0;20068.0;77561.0
976000;97656.0;20095.0;77561.0
976100;97629.0;20068.0;77561.0
976200;97629.0;20068.0;77561.0
976300;97629.0;20068.0;77561.0
976400;97629.0;20068.0;77561.0
976500;97711.0;20110.0;77601.0
976600;97751.0;20110.0;77641.0
976700;97745.0;20104.0;77641.0
976800;97745.0;20104.0;77641.0
976900;97631.0;20110.0;77521.0
977000;97751.0;20110.0;77641.0
977100;97751.0;20110.0;77641.0
977200;97311.0;20110.0;77201.0
977300;97794.5;20153.5;77641.0
977400;97782.5;20141.5;77641.0
977500;97773.0;20092.0;77681.0
977600;97891.0;20170.0;77721.0
977700;97939.5;20098.5;77841.0
977800;97865.0;20144.0;77721.0
977900;97852.0;20131.0;77721.0
978000;97871.5;20150.5;77721.0
978100;97878.0;20157.0;77721.0
978200;97758.0;20157.0;77601.0
978300;98025.0;20144.0;77881.0
978400;98318.0;20157.0;78161.0
978500;98318.0;20157.0;78161.0
978600;97958.0;20157.0;77801.0
978700;97945.0;20144.0;77801.0
978800;97932.0;20131.0;77801.0
978900;97932.0;20131.0;77801.0
979000;97964.5;20163.5;77801.0
979100;97945.0;20144.0;77801.0
979200;97945.0;20144.0;77801.0
979300;97951.5;20150.5;77801.0
979400;97945.0;20144.0;77801.0
979500;97985.0;20144.0;77841.0
979600;98025.0;20144.0;77881.0
979700;98038.0;20157.0;77881.0
979800;98158.0;20157.0;78001.0
979900;98038.0;20157.0;77881.0
980000;98031.5;20150.5;77881.0
980100;98038.0;20157.0;77881.0
980200;98038.0;20157.0;77881.0
980300;98185.0;20144.0;78041.0
980400;97905.0;20144.0;77761.0
980500;97905.0;20144.0;77761.0
980600;98065.0;20144.0;77921.0
980700;97945.0;20144.0;77801.0
980800;98140.0;20179.0;77961.0
980900;98167.0;20206.0;77961.0
981000;98158.0;20197.0;77961.0
981100;98140.0;20179.0;77961.0
981200;98158.0;20197.0;77961.0
981300;98158.0;20197.0;77961.0
981400;98038.0;20197.0;77841.0
981500;98198.0;20197.0;78001.0
981600;98256.0;20215.0;78041.0
981700;98283.0;20242.0;78041.0
981800;98394.0;20233.0;78161.0
981900;98385.0;20224.0;78161.0
982000;98376.0;20215.0;78161.0
982100;98256.0;20215.0;78041.0
982200;98274.0;20233.0;78041.0
982300;98118.0;20197.0;77921.0
982400;98416.0;20215.0;78201.0
982500;98456.0;20215.0;78241.0
982600;98336.0;20215.0;78121.0
982700;98345.0;20224.0;78121.0
982800;98318.0;20197.0;78121.0
982900;98438.0;20197.0;78241.0
983000;98318.0;20197.0;78121.0
983100;98318.0;20197.0;78121.0
983200;98318.0;20197.0;78121.0
983300;98273.0;20152.0;78121.0
983400;98300.0;20179.0;78121.0
983500;98313.0;20152.0;78161.0
983600;98353.0;20152.0;78201.0
983700;98380.0;20179.0;78201.0
983800;98509.0;20188.0;78321.0
983900;98500.0;20179.0;78321.0
984000;98518.0;20197.0;78321.0
984100;98510.0;20189.0;78321.0
984200;98346.0;20145.0;78201.0
984300;98245.0;20244.0;78001.0
984400;98212.0;20211.0;78001.0
984500;98378.0;20297.0;78081.0
984600;98508.0;20227.0;78281.0
984700;98508.0;20227.0;78281.0
984800;98508.0;20227.0;78281.0
984900;98494.0;20213.0;78281.0
985000;97948.0;20227.0;77721.0
985100;98614.0;20213.0;78401.0
985200;98522.0;20241.0;78281.0
985300;98560.0;20279.0;78281.0
985400;98587.5;20306.5;78281.0
985500;98578.0;20257.0;78321.0
985600;98629.0;20268.0;78361.0
985700;98551.0;20190.0;78361.0
985800;98623.0;20262.0;78361.0
985900;98623.0;20262.0;78361.0
986000;98743.0;20262.0;78481.0
986100;98215.0;20294.0;77921.0
986200;98524.0;20283.0;78241.0
986300;98634.5;20273.5;78361.0
986400;98663.0;20302.0;78361.0
986500;98703.0;20302.0;78401.0
986600;98762.0;20321.0;78441.0
986700;98592.5;20311.5;78281.0
986800;98644.0;20363.0;78281.0
986900;98804.0;20363.0;78441.0
987000;98791.0;20350.0;78441.0
987100;98953.0;20392.0;78561.0
987200;98934.0;20373.0;78561.0
987300;98833.0;20392.0;78441.0
987400;98861.5;20420.5;78441.0
987500;99071.0;20430.0;78641.0
987600;98932.0;20411.0;78521.0
987700;98932.0;20411.0;78521.0
987800;98812.0;20411.0;78401.0
987900;98913.0;20392.0;78521.0
988000;98932.0;20411.0;78521.0
988100;98903.5;20382.5;78521.0
988200;98932.0;20411.0;78521.0
988300;99372.0;20411.0;78961.0
988400;98932.0;20411.0;78521.0
988500;98953.0;20392.0;78561.0
988600;99031.0;20430.0;78601.0
988700;99222.0;20501.0;78721.0
988800;99167.0;20446.0;78721.0
988900;99047.5;20446.5;78601.0
989000;99052.0;20451.0;78601.0
989100;99052.0;20451.0;78601.0
989200;99052.0;20451.0;78601.0
989300;99061.0;20460.0;78601.0
989400;99052.0;20451.0;78601.0
989500;99092.0;20451.0;78641.0
989600;99132.0;20451.0;78681.0
989700;99132.0;20451.0;78681.0
989800;98998.5;20437.5;78561.0
989900;99118.5;20437.5;78681.0
990000;99141.0;20460.0;78681.0
990100;99159.0;20478.0;78681.0
990200;99123.0;20442.0;78681.0
990300;99123.0;20442.0;78681.0
990400;99096.0;20415.0;78681.0
990500;99154.0;20433.0;78721.0
990600;99194.0;20433.0;78761.0
990700;99194.0;20433.0;78761.0
990800;99194.0;20433.0;78761.0
990900;99194.0;20433.0;78761.0
991000;99185.0;20424.0;78761.0
991100;99185.0;20424.0;78761.0
991200;99185.0;20424.0;78761.0
991300;99171.5;20410.5;78761.0
991400;99408.0;20487.0;78921.0
991500;99288.0;20487.0;78801.0
991600;99328.0;20487.0;78841.0
991700;99448.0;20487.0;78961.0
991800;99328.0;20487.0;78841.0
991900;99328.0;20487.0;78841.0
992000;99448.0;20487.0;78961.0
992100;99328.0;20487.0;78841.0
992200;99328.0;20487.0;78841.0
992300;99328.0;20487.0;78841.0
992400;99328.0;20487.0;78841.0
992500;99368.0;20487.0;78881.0
992600;99368.0;20487.0;78881.0
992700;99408.0;20487.0;78921.0
992800;99408.0;20487.0;78921.0
992900;99528.0;20487.0;79041.0
993000;99528.0;20487.0;79041.0
993100;99288.0;20487.0;78801.0
993200;99263.0;20462.0;78801.0
993300;99633.0;20552.0;79081.0
993400;99465.5;20544.5;78921.0
993500;99353.0;20552.0;78801.0
993600;99538.0;20537.0;79001.0
993700;99658.0;20537.0;79121.0
993800;99538.0;20537.0;79001.0
993900;99538.0;20537.0;79001.0
994000;99395.5;20514.5;78881.0
994100;99635.5;20514.5;79121.0
994200;99523.0;20522.0;79001.0
994300;99523.0;20522.0;79001.0
994400;99523.0;20522.0;79001.0
994500;99745.5;20544.5;79201.0
994600;99738.0;20537.0;79201.0
994700;99603.0;20522.0;79081.0
994800;99618.0;20537.0;79081.0
994900;99618.0;20537.0;79081.0
995000;99618.0;20537.0;79081.0
995100;99753.0;20552.0;79201.0
995200;99660.0;20579.0;79081.0
995300;99660.0;20579.0;79081.0
995400;99500.0;20579.0;78921.0
995500;99700.0;20579.0;79121.0
995600;99860.0;20579.0;79281.0
995700;99740.0;20579.0;79161.0
995800;99740.0;20579.0;79161.0
995900;99860.0;20579.0;79281.0
996000;99851.0;20570.0;79281.0
996100;99740.0;20579.0;79161.0
996200;99740.0;20579.0;79161.0
996300;99184.5;20583.5;78601.0
996400;99171.0;20570.0;78601.0
996500;99940.0;20579.0;79361.0
996600;99811.0;20570.0;79241.0
996700;99811.0;20570.0;79241.0
996800;99811.0;20570.0;79241.0
996900;99824.5;20583.5;79241.0
997000;99704.5;20583.5;79121.0
997100;99824.5;20583.5;79241.0
997200;99811.0;20570.0;79241.0
997300;99802.0;20561.0;79241.0
997400;99944.0;20543.0;79401.0
997500;99860.0;20579.0;79281.0
997600;99851.0;20570.0;79281.0
997700;99913.5;20592.5;79321.0
997800;99900.0;20579.0;79321.0
997900;99900.0;20579.0;79321.0
998000;99780.0;20579.0;79201.0
998100;99904.5;20583.5;79321.0
998200;99771.0;20570.0;79201.0
998300;99904.5;20583.5;79321.0
998400;99882.0;20561.0;79321.0
998500;100100.0;20579.0;79521.0
998600;99820.0;20579.0;79241.0
998700;99989.0;20588.0;79401.0
998800;100011.5;20610.5;79401.0
998900;99980.0;20579.0;79401.0
999000;100091.0;20570.0;79521.0
999100;99971.0;20570.0;79401.0
999200;99971.0;20570.0;79401.0
999300;99957.5;20556.5;79401.0
999400;100002.0;20561.0;79441.0
999500;100020.0;20579.0;79441.0
999600;100060.0;20579.0;79481.0
999700;100060.0;20579.0;79481.0
999800;100060.0;20579.0;79481.0
999900;100060.0;20579.0;79481.0
