timestamp;total;ASH_COATED_OSMIUM;INTARIAN_PEPPER_ROOT
0;-63.0;0.0;-63.0
100;-119.0;0.0;-119.0
200;-93.5;0.0;-93.5
300;-175.0;0.0;-175.0
400;-269.0;-24.0;-245.0
500;-296.0;12.0;-308.0
600;-447.0;4.0;-451.0
700;-388.0;16.0;-404.0
800;-460.0;0.0;-460.0
900;-352.0;0.0;-352.0
1000;-480.0;8.0;-488.0
1100;-480.0;8.0;-488.0
1200;-366.0;8.0;-374.0
1300;-480.0;8.0;-488.0
1400;-480.0;8.0;-488.0
1500;-328.0;8.0;-336.0
1600;-404.0;8.0;-412.0
1700;-408.0;4.0;-412.0
1800;-380.0;32.0;-412.0
1900;-412.0;0.0;-412.0
2000;-412.0;0.0;-412.0
2100;-420.0;-8.0;-412.0
2200;-420.0;-8.0;-412.0
2300;-268.0;-8.0;-260.0
2400;-272.0;-12.0;-260.0
2500;-260.0;0.0;-260.0
2600;-324.0;12.0;-336.0
2700;-792.0;0.0;-792.0
2800;-344.0;-8.0;-336.0
2900;40.0;-4.0;44.0
3000;-222.0;0.0;-222.0
3100;-328.0;8.0;-336.0
3200;-328.0;8.0;-336.0
3300;-328.0;8.0;-336.0
3400;-328.0;8.0;-336.0
3500;-282.0;16.0;-298.0
3600;-231.0;29.0;-260.0
3700;-220.0;40.0;-260.0
3800;-269.5;-9.5;-260.0
3900;-231.0;29.0;-260.0
4000;-209.0;51.0;-260.0
4100;-253.0;7.0;-260.0
4200;-217.0;43.0;-260.0
4300;-204.0;56.0;-260.0
4400;-217.0;43.0;-260.0
4500;-192.0;30.0;-222.0
4600;-154.0;30.0;-184.0
4700;-141.0;43.0;-184.0
4800;-311.5;62.5;-374.0
4900;-141.0;43.0;-184.0
5000;-141.0;43.0;-184.0
5100;-121.5;62.5;-184.0
5200;-121.5;62.5;-184.0
5300;-128.0;56.0;-184.0
5400;-160.5;23.5;-184.0
5500;-8.5;23.5;-32.0
5600;-65.0;43.0;-108.0
5700;-65.0;43.0;-108.0
5800;-65.0;43.0;-108.0
5900;-78.0;30.0;-108.0
6000;-179.0;43.0;-222.0
6100;-185.5;36.5;-222.0
6200;-65.0;43.0;-108.0
6300;-45.5;62.5;-108.0
6400;-179.0;43.0;-222.0
6500;-179.0;43.0;-222.0
6600;-179.0;43.0;-222.0
6700;17.5;49.5;-32.0
6800;11.0;43.0;-32.0
6900;112.0;30.0;82.0
7000;11.0;43.0;-32.0
7100;17.5;49.5;-32.0
7200;-21.5;10.5;-32.0
7300;11.0;43.0;-32.0
7400;11.0;43.0;-32.0
7500;49.0;43.0;6.0
7600;145.0;101.0;44.0
7700;97.0;53.0;44.0
7800;-9.0;61.0;-70.0
7900;105.0;61.0;44.0
8000;211.0;53.0;158.0
8100;113.0;69.0;44.0
8200;117.0;73.0;44.0
8300;105.0;61.0;44.0
8400;105.0;61.0;44.0
8500;135.0;53.0;82.0
8600;173.0;53.0;120.0
8700;287.0;53.0;234.0
8800;291.0;57.0;234.0
8900;213.0;93.0;120.0
9000;213.0;93.0;120.0
9100;173.0;53.0;120.0
9200;303.0;69.0;234.0
9300;185.0;65.0;120.0
9400;327.0;55.0;272.0
9500;123.0;79.0;44.0
9600;317.0;121.0;196.0
9700;323.0;127.0;196.0
9800;317.0;121.0;196.0
9900;-139.0;121.0;-260.0
10000;373.0;177.0;196.0
10100;373.0;177.0;196.0
10200;403.0;207.0;196.0
10300;393.0;197.0;196.0
10400;413.0;217.0;196.0
10500;411.0;177.0;234.0
10600;469.0;197.0;272.0
10700;854.0;202.0;652.0
10800;459.0;187.0;272.0
10900;459.0;187.0;272.0
11000;369.0;97.0;272.0
11100;439.0;167.0;272.0
11200;325.0;167.0;158.0
11300;419.0;147.0;272.0
11400;571.0;147.0;424.0
11500;457.0;147.0;310.0
11600;495.0;147.0;348.0
11700;515.0;167.0;348.0
11800;525.0;177.0;348.0
11900;515.0;167.0;348.0
12000;495.0;147.0;348.0
12100;411.0;177.0;234.0
12200;562.5;214.5;348.0
12300;448.5;214.5;234.0
12400;525.0;177.0;348.0
12500;563.0;177.0;386.0
12600;-7.0;177.0;-184.0
12700;563.5;139.5;424.0
12800;601.0;177.0;424.0
12900;487.0;177.0;310.0
13000;601.0;177.0;424.0
13100;601.0;177.0;424.0
13200;601.0;177.0;424.0
13300;626.0;202.0;424.0
13400;626.0;202.0;424.0
13500;728.0;152.0;576.0
13600;702.0;202.0;500.0
13700;664.5;164.5;500.0
13800;664.5;164.5;500.0
13900;614.5;114.5;500.0
14000;754.0;140.0;614.0
14100;706.0;206.0;500.0
14200;787.0;173.0;614.0
14300;673.0;173.0;500.0
14400;521.0;173.0;348.0
14500;531.0;107.0;424.0
14600;749.0;173.0;576.0
14700;672.0;96.0;576.0
14800;727.0;151.0;576.0
14900;771.0;195.0;576.0
15000;661.0;85.0;576.0
15100;823.0;247.0;576.0
15200;973.0;283.0;690.0
15300;841.0;265.0;576.0
15400;865.0;289.0;576.0
15500;910.0;296.0;614.0
15600;901.0;287.0;614.0
15700;939.0;287.0;652.0
15800;940.0;288.0;652.0
15900;939.0;287.0;652.0
16000;938.0;286.0;652.0
16100;829.0;291.0;538.0
16200;825.0;287.0;538.0
16300;1357.0;287.0;1070.0
16400;939.0;287.0;652.0
16500;974.0;284.0;690.0
16600;863.0;287.0;576.0
16700;865.0;289.0;576.0
16800;1015.0;287.0;728.0
16900;901.0;287.0;614.0
17000;1015.0;287.0;728.0
17100;1015.0;287.0;728.0
17200;1015.0;287.0;728.0
17300;1050.0;284.0;766.0
17400;595.0;285.0;310.0
17500;1051.0;285.0;766.0
17600;1088.0;284.0;804.0
17700;1088.0;284.0;804.0
17800;1091.0;287.0;804.0
17900;1089.0;285.0;804.0
18000;1087.0;283.0;804.0
18100;1089.0;285.0;804.0
18200;1089.0;285.0;804.0
18300;1089.0;285.0;804.0
18400;1089.0;285.0;804.0
18500;1181.0;339.0;842.0
18600;1225.0;345.0;880.0
18700;1085.0;357.0;728.0
18800;1111.0;345.0;766.0
18900;1353.0;359.0;994.0
19000;1231.0;351.0;880.0
19100;1225.0;345.0;880.0
19200;1109.0;343.0;766.0
19300;1109.0;343.0;766.0
19400;1111.0;345.0;766.0
19500;1377.0;345.0;1032.0
19600;1149.0;345.0;804.0
19700;1301.0;345.0;956.0
19800;1191.0;349.0;842.0
19900;1115.0;349.0;766.0
20000;1419.0;349.0;1070.0
20100;1419.0;349.0;1070.0
20200;1305.0;349.0;956.0
20300;1453.0;345.0;1108.0
20400;1461.0;353.0;1108.0
20500;1347.0;353.0;994.0
20600;1385.0;353.0;1032.0
20700;1389.0;357.0;1032.0
20800;1499.0;353.0;1146.0
20900;1505.0;359.0;1146.0
21000;1383.0;351.0;1032.0
21100;1389.0;357.0;1032.0
21200;1401.0;369.0;1032.0
21300;1401.0;369.0;1032.0
21400;1385.0;353.0;1032.0
21500;1415.0;345.0;1070.0
21600;1301.0;345.0;956.0
21700;1453.0;345.0;1108.0
21800;1457.0;349.0;1108.0
21900;1341.0;347.0;994.0
22000;1459.0;351.0;1108.0
22100;1463.0;355.0;1108.0
22200;1575.0;353.0;1222.0
22300;1461.0;353.0;1108.0
22400;1465.0;357.0;1108.0
22500;1499.0;353.0;1146.0
22600;1537.0;353.0;1184.0
22700;1537.0;353.0;1184.0
22800;1645.0;347.0;1298.0
22900;1425.0;355.0;1070.0
23000;1561.0;353.0;1208.0
23100;1121.0;353.0;768.0
23200;1681.5;353.5;1328.0
23300;1578.0;370.0;1208.0
23400;1738.0;370.0;1368.0
23500;1618.0;370.0;1248.0
23600;1658.0;370.0;1288.0
23700;1653.5;365.5;1288.0
23800;1653.5;365.5;1288.0
23900;1696.5;408.5;1288.0
24000;1675.5;387.5;1288.0
24100;1686.0;398.0;1288.0
24200;1679.0;391.0;1288.0
24300;1587.0;419.0;1168.0
24400;1723.5;435.5;1288.0
24500;1867.0;419.0;1448.0
24600;1928.0;440.0;1488.0
24700;1648.0;440.0;1208.0
24800;1907.0;419.0;1488.0
24900;1808.0;440.0;1368.0
25000;1822.0;454.0;1368.0
25100;1857.0;489.0;1368.0
25200;1824.0;456.0;1368.0
25300;1824.0;456.0;1368.0
25400;1987.0;459.0;1528.0
25500;1858.0;450.0;1408.0
25600;1898.0;450.0;1448.0
25700;1738.0;450.0;1288.0
25800;1889.0;441.0;1448.0
25900;1892.0;444.0;1448.0
26000;1898.0;450.0;1448.0
26100;1892.0;444.0;1448.0
26200;1892.0;444.0;1448.0
26300;1910.0;462.0;1448.0
26400;1883.0;435.0;1448.0
26500;1929.0;441.0;1488.0
26600;1809.0;441.0;1368.0
26700;1812.0;444.0;1368.0
26800;1919.0;391.0;1528.0
26900;1940.0;412.0;1528.0
27000;1996.0;468.0;1528.0
27100;1996.0;468.0;1528.0
27200;1982.0;454.0;1528.0
27300;1961.0;433.0;1528.0
27400;1982.0;454.0;1528.0
27500;2008.0;440.0;1568.0
27600;2161.0;433.0;1728.0
27700;2062.0;454.0;1608.0
27800;2041.0;433.0;1608.0
27900;2062.0;454.0;1608.0
28000;2111.0;503.0;1608.0
28100;2191.0;463.0;1728.0
28200;2081.0;473.0;1608.0
28300;2226.0;458.0;1768.0
28400;2066.0;458.0;1608.0
28500;2226.0;458.0;1768.0
28600;2136.0;448.0;1688.0
28700;2311.0;463.0;1848.0
28800;2136.0;448.0;1688.0
28900;2256.0;448.0;1808.0
29000;2136.0;448.0;1688.0
29100;2136.0;448.0;1688.0
29200;2136.0;448.0;1688.0
29300;2136.0;448.0;1688.0
29400;2136.0;448.0;1688.0
29500;2296.0;448.0;1848.0
29600;2216.0;448.0;1768.0
29700;2211.0;443.0;1768.0
29800;2216.0;448.0;1768.0
29900;2216.0;448.0;1768.0
30000;2231.0;463.0;1768.0
30100;2216.0;448.0;1768.0
30200;2226.0;458.0;1768.0
30300;2226.0;458.0;1768.0
30400;2240.0;472.0;1768.0
30500;2400.0;472.0;1928.0
30600;2308.0;460.0;1848.0
30700;2312.0;464.0;1848.0
30800;2328.0;480.0;1848.0
30900;2332.0;484.0;1848.0
31000;2320.0;472.0;1848.0
31100;2316.0;468.0;1848.0
31200;2316.0;468.0;1848.0
31300;2316.0;468.0;1848.0
31400;2320.0;472.0;1848.0
31500;2352.0;464.0;1888.0
31600;2400.0;472.0;1928.0
31700;2528.0;480.0;2048.0
31800;2392.0;464.0;1928.0
31900;2404.0;476.0;1928.0
32000;2408.0;480.0;1928.0
32100;2280.0;472.0;1808.0
32200;2288.0;480.0;1808.0
32300;2552.0;464.0;2088.0
32400;2408.0;480.0;1928.0
32500;2888.0;480.0;2408.0
32600;2476.0;468.0;2008.0
32700;2488.0;480.0;2008.0
32800;2410.0;402.0;2008.0
32900;2518.0;510.0;2008.0
33000;2509.0;501.0;2008.0
33100;2509.0;501.0;2008.0
33200;2500.0;492.0;2008.0
33300;2985.0;537.0;2448.0
33400;2401.0;393.0;2008.0
33500;2576.0;528.0;2048.0
33600;2389.0;501.0;1888.0
33700;2643.0;555.0;2088.0
33800;2643.0;555.0;2088.0
33900;2643.0;555.0;2088.0
34000;2692.0;604.0;2088.0
34100;2692.0;604.0;2088.0
34200;2782.0;574.0;2208.0
34300;2692.0;604.0;2088.0
34400;2692.0;604.0;2088.0
34500;2936.0;688.0;2248.0
34600;2880.0;632.0;2248.0
34700;2800.0;632.0;2168.0
34800;2828.0;660.0;2168.0
34900;2948.0;660.0;2288.0
35000;2680.0;632.0;2048.0
35100;2736.0;688.0;2048.0
35200;2828.0;660.0;2168.0
35300;2828.0;660.0;2168.0
35400;2828.0;660.0;2168.0
35500;2868.0;660.0;2208.0
35600;3028.0;660.0;2368.0
35700;3308.0;660.0;2648.0
35800;2336.0;688.0;1648.0
35900;2908.0;660.0;2248.0
36000;2922.0;674.0;2248.0
36100;3390.0;702.0;2688.0
36200;2908.0;660.0;2248.0
36300;2908.0;660.0;2248.0
36400;2908.0;660.0;2248.0
36500;2969.0;681.0;2288.0
36600;2959.0;631.0;2328.0
36700;2984.0;656.0;2328.0
36800;3034.0;706.0;2328.0
36900;3046.5;718.5;2328.0
37000;3059.0;731.0;2328.0
37100;3009.0;681.0;2328.0
37200;3009.0;681.0;2328.0
37300;3009.0;681.0;2328.0
37400;2984.0;656.0;2328.0
37500;3106.5;618.5;2488.0
37600;3184.0;656.0;2528.0
37700;2904.0;656.0;2248.0
37800;3005.5;757.5;2248.0
37900;3083.0;675.0;2408.0
38000;3083.0;675.0;2408.0
38100;3114.5;706.5;2408.0
38200;3234.5;706.5;2528.0
38300;3203.0;675.0;2528.0
38400;2664.0;696.0;1968.0
38500;3024.0;696.0;2328.0
38600;3211.0;723.0;2488.0
38700;3202.0;714.0;2488.0
38800;3064.0;696.0;2368.0
38900;3184.0;696.0;2488.0
39000;3091.0;723.0;2368.0
39100;3226.0;738.0;2488.0
39200;3238.0;750.0;2488.0
39300;3208.0;720.0;2488.0
39400;3380.0;732.0;2648.0
39500;3254.0;726.0;2528.0
39600;3306.0;738.0;2568.0
39700;3294.0;726.0;2568.0
39800;3294.0;726.0;2568.0
39900;3355.0;787.0;2568.0
40000;3225.0;777.0;2448.0
40100;3355.0;787.0;2568.0
40200;3355.0;787.0;2568.0
40300;3357.5;789.5;2568.0
40400;3510.0;782.0;2728.0
40500;3390.0;782.0;2608.0
40600;3435.0;787.0;2648.0
40700;3435.0;787.0;2648.0
40800;3440.0;792.0;2648.0
40900;3445.0;797.0;2648.0
41000;3440.0;792.0;2648.0
41100;3440.0;792.0;2648.0
41200;3560.0;792.0;2768.0
41300;3315.0;787.0;2528.0
41400;3440.0;792.0;2648.0
41500;3395.0;827.0;2568.0
41600;3555.0;827.0;2728.0
41700;3555.0;827.0;2728.0
41800;3537.5;809.5;2728.0
41900;3565.0;837.0;2728.0
42000;3125.0;837.0;2288.0
42100;3680.0;832.0;2848.0
42200;3562.5;834.5;2728.0
42300;3555.0;827.0;2728.0
42400;3557.5;829.5;2728.0
42500;3587.5;819.5;2768.0
42600;3640.0;832.0;2808.0
42700;3760.0;832.0;2928.0
42800;3520.0;832.0;2688.0
42900;3637.5;829.5;2808.0
43000;3220.0;852.0;2368.0
43100;3645.0;837.0;2808.0
43200;3645.0;837.0;2808.0
43300;3645.0;837.0;2808.0
43400;3805.0;837.0;2968.0
43500;3690.0;842.0;2848.0
43600;3725.0;837.0;2888.0
43700;3562.5;834.5;2728.0
43800;3722.5;834.5;2888.0
43900;3722.5;834.5;2888.0
44000;3725.0;837.0;2888.0
44100;3845.0;837.0;3008.0
44200;3600.0;832.0;2768.0
44300;3600.0;832.0;2768.0
44400;3560.0;832.0;2728.0
44500;3880.0;832.0;3048.0
44600;3810.0;842.0;2968.0
44700;3320.0;832.0;2488.0
44800;3807.5;839.5;2968.0
44900;3824.0;856.0;2968.0
45000;3704.0;856.0;2848.0
45100;3824.0;856.0;2968.0
45200;3689.0;841.0;2848.0
45300;3710.0;862.0;2848.0
45400;3827.0;859.0;2968.0
45500;3867.0;859.0;3008.0
45600;4025.5;857.5;3168.0
45700;3904.0;856.0;3048.0
45800;3904.0;856.0;3048.0
45900;3904.0;856.0;3048.0
46000;3910.0;862.0;3048.0
46100;4027.0;859.0;3168.0
46200;3907.0;859.0;3048.0
46300;3892.0;844.0;3048.0
46400;3904.0;856.0;3048.0
46500;4052.0;844.0;3208.0
46600;3996.0;868.0;3128.0
46700;4002.0;874.0;3128.0
46800;3402.0;874.0;2528.0
46900;4002.0;874.0;3128.0
47000;4026.0;898.0;3128.0
47100;4107.0;859.0;3248.0
47200;4011.0;883.0;3128.0
47300;4027.0;859.0;3168.0
47400;4002.0;874.0;3128.0
47500;4042.0;874.0;3168.0
47600;4088.0;880.0;3208.0
47700;4088.0;880.0;3208.0
47800;4094.0;886.0;3208.0
47900;4082.0;874.0;3208.0
48000;4076.0;868.0;3208.0
48100;4516.0;868.0;3648.0
48200;4076.0;868.0;3208.0
48300;4076.0;868.0;3208.0
48400;4085.0;877.0;3208.0
48500;4131.0;883.0;3248.0
48600;4168.0;880.0;3288.0
48700;4282.0;874.0;3408.0
48800;4042.0;874.0;3168.0
48900;4048.0;880.0;3168.0
49000;4168.0;880.0;3288.0
49100;4168.0;880.0;3288.0
49200;4291.0;883.0;3408.0
49300;4045.0;877.0;3168.0
49400;4187.5;899.5;3288.0
49500;4070.0;862.0;3208.0
49600;4070.0;862.0;3208.0
49700;4100.0;892.0;3208.0
49800;4237.5;869.5;3368.0
49900;4237.5;869.5;3368.0
50000;4260.0;892.0;3368.0
50100;4140.0;892.0;3248.0
50200;4140.0;892.0;3248.0
50300;4267.5;899.5;3368.0
50400;4252.5;884.5;3368.0
50500;4285.0;877.0;3408.0
50600;4165.0;877.0;3288.0
50700;4325.0;877.0;3448.0
50800;4325.0;877.0;3448.0
50900;4360.0;912.0;3448.0
51000;4325.0;877.0;3448.0
51100;4350.0;902.0;3448.0
51200;4230.0;902.0;3328.0
51300;4360.0;912.0;3448.0
51400;4240.0;912.0;3328.0
51500;4380.0;892.0;3488.0
51600;4440.0;912.0;3528.0
51700;4430.0;902.0;3528.0
51800;4430.0;902.0;3528.0
51900;4440.0;912.0;3528.0
52000;4440.0;912.0;3528.0
52100;4320.0;912.0;3408.0
52200;4425.0;897.0;3528.0
52300;4455.0;927.0;3528.0
52400;4440.0;912.0;3528.0
52500;4600.0;912.0;3688.0
52600;5040.0;912.0;4128.0
52700;4370.0;922.0;3448.0
52800;4520.0;912.0;3608.0
52900;4520.0;912.0;3608.0
53000;4640.0;912.0;3728.0
53100;4490.0;882.0;3608.0
53200;4945.0;897.0;4048.0
53300;4390.0;902.0;3488.0
53400;4390.0;902.0;3488.0
53500;4680.0;912.0;3768.0
53600;3960.0;912.0;3048.0
53700;4720.0;912.0;3808.0
53800;4585.0;897.0;3688.0
53900;4590.0;902.0;3688.0
54000;4485.0;917.0;3568.0
54100;4590.0;902.0;3688.0
54200;4480.0;912.0;3568.0
54300;4490.0;922.0;3568.0
54400;4610.0;922.0;3688.0
54500;4640.0;912.0;3728.0
54600;4746.0;978.0;3768.0
54700;4740.0;972.0;3768.0
54800;4740.0;972.0;3768.0
54900;4852.0;964.0;3888.0
55000;4852.0;964.0;3888.0
55100;4736.0;968.0;3768.0
55200;4744.0;976.0;3768.0
55300;4904.0;976.0;3928.0
55400;4740.0;972.0;3768.0
55500;4780.0;972.0;3808.0
55600;4820.0;972.0;3848.0
55700;4974.0;966.0;4008.0
55800;4814.0;966.0;3848.0
55900;4816.0;968.0;3848.0
56000;4816.0;968.0;3848.0
56100;4690.0;962.0;3728.0
56200;4808.0;960.0;3848.0
56300;4692.0;964.0;3728.0
56400;4822.0;974.0;3848.0
56500;4862.0;974.0;3888.0
56600;5022.0;974.0;4048.0
56700;4728.0;960.0;3768.0
56800;4768.0;960.0;3808.0
56900;4768.0;960.0;3808.0
57000;4774.0;966.0;3808.0
57100;4772.0;964.0;3808.0
57200;4892.0;964.0;3928.0
57300;4904.0;976.0;3928.0
57400;4904.0;976.0;3928.0
57500;4932.0;964.0;3968.0
57600;4974.0;966.0;4008.0
57700;4966.0;958.0;4008.0
57800;4972.0;964.0;4008.0
57900;4858.0;970.0;3888.0
58000;4976.0;968.0;4008.0
58100;4849.0;961.0;3888.0
58200;4996.5;988.5;4008.0
58300;4999.0;991.0;4008.0
58400;5020.0;1012.0;4008.0
58500;5060.0;1012.0;4048.0
58600;5048.0;1000.0;4048.0
58700;5100.0;1012.0;4088.0
58800;4980.0;1012.0;3968.0
58900;4980.0;1012.0;3968.0
59000;5108.0;1020.0;4088.0
59100;5108.0;1020.0;4088.0
59200;5572.0;1044.0;4528.0
59300;5132.0;1044.0;4088.0
59400;5108.0;1020.0;4088.0
59500;5171.0;1043.0;4128.0
59600;5220.0;1052.0;4168.0
59700;4996.0;1028.0;3968.0
59800;5223.0;1055.0;4168.0
59900;5085.0;1037.0;4048.0
60000;5214.0;1046.0;4168.0
60100;5208.0;1040.0;4168.0
60200;5217.0;1049.0;4168.0
60300;5031.0;983.0;4048.0
60400;5226.0;1058.0;4168.0
60500;5266.0;1058.0;4208.0
60600;5336.0;1088.0;4248.0
60700;5321.0;1073.0;4248.0
60800;5313.5;1065.5;4248.0
60900;5321.0;1073.0;4248.0
61000;5321.0;1073.0;4248.0
61100;5321.0;1073.0;4248.0
61200;5441.0;1073.0;4368.0
61300;5321.0;1073.0;4248.0
61400;5321.0;1073.0;4248.0
61500;5361.0;1073.0;4288.0
61600;5400.0;952.0;4448.0
61700;5413.0;1085.0;4328.0
61800;5384.5;1056.5;4328.0
61900;5384.5;1056.5;4328.0
62000;5436.0;1108.0;4328.0
62100;5296.5;1088.5;4208.0
62200;5436.0;1108.0;4328.0
62300;5436.0;1108.0;4328.0
62400;5436.0;1108.0;4328.0
62500;5476.0;1108.0;4368.0
62600;5522.5;1114.5;4408.0
62700;5623.0;1095.0;4528.0
62800;5516.0;1108.0;4408.0
62900;5396.0;1108.0;4288.0
63000;5529.0;1121.0;4408.0
63100;5529.0;1121.0;4408.0
63200;5649.0;1121.0;4528.0
63300;5509.5;1101.5;4408.0
63400;5542.0;1134.0;4408.0
63500;5449.0;1121.0;4328.0
63600;5609.0;1121.0;4488.0
63700;5450.0;1122.0;4328.0
63800;5595.0;1107.0;4488.0
63900;5475.0;1107.0;4368.0
64000;5610.0;1122.0;4488.0
64100;5610.0;1122.0;4488.0
64200;5595.0;1107.0;4488.0
64300;5155.0;1107.0;4048.0
64400;5475.0;1107.0;4368.0
64500;5635.0;1107.0;4528.0
64600;5635.0;1107.0;4528.0
64700;5690.0;1122.0;4568.0
64800;5810.0;1122.0;4688.0
64900;5594.0;1146.0;4448.0
65000;5708.5;1140.5;4568.0
65100;5703.0;1135.0;4568.0
65200;5703.0;1135.0;4568.0
65300;5717.0;1149.0;4568.0
65400;5736.5;1168.5;4568.0
65500;5877.0;1149.0;4728.0
65600;5823.0;1175.0;4648.0
65700;5810.0;1162.0;4648.0
65800;5803.5;1155.5;4648.0
65900;5823.0;1175.0;4648.0
66000;5790.5;1142.5;4648.0
66100;5810.0;1162.0;4648.0
66200;5810.0;1162.0;4648.0
66300;5829.5;1181.5;4648.0
66400;5970.0;1162.0;4808.0
66500;5710.5;1142.5;4568.0
66600;5903.0;1175.0;4728.0
66700;5890.0;1162.0;4728.0
66800;5916.0;1188.0;4728.0
66900;5903.0;1175.0;4728.0
67000;5903.0;1175.0;4728.0
67100;5903.0;1175.0;4728.0
67200;5903.0;1175.0;4728.0
67300;5903.0;1175.0;4728.0
67400;5890.0;1162.0;4728.0
67500;5943.0;1175.0;4768.0
67600;5983.0;1175.0;4808.0
67700;5996.0;1188.0;4808.0
67800;5996.0;1188.0;4808.0
67900;6009.0;1201.0;4808.0
68000;6033.0;1225.0;4808.0
68100;5893.0;1205.0;4688.0
68200;6183.0;1215.0;4968.0
68300;6173.0;1205.0;4968.0
68400;6173.0;1205.0;4968.0
68500;6053.0;1205.0;4848.0
68600;6053.0;1205.0;4848.0
68700;6093.0;1205.0;4888.0
68800;6063.0;1175.0;4888.0
68900;6098.0;1210.0;4888.0
69000;5978.0;1210.0;4768.0
69100;6078.0;1190.0;4888.0
69200;5958.0;1190.0;4768.0
69300;6093.0;1205.0;4888.0
69400;6098.0;1210.0;4888.0
69500;6138.0;1210.0;4928.0
69600;6183.0;1215.0;4968.0
69700;6173.0;1205.0;4968.0
69800;6283.0;1195.0;5088.0
69900;6043.0;1195.0;4848.0
70000;5723.0;1195.0;4528.0
70100;6283.0;1195.0;5088.0
70200;6038.0;1190.0;4848.0
70300;6163.0;1195.0;4968.0
70400;6618.0;1210.0;5408.0
70500;6203.0;1195.0;5008.0
70600;6258.0;1210.0;5048.0
70700;6253.0;1205.0;5048.0
70800;6253.0;1205.0;5048.0
70900;6253.0;1205.0;5048.0
71000;6373.0;1205.0;5168.0
71100;6253.0;1205.0;5048.0
71200;6213.0;1165.0;5048.0
71300;6263.0;1215.0;5048.0
71400;6133.0;1205.0;4928.0
71500;5798.0;1190.0;4608.0
71600;6438.0;1190.0;5248.0
71700;6463.0;1215.0;5248.0
71800;6333.0;1205.0;5128.0
71900;6323.0;1195.0;5128.0
72000;6318.0;1190.0;5128.0
72100;6313.0;1185.0;5128.0
72200;6483.0;1195.0;5288.0
72300;6403.0;1115.0;5288.0
72400;6343.0;1215.0;5128.0
72500;6393.0;1225.0;5168.0
72600;6403.0;1195.0;5208.0
72700;6403.0;1195.0;5208.0
72800;6128.0;1080.0;5048.0
72900;6438.0;1230.0;5208.0
73000;6438.0;1230.0;5208.0
73100;5998.0;1230.0;4768.0
73200;6463.0;1255.0;5208.0
73300;6463.0;1255.0;5208.0
73400;6318.0;1230.0;5088.0
73500;6318.0;1230.0;5088.0
73600;6518.0;1230.0;5288.0
73700;6518.0;1230.0;5288.0
73800;6518.0;1230.0;5288.0
73900;6310.5;1142.5;5168.0
74000;6327.0;1039.0;5288.0
74100;6530.0;1242.0;5288.0
74200;6530.0;1242.0;5288.0
74300;6530.0;1242.0;5288.0
74400;6530.0;1242.0;5288.0
74500;6541.0;1213.0;5328.0
74600;6697.0;1329.0;5368.0
74700;6686.5;1198.5;5488.0
74800;6730.0;1242.0;5488.0
74900;6610.0;1242.0;5368.0
75000;6748.0;1260.0;5488.0
75100;6628.0;1260.0;5368.0
75200;6508.0;1260.0;5248.0
75300;6680.5;1312.5;5368.0
75400;6560.5;1312.5;5248.0
75500;6720.5;1312.5;5408.0
75600;6708.0;1260.0;5448.0
75700;6708.0;1260.0;5448.0
75800;6760.5;1312.5;5448.0
75900;6708.0;1260.0;5448.0
76000;6868.0;1260.0;5608.0
76100;6673.0;1225.0;5448.0
76200;6833.0;1225.0;5608.0
76300;6715.0;1267.0;5448.0
76400;6595.0;1267.0;5328.0
76500;6983.5;1495.5;5488.0
76600;6941.0;1413.0;5528.0
76700;7275.0;1347.0;5928.0
76800;6842.0;1314.0;5528.0
76900;6875.0;1347.0;5528.0
77000;7028.0;1380.0;5648.0
77100;6875.0;1347.0;5528.0
77200;7035.0;1347.0;5688.0
77300;7134.0;1446.0;5688.0
77400;6908.0;1380.0;5528.0
77500;6931.5;1363.5;5568.0
77600;6988.0;1380.0;5608.0
77700;6828.0;1380.0;5448.0
77800;6789.0;1181.0;5608.0
77900;6969.0;1361.0;5608.0
78000;6989.0;1381.0;5608.0
78100;7049.0;1441.0;5608.0
78200;6969.0;1361.0;5608.0
78300;7009.0;1401.0;5608.0
78400;7049.0;1441.0;5608.0
78500;7089.0;1441.0;5648.0
78600;7129.0;1441.0;5688.0
78700;7129.0;1441.0;5688.0
78800;7129.0;1441.0;5688.0
78900;7049.0;1481.0;5568.0
79000;7229.0;1541.0;5688.0
79100;7129.0;1441.0;5688.0
79200;7129.0;1441.0;5688.0
79300;7169.0;1481.0;5688.0
79400;7169.0;1481.0;5688.0
79500;7229.0;1501.0;5728.0
79600;7209.0;1441.0;5768.0
79700;7209.0;1441.0;5768.0
79800;7209.0;1441.0;5768.0
79900;7249.0;1481.0;5768.0
80000;7209.0;1441.0;5768.0
80100;7249.0;1481.0;5768.0
80200;7249.0;1481.0;5768.0
80300;7169.0;1401.0;5768.0
80400;6889.0;1241.0;5648.0
80500;7049.0;1241.0;5808.0
80600;7353.0;1505.0;5848.0
80700;6993.0;1505.0;5488.0
80800;7353.0;1505.0;5848.0
80900;7473.0;1505.0;5968.0
81000;7353.0;1505.0;5848.0
81100;7329.0;1481.0;5848.0
81200;7353.0;1505.0;5848.0
81300;7353.0;1505.0;5848.0
81400;7353.0;1505.0;5848.0
81500;7345.0;1457.0;5888.0
81600;7457.0;1409.0;6048.0
81700;7433.0;1505.0;5928.0
81800;7457.0;1529.0;5928.0
81900;7505.0;1457.0;6048.0
82000;7385.0;1457.0;5928.0
82100;7825.0;1457.0;6368.0
82200;7217.0;1409.0;5808.0
82300;7337.0;1409.0;5928.0
82400;7385.0;1457.0;5928.0
82500;7497.0;1529.0;5968.0
82600;7465.0;1457.0;6008.0
82700;7465.0;1457.0;6008.0
82800;7465.0;1457.0;6008.0
82900;7465.0;1457.0;6008.0
83000;7865.0;1457.0;6408.0
83100;7465.0;1457.0;6008.0
83200;7465.0;1457.0;6008.0
83300;7465.0;1457.0;6008.0
83400;7537.0;1529.0;6008.0
83500;7433.0;1505.0;5928.0
83600;7761.0;1673.0;6088.0
83700;7399.0;1471.0;5928.0
83800;7445.0;1517.0;5928.0
83900;7330.0;1402.0;5928.0
84000;7513.0;1425.0;6088.0
84100;7953.0;1425.0;6528.0
84200;7467.0;1379.0;6088.0
84300;7513.0;1425.0;6088.0
84400;8022.0;1494.0;6528.0
84500;7461.0;1333.0;6128.0
84600;7501.0;1333.0;6168.0
84700;7501.0;1333.0;6168.0
84800;8021.0;1333.0;6688.0
84900;7667.0;1379.0;6288.0
85000;7289.0;1241.0;6048.0
85100;7575.0;1287.0;6288.0
85200;7501.0;1333.0;6168.0
85300;7661.0;1333.0;6328.0
85400;7381.0;1333.0;6048.0
85500;8030.0;1382.0;6648.0
85600;7496.5;1408.5;6088.0
85700;7312.0;1064.0;6248.0
85800;7656.5;1408.5;6248.0
85900;7612.0;1364.0;6248.0
86000;7492.0;1364.0;6128.0
86100;7732.0;1364.0;6368.0
86200;7612.0;1364.0;6248.0
86300;7772.0;1364.0;6408.0
86400;7612.0;1364.0;6248.0
86500;7565.0;1277.0;6288.0
86600;7652.0;1364.0;6288.0
86700;7812.0;1364.0;6448.0
86800;7663.0;1335.0;6328.0
86900;7663.0;1335.0;6328.0
87000;7634.0;1306.0;6328.0
87100;7634.0;1306.0;6328.0
87200;7576.0;1248.0;6328.0
87300;7794.0;1306.0;6488.0
87400;7794.0;1306.0;6488.0
87500;7674.0;1306.0;6368.0
87600;7859.0;1451.0;6408.0
87700;7714.0;1306.0;6408.0
87800;7931.0;1523.0;6408.0
87900;7701.0;1293.0;6408.0
88000;7639.0;1351.0;6288.0
88100;7759.0;1351.0;6408.0
88200;7919.0;1351.0;6568.0
88300;7833.0;1425.0;6408.0
88400;7601.0;1313.0;6288.0
88500;7817.0;1369.0;6448.0
88600;7857.0;1369.0;6488.0
88700;8033.0;1425.0;6608.0
88800;7913.0;1425.0;6488.0
88900;7913.0;1425.0;6488.0
89000;7569.0;1201.0;6368.0
89100;7969.0;1481.0;6488.0
89200;8101.0;1453.0;6648.0
89300;7857.0;1369.0;6488.0
89400;7857.0;1369.0;6488.0
89500;7981.0;1453.0;6528.0
89600;7881.0;1313.0;6568.0
89700;8190.0;1622.0;6568.0
89800;7955.0;1387.0;6568.0
89900;7955.0;1387.0;6568.0
90000;7764.5;1316.5;6448.0
90100;7955.0;1387.0;6568.0
90200;8025.0;1457.0;6568.0
90300;8240.5;1512.5;6728.0
90400;8025.0;1457.0;6568.0
90500;8028.0;1420.0;6608.0
90600;8068.0;1420.0;6648.0
90700;8188.0;1420.0;6768.0
90800;8110.0;1462.0;6648.0
90900;8110.0;1462.0;6648.0
91000;8067.0;1419.0;6648.0
91100;8239.0;1591.0;6648.0
91200;8110.0;1462.0;6648.0
91300;7925.5;1397.5;6528.0
91400;8107.0;1419.0;6688.0
91500;7944.0;1376.0;6568.0
91600;8190.0;1462.0;6728.0
91700;7710.0;1462.0;6248.0
91800;7710.0;1462.0;6248.0
91900;8070.0;1462.0;6608.0
92000;8276.0;1548.0;6728.0
92100;8233.0;1505.0;6728.0
92200;8168.5;1440.5;6728.0
92300;8393.0;1505.0;6888.0
92400;8168.5;1440.5;6728.0
92500;8273.0;1505.0;6768.0
92600;8313.0;1505.0;6808.0
92700;8313.0;1505.0;6808.0
92800;8347.0;1419.0;6928.0
92900;8150.0;1462.0;6688.0
93000;8341.0;1653.0;6688.0
93100;8406.0;1478.0;6928.0
93200;8431.0;1583.0;6848.0
93300;8166.0;1478.0;6688.0
93400;8498.5;1530.5;6968.0
93500;8291.0;1443.0;6848.0
93600;8366.0;1478.0;6888.0
93700;8258.5;1530.5;6728.0
93800;8401.0;1513.0;6888.0
93900;8246.0;1478.0;6768.0
94000;8591.0;1583.0;7008.0
94100;8556.0;1548.0;7008.0
94200;8561.0;1513.0;7048.0
94300;8401.0;1513.0;6888.0
94400;8561.0;1513.0;7048.0
94500;8596.0;1548.0;7048.0
94600;8481.0;1513.0;6968.0
94700;8481.0;1513.0;6968.0
94800;8548.5;1460.5;7088.0
94900;8446.0;1478.0;6968.0
95000;8481.0;1513.0;6968.0
95100;8041.0;1513.0;6528.0
95200;8481.0;1513.0;6968.0
95300;8326.0;1478.0;6848.0
95400;8481.0;1513.0;6968.0
95500;8418.5;1530.5;6888.0
95600;8436.0;1548.0;6888.0
95700;8733.5;1565.5;7168.0
95800;8681.0;1513.0;7168.0
95900;8561.0;1513.0;7048.0
96000;8508.5;1460.5;7048.0
96100;8531.0;1483.0;7048.0
96200;8547.0;1499.0;7048.0
96300;8643.0;1595.0;7048.0
96400;8547.0;1499.0;7048.0
96500;8467.0;1499.0;6968.0
96600;8595.0;1467.0;7128.0
96700;8627.0;1499.0;7128.0
96800;8747.0;1499.0;7248.0
96900;8679.0;1551.0;7128.0
97000;8715.0;1587.0;7128.0
97100;8757.0;1629.0;7128.0
97200;8730.0;1602.0;7128.0
97300;8583.0;1575.0;7008.0
97400;8317.0;1629.0;6688.0
97500;8770.0;1602.0;7168.0
97600;8819.0;1611.0;7208.0
97700;8801.0;1593.0;7208.0
97800;8819.0;1611.0;7208.0
97900;8891.0;1683.0;7208.0
98000;8843.0;1635.0;7208.0
98100;8843.0;1635.0;7208.0
98200;8843.0;1635.0;7208.0
98300;8723.0;1635.0;7088.0
98400;8855.0;1647.0;7208.0
98500;8763.0;1635.0;7128.0
98600;8911.0;1623.0;7288.0
98700;8839.0;1551.0;7288.0
98800;8903.0;1615.0;7288.0
98900;8935.0;1647.0;7288.0
99000;8799.0;1631.0;7168.0
99100;8863.0;1575.0;7288.0
99200;9079.0;1631.0;7448.0
99300;9079.0;1631.0;7448.0
99400;8919.0;1631.0;7288.0
99500;8959.0;1631.0;7328.0
99600;8999.0;1631.0;7368.0
99700;8999.0;1631.0;7368.0
99800;9015.0;1647.0;7368.0
99900;9031.0;1663.0;7368.0
100000;8911.0;1663.0;7248.0
100100;8951.0;1583.0;7368.0
100200;9047.0;1679.0;7368.0
100300;9015.0;1647.0;7368.0
100400;9007.0;1639.0;7368.0
100500;9071.0;1663.0;7408.0
100600;8951.0;1663.0;7288.0
100700;9231.0;1663.0;7568.0
100800;9127.0;1679.0;7448.0
100900;9111.0;1663.0;7448.0
101000;9111.0;1663.0;7448.0
101100;9111.0;1663.0;7448.0
101200;9271.0;1663.0;7608.0
101300;9151.0;1663.0;7488.0
101400;9271.0;1663.0;7608.0
101500;9271.0;1663.0;7608.0
101600;9175.0;1647.0;7528.0
101700;9191.0;1663.0;7528.0
101800;9191.0;1663.0;7528.0
101900;9207.0;1679.0;7528.0
102000;9335.0;1687.0;7648.0
102100;9191.0;1663.0;7528.0
102200;9143.0;1615.0;7528.0
102300;9215.0;1687.0;7528.0
102400;9191.0;1663.0;7528.0
102500;9231.0;1663.0;7568.0
102600;9327.0;1719.0;7608.0
102700;9127.0;1679.0;7448.0
102800;9287.0;1679.0;7608.0
102900;9287.0;1679.0;7608.0
103000;9367.0;1639.0;7728.0
103100;9303.0;1695.0;7608.0
103200;9303.0;1695.0;7608.0
103300;9239.0;1631.0;7608.0
103400;9463.0;1695.0;7768.0
103500;8839.0;1671.0;7168.0
103600;9351.0;1663.0;7688.0
103700;9207.0;1679.0;7528.0
103800;9367.0;1679.0;7688.0
103900;9351.0;1663.0;7688.0
104000;9351.0;1663.0;7688.0
104100;9399.0;1711.0;7688.0
104200;9231.0;1663.0;7568.0
104300;9335.0;1647.0;7688.0
104400;9351.0;1663.0;7688.0
104500;9351.0;1663.0;7688.0
104600;9415.0;1647.0;7768.0
104700;9415.0;1647.0;7768.0
104800;9455.0;1687.0;7768.0
104900;9415.0;1647.0;7768.0
105000;9415.0;1647.0;7768.0
105100;9407.0;1639.0;7768.0
105200;9311.0;1663.0;7648.0
105300;9447.0;1679.0;7768.0
105400;9335.0;1687.0;7648.0
105500;9495.0;1687.0;7808.0
105600;9535.0;1687.0;7848.0
105700;9511.0;1663.0;7848.0
105800;9511.0;1663.0;7848.0
105900;9375.0;1647.0;7728.0
106000;9543.0;1695.0;7848.0
106100;9442.0;1714.0;7728.0
106200;9551.0;1703.0;7848.0
106300;9551.0;1703.0;7848.0
106400;9585.5;1697.5;7888.0
106500;9711.0;1703.0;8008.0
106600;9614.5;1686.5;7928.0
106700;9631.0;1703.0;7928.0
106800;9631.0;1703.0;7928.0
106900;9631.0;1703.0;7928.0
107000;9631.0;1703.0;7928.0
107100;9631.0;1703.0;7928.0
107200;9642.0;1714.0;7928.0
107300;9533.0;1725.0;7808.0
107400;9533.0;1725.0;7808.0
107500;9813.0;1725.0;8088.0
107600;9802.0;1714.0;8088.0
107700;9722.0;1714.0;8008.0
107800;9733.0;1725.0;8008.0
107900;9602.0;1714.0;7888.0
108000;9738.5;1730.5;8008.0
108100;9722.0;1714.0;8008.0
108200;9722.0;1714.0;8008.0
108300;9602.0;1714.0;7888.0
108400;9722.0;1714.0;8008.0
108500;9762.0;1714.0;8048.0
108600;9802.0;1714.0;8088.0
108700;9802.0;1714.0;8088.0
108800;9933.0;1725.0;8208.0
108900;9813.0;1725.0;8088.0
109000;9922.0;1714.0;8208.0
109100;9802.0;1714.0;8088.0
109200;9693.0;1725.0;7968.0
109300;9813.0;1725.0;8088.0
109400;10253.0;1725.0;8528.0
109500;9853.0;1725.0;8128.0
109600;9893.0;1725.0;8168.0
109700;9827.0;1659.0;8168.0
109800;10282.0;1714.0;8568.0
109900;9887.5;1719.5;8168.0
110000;9865.5;1697.5;8168.0
110100;9871.0;1703.0;8168.0
110200;9887.5;1719.5;8168.0
110300;10031.0;1703.0;8328.0
110400;10031.0;1703.0;8328.0
110500;10471.0;1703.0;8768.0
110600;9945.5;1697.5;8248.0
110700;9962.0;1714.0;8248.0
110800;9922.0;1714.0;8208.0
110900;10082.0;1714.0;8368.0
111000;9962.0;1714.0;8248.0
111100;9842.0;1714.0;8128.0
111200;9951.0;1703.0;8248.0
111300;10391.0;1703.0;8688.0
111400;9951.0;1703.0;8248.0
111500;9991.0;1703.0;8288.0
111600;10020.0;1692.0;8328.0
111700;10020.0;1692.0;8328.0
111800;10055.0;1727.0;8328.0
111900;10055.0;1727.0;8328.0
112000;10055.0;1727.0;8328.0
112100;10055.0;1727.0;8328.0
112200;10031.0;1703.0;8328.0
112300;9999.0;1671.0;8328.0
112400;10055.0;1727.0;8328.0
112500;10031.0;1663.0;8368.0
112600;10119.0;1711.0;8408.0
112700;10063.0;1655.0;8408.0
112800;10095.0;1687.0;8408.0
112900;10119.0;1711.0;8408.0
113000;10095.0;1687.0;8408.0
113100;10095.0;1687.0;8408.0
113200;10119.0;1711.0;8408.0
113300;10023.0;1735.0;8288.0
113400;10119.0;1711.0;8408.0
113500;10159.0;1711.0;8448.0
113600;10159.0;1711.0;8448.0
113700;10159.0;1711.0;8448.0
113800;10199.0;1711.0;8488.0
113900;10199.0;1711.0;8488.0
114000;10199.0;1711.0;8488.0
114100;10183.0;1695.0;8488.0
114200;10215.0;1727.0;8488.0
114300;10199.0;1711.0;8488.0
114400;10199.0;1711.0;8488.0
114500;10119.0;1711.0;8408.0
114600;10119.0;1711.0;8408.0
114700;10119.0;1711.0;8408.0
114800;10295.0;1727.0;8568.0
114900;10303.0;1735.0;8568.0
115000;10183.0;1735.0;8448.0
115100;10386.0;1818.0;8568.0
115200;10331.0;1763.0;8568.0
115300;10331.0;1763.0;8568.0
115400;10331.0;1763.0;8568.0
115500;10356.0;1748.0;8608.0
115600;10336.0;1728.0;8608.0
115700;10411.0;1763.0;8648.0
115800;10411.0;1763.0;8648.0
115900;10411.0;1763.0;8648.0
116000;10271.0;1743.0;8528.0
116100;10457.0;1809.0;8648.0
116200;10457.0;1809.0;8648.0
116300;10337.0;1809.0;8528.0
116400;10457.0;1809.0;8648.0
116500;10497.0;1809.0;8688.0
116600;10537.0;1809.0;8728.0
116700;10537.0;1809.0;8728.0
116800;10537.0;1809.0;8728.0
116900;10417.0;1809.0;8608.0
117000;10519.0;1791.0;8728.0
117100;10537.0;1809.0;8728.0
117200;10510.0;1782.0;8728.0
117300;10417.0;1809.0;8608.0
117400;10435.0;1827.0;8608.0
117500;10577.0;1809.0;8768.0
117600;10662.0;1854.0;8808.0
117700;10617.0;1809.0;8808.0
117800;10475.0;1827.0;8648.0
117900;10635.0;1827.0;8808.0
118000;10635.0;1827.0;8808.0
118100;10635.0;1827.0;8808.0
118200;10617.0;1809.0;8808.0
118300;10617.0;1809.0;8808.0
118400;10617.0;1809.0;8808.0
118500;10657.0;1809.0;8848.0
118600;10679.0;1791.0;8888.0
118700;10652.0;1764.0;8888.0
118800;10679.0;1791.0;8888.0
118900;10679.0;1791.0;8888.0
119000;10661.0;1773.0;8888.0
119100;10841.0;1833.0;9008.0
119200;10561.0;1793.0;8768.0
119300;10681.0;1793.0;8888.0
119400;10681.0;1793.0;8888.0
119500;10729.0;1801.0;8928.0
119600;10761.0;1793.0;8968.0
119700;10769.0;1801.0;8968.0
119800;10761.0;1793.0;8968.0
119900;10773.0;1805.0;8968.0
120000;10691.0;1723.0;8968.0
120100;10781.0;1813.0;8968.0
120200;10781.0;1813.0;8968.0
120300;10659.5;1691.5;8968.0
120400;10835.0;1867.0;8968.0
120500;10848.0;1840.0;9008.0
120600;10888.0;1840.0;9048.0
120700;10888.0;1840.0;9048.0
120800;11035.0;1867.0;9168.0
120900;11035.0;1867.0;9168.0
121000;10888.0;1840.0;9048.0
121100;10688.0;1840.0;8848.0
121200;11075.0;1867.0;9208.0
121300;10754.5;1826.5;8928.0
121400;10915.0;1867.0;9048.0
121500;10939.0;1971.0;8968.0
121600;11000.0;1872.0;9128.0
121700;11000.0;1872.0;9128.0
121800;11000.0;1872.0;9128.0
121900;11022.0;1894.0;9128.0
122000;11070.0;1942.0;9128.0
122100;11070.0;1942.0;9128.0
122200;11070.0;1942.0;9128.0
122300;11070.0;1942.0;9128.0
122400;11242.0;1954.0;9288.0
122500;11277.0;1989.0;9288.0
122600;10968.0;1920.0;9048.0
122700;11208.0;2000.0;9208.0
122800;11224.0;2016.0;9208.0
122900;11232.0;2024.0;9208.0
123000;11072.0;1984.0;9088.0
123100;11232.0;2024.0;9208.0
123200;11208.0;2000.0;9208.0
123300;11208.0;2000.0;9208.0
123400;11232.0;2024.0;9208.0
123500;11248.0;2000.0;9248.0
123600;11288.0;2000.0;9288.0
123700;11408.0;2000.0;9408.0
123800;11264.0;1976.0;9288.0
123900;11288.0;2000.0;9288.0
124000;11272.0;1984.0;9288.0
124100;11272.0;1984.0;9288.0
124200;11280.0;1992.0;9288.0
124300;11272.0;1984.0;9288.0
124400;11096.0;1928.0;9168.0
124500;11296.0;1968.0;9328.0
124600;11320.0;1952.0;9368.0
124700;11366.0;1998.0;9368.0
124800;11366.0;1998.0;9368.0
124900;11468.0;1980.0;9488.0
125000;11348.0;1980.0;9368.0
125100;11246.0;1998.0;9248.0
125200;11384.0;2016.0;9368.0
125300;11321.0;1953.0;9368.0
125400;11357.0;1989.0;9368.0
125500;11544.0;2016.0;9528.0
125600;11428.0;1980.0;9448.0
125700;11446.0;1998.0;9448.0
125800;11437.0;1989.0;9448.0
125900;11557.0;1989.0;9568.0
126000;11344.0;2016.0;9328.0
126100;11584.0;2016.0;9568.0
126200;11464.0;2016.0;9448.0
126300;11464.0;2016.0;9448.0
126400;11437.0;1989.0;9448.0
126500;11384.0;2016.0;9368.0
126600;11586.0;2058.0;9528.0
126700;11628.0;2100.0;9528.0
126800;11450.5;1922.5;9528.0
126900;11798.0;2150.0;9648.0
127000;11678.0;2150.0;9528.0
127100;11695.5;2167.5;9528.0
127200;11523.0;2115.0;9408.0
127300;11643.0;2115.0;9528.0
127400;11643.0;2115.0;9528.0
127500;11518.0;1830.0;9688.0
127600;11833.0;2145.0;9688.0
127700;11593.0;2145.0;9448.0
127800;11548.0;2100.0;9448.0
127900;11873.0;2145.0;9728.0
128000;11602.0;2114.0;9488.0
128100;11885.0;2157.0;9728.0
128200;11679.0;2071.0;9608.0
128300;11946.5;2178.5;9768.0
128400;11722.0;2114.0;9608.0
128500;11762.0;2114.0;9648.0
128600;11845.0;2157.0;9688.0
128700;11802.0;2114.0;9688.0
128800;11759.0;2071.0;9688.0
128900;11759.0;2071.0;9688.0
129000;11759.0;2071.0;9688.0
129100;11802.0;2114.0;9688.0
129200;11909.5;2221.5;9688.0
129300;11759.0;2071.0;9688.0
129400;11759.0;2071.0;9688.0
129500;11799.0;2071.0;9728.0
129600;11839.0;2071.0;9768.0
129700;11882.0;2114.0;9768.0
129800;11817.5;2049.5;9768.0
129900;12164.0;2276.0;9888.0
130000;12044.0;2276.0;9768.0
130100;11857.0;2089.0;9768.0
130200;11908.0;2140.0;9768.0
130300;11519.0;2191.0;9328.0
130400;11891.0;2123.0;9768.0
130500;11945.0;2137.0;9808.0
130600;12049.0;2201.0;9848.0
130700;12033.0;2185.0;9848.0
130800;12017.0;2169.0;9848.0
130900;12017.0;2169.0;9848.0
131000;11880.0;2232.0;9648.0
131100;12057.0;2209.0;9848.0
131200;12057.0;2209.0;9848.0
131300;12091.5;2243.5;9848.0
131400;12263.0;2255.0;10008.0
131500;12240.0;2232.0;10008.0
131600;12190.5;2262.5;9928.0
131700;12159.0;2231.0;9928.0
131800;12180.0;2252.0;9928.0
131900;12180.0;2252.0;9928.0
132000;12180.0;2252.0;9928.0
132100;12201.0;2273.0;9928.0
132200;12081.0;2273.0;9808.0
132300;12201.0;2273.0;9928.0
132400;12081.0;2153.0;9928.0
132500;12251.0;2283.0;9968.0
132600;12291.0;2283.0;10008.0
132700;12252.0;2244.0;10008.0
132800;12330.0;2322.0;10008.0
132900;12171.0;2283.0;9888.0
133000;12411.0;2283.0;10128.0
133100;12252.0;2244.0;10008.0
133200;12265.0;2257.0;10008.0
133300;12132.0;2244.0;9888.0
133400;12265.0;2257.0;10008.0
133500;12305.0;2257.0;10048.0
133600;12345.0;2257.0;10088.0
133700;12371.0;2283.0;10088.0
133800;12371.0;2283.0;10088.0
133900;12280.0;2192.0;10088.0
134000;12160.0;2192.0;9968.0
134100;12517.0;2309.0;10208.0
134200;12277.0;2309.0;9968.0
134300;12225.0;2257.0;9968.0
134400;12397.0;2309.0;10088.0
134500;12437.0;2309.0;10128.0
134600;12477.0;2309.0;10168.0
134700;12477.0;2309.0;10168.0
134800;12477.0;2309.0;10168.0
134900;12477.0;2309.0;10168.0
135000;12477.0;2309.0;10168.0
135100;12594.0;2426.0;10168.0
135200;12637.0;2309.0;10328.0
135300;12383.0;2335.0;10048.0
135400;12503.0;2335.0;10168.0
135500;12957.0;2309.0;10648.0
135600;12557.0;2309.0;10248.0
135700;12557.0;2309.0;10248.0
135800;12583.0;2335.0;10248.0
135900;12544.0;2296.0;10248.0
136000;12677.0;2309.0;10368.0
136100;12583.0;2335.0;10248.0
136200;12544.0;2296.0;10248.0
136300;12544.0;2296.0;10248.0
136400;12570.0;2322.0;10248.0
136500;12701.0;2413.0;10288.0
136600;12663.0;2335.0;10328.0
136700;12676.0;2348.0;10328.0
136800;12757.0;2309.0;10448.0
136900;12663.0;2335.0;10328.0
137000;12624.0;2296.0;10328.0
137100;12556.0;2348.0;10208.0
137200;12689.0;2361.0;10328.0
137300;12823.0;2335.0;10488.0
137400;12543.0;2335.0;10208.0
137500;12703.0;2335.0;10368.0
137600;12756.0;2348.0;10408.0
137700;12769.0;2361.0;10408.0
137800;12729.0;2361.0;10368.0
137900;12750.0;2382.0;10368.0
138000;12910.0;2382.0;10528.0
138100;12790.0;2382.0;10408.0
138200;12767.0;2359.0;10408.0
138300;12767.0;2359.0;10408.0
138400;12693.0;2405.0;10288.0
138500;12670.0;2382.0;10288.0
138600;12893.0;2405.0;10488.0
138700;13316.0;2428.0;10888.0
138800;12853.0;2405.0;10448.0
138900;12893.0;2405.0;10488.0
139000;12916.0;2428.0;10488.0
139100;12796.0;2428.0;10368.0
139200;12858.5;2370.5;10488.0
139300;12893.0;2405.0;10488.0
139400;12968.0;2440.0;10528.0
139500;12968.0;2440.0;10528.0
139600;13010.0;2482.0;10528.0
139700;12856.0;2448.0;10408.0
139800;12856.0;2448.0;10408.0
139900;12965.0;2397.0;10568.0
140000;13016.0;2448.0;10568.0
140100;12965.0;2397.0;10568.0
140200;13176.0;2448.0;10728.0
140300;13016.0;2448.0;10568.0
140400;13016.0;2448.0;10568.0
140500;13530.0;2482.0;11048.0
140600;13130.0;2482.0;10648.0
140700;13130.0;2482.0;10648.0
140800;13096.0;2448.0;10648.0
140900;13250.0;2482.0;10768.0
141000;13130.0;2482.0;10648.0
141100;12874.0;2346.0;10528.0
141200;13130.0;2482.0;10648.0
141300;13290.0;2482.0;10808.0
141400;12970.0;2482.0;10488.0
141500;12970.0;2482.0;10488.0
141600;13261.0;2533.0;10728.0
141700;13176.0;2448.0;10728.0
141800;13330.0;2482.0;10848.0
141900;13210.0;2482.0;10728.0
142000;13210.0;2482.0;10728.0
142100;13261.0;2533.0;10728.0
142200;13306.0;2538.0;10768.0
142300;13643.0;2475.0;11168.0
142400;13203.0;2475.0;10728.0
142500;13426.0;2538.0;10888.0
142600;13228.0;2580.0;10648.0
142700;13367.0;2559.0;10808.0
142800;13367.0;2559.0;10808.0
142900;13241.0;2433.0;10808.0
143000;13304.0;2496.0;10808.0
143100;13304.0;2496.0;10808.0
143200;13304.0;2496.0;10808.0
143300;13388.0;2580.0;10808.0
143400;13346.0;2538.0;10808.0
143500;13344.0;2496.0;10848.0
143600;13384.0;2496.0;10888.0
143700;13195.0;2307.0;10888.0
143800;13426.0;2538.0;10888.0
143900;13426.0;2538.0;10888.0
144000;13426.0;2538.0;10888.0
144100;13426.0;2538.0;10888.0
144200;13468.0;2580.0;10888.0
144300;13908.0;2580.0;11328.0
144400;13510.0;2622.0;10888.0
144500;13508.0;2580.0;10928.0
144600;13548.0;2580.0;10968.0
144700;13367.0;2559.0;10808.0
144800;13590.0;2622.0;10968.0
144900;13506.0;2538.0;10968.0
145000;13548.0;2580.0;10968.0
145100;13548.0;2580.0;10968.0
145200;13401.0;2433.0;10968.0
145300;13464.0;2496.0;10968.0
145400;13548.0;2580.0;10968.0
145500;13504.0;2496.0;11008.0
145600;13544.0;2496.0;11048.0
145700;13628.0;2580.0;11048.0
145800;13468.0;2580.0;10888.0
145900;13670.0;2622.0;11048.0
146000;13607.0;2559.0;11048.0
146100;13670.0;2622.0;11048.0
146200;13670.0;2622.0;11048.0
146300;13628.0;2580.0;11048.0
146400;13851.0;2643.0;11208.0
146500;13668.0;2580.0;11088.0
146600;13668.0;2580.0;11088.0
146700;13668.0;2580.0;11088.0
146800;13668.0;2580.0;11088.0
146900;13870.0;2622.0;11248.0
147000;13840.0;2712.0;11128.0
147100;13768.0;2640.0;11128.0
147200;13328.0;2640.0;10688.0
147300;13750.0;2622.0;11128.0
147400;13790.0;2622.0;11168.0
147500;13754.0;2586.0;11168.0
147600;13794.0;2586.0;11208.0
147700;13670.0;2622.0;11048.0
147800;13634.0;2586.0;11048.0
147900;13674.0;2586.0;11088.0
148000;13674.0;2586.0;11088.0
148100;13794.0;2586.0;11208.0
148200;13740.0;2532.0;11208.0
148300;13884.0;2676.0;11208.0
148400;13758.0;2550.0;11208.0
148500;13798.0;2550.0;11248.0
148600;13874.0;2586.0;11288.0
148700;13874.0;2586.0;11288.0
148800;13874.0;2586.0;11288.0
148900;13754.0;2586.0;11168.0
149000;13874.0;2586.0;11288.0
149100;13661.0;2373.0;11288.0
149200;13850.0;2562.0;11288.0
149300;14170.0;2562.0;11608.0
149400;14010.0;2562.0;11448.0
149500;14128.5;2800.5;11328.0
149600;13827.0;2619.0;11208.0
149700;13987.0;2619.0;11368.0
149800;14069.5;2701.5;11368.0
149900;14069.5;2701.5;11368.0
150000;13970.5;2602.5;11368.0
150100;14020.0;2652.0;11368.0
150200;14196.5;2668.5;11528.0
150300;14180.0;2652.0;11528.0
150400;14213.0;2685.0;11528.0
150500;14060.0;2652.0;11408.0
150600;14060.0;2652.0;11408.0
150700;14100.0;2652.0;11448.0
150800;14100.0;2652.0;11448.0
150900;14100.0;2652.0;11448.0
151000;13980.0;2652.0;11328.0
151100;14100.0;2652.0;11448.0
151200;14100.0;2652.0;11448.0
151300;14100.0;2652.0;11448.0
151400;14133.0;2685.0;11448.0
151500;14239.0;2751.0;11488.0
151600;14279.0;2751.0;11528.0
151700;14246.0;2718.0;11528.0
151800;14086.0;2718.0;11368.0
151900;14229.5;2701.5;11528.0
152000;14312.0;2784.0;11528.0
152100;14312.0;2784.0;11528.0
152200;14246.0;2718.0;11528.0
152300;14246.0;2718.0;11528.0
152400;14406.0;2718.0;11688.0
152500;14406.0;2718.0;11688.0
152600;14166.0;2718.0;11448.0
152700;14166.0;2718.0;11448.0
152800;14326.0;2718.0;11608.0
152900;14309.5;2701.5;11608.0
153000;14392.0;2784.0;11608.0
153100;14359.0;2751.0;11608.0
153200;14359.0;2751.0;11608.0
153300;14309.5;2701.5;11608.0
153400;14274.0;2786.0;11488.0
153500;14434.0;2786.0;11648.0
153600;14531.0;2843.0;11688.0
153700;14390.0;2862.0;11528.0
153800;14474.0;2786.0;11688.0
153900;14531.0;2843.0;11688.0
154000;14594.0;2786.0;11808.0
154100;14354.0;2786.0;11568.0
154200;14550.0;2862.0;11688.0
154300;14952.0;2824.0;12128.0
154400;14474.0;2786.0;11688.0
154500;14495.0;2767.0;11728.0
154600;14731.0;2843.0;11888.0
154700;14630.0;2862.0;11768.0
154800;14446.0;2838.0;11608.0
154900;14626.0;2858.0;11768.0
155000;14686.0;2798.0;11888.0
155100;15126.0;2798.0;12328.0
155200;14586.0;2818.0;11768.0
155300;14556.0;2908.0;11648.0
155400;14556.0;2908.0;11648.0
155500;14562.0;2914.0;11648.0
155600;14798.0;2950.0;11848.0
155700;15278.0;3030.0;12248.0
155800;14398.0;3030.0;11368.0
155900;14861.0;3013.0;11848.0
156000;14844.0;2996.0;11848.0
156100;14844.0;2996.0;11848.0
156200;14861.0;3013.0;11848.0
156300;14869.5;3021.5;11848.0
156400;14844.0;2996.0;11848.0
156500;14884.0;2996.0;11888.0
156600;14907.0;2979.0;11928.0
156700;14907.0;2979.0;11928.0
156800;14890.0;2962.0;11928.0
156900;14710.5;2902.5;11808.0
157000;14890.0;2962.0;11928.0
157100;15050.0;2962.0;12088.0
157200;14873.0;2945.0;11928.0
157300;14873.0;2945.0;11928.0
157400;14753.0;2945.0;11808.0
157500;14913.0;2945.0;11968.0
157600;14953.0;2945.0;12008.0
157700;14953.0;2945.0;12008.0
157800;14953.0;2945.0;12008.0
157900;14893.5;2885.5;12008.0
158000;14953.0;2945.0;12008.0
158100;14953.0;2945.0;12008.0
158200;14953.0;2945.0;12008.0
158300;14953.0;2945.0;12008.0
158400;14868.0;2980.0;11888.0
158500;15148.0;2980.0;12168.0
158600;15068.0;2980.0;12088.0
158700;15050.0;3002.0;12048.0
158800;15090.0;3002.0;12088.0
158900;15123.0;3035.0;12088.0
159000;15134.0;3046.0;12088.0
159100;15090.0;3002.0;12088.0
159200;15134.0;3046.0;12088.0
159300;15112.0;3024.0;12088.0
159400;15112.0;3024.0;12088.0
159500;15174.0;3046.0;12128.0
159600;15192.0;3024.0;12168.0
159700;15032.0;3024.0;12008.0
159800;14944.0;2936.0;12008.0
159900;15312.0;3024.0;12288.0
160000;15290.0;3002.0;12288.0
160100;15170.0;3002.0;12168.0
160200;15170.0;3002.0;12168.0
160300;15148.0;2980.0;12168.0
160400;15148.0;2980.0;12168.0
160500;15490.0;3002.0;12488.0
160600;15490.0;3002.0;12488.0
160700;15272.0;3024.0;12248.0
160800;15414.0;3046.0;12368.0
160900;15294.0;3046.0;12248.0
161000;15250.0;3002.0;12248.0
161100;15294.0;3046.0;12248.0
161200;15294.0;3046.0;12248.0
161300;15316.0;3068.0;12248.0
161400;15174.0;3046.0;12128.0
161500;15334.0;3046.0;12288.0
161600;15352.0;3024.0;12328.0
161700;15225.0;3057.0;12168.0
161800;15352.0;3024.0;12328.0
161900;15374.0;3046.0;12328.0
162000;15232.0;3024.0;12208.0
162100;15385.0;3057.0;12328.0
162200;15243.0;3035.0;12208.0
162300;15418.0;3090.0;12328.0
162400;15330.0;3002.0;12328.0
162500;15414.0;3046.0;12368.0
162600;15432.0;3024.0;12408.0
162700;15272.0;3024.0;12248.0
162800;15432.0;3024.0;12408.0
162900;15432.0;3024.0;12408.0
163000;15312.0;3024.0;12288.0
163100;15552.0;3024.0;12528.0
163200;15290.0;3002.0;12288.0
163300;15345.0;3057.0;12288.0
163400;15410.0;3002.0;12408.0
163500;15472.0;3024.0;12448.0
163600;15479.0;2991.0;12488.0
163700;15534.0;3046.0;12488.0
163800;15556.0;3068.0;12488.0
163900;15501.0;3013.0;12488.0
164000;15610.0;3002.0;12608.0
164100;16050.0;3002.0;13048.0
164200;15050.0;3002.0;12048.0
164300;15512.0;3024.0;12488.0
164400;15534.0;3046.0;12488.0
164500;15541.0;3013.0;12528.0
164600;15487.0;3079.0;12408.0
164700;15614.0;3046.0;12568.0
164800;15614.0;3046.0;12568.0
164900;15581.0;3013.0;12568.0
165000;15494.0;3046.0;12448.0
165100;15614.0;3046.0;12568.0
165200;15603.0;3035.0;12568.0
165300;15494.0;3046.0;12448.0
165400;15614.0;3046.0;12568.0
165500;15747.0;3139.0;12608.0
165600;15710.0;3062.0;12648.0
165700;15524.0;3076.0;12448.0
165800;15724.0;3076.0;12648.0
165900;15724.0;3076.0;12648.0
166000;15830.0;3062.0;12768.0
166100;15872.0;3104.0;12768.0
166200;15710.0;3062.0;12648.0
166300;15710.0;3062.0;12648.0
166400;15590.0;3062.0;12528.0
166500;15757.0;3069.0;12688.0
166600;15797.0;3069.0;12728.0
166700;15776.0;3048.0;12728.0
166800;15776.0;3048.0;12728.0
166900;15790.0;3062.0;12728.0
167000;15769.0;3041.0;12728.0
167100;15790.0;3062.0;12728.0
167200;15670.0;3062.0;12608.0
167300;15790.0;3062.0;12728.0
167400;15790.0;3062.0;12728.0
167500;15830.0;3062.0;12768.0
167600;15830.0;3062.0;12768.0
167700;15830.0;3062.0;12768.0
167800;15884.0;3076.0;12808.0
167900;15870.0;3062.0;12808.0
168000;15870.0;3062.0;12808.0
168100;15870.0;3062.0;12808.0
168200;15877.0;3069.0;12808.0
168300;15877.0;3069.0;12808.0
168400;15736.0;3048.0;12688.0
168500;15910.0;3062.0;12848.0
168600;15950.0;3062.0;12888.0
168700;15950.0;3062.0;12888.0
168800;15950.0;3062.0;12888.0
168900;15894.0;3006.0;12888.0
169000;15950.0;3062.0;12888.0
169100;15830.0;3062.0;12768.0
169200;15964.0;3076.0;12888.0
169300;15929.0;3041.0;12888.0
169400;15985.0;3097.0;12888.0
169500;15998.0;3070.0;12928.0
169600;16038.0;3070.0;12968.0
169700;16038.0;3070.0;12968.0
169800;16038.0;3070.0;12968.0
169900;15549.0;3061.0;12488.0
170000;15909.0;3061.0;12848.0
170100;16038.0;3070.0;12968.0
170200;16029.0;3061.0;12968.0
170300;16041.0;3073.0;12968.0
170400;16038.0;3070.0;12968.0
170500;16038.0;3070.0;12968.0
170600;16109.0;3061.0;13048.0
170700;15958.0;3070.0;12888.0
170800;16078.0;3070.0;13008.0
170900;16075.0;3067.0;13008.0
171000;16118.0;3070.0;13048.0
171100;16124.0;3076.0;13048.0
171200;16112.0;3064.0;13048.0
171300;16118.0;3070.0;13048.0
171400;16118.0;3070.0;13048.0
171500;15678.0;3070.0;12608.0
171600;16198.0;3070.0;13128.0
171700;16198.0;3070.0;13128.0
171800;16189.0;3061.0;13128.0
171900;16469.0;3061.0;13408.0
172000;16192.0;3064.0;13128.0
172100;16192.0;3064.0;13128.0
172200;16192.0;3064.0;13128.0
172300;16192.0;3064.0;13128.0
172400;16192.0;3064.0;13128.0
172500;16232.0;3064.0;13168.0
172600;16792.0;3064.0;13728.0
172700;16133.0;3085.0;13048.0
172800;16278.0;3070.0;13208.0
172900;16306.0;3098.0;13208.0
173000;16306.0;3098.0;13208.0
173100;16306.0;3098.0;13208.0
173200;16188.0;3100.0;13088.0
173300;16497.0;3129.0;13368.0
173400;16334.0;3126.0;13208.0
173500;16332.0;3124.0;13208.0
173600;16372.0;3124.0;13248.0
173700;16372.0;3124.0;13248.0
173800;16532.0;3124.0;13408.0
173900;16412.0;3124.0;13288.0
174000;16408.0;3120.0;13288.0
174100;16530.0;3122.0;13408.0
174200;16570.0;3122.0;13448.0
174300;16407.0;3119.0;13288.0
174400;16408.0;3120.0;13288.0
174500;16445.0;3117.0;13328.0
174600;16604.0;3116.0;13488.0
174700;16488.0;3120.0;13368.0
174800;16488.0;3120.0;13368.0
174900;16489.0;3121.0;13368.0
175000;16888.0;3120.0;13768.0
175100;16891.0;3123.0;13768.0
175200;16488.0;3120.0;13368.0
175300;16488.0;3120.0;13368.0
175400;16488.0;3120.0;13368.0
175500;16528.0;3120.0;13408.0
175600;16568.0;3120.0;13448.0
175700;16690.0;3122.0;13568.0
175800;16530.0;3122.0;13408.0
175900;16688.0;3120.0;13568.0
176000;16691.0;3123.0;13568.0
176100;16567.0;3119.0;13448.0
176200;16567.0;3119.0;13448.0
176300;16728.0;3120.0;13608.0
176400;16578.0;3130.0;13448.0
176500;16606.0;3118.0;13488.0
176600;16608.0;3120.0;13488.0
176700;16448.0;3120.0;13328.0
176800;16608.0;3120.0;13488.0
176900;16645.0;3117.0;13528.0
177000;16768.0;3120.0;13648.0
177100;16528.0;3120.0;13408.0
177200;16650.0;3122.0;13528.0
177300;16645.0;3117.0;13528.0
177400;16648.0;3120.0;13528.0
177500;16688.0;3120.0;13568.0
177600;16567.0;3119.0;13448.0
177700;16814.0;3206.0;13608.0
177800;16818.0;3210.0;13608.0
177900;16810.0;3202.0;13608.0
178000;16930.0;3202.0;13728.0
178100;16698.0;3210.0;13488.0
178200;16378.0;3210.0;13168.0
178300;16826.0;3218.0;13608.0
178400;16810.0;3202.0;13608.0
178500;16738.0;3210.0;13528.0
178600;16890.0;3202.0;13688.0
178700;16898.0;3210.0;13688.0
178800;16738.0;3210.0;13528.0
178900;16778.0;3210.0;13568.0
179000;16890.0;3202.0;13688.0
179100;16890.0;3202.0;13688.0
179200;16890.0;3202.0;13688.0
179300;16890.0;3202.0;13688.0
179400;16886.0;3198.0;13688.0
179500;16938.0;3210.0;13728.0
179600;17098.0;3210.0;13888.0
179700;17002.0;3234.0;13768.0
179800;16986.0;3218.0;13768.0
179900;16978.0;3210.0;13768.0
180000;16978.0;3210.0;13768.0
180100;16978.0;3210.0;13768.0
180200;17150.0;3222.0;13928.0
180300;16990.0;3222.0;13768.0
180400;16858.0;3210.0;13648.0
180500;17146.0;3218.0;13928.0
180600;17062.0;3214.0;13848.0
180700;17182.0;3214.0;13968.0
180800;17058.0;3210.0;13848.0
180900;17050.0;3202.0;13848.0
181000;17022.0;3174.0;13848.0
181100;17050.0;3202.0;13848.0
181200;17050.0;3202.0;13848.0
181300;17050.0;3202.0;13848.0
181400;17050.0;3202.0;13848.0
181500;17098.0;3210.0;13888.0
181600;17138.0;3210.0;13928.0
181700;17138.0;3210.0;13928.0
181800;17152.0;3224.0;13928.0
181900;17142.0;3214.0;13928.0
182000;17152.0;3224.0;13928.0
182100;17257.0;3209.0;14048.0
182200;17167.0;3239.0;13928.0
182300;17032.0;3224.0;13808.0
182400;16992.0;3224.0;13768.0
182500;17192.0;3224.0;13968.0
182600;17232.0;3224.0;14008.0
182700;17212.0;3204.0;14008.0
182800;17222.0;3214.0;14008.0
182900;17279.5;3271.5;14008.0
183000;17159.5;3271.5;13888.0
183100;17242.0;3234.0;14008.0
183200;17257.0;3249.0;14008.0
183300;17257.0;3249.0;14008.0
183400;17417.0;3249.0;14168.0
183500;17297.0;3249.0;14048.0
183600;17289.5;3241.5;14048.0
183700;17322.0;3234.0;14088.0
183800;17352.0;3264.0;14088.0
183900;17337.0;3249.0;14088.0
184000;17337.0;3249.0;14088.0
184100;17262.0;3294.0;13968.0
184200;17217.0;3249.0;13968.0
184300;17337.0;3249.0;14088.0
184400;17177.0;3249.0;13928.0
184500;17377.0;3249.0;14128.0
184600;17417.0;3249.0;14168.0
184700;17465.0;3297.0;14168.0
184800;17465.0;3297.0;14168.0
184900;17465.0;3297.0;14168.0
185000;17377.0;3209.0;14168.0
185100;17465.0;3297.0;14168.0
185200;17481.0;3313.0;14168.0
185300;17481.0;3313.0;14168.0
185400;17481.0;3313.0;14168.0
185500;17521.0;3313.0;14208.0
185600;17385.0;3297.0;14088.0
185700;17385.0;3297.0;14088.0
185800;17545.0;3297.0;14248.0
185900;17735.0;3367.0;14368.0
186000;17615.0;3367.0;14248.0
186100;17615.0;3367.0;14248.0
186200;17615.0;3367.0;14248.0
186300;17495.0;3367.0;14128.0
186400;17550.0;3302.0;14248.0
186500;17681.0;3393.0;14288.0
186600;17721.0;3393.0;14328.0
186700;17561.0;3393.0;14168.0
186800;17721.0;3393.0;14328.0
186900;17747.0;3419.0;14328.0
187000;17779.0;3451.0;14328.0
187100;17839.0;3391.0;14448.0
187200;18014.0;3526.0;14488.0
187300;17879.0;3391.0;14488.0
187400;17719.0;3391.0;14328.0
187500;17759.0;3391.0;14368.0
187600;17639.0;3391.0;14248.0
187700;17799.0;3391.0;14408.0
187800;17799.0;3391.0;14408.0
187900;17799.0;3391.0;14408.0
188000;17724.0;3436.0;14288.0
188100;17679.0;3391.0;14288.0
188200;17374.0;3406.0;13968.0
188300;17829.0;3421.0;14408.0
188400;17709.0;3421.0;14288.0
188500;17869.0;3421.0;14448.0
188600;17939.0;3451.0;14488.0
188700;17969.0;3481.0;14488.0
188800;17894.0;3406.0;14488.0
188900;17939.0;3451.0;14488.0
189000;17939.0;3451.0;14488.0
189100;18059.0;3451.0;14608.0
189200;17849.0;3361.0;14488.0
189300;17969.0;3481.0;14488.0
189400;17969.0;3481.0;14488.0
189500;18039.0;3511.0;14528.0
189600;18049.0;3481.0;14568.0
189700;17884.0;3316.0;14568.0
189800;18006.5;3438.5;14568.0
189900;17704.0;3456.0;14248.0
190000;18144.0;3456.0;14688.0
190100;17989.0;3421.0;14568.0
190200;18024.0;3456.0;14568.0
190300;18024.0;3456.0;14568.0
190400;18059.0;3491.0;14568.0
190500;17961.5;3473.5;14488.0
190600;18090.0;3442.0;14648.0
190700;18042.0;3394.0;14648.0
190800;18042.0;3394.0;14648.0
190900;17970.0;3442.0;14528.0
191000;18106.0;3458.0;14648.0
191100;17938.0;3410.0;14528.0
191200;17938.0;3410.0;14528.0
191300;18026.0;3378.0;14648.0
191400;18058.0;3410.0;14648.0
191500;17978.0;3410.0;14568.0
191600;18138.0;3410.0;14728.0
191700;17978.0;3410.0;14568.0
191800;18138.0;3410.0;14728.0
191900;18226.0;3378.0;14848.0
192000;18106.0;3378.0;14728.0
192100;18074.0;3346.0;14728.0
192200;18106.0;3378.0;14728.0
192300;17792.5;3184.5;14608.0
192400;18107.5;3379.5;14728.0
192500;18128.0;3360.0;14768.0
192600;18383.5;3455.5;14928.0
192700;18287.0;3479.0;14808.0
192800;18287.0;3479.0;14808.0
192900;18430.0;3502.0;14928.0
193000;18273.0;3465.0;14808.0
193100;18291.5;3483.5;14808.0
193200;18310.0;3502.0;14808.0
193300;18454.0;3646.0;14808.0
193400;18278.0;3470.0;14808.0
193500;18270.0;3422.0;14848.0
193600;18358.0;3470.0;14888.0
193700;18406.0;3518.0;14888.0
193800;18358.0;3470.0;14888.0
193900;18358.0;3470.0;14888.0
194000;18358.0;3470.0;14888.0
194100;18478.0;3470.0;15008.0
194200;18358.0;3470.0;14888.0
194300;18262.0;3374.0;14888.0
194400;18238.0;3470.0;14768.0
194500;18398.0;3470.0;14928.0
194600;18390.0;3422.0;14968.0
194700;18526.0;3438.0;15088.0
194800;18526.0;3438.0;15088.0
194900;17926.0;3438.0;14488.0
195000;18358.0;3390.0;14968.0
195100;18302.0;3454.0;14848.0
195200;18374.0;3406.0;14968.0
195300;18422.0;3454.0;14968.0
195400;18470.0;3502.0;14968.0
195500;18974.0;3406.0;15568.0
195600;18454.0;3406.0;15048.0
195700;18454.0;3406.0;15048.0
195800;18454.0;3406.0;15048.0
195900;18126.0;3278.0;14848.0
196000;18502.0;3454.0;15048.0
196100;18454.0;3406.0;15048.0
196200;18334.0;3406.0;14928.0
196300;18454.0;3406.0;15048.0
196400;18454.0;3406.0;15048.0
196500;18494.0;3406.0;15088.0
196600;18534.0;3406.0;15128.0
196700;18086.0;3438.0;14648.0
196800;18606.0;3518.0;15088.0
196900;18526.0;3438.0;15088.0
197000;18566.0;3438.0;15128.0
197100;18566.0;3438.0;15128.0
197200;18566.0;3438.0;15128.0
197300;18658.5;3530.5;15128.0
197400;18818.5;3530.5;15288.0
197500;18517.0;3469.0;15048.0
197600;18858.5;3530.5;15328.0
197700;18636.0;3428.0;15208.0
197800;18838.0;3510.0;15328.0
197900;18838.0;3510.0;15328.0
198000;18718.0;3510.0;15208.0
198100;18779.5;3571.5;15208.0
198200;18820.5;3612.5;15208.0
198300;18598.0;3510.0;15088.0
198400;18659.5;3571.5;15088.0
198500;18638.0;3510.0;15128.0
198600;18433.0;3305.0;15128.0
198700;18638.0;3510.0;15128.0
198800;18798.0;3510.0;15288.0
198900;18678.0;3510.0;15168.0
199000;18798.0;3510.0;15288.0
199100;18798.0;3510.0;15288.0
199200;18757.0;3469.0;15288.0
199300;18757.0;3469.0;15288.0
199400;18716.0;3428.0;15288.0
199500;18797.0;3469.0;15328.0
199600;18797.0;3469.0;15328.0
199700;18957.0;3469.0;15488.0
199800;18837.0;3469.0;15368.0
199900;18755.0;3387.0;15368.0
200000;18796.0;3428.0;15368.0
200100;18796.0;3428.0;15368.0
200200;18591.0;3223.0;15368.0
200300;18979.5;3451.5;15528.0
200400;18845.0;3477.0;15368.0
200500;18936.0;3528.0;15408.0
200600;18901.0;3493.0;15408.0
200700;18886.0;3598.0;15288.0
200800;19060.0;3612.0;15448.0
200900;19180.0;3612.0;15568.0
201000;18940.0;3612.0;15328.0
201100;19141.0;3573.0;15568.0
201200;19021.0;3573.0;15448.0
201300;18402.5;3514.5;14888.0
201400;19100.0;3612.0;15488.0
201500;19181.0;3573.0;15608.0
201600;19061.0;3573.0;15488.0
201700;19023.0;3495.0;15528.0
201800;19023.0;3495.0;15528.0
201900;19115.5;3587.5;15528.0
202000;19029.5;3501.5;15528.0
202100;19094.0;3566.0;15528.0
202200;19094.0;3566.0;15528.0
202300;19051.0;3523.0;15528.0
202400;18983.5;3415.5;15568.0
202500;18863.5;3415.5;15448.0
202600;19134.0;3566.0;15568.0
202700;19134.0;3566.0;15568.0
202800;19174.0;3566.0;15608.0
202900;19294.0;3566.0;15728.0
203000;19294.0;3566.0;15728.0
203100;19174.0;3566.0;15608.0
203200;19174.0;3566.0;15608.0
203300;19334.0;3566.0;15768.0
203400;19214.0;3566.0;15648.0
203500;19774.0;3566.0;16208.0
203600;19029.5;3501.5;15528.0
203700;19331.0;3523.0;15808.0
203800;19331.0;3523.0;15808.0
203900;19211.0;3523.0;15688.0
204000;19254.0;3566.0;15688.0
204100;19254.0;3566.0;15688.0
204200;19254.0;3566.0;15688.0
204300;19457.0;3609.0;15848.0
204400;19217.0;3609.0;15608.0
204500;19337.0;3609.0;15728.0
204600;19337.0;3609.0;15728.0
204700;19497.0;3609.0;15888.0
204800;19561.5;3673.5;15888.0
204900;19217.0;3609.0;15608.0
205000;19195.5;3587.5;15608.0
205100;19291.0;3523.0;15768.0
205200;19537.0;3609.0;15928.0
205300;19377.0;3609.0;15768.0
205400;19460.0;3652.0;15808.0
205500;19374.0;3566.0;15808.0
205600;19374.0;3566.0;15808.0
205700;19577.0;3609.0;15968.0
205800;19428.0;3580.0;15848.0
205900;19268.0;3580.0;15688.0
206000;19828.0;3580.0;16248.0
206100;19308.0;3580.0;15728.0
206200;19428.0;3580.0;15848.0
206300;19203.0;3355.0;15848.0
206400;19468.0;3580.0;15888.0
206500;19423.0;3535.0;15888.0
206600;19479.0;3591.0;15888.0
206700;19656.0;3888.0;15768.0
206800;19491.5;3723.5;15768.0
206900;19581.0;3653.0;15928.0
207000;19581.0;3653.0;15928.0
207100;19722.0;3794.0;15928.0
207200;19534.0;3606.0;15928.0
207300;19581.0;3653.0;15928.0
207400;19574.0;3606.0;15968.0
207500;19574.0;3606.0;15968.0
207600;19668.0;3700.0;15968.0
207700;19734.0;3606.0;16128.0
207800;19501.0;3653.0;15848.0
207900;19661.0;3653.0;16008.0
208000;19708.0;3700.0;16008.0
208100;19708.0;3700.0;16008.0
208200;19708.0;3700.0;16008.0
208300;19708.0;3700.0;16008.0
208400;19748.0;3700.0;16048.0
208500;19868.0;3700.0;16168.0
208600;19748.0;3700.0;16048.0
208700;19741.0;3653.0;16088.0
208800;19978.5;3770.5;16208.0
208900;19941.0;3733.0;16208.0
209000;19735.5;3647.5;16088.0
209100;20152.0;3904.0;16248.0
209200;19992.0;3904.0;16088.0
209300;19918.0;3790.0;16128.0
209400;19318.0;3790.0;15528.0
209500;19855.0;3847.0;16008.0
209600;19918.0;3790.0;16128.0
209700;20043.5;3875.5;16168.0
209800;20043.5;3875.5;16168.0
209900;19929.5;3761.5;16168.0
210000;20015.0;3847.0;16168.0
210100;19952.0;3904.0;16048.0
210200;20020.5;3852.5;16168.0
210300;20112.0;3944.0;16168.0
210400;20152.0;3944.0;16208.0
210500;20152.0;3944.0;16208.0
210600;20152.0;3944.0;16208.0
210700;20032.0;3944.0;16088.0
210800;20192.0;3944.0;16248.0
210900;20405.5;4157.5;16248.0
211000;20283.5;4035.5;16248.0
211100;20133.0;4005.0;16128.0
211200;20133.0;4005.0;16128.0
211300;20011.0;3883.0;16128.0
211400;19752.0;3944.0;15808.0
211500;20232.0;3944.0;16288.0
211600;20232.0;3944.0;16288.0
211700;20272.0;3944.0;16328.0
211800;20272.0;3944.0;16328.0
211900;20272.0;3944.0;16328.0
212000;20211.0;3883.0;16328.0
212100;20811.0;3883.0;16928.0
212200;20712.0;3944.0;16768.0
212300;20493.0;4005.0;16488.0
212400;20253.0;4005.0;16248.0
212500;20373.0;4005.0;16368.0
212600;20253.0;4005.0;16248.0
212700;19887.0;3639.0;16248.0
212800;20472.0;3944.0;16528.0
212900;20311.5;3903.5;16408.0
213000;20412.0;4004.0;16408.0
213100;20359.0;4071.0;16288.0
213200;20225.0;3937.0;16288.0
213300;20278.0;3870.0;16408.0
213400;20412.0;4004.0;16408.0
213500;20418.5;3970.5;16448.0
213600;20452.0;4004.0;16448.0
213700;20712.5;4104.5;16608.0
213800;20492.0;4004.0;16488.0
213900;20291.0;3803.0;16488.0
214000;20559.0;4071.0;16488.0
214100;20458.5;3970.5;16488.0
214200;20719.0;4071.0;16648.0
214300;20439.0;4071.0;16368.0
214400;20719.0;4071.0;16648.0
214500;20719.0;4071.0;16648.0
214600;20719.0;4071.0;16648.0
214700;20572.0;4004.0;16568.0
214800;20692.0;4004.0;16688.0
214900;20572.0;4004.0;16568.0
215000;20452.0;4004.0;16448.0
215100;20538.5;3970.5;16568.0
215200;20746.0;4138.0;16608.0
215300;20639.0;4071.0;16568.0
215400;20706.0;4138.0;16568.0
215500;20746.0;4138.0;16608.0
215600;20799.0;4071.0;16728.0
215700;20719.0;4071.0;16648.0
215800;20839.0;4071.0;16768.0
215900;20839.0;4071.0;16768.0
216000;20839.0;4071.0;16768.0
216100;20719.0;4071.0;16648.0
216200;20879.0;4071.0;16808.0
216300;20599.0;4071.0;16528.0
216400;20759.0;4071.0;16688.0
216500;20639.0;4071.0;16568.0
216600;20759.0;4071.0;16688.0
216700;20799.0;4071.0;16728.0
216800;20732.0;4004.0;16728.0
216900;20919.0;4071.0;16848.0
217000;20832.5;4104.5;16728.0
217100;21026.0;4138.0;16888.0
217200;20239.0;4071.0;16168.0
217300;20892.0;4004.0;16888.0
217400;20839.0;4071.0;16768.0
217500;20839.0;4071.0;16768.0
217600;20839.0;4071.0;16768.0
217700;20778.5;3970.5;16808.0
217800;20399.0;4071.0;16328.0
217900;20879.0;4071.0;16808.0
218000;20879.0;4071.0;16808.0
218100;20879.0;4071.0;16808.0
218200;20812.0;4004.0;16808.0
218300;20879.0;4071.0;16808.0
218400;20852.0;4004.0;16848.0
218500;20732.0;4004.0;16728.0
218600;20751.5;3903.5;16848.0
218700;20825.0;3937.0;16888.0
218800;20959.0;4071.0;16888.0
218900;20732.0;4004.0;16728.0
219000;20892.0;4004.0;16888.0
219100;20985.0;3937.0;17048.0
219200;20925.5;4037.5;16888.0
219300;20825.0;3937.0;16888.0
219400;20932.0;4004.0;16928.0
219500;20798.0;3870.0;16928.0
219600;20798.0;3870.0;16928.0
219700;20798.0;3870.0;16928.0
219800;20678.0;3870.0;16808.0
219900;20958.0;3870.0;17088.0
220000;20571.0;3803.0;16768.0
220100;20905.0;3937.0;16968.0
220200;20771.0;3803.0;16968.0
220300;20771.0;3803.0;16968.0
220400;20811.0;3803.0;17008.0
220500;20811.0;3803.0;17008.0
220600;20278.0;3870.0;16408.0
220700;20878.0;3870.0;17008.0
220800;21318.0;3870.0;17448.0
220900;21038.0;3870.0;17168.0
221000;20918.0;3870.0;17048.0
221100;20884.5;3836.5;17048.0
221200;20851.0;3803.0;17048.0
221300;20817.5;3769.5;17048.0
221400;20910.5;3702.5;17208.0
221500;20691.0;3803.0;16888.0
221600;20891.0;3803.0;17088.0
221700;20864.0;3736.0;17128.0
221800;20637.0;3669.0;16968.0
221900;20690.0;3602.0;17088.0
222000;20797.0;3669.0;17128.0
222100;20864.0;3736.0;17128.0
222200;20797.0;3669.0;17128.0
222300;20797.0;3669.0;17128.0
222400;20837.0;3669.0;17168.0
222500;21038.0;3870.0;17168.0
222600;21038.0;3870.0;17168.0
222700;20676.0;3468.0;17208.0
222800;20877.0;3669.0;17208.0
222900;20877.0;3669.0;17208.0
223000;20944.0;3736.0;17208.0
223100;21189.5;3981.5;17208.0
223200;21122.0;3754.0;17368.0
223300;21252.0;3884.0;17368.0
223400;21002.0;3754.0;17248.0
223500;21034.5;3786.5;17248.0
223600;21122.0;3754.0;17368.0
223700;21107.0;3819.0;17288.0
223800;21042.0;3754.0;17288.0
223900;21192.0;4064.0;17128.0
224000;20932.0;3764.0;17168.0
224100;20992.0;3824.0;17168.0
224200;21112.0;3824.0;17288.0
224300;21052.0;3764.0;17288.0
224400;20852.0;3404.0;17448.0
224500;21212.0;3884.0;17328.0
224600;20942.0;3734.0;17208.0
224700;21132.0;3764.0;17368.0
224800;21032.0;3824.0;17208.0
224900;20941.5;3733.5;17208.0
225000;21216.0;3848.0;17368.0
225100;21376.0;3848.0;17528.0
225200;21240.0;3872.0;17368.0
225300;21048.0;3800.0;17248.0
225400;21208.0;3800.0;17408.0
225500;21232.0;3824.0;17408.0
225600;21160.0;3752.0;17408.0
225700;21320.0;3752.0;17568.0
225800;21320.0;3752.0;17568.0
225900;21200.0;3752.0;17448.0
226000;21344.0;3896.0;17448.0
226100;21248.0;3800.0;17448.0
226200;21290.0;3842.0;17448.0
226300;21369.0;3761.0;17608.0
226400;21210.0;3842.0;17368.0
226500;21276.0;3788.0;17488.0
226600;21411.0;3923.0;17488.0
226700;21411.0;3923.0;17488.0
226800;21490.0;3842.0;17648.0
226900;21490.0;3842.0;17648.0
227000;21250.0;3842.0;17408.0
227100;21181.0;3653.0;17528.0
227200;21250.0;3842.0;17408.0
227300;21370.0;3842.0;17528.0
227400;21410.0;3842.0;17568.0
227500;21356.0;3788.0;17568.0
227600;21302.0;3734.0;17568.0
227700;21396.0;3788.0;17608.0
227800;21431.0;3823.0;17608.0
227900;21372.0;3764.0;17608.0
228000;21402.0;3794.0;17608.0
228100;21402.0;3794.0;17608.0
228200;21562.0;3794.0;17768.0
228300;21701.0;4093.0;17608.0
228400;21513.0;3865.0;17648.0
228500;21456.0;3808.0;17648.0
228600;21570.0;3922.0;17648.0
228700;21610.0;3922.0;17688.0
228800;21610.0;3922.0;17688.0
228900;21610.0;3922.0;17688.0
229000;21553.0;3865.0;17688.0
229100;21638.5;3950.5;17688.0
229200;21382.0;3694.0;17688.0
229300;21610.0;3922.0;17688.0
229400;21064.0;3936.0;17128.0
229500;21201.5;4073.5;17128.0
229600;21554.0;3826.0;17728.0
229700;21759.0;3991.0;17768.0
229800;21664.0;3896.0;17768.0
229900;21789.0;4021.0;17768.0
230000;21694.0;4046.0;17648.0
230100;21739.0;3971.0;17768.0
230200;21739.0;3971.0;17768.0
230300;21689.0;3921.0;17768.0
230400;21779.0;3971.0;17808.0
230500;21629.0;3821.0;17808.0
230600;21679.0;3871.0;17808.0
230700;21359.0;3671.0;17688.0
230800;21609.0;3921.0;17688.0
230900;21769.0;3921.0;17848.0
231000;21719.0;3871.0;17848.0
231100;21649.0;3921.0;17728.0
231200;21929.0;3921.0;18008.0
231300;21929.0;3921.0;18008.0
231400;21879.0;3871.0;18008.0
231500;21759.0;3871.0;17888.0
231600;21229.0;3821.0;17408.0
231700;21279.0;3871.0;17408.0
231800;21799.0;3871.0;17928.0
231900;21799.0;3871.0;17928.0
232000;22199.0;3871.0;18328.0
232100;21749.0;3821.0;17928.0
232200;21834.0;3746.0;18088.0
232300;21604.0;3796.0;17808.0
232400;21789.0;3821.0;17968.0
232500;21789.0;3821.0;17968.0
232600;21789.0;3821.0;17968.0
232700;21829.0;3821.0;18008.0
232800;21829.0;3821.0;18008.0
232900;21954.0;3946.0;18008.0
233000;21949.0;3821.0;18128.0
233100;21944.0;3896.0;18048.0
233200;21989.0;3821.0;18168.0
233300;21829.0;3821.0;18008.0
233400;21989.0;3821.0;18168.0
233500;21719.0;3671.0;18048.0
233600;21749.0;3821.0;17928.0
233700;21981.0;4053.0;17928.0
233800;21921.0;3833.0;18088.0
233900;21987.0;3899.0;18088.0
234000;21975.0;3767.0;18208.0
234100;21801.0;3833.0;17968.0
234200;21965.0;3877.0;18088.0
234300;21921.0;3833.0;18088.0
234400;21987.0;3899.0;18088.0
234500;22115.0;3987.0;18128.0
234600;21961.0;3833.0;18128.0
234700;21841.0;3833.0;18008.0
234800;22045.0;3877.0;18168.0
234900;21841.0;3833.0;18008.0
235000;21815.0;3767.0;18048.0
235100;22041.0;3833.0;18208.0
235200;21935.0;3767.0;18168.0
235300;21815.0;3767.0;18048.0
235400;21947.0;3899.0;18048.0
235500;22007.0;3679.0;18328.0
235600;22181.0;3853.0;18328.0
235700;22231.0;3983.0;18248.0
235800;22101.0;3853.0;18248.0
235900;22101.0;3853.0;18248.0
236000;22153.0;3905.0;18248.0
236100;22365.0;3957.0;18408.0
236200;22085.0;3957.0;18128.0
236300;22113.0;3985.0;18128.0
236400;22393.0;3985.0;18408.0
236500;22189.0;3901.0;18288.0
236600;22217.0;3929.0;18288.0
236700;22231.0;3943.0;18288.0
236800;22361.0;4033.0;18328.0
236900;21705.0;3537.0;18168.0
237000;22423.0;4095.0;18328.0
237100;22330.0;4002.0;18328.0
237200;22494.0;4006.0;18488.0
237300;22358.0;4030.0;18328.0
237400;22398.0;4030.0;18368.0
237500;22338.0;3970.0;18368.0
237600;22188.0;3940.0;18248.0
237700;22378.0;3970.0;18408.0
237800;22498.0;3970.0;18528.0
237900;22498.0;3970.0;18528.0
238000;22468.0;4060.0;18408.0
238100;22378.0;3970.0;18408.0
238200;22378.0;3970.0;18408.0
238300;22538.0;3970.0;18568.0
238400;22508.0;4060.0;18448.0
238500;22508.0;4060.0;18448.0
238600;22538.0;3970.0;18568.0
238700;22458.0;3970.0;18488.0
238800;22518.0;4030.0;18488.0
238900;22518.0;4030.0;18488.0
239000;22518.0;4030.0;18488.0
239100;22428.0;3940.0;18488.0
239200;22788.0;4300.0;18488.0
239300;22518.0;4030.0;18488.0
239400;22678.0;4030.0;18648.0
239500;22618.0;3970.0;18648.0
239600;22378.0;3970.0;18408.0
239700;22538.0;3970.0;18568.0
239800;22538.0;3970.0;18568.0
239900;22418.0;3850.0;18568.0
240000;22598.0;4030.0;18568.0
240100;22478.0;3910.0;18568.0
240200;22598.0;4030.0;18568.0
240300;22538.0;3970.0;18568.0
240400;22578.0;3970.0;18608.0
240500;22548.0;3940.0;18608.0
240600;22578.0;3970.0;18608.0
240700;22798.0;4030.0;18768.0
240800;22798.0;4030.0;18768.0
240900;22888.0;4240.0;18648.0
241000;22738.0;4090.0;18648.0
241100;22838.0;4030.0;18808.0
241200;22678.0;4150.0;18528.0
241300;22738.0;4090.0;18648.0
241400;22708.0;4060.0;18648.0
241500;22718.0;4030.0;18688.0
241600;22778.0;4090.0;18688.0
241700;22647.0;4079.0;18568.0
241800;22941.0;4213.0;18728.0
241900;22740.0;4012.0;18728.0
242000;22874.0;4146.0;18728.0
242100;22874.0;4146.0;18728.0
242200;22874.0;4146.0;18728.0
242300;22807.0;4079.0;18728.0
242400;22914.0;4146.0;18768.0
242500;22880.5;4112.5;18768.0
242600;22914.0;4146.0;18768.0
242700;22887.0;4079.0;18808.0
242800;23021.0;4213.0;18808.0
242900;23074.0;4146.0;18928.0
243000;22989.0;4181.0;18808.0
243100;23149.0;4181.0;18968.0
243200;22989.0;4181.0;18808.0
243300;23149.0;4181.0;18968.0
243400;23117.0;4269.0;18848.0
243500;23529.0;4241.0;19288.0
243600;23209.0;4241.0;18968.0
243700;23011.0;4283.0;18728.0
243800;23171.0;4283.0;18888.0
243900;23171.0;4283.0;18888.0
244000;23171.0;4283.0;18888.0
244100;23171.0;4283.0;18888.0
244200;22901.0;4133.0;18768.0
244300;23171.0;4283.0;18888.0
244400;23286.0;4358.0;18928.0
244500;23136.0;4208.0;18928.0
244600;23454.5;4526.5;18928.0
244700;23408.5;4440.5;18968.0
244800;23172.0;4204.0;18968.0
244900;23055.0;4247.0;18808.0
245000;23138.0;4290.0;18848.0
245100;23258.0;4290.0;18968.0
245200;23375.0;4247.0;19128.0
245300;23000.0;4032.0;18968.0
245400;23212.0;4204.0;19008.0
245500;23147.5;4139.5;19008.0
245600;23212.0;4204.0;19008.0
245700;23316.5;4268.5;19048.0
245800;23436.5;4268.5;19168.0
245900;23402.5;4354.5;19048.0
246000;23209.0;4161.0;19048.0
246100;23252.0;4204.0;19048.0
246200;23281.0;4233.0;19048.0
246300;23281.0;4233.0;19048.0
246400;23175.0;4207.0;18968.0
246500;23253.0;4285.0;18968.0
246600;23373.0;4285.0;19088.0
246700;23175.0;4207.0;18968.0
246800;23413.0;4285.0;19128.0
246900;23305.0;4337.0;18968.0
247000;23413.0;4285.0;19128.0
247100;23413.0;4285.0;19128.0
247200;23335.0;4207.0;19128.0
247300;23335.0;4207.0;19128.0
247400;23255.0;4207.0;19048.0
247500;23583.0;4415.0;19168.0
247600;23427.0;4259.0;19168.0
247700;23431.0;4103.0;19328.0
247800;23085.0;4037.0;19048.0
247900;23655.0;4327.0;19328.0
248000;23713.0;4385.0;19328.0
248100;23753.0;4385.0;19368.0
248200;23753.0;4385.0;19368.0
248300;23593.0;4385.0;19208.0
248400;23575.0;4327.0;19248.0
248500;23749.0;4501.0;19248.0
248600;23691.0;4443.0;19248.0
248700;23731.0;4443.0;19288.0
248800;23673.0;4385.0;19288.0
248900;23909.0;4501.0;19408.0
249000;23702.0;4414.0;19288.0
249100;23702.0;4414.0;19288.0
249200;23789.0;4501.0;19288.0
249300;23789.0;4501.0;19288.0
249400;23829.0;4501.0;19328.0
249500;23829.0;4501.0;19328.0
249600;23796.0;4588.0;19208.0
249700;24076.0;4588.0;19488.0
249800;23869.0;4501.0;19368.0
249900;23811.0;4443.0;19368.0
250000;23989.0;4501.0;19488.0
250100;24029.0;4501.0;19528.0
250200;24029.0;4501.0;19528.0
250300;23811.0;4443.0;19368.0
250400;23822.0;4414.0;19408.0
250500;23967.0;4559.0;19408.0
250600;23851.0;4443.0;19408.0
250700;23891.0;4443.0;19448.0
250800;23953.0;4385.0;19568.0
250900;23833.0;4385.0;19448.0
251000;23920.0;4472.0;19448.0
251100;24051.0;4443.0;19608.0
251200;23543.0;4095.0;19448.0
251300;23891.0;4443.0;19448.0
251400;24051.0;4443.0;19608.0
251500;23811.0;4443.0;19368.0
251600;23931.0;4443.0;19488.0
251700;23971.0;4443.0;19528.0
251800;23971.0;4443.0;19528.0
251900;23901.0;4533.0;19368.0
252000;23937.0;4409.0;19528.0
252100;23999.0;4471.0;19528.0
252200;24061.0;4533.0;19528.0
252300;23999.0;4471.0;19528.0
252400;24053.5;4485.5;19568.0
252500;24053.5;4485.5;19568.0
252600;24201.0;4513.0;19688.0
252700;24121.0;4513.0;19608.0
252800;24121.0;4513.0;19608.0
252900;24241.0;4513.0;19728.0
253000;24121.0;4513.0;19608.0
253100;24203.5;4595.5;19608.0
253200;24121.0;4513.0;19608.0
253300;24121.0;4513.0;19608.0
253400;24161.0;4513.0;19648.0
253500;24161.0;4513.0;19648.0
253600;24216.0;4568.0;19648.0
253700;24041.0;4513.0;19528.0
253800;24096.0;4568.0;19528.0
253900;24096.0;4568.0;19528.0
254000;24311.0;4623.0;19688.0
254100;24191.0;4623.0;19568.0
254200;24311.0;4623.0;19688.0
254300;24191.0;4623.0;19568.0
254400;24351.0;4623.0;19728.0
254500;24553.5;4705.5;19848.0
254600;24296.0;4568.0;19728.0
254700;24548.5;4780.5;19768.0
254800;24466.0;4578.0;19888.0
254900;24368.5;4600.5;19768.0
255000;24368.5;4600.5;19768.0
255100;24391.0;4623.0;19768.0
255200;24391.0;4623.0;19768.0
255300;24431.0;4623.0;19808.0
255400;24386.0;4578.0;19808.0
255500;24266.0;4578.0;19688.0
255600;24431.0;4623.0;19808.0
255700;24426.0;4578.0;19848.0
255800;24471.0;4623.0;19848.0
255900;24471.0;4623.0;19848.0
256000;24516.0;4668.0;19848.0
256100;24516.0;4668.0;19848.0
256200;24608.5;4600.5;20008.0
256300;24471.0;4623.0;19848.0
256400;24511.0;4623.0;19888.0
256500;24443.5;4555.5;19888.0
256600;24511.0;4623.0;19888.0
256700;24641.0;4713.0;19928.0
256800;24551.0;4623.0;19928.0
256900;24551.0;4623.0;19928.0
257000;24551.0;4623.0;19928.0
257100;24506.0;4578.0;19928.0
257200;24551.0;4623.0;19928.0
257300;24801.0;4713.0;20088.0
257400;24568.5;4600.5;19968.0
257500;24636.0;4668.0;19968.0
257600;24591.0;4623.0;19968.0
257700;24631.0;4623.0;20008.0
257800;24751.0;4623.0;20128.0
257900;24631.0;4623.0;20008.0
258000;24698.5;4690.5;20008.0
258100;24676.0;4668.0;20008.0
258200;24721.0;4713.0;20008.0
258300;24739.0;4731.0;20008.0
258400;24743.0;4695.0;20048.0
258500;24863.0;4695.0;20168.0
258600;24759.0;4711.0;20048.0
258700;24847.0;4759.0;20088.0
258800;24615.0;4727.0;19888.0
258900;24935.0;4727.0;20208.0
259000;24935.0;4727.0;20208.0
259100;24967.0;4759.0;20208.0
259200;24831.0;4743.0;20088.0
259300;24783.0;4695.0;20088.0
259400;24839.0;4751.0;20088.0
259500;24879.0;4751.0;20128.0
259600;24879.0;4751.0;20128.0
259700;24819.0;4811.0;20008.0
259800;25099.0;4811.0;20288.0
259900;24919.0;4751.0;20168.0
260000;24959.0;4791.0;20168.0
260100;24919.0;4751.0;20168.0
260200;24919.0;4751.0;20168.0
260300;25039.0;4711.0;20328.0
260400;24799.0;4711.0;20088.0
260500;24968.0;4760.0;20208.0
260600;25104.5;4776.5;20328.0
260700;24975.0;4727.0;20248.0
260800;24862.0;4774.0;20088.0
260900;25022.0;4774.0;20248.0
261000;25022.0;4774.0;20248.0
261100;25053.0;4805.0;20248.0
261200;25053.0;4805.0;20248.0
261300;25053.0;4805.0;20248.0
261400;25259.5;4851.5;20408.0
261500;24987.0;4819.0;20168.0
261600;25227.0;4819.0;20408.0
261700;25180.0;4852.0;20328.0
261800;25279.0;4951.0;20328.0
261900;25053.0;4885.0;20168.0
262000;25354.0;5026.0;20328.0
262100;25389.0;4901.0;20488.0
262200;25166.5;4838.5;20328.0
262300;25166.5;4838.5;20328.0
262400;25389.0;4901.0;20488.0
262500;25269.0;4901.0;20368.0
262600;25149.0;4901.0;20248.0
262700;25309.0;4901.0;20408.0
262800;25309.0;4901.0;20408.0
262900;25309.0;4901.0;20408.0
263000;25309.0;4901.0;20408.0
263100;25309.0;4901.0;20408.0
263200;25444.0;4876.0;20568.0
263300;25444.0;4876.0;20568.0
263400;25324.0;4876.0;20448.0
263500;25361.5;4913.5;20448.0
263600;25411.5;4963.5;20448.0
263700;25549.0;4901.0;20648.0
263800;25389.0;4901.0;20488.0
263900;24884.0;4876.0;20008.0
264000;25231.5;4863.5;20368.0
264100;25231.5;4863.5;20368.0
264200;25476.5;4988.5;20488.0
264300;25389.0;4901.0;20488.0
264400;25271.5;4863.5;20408.0
264500;25454.0;4926.0;20528.0
264600;25404.0;4876.0;20528.0
264700;25494.0;4926.0;20568.0
264800;25469.0;4901.0;20568.0
264900;25394.0;4826.0;20568.0
265000;25550.0;4982.0;20568.0
265100;24957.0;4949.0;20008.0
265200;25467.5;4899.5;20568.0
265300;25517.0;4949.0;20568.0
265400;25573.5;4965.5;20608.0
265500;25557.0;4949.0;20608.0
265600;25404.0;4916.0;20488.0
265700;25613.5;4965.5;20648.0
265800;25597.0;4949.0;20648.0
265900;25597.0;4949.0;20648.0
266000;25597.0;4949.0;20648.0
266100;25597.0;4949.0;20648.0
266200;25604.0;4916.0;20688.0
266300;25597.0;4949.0;20648.0
266400;25637.0;4949.0;20688.0
266500;25637.0;4949.0;20688.0
266600;25637.0;4949.0;20688.0
266700;25764.0;4916.0;20848.0
266800;25627.5;4899.5;20728.0
266900;25644.0;4916.0;20728.0
267000;26203.0;4955.0;21248.0
267100;25725.0;4997.0;20728.0
267200;25830.0;5102.0;20728.0
267300;25725.0;4997.0;20728.0
267400;25285.0;4997.0;20288.0
267500;25765.0;4997.0;20768.0
267600;25765.0;4997.0;20768.0
267700;25883.0;4955.0;20928.0
267800;25763.0;4955.0;20808.0
267900;25351.0;4703.0;20648.0
268000;25700.0;4892.0;20808.0
268100;26028.0;5060.0;20968.0
268200;25239.0;4871.0;20368.0
268300;25721.0;4913.0;20808.0
268400;25704.0;4976.0;20728.0
268500;25761.0;4913.0;20848.0
268600;25719.0;4871.0;20848.0
268700;25759.0;4871.0;20888.0
268800;25843.0;4955.0;20888.0
268900;25843.0;4955.0;20888.0
269000;25861.0;4973.0;20888.0
269100;25843.0;4955.0;20888.0
269200;25789.0;4901.0;20888.0
269300;26011.0;5123.0;20888.0
269400;25803.0;4915.0;20888.0
269500;26011.0;4963.0;21048.0
269600;25973.0;5045.0;20928.0
269700;26031.0;5063.0;20968.0
269800;25923.0;4955.0;20968.0
269900;26049.0;5081.0;20968.0
270000;25995.0;5027.0;20968.0
270100;25999.0;4991.0;21008.0
270200;25995.0;5027.0;20968.0
270300;26013.0;5045.0;20968.0
270400;25999.0;4991.0;21008.0
270500;25999.0;4991.0;21008.0
270600;26013.0;5005.0;21008.0
270700;26019.0;4971.0;21048.0
270800;26104.0;5056.0;21048.0
270900;26087.0;5039.0;21048.0
271000;26172.0;5124.0;21048.0
271100;25783.0;5175.0;20608.0
271200;25783.0;5175.0;20608.0
271300;26087.0;5039.0;21048.0
271400;26127.0;5039.0;21088.0
271500;26281.0;5073.0;21208.0
271600;26093.0;5005.0;21088.0
271700;26167.0;5039.0;21128.0
271800;26133.0;5005.0;21128.0
271900;26253.0;5005.0;21248.0
272000;26197.5;5069.5;21128.0
272100;26343.0;5055.0;21288.0
272200;26063.0;5055.0;21008.0
272300;26226.5;5098.5;21128.0
272400;26194.0;5026.0;21168.0
272500;26223.0;5055.0;21168.0
272600;26383.0;5055.0;21328.0
272700;25768.5;5040.5;20728.0
272800;26074.0;5026.0;21048.0
272900;26263.0;5055.0;21208.0
273000;26270.5;5062.5;21208.0
273100;26213.0;5005.0;21208.0
273200;26282.0;5074.0;21208.0
273300;26305.0;5097.0;21208.0
273400;26225.0;5097.0;21128.0
273500;26225.0;5097.0;21128.0
273600;26345.0;5097.0;21248.0
273700;26385.0;5097.0;21288.0
273800;26385.0;5097.0;21288.0
273900;26259.5;5131.5;21128.0
274000;26322.5;5154.5;21168.0
274100;25945.0;5097.0;20848.0
274200;26425.0;5097.0;21328.0
274300;26425.0;5097.0;21328.0
274400;26305.0;5097.0;21208.0
274500;26522.0;5074.0;21448.0
274600;25945.0;5097.0;20848.0
274700;26585.0;5097.0;21488.0
274800;26465.0;5097.0;21368.0
274900;26465.0;5097.0;21368.0
275000;26465.0;5097.0;21368.0
275100;26499.5;5131.5;21368.0
275200;26505.0;5097.0;21408.0
275300;26499.5;5131.5;21368.0
275400;26539.5;5131.5;21408.0
275500;26528.0;5120.0;21408.0
275600;26505.0;5097.0;21408.0
275700;26568.0;5120.0;21448.0
275800;26567.5;5119.5;21448.0
275900;26436.0;5148.0;21288.0
276000;26457.0;5129.0;21328.0
276100;26577.0;5129.0;21448.0
276200;26737.0;5129.0;21608.0
276300;26617.0;5129.0;21488.0
276400;26375.0;5007.0;21368.0
276500;26691.0;5203.0;21488.0
276600;26663.0;5175.0;21488.0
276700;26703.0;5175.0;21528.0
276800;26543.0;5175.0;21368.0
276900;26585.0;5217.0;21368.0
277000;26597.0;5189.0;21408.0
277100;26411.0;5203.0;21208.0
277200;26611.0;5203.0;21408.0
277300;26611.0;5203.0;21408.0
277400;26771.0;5203.0;21568.0
277500;26771.0;5203.0;21568.0
277600;26771.0;5203.0;21568.0
277700;26623.0;5175.0;21448.0
277800;26945.0;5217.0;21728.0
277900;26881.0;5273.0;21608.0
278000;26931.0;5203.0;21728.0
278100;26811.0;5203.0;21608.0
278200;26811.0;5203.0;21608.0
278300;26811.0;5203.0;21608.0
278400;26853.0;5245.0;21608.0
278500;26731.0;5203.0;21528.0
278600;26893.0;5245.0;21648.0
278700;27319.0;5231.0;22088.0
278800;27333.0;5245.0;22088.0
278900;26779.0;5091.0;21688.0
279000;26877.0;5189.0;21688.0
279100;26933.0;5245.0;21688.0
279200;26813.0;5245.0;21568.0
279300;26863.0;5175.0;21688.0
279400;26931.0;5203.0;21728.0
279500;26931.0;5203.0;21728.0
279600;26903.0;5175.0;21728.0
279700;27063.0;5175.0;21888.0
279800;27035.0;5147.0;21888.0
279900;26873.0;5105.0;21768.0
280000;26795.0;5147.0;21648.0
280100;27075.0;5147.0;21928.0
280200;27075.0;5147.0;21928.0
280300;26795.0;5147.0;21648.0
280400;26955.0;5147.0;21808.0
280500;27103.0;5175.0;21928.0
280600;26983.0;5175.0;21808.0
280700;26543.0;5175.0;21368.0
280800;26543.0;5175.0;21368.0
280900;26981.0;5133.0;21848.0
281000;27023.0;5175.0;21848.0
281100;27037.0;5189.0;21848.0
281200;27037.0;5189.0;21848.0
281300;27007.0;5159.0;21848.0
281400;27047.0;5159.0;21888.0
281500;26942.0;5054.0;21888.0
281600;26927.0;5159.0;21768.0
281700;27117.0;5189.0;21928.0
281800;27207.0;5159.0;22048.0
281900;27117.0;5189.0;21928.0
282000;27087.0;5159.0;21928.0
282100;27087.0;5159.0;21928.0
282200;27247.0;5159.0;22088.0
282300;27247.0;5159.0;22088.0
282400;27247.0;5159.0;22088.0
282500;27127.0;5159.0;21968.0
282600;27567.0;5159.0;22408.0
282700;27047.0;5199.0;21848.0
282800;27235.0;5227.0;22008.0
282900;27235.0;5227.0;22008.0
283000;27235.0;5227.0;22008.0
283100;27235.0;5227.0;22008.0
283200;27207.0;5199.0;22008.0
283300;26795.0;5227.0;21568.0
283400;27423.0;5255.0;22168.0
283500;27275.0;5227.0;22048.0
283600;27233.0;5185.0;22048.0
283700;27247.0;5199.0;22048.0
283800;27247.0;5199.0;22048.0
283900;27127.0;5199.0;21928.0
284000;27301.0;5213.0;22088.0
284100;27167.0;5199.0;21968.0
284200;27287.0;5199.0;22088.0
284300;27259.0;5171.0;22088.0
284400;27391.0;5143.0;22248.0
284500;27207.0;5199.0;22008.0
284600;27327.0;5199.0;22128.0
284700;27367.0;5199.0;22168.0
284800;27339.0;5171.0;22168.0
284900;27409.0;5241.0;22168.0
285000;27339.0;5171.0;22168.0
285100;27219.0;5171.0;22048.0
285200;27255.0;5087.0;22168.0
285300;27555.0;5227.0;22328.0
285400;27407.0;5199.0;22208.0
285500;27407.0;5199.0;22208.0
285600;27819.0;5171.0;22648.0
285700;27447.0;5199.0;22248.0
285800;27287.0;5199.0;22088.0
285900;27287.0;5199.0;22088.0
286000;27327.0;5199.0;22128.0
286100;27007.0;5199.0;21808.0
286200;27447.0;5199.0;22248.0
286300;27219.0;5171.0;22048.0
286400;27473.0;5185.0;22288.0
286500;27487.0;5199.0;22288.0
286600;27593.0;5185.0;22408.0
286700;27565.0;5157.0;22408.0
286800;27459.0;5171.0;22288.0
286900;27513.0;5185.0;22328.0
287000;27527.0;5199.0;22328.0
287100;27527.0;5199.0;22328.0
287200;27527.0;5199.0;22328.0
287300;27527.0;5199.0;22328.0
287400;27595.0;5227.0;22368.0
287500;27567.0;5199.0;22368.0
287600;27567.0;5199.0;22368.0
287700;27607.0;5199.0;22408.0
287800;27579.0;5171.0;22408.0
287900;27579.0;5171.0;22408.0
288000;27223.0;5255.0;21968.0
288100;27551.0;5143.0;22408.0
288200;27607.0;5199.0;22408.0
288300;27635.0;5227.0;22408.0
288400;27605.0;5157.0;22448.0
288500;27619.0;5171.0;22448.0
288600;27513.0;5185.0;22328.0
288700;27429.0;5101.0;22328.0
288800;27527.0;5199.0;22328.0
288900;27687.0;5199.0;22488.0
289000;27659.0;5171.0;22488.0
289100;27539.0;5171.0;22368.0
289200;27687.0;5199.0;22488.0
289300;27687.0;5199.0;22488.0
289400;27599.0;4951.0;22648.0
289500;27717.0;5189.0;22528.0
289600;27683.0;5155.0;22528.0
289700;27723.0;5155.0;22568.0
289800;27843.0;5155.0;22688.0
289900;27774.0;5206.0;22568.0
290000;27774.0;5206.0;22568.0
290100;27637.0;5189.0;22448.0
290200;27917.0;5189.0;22728.0
290300;27723.0;5155.0;22568.0
290400;27797.0;5189.0;22608.0
290500;27746.0;5138.0;22608.0
290600;27797.0;5189.0;22608.0
290700;27837.0;5189.0;22648.0
290800;27837.0;5189.0;22648.0
290900;27871.0;5223.0;22648.0
291000;27820.0;5172.0;22648.0
291100;27820.0;5172.0;22648.0
291200;27871.0;5223.0;22648.0
291300;27871.0;5223.0;22648.0
291400;27911.0;5223.0;22688.0
291500;28082.0;5274.0;22808.0
291600;28107.5;5299.5;22808.0
291700;28009.0;5281.0;22728.0
291800;27492.0;5244.0;22248.0
291900;27898.0;5170.0;22728.0
292000;27990.5;5262.5;22728.0
292100;28113.5;5225.5;22888.0
292200;27861.0;5133.0;22728.0
292300;27972.0;5244.0;22728.0
292400;27947.5;5299.5;22648.0
292500;27892.0;5244.0;22648.0
292600;27855.0;5207.0;22648.0
292700;28052.0;5244.0;22808.0
292800;28172.0;5244.0;22928.0
292900;28089.0;5281.0;22808.0
293000;28089.0;5281.0;22808.0
293100;28455.0;5207.0;23248.0
293200;28052.0;5244.0;22808.0
293300;28052.0;5244.0;22808.0
293400;28532.0;5244.0;23288.0
293500;28212.0;5244.0;22968.0
293600;28212.0;5244.0;22968.0
293700;27596.5;5188.5;22408.0
293800;28132.0;5244.0;22888.0
293900;28132.0;5244.0;22888.0
294000;28132.0;5244.0;22888.0
294100;28132.0;5244.0;22888.0
294200;28187.5;5299.5;22888.0
294300;28169.0;5281.0;22888.0
294400;28209.0;5281.0;22928.0
294500;28172.0;5244.0;22928.0
294600;28172.0;5244.0;22928.0
294700;28172.0;5244.0;22928.0
294800;28249.0;5281.0;22968.0
294900;28212.0;5244.0;22968.0
295000;28212.0;5244.0;22968.0
295100;28092.0;5244.0;22848.0
295200;28193.5;5225.5;22968.0
295300;28129.0;5281.0;22848.0
295400;28224.5;5336.5;22888.0
295500;28308.0;5300.0;23008.0
295600;28308.0;5300.0;23008.0
295700;28439.0;5271.0;23168.0
295800;28217.0;5329.0;22888.0
295900;28468.0;5300.0;23168.0
296000;28348.0;5300.0;23048.0
296100;28348.0;5300.0;23048.0
296200;28319.0;5271.0;23048.0
296300;28319.0;5271.0;23048.0
296400;28388.0;5300.0;23088.0
296500;28388.0;5300.0;23088.0
296600;28417.0;5329.0;23088.0
296700;28428.0;5300.0;23128.0
296800;27788.0;5300.0;22488.0
296900;28428.0;5300.0;23128.0
297000;28462.0;5334.0;23128.0
297100;28462.0;5334.0;23128.0
297200;28502.0;5334.0;23168.0
297300;28462.0;5334.0;23128.0
297400;28502.0;5334.0;23168.0
297500;28694.0;5406.0;23288.0
297600;28506.0;5338.0;23168.0
297700;28523.0;5355.0;23168.0
297800;28523.0;5355.0;23168.0
297900;28580.0;5372.0;23208.0
298000;28580.0;5372.0;23208.0
298100;28740.0;5372.0;23368.0
298200;28563.0;5355.0;23208.0
298300;28563.0;5355.0;23208.0
298400;28586.0;5338.0;23248.0
298500;28603.0;5355.0;23248.0
298600;28483.0;5355.0;23128.0
298700;28643.0;5355.0;23288.0
298800;28660.0;5372.0;23288.0
298900;28660.0;5372.0;23288.0
299000;28677.0;5389.0;23288.0
299100;28837.0;5389.0;23448.0
299200;28540.0;5372.0;23168.0
299300;28820.0;5372.0;23448.0
299400;28580.0;5372.0;23208.0
299500;28717.0;5389.0;23328.0
299600;28717.0;5389.0;23328.0
299700;28739.0;5371.0;23368.0
299800;28796.0;5428.0;23368.0
299900;28906.5;5418.5;23488.0
300000;28758.0;5390.0;23368.0
300100;28786.5;5418.5;23368.0
300200;28767.5;5399.5;23368.0
300300;28758.0;5390.0;23368.0
300400;28826.5;5418.5;23408.0
300500;28741.0;5333.0;23408.0
300600;28706.5;5418.5;23288.0
300700;28838.0;5390.0;23448.0
300800;28939.0;5371.0;23568.0
300900;28857.0;5409.0;23448.0
301000;28426.5;5418.5;23008.0
301100;28828.5;5380.5;23448.0
301200;28857.0;5409.0;23448.0
301300;28857.0;5409.0;23448.0
301400;28916.0;5428.0;23488.0
301500;28897.0;5409.0;23488.0
301600;29099.0;5491.0;23608.0
301700;29019.0;5491.0;23528.0
301800;28963.0;5435.0;23528.0
301900;28991.0;5463.0;23528.0
302000;29047.0;5519.0;23528.0
302100;28871.0;5463.0;23408.0
302200;28991.0;5463.0;23528.0
302300;28991.0;5463.0;23528.0
302400;28911.0;5463.0;23448.0
302500;28753.0;5505.0;23248.0
302600;28683.0;5435.0;23248.0
302700;29127.0;5519.0;23608.0
302800;29162.0;5554.0;23608.0
302900;29057.0;5449.0;23608.0
303000;29057.0;5449.0;23608.0
303100;29067.5;5459.5;23608.0
303200;29057.0;5449.0;23608.0
303300;29057.0;5449.0;23608.0
303400;29097.0;5449.0;23648.0
303500;29097.0;5449.0;23648.0
303600;29055.0;5407.0;23648.0
303700;29116.0;5428.0;23688.0
303800;29055.0;5407.0;23648.0
303900;29116.0;5428.0;23688.0
304000;29116.0;5428.0;23688.0
304100;29219.0;5491.0;23728.0
304200;29116.0;5428.0;23688.0
304300;28996.0;5428.0;23568.0
304400;29156.0;5428.0;23728.0
304500;29156.0;5428.0;23728.0
304600;29177.0;5449.0;23728.0
304700;29217.0;5449.0;23768.0
304800;29196.0;5428.0;23768.0
304900;29217.0;5449.0;23768.0
305000;29238.0;5470.0;23768.0
305100;29217.0;5449.0;23768.0
305200;29377.0;5449.0;23928.0
305300;29217.0;5449.0;23768.0
305400;29257.0;5449.0;23808.0
305500;29257.0;5449.0;23808.0
305600;28678.0;5470.0;23208.0
305700;29339.0;5491.0;23848.0
305800;29297.0;5449.0;23848.0
305900;29297.0;5449.0;23848.0
306000;29707.5;5459.5;24248.0
306100;29297.0;5449.0;23848.0
306200;29337.5;5489.5;23848.0
306300;29217.5;5489.5;23728.0
306400;29538.0;5530.0;24008.0
306500;29512.0;5624.0;23888.0
306600;29457.0;5569.0;23888.0
306700;29519.0;5591.0;23928.0
306800;29486.0;5558.0;23928.0
306900;29788.0;5580.0;24208.0
307000;29421.0;5613.0;23808.0
307100;29508.0;5580.0;23928.0
307200;29508.0;5580.0;23928.0
307300;29530.0;5602.0;23928.0
307400;29690.0;5602.0;24088.0
307500;29370.0;5602.0;23768.0
307600;29645.5;5677.5;23968.0
307700;29618.0;5610.0;24008.0
307800;29672.0;5664.0;24008.0
307900;29232.5;5704.5;23528.0
308000;29672.0;5664.0;24008.0
308100;29672.0;5664.0;24008.0
308200;29631.5;5623.5;24008.0
308300;29552.0;5664.0;23888.0
308400;29552.0;5664.0;23888.0
308500;29712.0;5664.0;24048.0
308600;29712.0;5664.0;24048.0
308700;29845.0;5637.0;24208.0
308800;29845.0;5637.0;24208.0
308900;29752.0;5664.0;24088.0
309000;29752.0;5664.0;24088.0
309100;29632.0;5664.0;23968.0
309200;29752.0;5664.0;24088.0
309300;29632.0;5664.0;23968.0
309400;29792.0;5664.0;24128.0
309500;29765.0;5637.0;24128.0
309600;29765.0;5637.0;24128.0
309700;29925.0;5637.0;24288.0
309800;29805.0;5637.0;24168.0
309900;29805.0;5637.0;24168.0
310000;29922.0;5754.0;24168.0
310100;30055.0;5727.0;24328.0
310200;29931.0;5763.0;24168.0
310300;29967.0;5799.0;24168.0
310400;29959.0;5751.0;24208.0
310500;29959.0;5751.0;24208.0
310600;29959.0;5751.0;24208.0
310700;29999.0;5751.0;24248.0
310800;30011.0;5763.0;24248.0
310900;30011.0;5763.0;24248.0
311000;30011.0;5763.0;24248.0
311100;30201.0;5793.0;24408.0
311200;29601.0;5793.0;23808.0
311300;30041.0;5793.0;24248.0
311400;30075.0;5787.0;24288.0
311500;29961.0;5793.0;24168.0
311600;30090.0;5802.0;24288.0
311700;30533.0;5805.0;24728.0
311800;30121.0;5793.0;24328.0
311900;30139.0;5811.0;24328.0
312000;30031.0;5823.0;24208.0
312100;30121.0;5793.0;24328.0
312200;30115.0;5787.0;24328.0
312300;30121.0;5793.0;24328.0
312400;30167.0;5799.0;24368.0
312500;30176.0;5808.0;24368.0
312600;30173.0;5805.0;24368.0
312700;30324.0;5796.0;24528.0
312800;30201.0;5793.0;24408.0
312900;30201.0;5793.0;24408.0
313000;30210.0;5802.0;24408.0
313100;30201.0;5793.0;24408.0
313200;30201.0;5793.0;24408.0
313300;30153.0;5745.0;24408.0
313400;30263.0;5815.0;24448.0
313500;30263.0;5815.0;24448.0
313600;30543.0;5815.0;24728.0
313700;30215.0;5727.0;24488.0
313800;30215.0;5727.0;24488.0
313900;30195.0;5867.0;24328.0
314000;30325.0;5837.0;24488.0
314100;30335.0;5847.0;24488.0
314200;30080.0;5712.0;24368.0
314300;30215.0;5847.0;24368.0
314400;30285.0;5877.0;24408.0
314500;30285.0;5877.0;24408.0
314600;30360.0;5832.0;24528.0
314700;30405.0;5877.0;24528.0
314800;30445.0;5877.0;24568.0
314900;30475.0;5907.0;24568.0
315000;30475.0;5907.0;24568.0
315100;30475.0;5907.0;24568.0
315200;30445.0;5877.0;24568.0
315300;30445.0;5877.0;24568.0
315400;30515.0;5907.0;24608.0
315500;30530.0;5922.0;24608.0
315600;30273.0;5665.0;24608.0
315700;30579.0;5931.0;24648.0
315800;30446.0;5798.0;24648.0
315900;30579.0;5931.0;24648.0
316000;30579.0;5931.0;24648.0
316100;30503.0;5855.0;24648.0
316200;30541.0;5893.0;24648.0
316300;30484.0;5836.0;24648.0
316400;30777.0;5969.0;24808.0
316500;30537.0;5969.0;24568.0
316600;30663.0;5855.0;24808.0
316700;30703.0;5855.0;24848.0
316800;30621.0;5893.0;24728.0
316900;30621.0;5893.0;24728.0
317000;30621.0;5893.0;24728.0
317100;30819.0;5931.0;24888.0
317200;30425.0;5817.0;24608.0
317300;30577.0;5969.0;24608.0
317400;30328.0;5760.0;24568.0
317500;30661.0;5893.0;24768.0
317600;30661.0;5893.0;24768.0
317700;30701.0;5893.0;24808.0
317800;30701.0;5893.0;24808.0
317900;30701.0;5893.0;24808.0
318000;30562.0;5874.0;24688.0
318100;30758.0;5950.0;24808.0
318200;30899.0;5931.0;24968.0
318300;30739.0;5931.0;24808.0
318400;30659.0;5931.0;24728.0
318500;30760.0;5912.0;24848.0
318600;30842.0;5874.0;24968.0
318700;30857.0;5969.0;24888.0
318800;30819.0;5931.0;24888.0
318900;30659.0;5931.0;24728.0
319000;30857.0;5969.0;24888.0
319100;31017.0;6129.0;24888.0
319200;30799.0;6031.0;24768.0
319300;30785.0;6017.0;24768.0
319400;30945.0;6017.0;24928.0
319500;30917.0;5989.0;24928.0
319600;30839.0;6031.0;24808.0
319700;30957.0;5989.0;24968.0
319800;31049.0;5961.0;25088.0
319900;30875.0;5947.0;24928.0
320000;30929.0;5961.0;24968.0
320100;30929.0;5961.0;24968.0
320200;30901.0;5933.0;24968.0
320300;30929.0;5961.0;24968.0
320400;30997.0;5989.0;25008.0
320500;30849.0;5961.0;24888.0
320600;30997.0;5989.0;25008.0
320700;30969.0;5961.0;25008.0
320800;30925.0;5877.0;25048.0
320900;31009.0;5961.0;25048.0
321000;31009.0;5961.0;25048.0
321100;31074.0;6026.0;25048.0
321200;31063.0;6015.0;25048.0
321300;31223.0;6015.0;25208.0
321400;31005.0;6037.0;24968.0
321500;31005.0;6037.0;24968.0
321600;31147.0;6059.0;25088.0
321700;31165.0;6037.0;25128.0
321800;31285.0;6037.0;25248.0
321900;31187.0;6059.0;25128.0
322000;31187.0;6059.0;25128.0
322100;31067.0;6059.0;25008.0
322200;31176.0;6048.0;25128.0
322300;31132.0;6004.0;25128.0
322400;31205.0;6037.0;25168.0
322500;31183.0;6015.0;25168.0
322600;31205.0;6037.0;25168.0
322700;31245.0;6037.0;25208.0
322800;31267.0;6059.0;25208.0
322900;31245.0;6037.0;25208.0
323000;31147.0;6059.0;25088.0
323100;31278.0;6070.0;25208.0
323200;31718.0;6070.0;25648.0
323300;31405.0;6037.0;25368.0
323400;31165.0;6037.0;25128.0
323500;31235.0;6107.0;25128.0
323600;31461.0;6093.0;25368.0
323700;31207.0;6079.0;25128.0
323800;31367.0;6079.0;25288.0
323900;31339.0;6051.0;25288.0
324000;31339.0;6051.0;25288.0
324100;31339.0;6051.0;25288.0
324200;31339.0;6051.0;25288.0
324300;31339.0;6051.0;25288.0
324400;31179.0;6051.0;25128.0
324500;31379.0;6051.0;25328.0
324600;31379.0;6051.0;25328.0
324700;31539.0;6051.0;25488.0
324800;31365.0;6037.0;25328.0
324900;31405.0;6037.0;25368.0
325000;31435.0;6067.0;25368.0
325100;31270.0;6022.0;25248.0
325200;31505.0;6137.0;25368.0
325300;31505.0;6137.0;25368.0
325400;31520.0;6112.0;25408.0
325500;31520.0;6112.0;25408.0
325600;31520.0;6112.0;25408.0
325700;31520.0;6112.0;25408.0
325800;31560.0;6112.0;25448.0
325900;31560.0;6112.0;25448.0
326000;31560.0;6112.0;25448.0
326100;31585.0;6137.0;25448.0
326200;31465.0;6137.0;25328.0
326300;31585.0;6137.0;25448.0
326400;31625.0;6137.0;25488.0
326500;31625.0;6137.0;25488.0
326600;31625.0;6137.0;25488.0
326700;31627.5;6099.5;25528.0
326800;31772.5;6124.5;25648.0
326900;31652.5;6124.5;25528.0
327000;31577.5;6049.5;25528.0
327100;31640.0;6112.0;25528.0
327200;31752.5;6224.5;25528.0
327300;31752.5;6224.5;25528.0
327400;31680.0;6112.0;25568.0
327500;31680.0;6112.0;25568.0
327600;32240.0;6112.0;26128.0
327700;32240.0;6112.0;26128.0
327800;31720.0;6112.0;25608.0
327900;31745.0;6137.0;25608.0
328000;31745.0;6137.0;25608.0
328100;31745.0;6137.0;25608.0
328200;31745.0;6137.0;25608.0
328300;31782.5;6174.5;25608.0
328400;31785.0;6137.0;25648.0
328500;31810.0;6162.0;25648.0
328600;31772.5;6124.5;25648.0
328700;32250.0;6162.0;26088.0
328800;31812.5;6124.5;25688.0
328900;32007.5;6199.5;25808.0
329000;32033.0;6225.0;25808.0
329100;31793.0;6225.0;25568.0
329200;31947.0;6259.0;25688.0
329300;31742.0;6174.0;25568.0
329400;31953.0;6225.0;25728.0
329500;31953.0;6225.0;25728.0
329600;31953.0;6225.0;25728.0
329700;31993.0;6225.0;25768.0
329800;31993.0;6225.0;25768.0
329900;31993.0;6225.0;25768.0
330000;32021.0;6253.0;25768.0
330100;31991.0;6223.0;25768.0
330200;31991.0;6223.0;25768.0
330300;32129.0;6361.0;25768.0
330400;32039.0;6231.0;25808.0
330500;32000.0;6192.0;25808.0
330600;32039.0;6231.0;25808.0
330700;32053.0;6205.0;25848.0
330800;32067.0;6219.0;25848.0
330900;32145.0;6177.0;25968.0
331000;32095.0;6247.0;25848.0
331100;32067.0;6219.0;25848.0
331200;32039.0;6191.0;25848.0
331300;32039.0;6191.0;25848.0
331400;32039.0;6191.0;25848.0
331500;32199.0;6191.0;26008.0
331600;32079.0;6191.0;25888.0
331700;32091.0;6163.0;25928.0
331800;32201.0;6273.0;25928.0
331900;32211.0;6283.0;25928.0
332000;32171.0;6243.0;25928.0
332100;32051.0;6243.0;25808.0
332200;32051.0;6243.0;25808.0
332300;32171.0;6243.0;25928.0
332400;32331.0;6243.0;26088.0
332500;32061.0;6213.0;25848.0
332600;32631.0;6223.0;26408.0
332700;32091.0;6243.0;25848.0
332800;32263.5;6255.5;26008.0
332900;32226.0;6218.0;26008.0
333000;32286.0;6278.0;26008.0
333100;32286.0;6278.0;26008.0
333200;32343.0;6335.0;26008.0
333300;32307.0;6299.0;26008.0
333400;32293.5;6285.5;26008.0
333500;32333.5;6285.5;26048.0
333600;32333.5;6285.5;26048.0
333700;32227.0;6299.0;25928.0
333800;32382.5;6294.5;26088.0
333900;32796.0;6308.0;26488.0
334000;32396.0;6308.0;26088.0
334100;32547.0;6299.0;26248.0
334200;32547.0;6299.0;26248.0
334300;32267.0;6299.0;25968.0
334400;32556.0;6308.0;26248.0
334500;32413.5;6285.5;26128.0
334600;32413.5;6285.5;26128.0
334700;32440.5;6312.5;26128.0
334800;32476.0;6308.0;26168.0
334900;32485.0;6317.0;26168.0
335000;32467.0;6299.0;26168.0
335100;32516.0;6308.0;26208.0
335200;32507.0;6299.0;26208.0
335300;32467.0;6299.0;26168.0
335400;32627.0;6299.0;26328.0
335500;32516.0;6308.0;26208.0
335600;32516.0;6308.0;26208.0
335700;32556.0;6308.0;26248.0
335800;32589.0;6341.0;26248.0
335900;32429.0;6341.0;26088.0
336000;32589.0;6341.0;26248.0
336100;32604.0;6356.0;26248.0
336200;32631.0;6383.0;26248.0
336300;32662.5;6414.5;26248.0
336400;32875.0;6467.0;26408.0
336500;32623.0;6455.0;26168.0
336600;32611.0;6443.0;26168.0
336700;32771.0;6443.0;26328.0
336800;32783.0;6455.0;26328.0
336900;32743.0;6455.0;26288.0
337000;32811.0;6483.0;26328.0
337100;32811.0;6483.0;26328.0
337200;32819.0;6491.0;26328.0
337300;32876.0;6548.0;26328.0
337400;32916.0;6548.0;26368.0
337500;32870.0;6502.0;26368.0
337600;32893.0;6525.0;26368.0
337700;32956.0;6548.0;26408.0
337800;32984.0;6456.0;26528.0
337900;32893.0;6525.0;26368.0
338000;32933.0;6525.0;26408.0
338100;32933.0;6525.0;26408.0
338200;32933.0;6525.0;26408.0
338300;32933.0;6525.0;26408.0
338400;32841.5;6513.5;26328.0
338500;32996.0;6548.0;26448.0
338600;32876.0;6548.0;26328.0
338700;33036.0;6548.0;26488.0
338800;33036.0;6548.0;26488.0
338900;32876.0;6548.0;26328.0
339000;33001.5;6513.5;26488.0
339100;33036.0;6548.0;26488.0
339200;33196.0;6548.0;26648.0
339300;33036.0;6548.0;26488.0
339400;33087.5;6559.5;26528.0
339500;33053.0;6525.0;26528.0
339600;33041.5;6513.5;26528.0
339700;33070.0;6502.0;26568.0
339800;33116.0;6548.0;26568.0
339900;33213.0;6525.0;26688.0
340000;33093.0;6525.0;26568.0
340100;33093.0;6525.0;26568.0
340200;33253.0;6525.0;26728.0
340300;32961.5;6513.5;26448.0
340400;33133.0;6525.0;26608.0
340500;33059.0;6571.0;26488.0
340600;33179.0;6571.0;26608.0
340700;33179.0;6571.0;26608.0
340800;33219.0;6571.0;26648.0
340900;33212.0;6564.0;26648.0
341000;33243.5;6595.5;26648.0
341100;33361.5;6553.5;26808.0
341200;33212.0;6564.0;26648.0
341300;33212.0;6564.0;26648.0
341400;33308.0;6620.0;26688.0
341500;33428.0;6620.0;26808.0
341600;33308.0;6620.0;26688.0
341700;33348.0;6620.0;26728.0
341800;33176.5;6608.5;26568.0
341900;33331.0;6643.0;26688.0
342000;33348.0;6620.0;26728.0
342100;33508.0;6620.0;26888.0
342200;33228.0;6620.0;26608.0
342300;33382.5;6654.5;26728.0
342400;33423.0;6655.0;26768.0
342500;33423.0;6655.0;26768.0
342600;33437.0;6669.0;26768.0
342700;33463.0;6655.0;26808.0
342800;33491.0;6683.0;26808.0
342900;33479.0;6711.0;26768.0
343000;33435.0;6627.0;26808.0
343100;33589.0;6781.0;26808.0
343200;33435.0;6627.0;26808.0
343300;33421.0;6613.0;26808.0
343400;33503.0;6655.0;26848.0
343500;33503.0;6655.0;26848.0
343600;33383.0;6655.0;26728.0
343700;33487.0;6599.0;26888.0
343800;33515.0;6627.0;26888.0
343900;33663.0;6655.0;27008.0
344000;33063.0;6655.0;26408.0
344100;33543.0;6655.0;26888.0
344200;33395.0;6627.0;26768.0
344300;33437.0;6669.0;26768.0
344400;33631.0;6703.0;26928.0
344500;33703.0;6655.0;27048.0
344600;33135.0;6687.0;26448.0
344700;33623.0;6655.0;26968.0
344800;33623.0;6655.0;26968.0
344900;33623.0;6655.0;26968.0
345000;33559.0;6591.0;26968.0
345100;33575.0;6607.0;26968.0
345200;33575.0;6607.0;26968.0
345300;33591.0;6623.0;26968.0
345400;33591.0;6623.0;26968.0
345500;33591.0;6623.0;26968.0
345600;33511.0;6623.0;26888.0
345700;33671.0;6623.0;27048.0
345800;33719.0;6671.0;27048.0
345900;33791.0;6623.0;27168.0
346000;33724.0;6676.0;27048.0
346100;33724.0;6676.0;27048.0
346200;33724.0;6676.0;27048.0
346300;33829.0;6781.0;27048.0
346400;33885.0;6797.0;27088.0
346500;34005.0;6797.0;27208.0
346600;33768.0;6680.0;27088.0
346700;33808.0;6680.0;27128.0
346800;33847.0;6719.0;27128.0
346900;33967.0;6719.0;27248.0
347000;33730.0;6602.0;27128.0
347100;33847.0;6719.0;27128.0
347200;33847.0;6719.0;27128.0
347300;33727.0;6719.0;27008.0
347400;33968.0;6680.0;27288.0
347500;34007.0;6719.0;27288.0
347600;33828.5;6660.5;27168.0
347700;33927.0;6719.0;27208.0
347800;33907.5;6699.5;27208.0
347900;33927.0;6719.0;27208.0
348000;33927.0;6719.0;27208.0
348100;33807.0;6719.0;27088.0
348200;33807.0;6719.0;27088.0
348300;33849.0;6641.0;27208.0
348400;33928.0;6680.0;27248.0
348500;33928.0;6680.0;27248.0
348600;34103.5;6855.5;27248.0
348700;33968.0;6680.0;27288.0
348800;33968.0;6680.0;27288.0
348900;34088.0;6680.0;27408.0
349000;33968.0;6680.0;27288.0
349100;34007.0;6719.0;27288.0
349200;34264.5;6816.5;27448.0
349300;34007.0;6719.0;27288.0
349400;34011.0;6563.0;27448.0
349500;34008.0;6680.0;27328.0
349600;33983.5;6655.5;27328.0
349700;34196.0;6708.0;27488.0
349800;34196.0;6708.0;27488.0
349900;34076.0;6708.0;27368.0
350000;33971.0;6603.0;27368.0
350100;34023.5;6655.5;27368.0
350200;34023.5;6655.5;27368.0
350300;34111.0;6743.0;27368.0
350400;34236.0;6708.0;27528.0
350500;34201.0;6673.0;27528.0
350600;34676.0;6708.0;27968.0
350700;34156.0;6708.0;27448.0
350800;34156.0;6708.0;27448.0
350900;34126.0;6678.0;27448.0
351000;34156.0;6708.0;27448.0
351100;34036.0;6708.0;27328.0
351200;34156.0;6708.0;27448.0
351300;34156.0;6708.0;27448.0
351400;34196.0;6708.0;27488.0
351500;34196.0;6708.0;27488.0
351600;34136.0;6648.0;27488.0
351700;34206.0;6678.0;27528.0
351800;34371.0;6723.0;27648.0
351900;34401.0;6753.0;27648.0
352000;34211.0;6683.0;27528.0
352100;34211.0;6683.0;27528.0
352200;34011.0;6683.0;27328.0
352300;34811.0;6683.0;28128.0
352400;34213.5;6645.5;27568.0
352500;34251.0;6683.0;27568.0
352600;34251.0;6683.0;27568.0
352700;34266.0;6658.0;27608.0
352800;34253.5;6645.5;27608.0
352900;34131.0;6683.0;27448.0
353000;34326.0;6718.0;27608.0
353100;34206.0;6718.0;27488.0
353200;34326.0;6718.0;27608.0
353300;34336.0;6688.0;27648.0
353400;34336.0;6688.0;27648.0
353500;34336.0;6688.0;27648.0
353600;33856.0;6688.0;27168.0
353700;33916.0;6748.0;27168.0
353800;34406.0;6718.0;27688.0
353900;34436.0;6748.0;27688.0
354000;34436.0;6748.0;27688.0
354100;34436.0;6748.0;27688.0
354200;34436.0;6748.0;27688.0
354300;34436.0;6748.0;27688.0
354400;34356.0;6748.0;27608.0
354500;34476.0;6748.0;27728.0
354600;34356.0;6748.0;27608.0
354700;34546.0;6778.0;27768.0
354800;34666.0;6778.0;27888.0
354900;34501.0;6733.0;27768.0
355000;34546.0;6778.0;27768.0
355100;34546.0;6778.0;27768.0
355200;34516.0;6748.0;27768.0
355300;34586.0;6778.0;27808.0
355400;34586.0;6778.0;27808.0
355500;34571.0;6763.0;27808.0
355600;34706.0;6778.0;27928.0
355700;34641.0;6793.0;27848.0
355800;34436.0;6748.0;27688.0
355900;34596.0;6748.0;27848.0
356000;34566.0;6718.0;27848.0
356100;34596.0;6748.0;27848.0
356200;34626.0;6778.0;27848.0
356300;34626.0;6778.0;27848.0
356400;34636.0;6748.0;27888.0
356500;35106.0;6778.0;28328.0
356600;34666.0;6778.0;27888.0
356700;34769.0;6841.0;27928.0
356800;34857.5;6809.5;28048.0
356900;34790.0;6862.0;27928.0
357000;34769.0;6841.0;27928.0
357100;34769.0;6841.0;27928.0
357200;34737.5;6809.5;27928.0
357300;34929.0;6841.0;28088.0
357400;34809.0;6841.0;27968.0
357500;34809.0;6841.0;27968.0
357600;34777.5;6809.5;27968.0
357700;34710.0;6862.0;27848.0
357800;34710.0;6862.0;27848.0
357900;35150.0;6862.0;28288.0
358000;34638.0;6790.0;27848.0
358100;34846.0;6838.0;28008.0
358200;34822.0;6814.0;28008.0
358300;34846.0;6838.0;28008.0
358400;35350.0;6862.0;28488.0
358500;35350.0;6862.0;28488.0
358600;35051.0;6883.0;28168.0
358700;35131.0;6883.0;28248.0
358800;35131.0;6883.0;28248.0
358900;35131.0;6883.0;28248.0
359000;34750.0;6862.0;27888.0
359100;34950.0;6862.0;28088.0
359200;34929.0;6841.0;28088.0
359300;34971.0;6883.0;28088.0
359400;35011.0;6883.0;28128.0
359500;35011.0;6883.0;28128.0
359600;34990.0;6862.0;28128.0
359700;35082.5;6914.5;28168.0
359800;34988.0;6820.0;28168.0
359900;35051.0;6883.0;28168.0
360000;35491.0;6883.0;28608.0
360100;35051.0;6883.0;28168.0
360200;35242.5;6914.5;28328.0
360300;35211.0;6883.0;28328.0
360400;34992.0;6904.0;28088.0
360500;35253.0;6925.0;28328.0
360600;34992.0;6904.0;28088.0
360700;34992.0;6904.0;28088.0
360800;34971.0;6883.0;28088.0
360900;35272.0;6904.0;28368.0
361000;35272.0;6904.0;28368.0
361100;35312.0;6904.0;28408.0
361200;35152.0;6904.0;28248.0
361300;35592.0;6904.0;28688.0
361400;35114.0;6946.0;28168.0
361500;35234.0;6946.0;28288.0
361600;34874.5;7066.5;27808.0
361700;35328.0;7000.0;28328.0
361800;35448.0;7000.0;28448.0
361900;35309.0;6981.0;28328.0
362000;35469.0;6981.0;28488.0
362100;35440.5;6952.5;28488.0
362200;35189.0;6981.0;28208.0
362300;35170.0;6962.0;28208.0
362400;35301.5;6933.5;28368.0
362500;34730.0;6962.0;27768.0
362600;34787.0;7019.0;27768.0
362700;35389.0;6981.0;28408.0
362800;35370.0;6962.0;28408.0
362900;35389.0;6981.0;28408.0
363000;35549.0;6981.0;28568.0
363100;35389.0;6981.0;28408.0
363200;35446.5;7038.5;28408.0
363300;35428.0;7020.0;28408.0
363400;35467.0;7019.0;28448.0
363500;35467.0;7019.0;28448.0
363600;35347.0;7019.0;28328.0
363700;35348.0;7020.0;28328.0
363800;35508.0;7020.0;28488.0
363900;35507.0;7019.0;28488.0
364000;35507.0;7019.0;28488.0
364100;35509.0;7021.0;28488.0
364200;35509.0;7021.0;28488.0
364300;35510.0;7022.0;28488.0
364400;35550.0;7022.0;28528.0
364500;35548.0;7020.0;28528.0
364600;35549.0;7021.0;28528.0
364700;35709.5;7021.5;28688.0
364800;35588.0;7020.0;28568.0
364900;35586.5;7018.5;28568.0
365000;35589.0;7021.0;28568.0
365100;35589.0;7021.0;28568.0
365200;35468.0;7020.0;28448.0
365300;35629.0;7021.0;28608.0
365400;35029.0;7021.0;28008.0
365500;35050.0;7042.0;28008.0
365600;35652.0;7044.0;28608.0
365700;35538.0;7050.0;28488.0
365800;35698.0;7050.0;28648.0
365900;35538.0;7050.0;28488.0
366000;35698.0;7050.0;28648.0
366100;35578.0;7050.0;28528.0
366200;35738.0;7050.0;28688.0
366300;35698.0;7050.0;28648.0
366400;35738.0;7050.0;28688.0
366500;35738.0;7050.0;28688.0
366600;35738.0;7050.0;28688.0
366700;35778.0;7050.0;28728.0
366800;35578.0;7050.0;28528.0
366900;35778.0;7050.0;28728.0
367000;35778.0;7050.0;28728.0
367100;35738.0;7010.0;28728.0
367200;35968.0;7080.0;28888.0
367300;35808.0;7080.0;28728.0
367400;35738.0;7090.0;28648.0
367500;35848.0;7080.0;28768.0
367600;35968.0;7080.0;28888.0
367700;35893.0;7085.0;28808.0
367800;35898.0;7090.0;28808.0
367900;35743.0;7095.0;28648.0
368000;35728.0;7080.0;28648.0
368100;36048.0;7080.0;28968.0
368200;35928.0;7080.0;28848.0
368300;35928.0;7080.0;28848.0
368400;35933.0;7085.0;28848.0
368500;35938.0;7090.0;28848.0
368600;35788.0;7060.0;28728.0
368700;35818.0;7090.0;28728.0
368800;35978.0;7090.0;28888.0
368900;35818.0;7090.0;28728.0
369000;35901.0;7013.0;28888.0
369100;36175.0;7127.0;29048.0
369200;36015.0;7127.0;28888.0
369300;36034.0;7146.0;28888.0
369400;36194.0;7146.0;29048.0
369500;36146.5;7098.5;29048.0
369600;36045.5;7117.5;28928.0
369700;36028.5;7060.5;28968.0
369800;36215.0;7127.0;29088.0
369900;36095.0;7127.0;28968.0
370000;36114.0;7146.0;28968.0
370100;36154.0;7146.0;29008.0
370200;36114.0;7146.0;28968.0
370300;36114.0;7146.0;28968.0
370400;35985.0;6977.0;29008.0
370500;36278.0;7270.0;29008.0
370600;36128.5;7120.5;29008.0
370700;36323.0;7155.0;29168.0
370800;36088.0;7040.0;29048.0
370900;36237.5;7189.5;29048.0
371000;36203.0;7155.0;29048.0
371100;36203.0;7155.0;29048.0
371200;36117.5;7189.5;28928.0
371300;36237.5;7189.5;29048.0
371400;36254.5;7166.5;29088.0
371500;36243.0;7155.0;29088.0
371600;36243.0;7155.0;29088.0
371700;36243.0;7155.0;29088.0
371800;36283.0;7155.0;29128.0
371900;36306.0;7178.0;29128.0
372000;36306.0;7178.0;29128.0
372100;36283.0;7155.0;29128.0
372200;36283.0;7155.0;29128.0
372300;35723.0;7155.0;28568.0
372400;36323.0;7155.0;29168.0
372500;36323.0;7155.0;29168.0
372600;36300.0;7132.0;29168.0
372700;36340.0;7132.0;29208.0
372800;36363.0;7155.0;29208.0
372900;36460.0;7132.0;29328.0
373000;36351.5;7143.5;29208.0
373100;36363.0;7155.0;29208.0
373200;36340.0;7132.0;29208.0
373300;36363.0;7155.0;29208.0
373400;36380.0;7132.0;29248.0
373500;36380.0;7132.0;29248.0
373600;36391.5;7143.5;29248.0
373700;36443.0;7155.0;29288.0
373800;36443.0;7155.0;29288.0
373900;36431.5;7143.5;29288.0
374000;36397.0;7109.0;29288.0
374100;36545.5;7097.5;29448.0
374200;36397.0;7109.0;29288.0
374300;36397.0;7109.0;29288.0
374400;36391.0;7063.0;29328.0
374500;36414.0;7086.0;29328.0
374600;36534.0;7086.0;29448.0
374700;36454.0;7086.0;29368.0
374800;36408.0;7040.0;29368.0
374900;36248.0;7040.0;29208.0
375000;36419.5;7051.5;29368.0
375100;36591.0;7063.0;29528.0
375200;36454.0;7086.0;29368.0
375300;36459.5;7051.5;29408.0
375400;36528.5;7120.5;29408.0
375500;36425.0;7137.0;29288.0
375600;36419.0;7131.0;29288.0
375700;36419.0;7131.0;29288.0
375800;36699.0;7131.0;29568.0
375900;36603.0;7155.0;29448.0
376000;36603.0;7155.0;29448.0
376100;36579.0;7131.0;29448.0
376200;36555.0;7107.0;29448.0
376300;36531.0;7083.0;29448.0
376400;36595.0;7107.0;29488.0
376500;36595.0;7107.0;29488.0
376600;36487.0;7119.0;29368.0
376700;36131.0;7083.0;29048.0
376800;36611.0;7083.0;29528.0
376900;36635.0;7107.0;29528.0
377000;36647.0;7119.0;29528.0
377100;36611.0;7083.0;29528.0
377200;36587.0;7059.0;29528.0
377300;36455.0;7047.0;29408.0
377400;36651.0;7083.0;29568.0
377500;36651.0;7083.0;29568.0
377600;36659.0;7091.0;29568.0
377700;36727.0;7119.0;29608.0
377800;36755.0;7147.0;29608.0
377900;36755.0;7147.0;29608.0
378000;36755.0;7147.0;29608.0
378100;36705.0;7217.0;29488.0
378200;36663.0;7175.0;29488.0
378300;36943.0;7175.0;29768.0
378400;36879.0;7231.0;29648.0
378500;36851.0;7203.0;29648.0
378600;36703.0;7175.0;29528.0
378700;36891.0;7203.0;29688.0
378800;37025.0;7217.0;29808.0
378900;36891.0;7203.0;29688.0
379000;36891.0;7203.0;29688.0
379100;36973.0;7245.0;29728.0
379200;36947.0;7259.0;29688.0
379300;37079.0;7231.0;29848.0
379400;36959.0;7231.0;29728.0
379500;36959.0;7231.0;29728.0
379600;37029.0;7301.0;29728.0
379700;36971.0;7203.0;29768.0
379800;36811.0;7203.0;29608.0
379900;36933.0;7045.0;29888.0
380000;36983.0;7215.0;29768.0
380100;37126.0;7198.0;29928.0
380200;37000.0;7232.0;29768.0
380300;36949.0;7181.0;29768.0
380400;36949.0;7181.0;29768.0
380500;36881.0;7113.0;29768.0
380600;37057.0;7249.0;29808.0
380700;37057.0;7249.0;29808.0
380800;37029.0;7181.0;29848.0
380900;37213.0;7245.0;29968.0
381000;36975.0;7287.0;29688.0
381100;37177.0;7329.0;29848.0
381200;37191.0;7343.0;29848.0
381300;37151.0;7303.0;29848.0
381400;37151.0;7303.0;29848.0
381500;37191.0;7303.0;29888.0
381600;37191.0;7303.0;29888.0
381700;37544.0;7496.0;30048.0
381800;37323.0;7275.0;30048.0
381900;37323.0;7275.0;30048.0
382000;37043.0;7275.0;29768.0
382100;37220.0;7292.0;29928.0
382200;37203.0;7275.0;29928.0
382300;37186.0;7258.0;29928.0
382400;37226.0;7258.0;29968.0
382500;37243.0;7275.0;29968.0
382600;37397.0;7309.0;30088.0
382700;37402.0;7394.0;30008.0
382800;37317.0;7309.0;30008.0
382900;37437.0;7309.0;30128.0
383000;37359.0;7351.0;30008.0
383100;37743.0;7295.0;30448.0
383200;37729.0;7281.0;30448.0
383300;37359.0;7351.0;30008.0
383400;37519.0;7351.0;30168.0
383500;37547.0;7379.0;30168.0
383600;37627.5;7459.5;30168.0
383700;37421.0;7333.0;30088.0
383800;37421.0;7333.0;30088.0
383900;37421.0;7333.0;30088.0
384000;37444.0;7356.0;30088.0
384100;37421.0;7333.0;30088.0
384200;37426.0;7338.0;30088.0
384300;37586.0;7338.0;30248.0
384400;37373.0;7365.0;30008.0
384500;37346.0;7338.0;30008.0
384600;37319.0;7311.0;30008.0
384700;37346.0;7338.0;30008.0
384800;37593.0;7425.0;30168.0
384900;37503.0;7335.0;30168.0
385000;37493.0;7325.0;30168.0
385100;37393.0;7345.0;30048.0
385200;37513.0;7345.0;30168.0
385300;37393.0;7345.0;30048.0
385400;37433.0;7345.0;30088.0
385500;37673.0;7345.0;30328.0
385600;37623.0;7415.0;30208.0
385700;37593.0;7345.0;30248.0
385800;37603.0;7355.0;30248.0
385900;37573.0;7325.0;30248.0
386000;37573.0;7325.0;30248.0
386100;37573.0;7325.0;30248.0
386200;37593.0;7345.0;30248.0
386300;37593.0;7345.0;30248.0
386400;37633.0;7345.0;30288.0
386500;37718.0;7430.0;30288.0
386600;37643.0;7355.0;30288.0
386700;37683.0;7355.0;30328.0
386800;37538.0;7370.0;30168.0
386900;37803.0;7355.0;30448.0
387000;37843.0;7355.0;30488.0
387100;37728.0;7400.0;30328.0
387200;37683.0;7355.0;30328.0
387300;37843.0;7355.0;30488.0
387400;37738.0;7370.0;30368.0
387500;37723.0;7355.0;30368.0
387600;37723.0;7355.0;30368.0
387700;37763.0;7355.0;30408.0
387800;37778.0;7370.0;30408.0
387900;37618.0;7370.0;30248.0
388000;37763.0;7355.0;30408.0
388100;37808.0;7400.0;30408.0
388200;37763.0;7355.0;30408.0
388300;37643.0;7355.0;30288.0
388400;37803.0;7355.0;30448.0
388500;37618.0;7370.0;30248.0
388600;37818.0;7370.0;30448.0
388700;37858.0;7370.0;30488.0
388800;37873.0;7385.0;30488.0
388900;37728.0;7400.0;30328.0
389000;38018.0;7370.0;30648.0
389100;38018.0;7370.0;30648.0
389200;37858.0;7370.0;30488.0
389300;37858.0;7370.0;30488.0
389400;37898.0;7370.0;30528.0
389500;37875.5;7347.5;30528.0
389600;37395.5;7347.5;30048.0
389700;37915.5;7347.5;30568.0
389800;38128.0;7440.0;30688.0
389900;37899.0;7491.0;30408.0
390000;38083.0;7515.0;30568.0
390100;38071.0;7503.0;30568.0
390200;38071.0;7503.0;30568.0
390300;38083.0;7515.0;30568.0
390400;38054.0;7566.0;30488.0
390500;38033.0;7545.0;30488.0
390600;38195.0;7587.0;30608.0
390700;38334.0;7566.0;30768.0
390800;38334.0;7566.0;30768.0
390900;38245.5;7597.5;30648.0
391000;38245.5;7597.5;30648.0
391100;38094.0;7566.0;30528.0
391200;38214.0;7566.0;30648.0
391300;38242.0;7594.0;30648.0
391400;38162.0;7594.0;30568.0
391500;38307.0;7619.0;30688.0
391600;38244.5;7556.5;30688.0
391700;38322.0;7594.0;30728.0
391800;38372.0;7644.0;30728.0
391900;38442.0;7594.0;30848.0
392000;38322.0;7594.0;30728.0
392100;38322.0;7594.0;30728.0
392200;38322.0;7594.0;30728.0
392300;38347.0;7619.0;30728.0
392400;38362.0;7594.0;30768.0
392500;38397.0;7629.0;30768.0
392600;38327.0;7559.0;30768.0
392700;38467.0;7659.0;30808.0
392800;38467.0;7659.0;30808.0
392900;38417.0;7609.0;30808.0
393000;38417.0;7609.0;30808.0
393100;38577.0;7609.0;30968.0
393200;38417.0;7609.0;30808.0
393300;38557.0;7589.0;30968.0
393400;38437.0;7589.0;30848.0
393500;38477.0;7629.0;30848.0
393600;38457.0;7609.0;30848.0
393700;38597.0;7589.0;31008.0
393800;38190.0;7462.0;30728.0
393900;38495.0;7607.0;30888.0
394000;38335.0;7607.0;30728.0
394100;38495.0;7607.0;30888.0
394200;38495.0;7607.0;30888.0
394300;38404.0;7636.0;30768.0
394400;38564.0;7636.0;30928.0
394500;38564.0;7636.0;30928.0
394600;38564.0;7636.0;30928.0
394700;38404.0;7476.0;30928.0
394800;38614.0;7646.0;30968.0
394900;38836.0;7748.0;31088.0
395000;38791.0;7663.0;31128.0
395100;38774.0;7646.0;31128.0
395200;38614.0;7646.0;30968.0
395300;38740.0;7612.0;31128.0
395400;38654.0;7646.0;31008.0
395500;38654.0;7646.0;31008.0
395600;38654.0;7646.0;31008.0
395700;38677.0;7629.0;31048.0
395800;38728.0;7680.0;31048.0
395900;38728.0;7680.0;31048.0
396000;38728.0;7680.0;31048.0
396100;38608.0;7680.0;30928.0
396200;38728.0;7680.0;31048.0
396300;38711.0;7663.0;31048.0
396400;38699.0;7731.0;30968.0
396500;38614.0;7646.0;30968.0
396600;38802.0;7714.0;31088.0
396700;38665.0;7697.0;30968.0
396800;38774.0;7646.0;31128.0
396900;38808.0;7680.0;31128.0
397000;38808.0;7680.0;31128.0
397100;38825.0;7697.0;31128.0
397200;38808.0;7680.0;31128.0
397300;38808.0;7680.0;31128.0
397400;38814.0;7646.0;31168.0
397500;38934.0;7646.0;31288.0
397600;38934.0;7646.0;31288.0
397700;38854.0;7646.0;31208.0
397800;38854.0;7646.0;31208.0
397900;38820.0;7612.0;31208.0
398000;38963.0;7595.0;31368.0
398100;38803.0;7595.0;31208.0
398200;38854.0;7646.0;31208.0
398300;38854.0;7646.0;31208.0
398400;38894.0;7646.0;31248.0
398500;38774.0;7646.0;31128.0
398600;38774.0;7646.0;31128.0
398700;38934.0;7646.0;31288.0
398800;38934.0;7646.0;31288.0
398900;38934.0;7646.0;31288.0
399000;38774.0;7646.0;31128.0
399100;38808.0;7680.0;31128.0
399200;38968.0;7680.0;31288.0
399300;38968.0;7680.0;31288.0
399400;38888.0;7680.0;31208.0
399500;39008.0;7680.0;31328.0
399600;39008.0;7680.0;31328.0
399700;39168.0;7680.0;31488.0
399800;38991.0;7663.0;31328.0
399900;38888.0;7680.0;31208.0
400000;39208.0;7680.0;31528.0
400100;39048.0;7680.0;31368.0
400200;39048.0;7680.0;31368.0
400300;39048.0;7680.0;31368.0
400400;39054.0;7646.0;31408.0
400500;39173.0;7765.0;31408.0
400600;39088.0;7680.0;31408.0
400700;39088.0;7680.0;31408.0
400800;39162.0;7714.0;31448.0
400900;39054.0;7646.0;31408.0
401000;38614.0;7646.0;30968.0
401100;39094.0;7646.0;31448.0
401200;39253.0;7765.0;31488.0
401300;39134.0;7646.0;31488.0
401400;39289.0;7801.0;31488.0
401500;39144.0;7656.0;31488.0
401600;39144.0;7656.0;31488.0
401700;39207.0;7719.0;31488.0
401800;39087.0;7719.0;31368.0
401900;39347.0;7699.0;31648.0
402000;39207.0;7679.0;31528.0
402100;39227.0;7699.0;31528.0
402200;39197.0;7669.0;31528.0
402300;39107.0;7699.0;31408.0
402400;39267.0;7699.0;31568.0
402500;39187.0;7739.0;31448.0
402600;39422.0;7734.0;31688.0
402700;39219.5;7771.5;31448.0
402800;39342.0;7734.0;31608.0
402900;39379.5;7771.5;31608.0
403000;39342.0;7734.0;31608.0
403100;39342.0;7734.0;31608.0
403200;39342.0;7734.0;31608.0
403300;39382.0;7734.0;31648.0
403400;39369.5;7721.5;31648.0
403500;39477.0;7709.0;31768.0
403600;39357.0;7709.0;31648.0
403700;39469.5;7821.5;31648.0
403800;39422.0;7734.0;31688.0
403900;39422.0;7734.0;31688.0
404000;39262.0;7734.0;31528.0
404100;39397.0;7709.0;31688.0
404200;39422.0;7734.0;31688.0
404300;39342.0;7734.0;31608.0
404400;39462.0;7734.0;31728.0
404500;39387.0;7659.0;31728.0
404600;39387.0;7659.0;31728.0
404700;39342.0;7734.0;31608.0
404800;39502.0;7734.0;31768.0
404900;39502.0;7734.0;31768.0
405000;39527.0;7759.0;31768.0
405100;39514.5;7746.5;31768.0
405200;39662.0;7734.0;31928.0
405300;39662.0;7734.0;31928.0
405400;39556.0;7748.0;31808.0
405500;39556.0;7748.0;31808.0
405600;39315.5;7707.5;31608.0
405700;39583.0;7775.0;31808.0
405800;39596.0;7748.0;31848.0
405900;39596.0;7748.0;31848.0
406000;39436.0;7748.0;31688.0
406100;39183.0;7775.0;31408.0
406200;39596.0;7748.0;31848.0
406300;39636.0;7748.0;31888.0
406400;39636.0;7748.0;31888.0
406500;39676.5;7788.5;31888.0
406600;39636.0;7748.0;31888.0
406700;39636.0;7748.0;31888.0
406800;39649.5;7761.5;31888.0
406900;39636.0;7748.0;31888.0
407000;39636.0;7748.0;31888.0
407100;39596.5;7788.5;31808.0
407200;39703.0;7775.0;31928.0
407300;39449.0;7721.0;31728.0
407400;39745.0;7777.0;31968.0
407500;39764.0;7796.0;31968.0
407600;39735.5;7767.5;31968.0
407700;39764.0;7796.0;31968.0
407800;39905.0;7777.0;32128.0
407900;39813.5;7805.5;32008.0
408000;39785.0;7777.0;32008.0
408100;39785.0;7777.0;32008.0
408200;39785.0;7777.0;32008.0
408300;39825.0;7777.0;32048.0
408400;39686.0;7758.0;31928.0
408500;39806.0;7758.0;32048.0
408600;39806.0;7758.0;32048.0
408700;39806.0;7758.0;32048.0
408800;39846.0;7758.0;32088.0
408900;39874.5;7786.5;32088.0
409000;39846.0;7758.0;32088.0
409100;39726.0;7758.0;31968.0
409200;39890.0;7642.0;32248.0
409300;39939.0;7811.0;32128.0
409400;39926.0;7798.0;32128.0
409500;39749.0;7621.0;32128.0
409600;39914.0;7786.0;32128.0
409700;39897.5;7769.5;32128.0
409800;39904.5;7736.5;32168.0
409900;39954.0;7786.0;32168.0
410000;39954.0;7786.0;32168.0
410100;39921.0;7753.0;32168.0
410200;40114.0;7786.0;32328.0
410300;39994.0;7786.0;32208.0
410400;39961.0;7753.0;32208.0
410500;40114.0;7786.0;32328.0
410600;40076.5;7868.5;32208.0
410700;39944.5;7736.5;32208.0
410800;40034.0;7786.0;32248.0
410900;40050.5;7802.5;32248.0
411000;39907.0;7819.0;32088.0
411100;40067.0;7819.0;32248.0
411200;39947.0;7819.0;32128.0
411300;39947.0;7819.0;32128.0
411400;40074.0;7786.0;32288.0
411500;40107.0;7819.0;32288.0
411600;40107.0;7819.0;32288.0
411700;40227.0;7819.0;32408.0
411800;40267.0;7819.0;32448.0
411900;40147.0;7819.0;32328.0
412000;40163.5;7835.5;32328.0
412100;40081.0;7753.0;32328.0
412200;40114.0;7786.0;32328.0
412300;40147.0;7819.0;32328.0
412400;40114.0;7786.0;32328.0
412500;40154.0;7786.0;32368.0
412600;40154.0;7786.0;32368.0
412700;40034.0;7786.0;32248.0
412800;40160.0;7752.0;32408.0
412900;40141.5;7733.5;32408.0
413000;40037.0;7789.0;32248.0
413100;40197.0;7789.0;32408.0
413200;40357.0;7789.0;32568.0
413300;40237.0;7789.0;32448.0
413400;40292.5;7844.5;32448.0
413500;40218.5;7770.5;32448.0
413600;40274.0;7826.0;32448.0
413700;40311.0;7863.0;32448.0
413800;40191.0;7863.0;32328.0
413900;40397.0;7789.0;32608.0
414000;40277.0;7789.0;32488.0
414100;40277.0;7789.0;32488.0
414200;40199.0;7831.0;32368.0
414300;40359.0;7831.0;32528.0
414400;40421.0;7893.0;32528.0
414500;40359.0;7831.0;32528.0
414600;40405.5;7877.5;32528.0
414700;40359.0;7831.0;32528.0
414800;40488.0;7800.0;32688.0
414900;40352.5;7784.5;32568.0
415000;40399.0;7831.0;32568.0
415100;40590.0;7862.0;32728.0
415200;40430.0;7862.0;32568.0
415300;40368.0;7800.0;32568.0
415400;40319.0;7831.0;32488.0
415500;40439.0;7831.0;32608.0
415600;40439.0;7831.0;32608.0
415700;40528.0;7800.0;32728.0
415800;40448.0;7800.0;32648.0
415900;40448.0;7800.0;32648.0
416000;40299.0;7811.0;32488.0
416100;40459.0;7811.0;32648.0
416200;40403.5;7755.5;32648.0
416300;40513.0;7825.0;32688.0
416400;40454.5;7766.5;32688.0
416500;40513.0;7825.0;32688.0
416600;40513.0;7825.0;32688.0
416700;40513.0;7825.0;32688.0
416800;40631.0;7903.0;32728.0
416900;40471.0;7903.0;32568.0
417000;40514.0;7786.0;32728.0
417100;40433.0;7825.0;32608.0
417200;40593.0;7825.0;32768.0
417300;40632.0;7864.0;32768.0
417400;40632.0;7864.0;32768.0
417500;40512.0;7864.0;32648.0
417600;40453.5;7805.5;32648.0
417700;40495.5;7727.5;32768.0
417800;40792.0;7864.0;32928.0
417900;40672.0;7864.0;32808.0
418000;40730.5;7922.5;32808.0
418100;40672.0;7864.0;32808.0
418200;40711.0;7903.0;32808.0
418300;40751.0;7903.0;32848.0
418400;40790.0;7942.0;32848.0
418500;40712.0;7864.0;32848.0
418600;40770.5;7922.5;32848.0
418700;40751.0;7903.0;32848.0
418800;40791.0;7903.0;32888.0
418900;40927.5;8039.5;32888.0
419000;40670.0;7942.0;32728.0
419100;40830.0;7942.0;32888.0
419200;40671.0;7903.0;32768.0
419300;40652.5;7844.5;32808.0
419400;40831.0;7903.0;32928.0
419500;40850.5;7922.5;32928.0
419600;40652.5;7844.5;32808.0
419700;40912.0;7864.0;33048.0
419800;40929.5;7961.5;32968.0
419900;40871.0;7903.0;32968.0
420000;40812.5;7844.5;32968.0
420100;40832.0;7864.0;32968.0
420200;40871.0;7903.0;32968.0
420300;40891.5;7883.5;33008.0
420400;40911.0;7903.0;33008.0
420500;40771.5;7883.5;32888.0
420600;40771.5;7883.5;32888.0
420700;40911.0;7903.0;33008.0
420800;40912.0;7864.0;33048.0
420900;40791.0;7903.0;32888.0
421000;40951.0;7903.0;33048.0
421100;40892.5;7844.5;33048.0
421200;40951.0;7903.0;33048.0
421300;40871.0;7903.0;32968.0
421400;41392.0;7864.0;33528.0
421500;41189.0;7981.0;33208.0
421600;41069.0;7981.0;33088.0
421700;41111.0;7903.0;33208.0
421800;41128.5;8000.5;33128.0
421900;41128.5;8000.5;33128.0
422000;41128.5;8000.5;33128.0
422100;41269.0;7981.0;33288.0
422200;41109.0;7981.0;33128.0
422300;41149.0;7981.0;33168.0
422400;41149.0;7981.0;33168.0
422500;41188.0;8020.0;33168.0
422600;41188.0;8020.0;33168.0
422700;41207.5;8039.5;33168.0
422800;41189.0;7981.0;33208.0
422900;41189.0;7981.0;33208.0
423000;41325.5;8117.5;33208.0
423100;41150.0;7942.0;33208.0
423200;41169.5;7961.5;33208.0
423300;41131.5;7883.5;33248.0
423400;41268.0;8020.0;33248.0
423500;41388.0;8020.0;33368.0
423600;41229.0;7981.0;33248.0
423700;41349.0;7981.0;33368.0
423800;41428.0;8020.0;33408.0
423900;41459.0;8171.0;33288.0
424000;41251.0;7963.0;33288.0
424100;41251.0;7963.0;33288.0
424200;41195.0;8027.0;33168.0
424300;41507.0;8059.0;33448.0
424400;41491.0;8043.0;33448.0
424500;41355.0;8027.0;33328.0
424600;41355.0;8027.0;33328.0
424700;41355.0;8027.0;33328.0
424800;41395.0;8027.0;33368.0
424900;41398.0;8030.0;33368.0
425000;41455.0;8087.0;33368.0
425100;41455.0;8087.0;33368.0
425200;41497.0;8129.0;33368.0
425300;42097.0;8129.0;33968.0
425400;41537.0;8129.0;33408.0
425500;41537.0;8129.0;33408.0
425600;41569.0;8161.0;33408.0
425700;41689.0;8161.0;33528.0
425800;41618.0;8210.0;33408.0
425900;41658.0;8210.0;33448.0
426000;41658.0;8210.0;33448.0
426100;41697.0;8249.0;33448.0
426200;41619.0;8171.0;33448.0
426300;41818.0;8210.0;33608.0
426400;41818.0;8210.0;33608.0
426500;41578.0;8210.0;33368.0
426600;41698.0;8210.0;33488.0
426700;41737.0;8249.0;33488.0
426800;41816.0;8288.0;33528.0
426900;41578.0;8210.0;33368.0
427000;41738.0;8210.0;33528.0
427100;41796.5;8268.5;33528.0
427200;41738.0;8210.0;33528.0
427300;41836.5;8268.5;33568.0
427400;42179.0;8171.0;34008.0
427500;41778.0;8210.0;33568.0
427600;41778.0;8210.0;33568.0
427700;41898.0;8210.0;33688.0
427800;41681.5;8073.5;33608.0
427900;41899.0;8171.0;33728.0
428000;41805.5;8357.5;33448.0
428100;41955.0;8187.0;33768.0
428200;41764.0;8156.0;33608.0
428300;41866.0;8218.0;33648.0
428400;41866.0;8218.0;33648.0
428500;41835.0;8187.0;33648.0
428600;41715.0;8187.0;33528.0
428700;41819.5;8171.5;33648.0
428800;41952.5;8264.5;33688.0
428900;41875.0;8187.0;33688.0
429000;41906.0;8218.0;33688.0
429100;41875.0;8187.0;33688.0
429200;41875.0;8187.0;33688.0
429300;41915.0;8187.0;33728.0
429400;41899.5;8171.5;33728.0
429500;41946.0;8218.0;33728.0
429600;42066.0;8218.0;33848.0
429700;41915.0;8187.0;33728.0
429800;42052.0;8324.0;33728.0
429900;41967.0;8199.0;33768.0
430000;41967.0;8199.0;33768.0
430100;41967.0;8199.0;33768.0
430200;41992.0;8224.0;33768.0
430300;42060.0;8252.0;33808.0
430400;42081.0;8273.0;33808.0
430500;42060.0;8252.0;33808.0
430600;42081.0;8273.0;33808.0
430700;42201.0;8273.0;33928.0
430800;41961.0;8273.0;33688.0
430900;42121.0;8273.0;33848.0
431000;42121.0;8273.0;33848.0
431100;42142.0;8294.0;33848.0
431200;42142.0;8294.0;33848.0
431300;42281.0;8273.0;34008.0
431400;42020.0;8252.0;33768.0
431500;42030.5;8262.5;33768.0
431600;42140.0;8252.0;33888.0
431700;42140.0;8252.0;33888.0
431800;42180.0;8252.0;33928.0
431900;42159.0;8231.0;33928.0
432000;42180.0;8252.0;33928.0
432100;42371.5;8283.5;34088.0
432200;42169.5;8241.5;33928.0
432300;42100.0;8252.0;33848.0
432400;42361.0;8273.0;34088.0
432500;42209.5;8241.5;33968.0
432600;42220.0;8252.0;33968.0
432700;42241.0;8273.0;33968.0
432800;42380.0;8252.0;34128.0
432900;42228.5;8220.5;34008.0
433000;41822.0;8294.0;33528.0
433100;42342.5;8334.5;34008.0
433200;42462.0;8294.0;34168.0
433300;42463.5;8415.5;34048.0
433400;42369.0;8321.0;34048.0
433500;42396.0;8348.0;34048.0
433600;42369.0;8321.0;34048.0
433700;42411.0;8363.0;34048.0
433800;42274.5;8346.5;33928.0
433900;42571.0;8363.0;34208.0
434000;42550.0;8462.0;34088.0
434100;42566.5;8478.5;34088.0
434200;42500.5;8412.5;34088.0
434300;42660.5;8412.5;34248.0
434400;42611.0;8363.0;34248.0
434500;42491.0;8363.0;34128.0
434600;42561.5;8313.5;34248.0
434700;42561.5;8313.5;34248.0
434800;42498.0;8330.0;34168.0
434900;42498.0;8330.0;34168.0
435000;42498.0;8330.0;34168.0
435100;42818.0;8330.0;34488.0
435200;42818.0;8330.0;34488.0
435300;42538.0;8330.0;34208.0
435400;42451.0;8363.0;34088.0
435500;42505.0;8297.0;34208.0
435600;42532.0;8324.0;34208.0
435700;42568.0;8360.0;34208.0
435800;42608.0;8360.0;34248.0
435900;42448.0;8360.0;34088.0
436000;42732.0;8324.0;34408.0
436100;43030.0;8342.0;34688.0
436200;42608.0;8360.0;34248.0
436300;42684.0;8396.0;34288.0
436400;42546.0;8378.0;34168.0
436500;42678.0;8270.0;34408.0
436600;42612.0;8324.0;34288.0
436700;42720.0;8432.0;34288.0
436800;42778.0;8450.0;34328.0
436900;42664.0;8216.0;34448.0
437000;42812.0;8324.0;34488.0
437100;42478.0;8270.0;34208.0
437200;42616.0;8288.0;34328.0
437300;42620.0;8252.0;34368.0
437400;42602.0;8234.0;34368.0
437500;42536.0;8288.0;34248.0
437600;42536.0;8288.0;34248.0
437700;42536.0;8288.0;34248.0
437800;42624.0;8216.0;34408.0
437900;42624.0;8216.0;34408.0
438000;42624.0;8216.0;34408.0
438100;42660.0;8252.0;34408.0
438200;42660.0;8252.0;34408.0
438300;42700.0;8252.0;34448.0
438400;42860.0;8252.0;34608.0
438500;43104.0;8216.0;34888.0
438600;42592.0;8144.0;34448.0
438700;42592.0;8144.0;34448.0
438800;42650.0;8162.0;34488.0
438900;42508.0;8180.0;34328.0
439000;42562.0;8234.0;34328.0
439100;42924.5;8276.5;34648.0
439200;42940.0;8292.0;34648.0
439300;42940.0;8292.0;34648.0
439400;42789.0;8261.0;34528.0
439500;42742.5;8214.5;34528.0
439600;42742.5;8214.5;34528.0
439700;42878.0;8230.0;34648.0
439800;42847.0;8279.0;34568.0
439900;42871.0;8303.0;34568.0
440000;42847.0;8279.0;34568.0
440100;42847.0;8279.0;34568.0
440200;43007.0;8279.0;34728.0
440300;42911.0;8303.0;34608.0
440400;42791.0;8303.0;34488.0
440500;43031.0;8303.0;34728.0
440600;42791.0;8303.0;34488.0
440700;43073.0;8345.0;34728.0
440800;42993.0;8345.0;34648.0
440900;43007.0;8359.0;34648.0
441000;42926.5;8278.5;34648.0
441100;42984.0;8336.0;34648.0
441200;43007.0;8359.0;34648.0
441300;43184.0;8336.0;34848.0
441400;43024.0;8336.0;34688.0
441500;43047.0;8359.0;34688.0
441600;43012.5;8324.5;34688.0
441700;43047.0;8359.0;34688.0
441800;42950.0;8382.0;34568.0
441900;42951.0;8223.0;34728.0
442000;43131.0;8403.0;34728.0
442100;43051.0;8283.0;34768.0
442200;42981.0;8373.0;34608.0
442300;43183.0;8415.0;34768.0
442400;43063.0;8415.0;34648.0
442500;43183.0;8415.0;34768.0
442600;43207.0;8439.0;34768.0
442700;43225.0;8457.0;34768.0
442800;43247.0;8439.0;34808.0
442900;43220.0;8412.0;34808.0
443000;43220.0;8412.0;34808.0
443100;43238.0;8430.0;34808.0
443200;43272.0;8464.0;34808.0
443300;43333.0;8485.0;34848.0
443400;43333.0;8485.0;34848.0
443500;43361.0;8513.0;34848.0
443600;43467.0;8499.0;34968.0
443700;43361.0;8513.0;34848.0
443800;43401.0;8513.0;34888.0
443900;43387.0;8499.0;34888.0
444000;43427.0;8539.0;34888.0
444100;43587.0;8539.0;35048.0
444200;43921.0;8593.0;35328.0
444300;43521.0;8593.0;34928.0
444400;43521.0;8593.0;34928.0
444500;43641.0;8593.0;35048.0
444600;43641.0;8593.0;35048.0
444700;43527.0;8599.0;34928.0
444800;43350.0;8542.0;34808.0
444900;43380.0;8572.0;34808.0
445000;43504.0;8696.0;34808.0
445100;43641.0;8673.0;34968.0
445200;43641.0;8673.0;34968.0
445300;43801.0;8673.0;35128.0
445400;43681.0;8673.0;35008.0
445500;43572.5;8684.5;34888.0
445600;43669.5;8661.5;35008.0
445700;43704.0;8696.0;35008.0
445800;43561.0;8673.0;34888.0
445900;43721.0;8673.0;35048.0
446000;43744.0;8696.0;35048.0
446100;43721.0;8673.0;35048.0
446200;43675.0;8627.0;35048.0
446300;43858.0;8650.0;35208.0
446400;43869.5;8661.5;35208.0
446500;43772.5;8684.5;35088.0
446600;43784.0;8696.0;35088.0
446700;43715.0;8627.0;35088.0
446800;43801.0;8673.0;35128.0
446900;43921.0;8673.0;35248.0
447000;43961.0;8673.0;35288.0
447100;43995.5;8707.5;35288.0
447200;43704.0;8696.0;35008.0
447300;43744.0;8696.0;35048.0
447400;43864.0;8696.0;35168.0
447500;43806.5;8638.5;35168.0
447600;43806.5;8638.5;35168.0
447700;43926.5;8638.5;35288.0
447800;43881.0;8673.0;35208.0
447900;44001.0;8673.0;35328.0
448000;43895.0;8687.0;35208.0
448100;43879.0;8671.0;35208.0
448200;43743.0;8655.0;35088.0
448300;43799.0;8671.0;35128.0
448400;43879.0;8631.0;35248.0
448500;43879.0;8631.0;35248.0
448600;44335.0;8647.0;35688.0
448700;43927.0;8679.0;35248.0
448800;43783.0;8655.0;35128.0
448900;43943.0;8655.0;35288.0
449000;43927.0;8639.0;35288.0
449100;43999.0;8711.0;35288.0
449200;43999.0;8711.0;35288.0
449300;44039.0;8711.0;35328.0
449400;44023.0;8695.0;35328.0
449500;44047.0;8719.0;35328.0
449600;44035.0;8707.0;35328.0
449700;44035.0;8707.0;35328.0
449800;44095.0;8727.0;35368.0
449900;44103.0;8735.0;35368.0
450000;44095.0;8727.0;35368.0
450100;44263.0;8735.0;35528.0
450200;44103.0;8735.0;35368.0
450300;44143.0;8735.0;35408.0
450400;44135.0;8727.0;35408.0
450500;44135.0;8727.0;35408.0
450600;44131.0;8723.0;35408.0
450700;44031.0;8743.0;35288.0
450800;44163.0;8715.0;35448.0
450900;44031.0;8743.0;35288.0
451000;44226.0;8778.0;35448.0
451100;44226.0;8778.0;35448.0
451200;44109.0;8781.0;35328.0
451300;44263.0;8775.0;35488.0
451400;44146.0;8778.0;35368.0
451500;44146.0;8778.0;35368.0
451600;44266.0;8778.0;35488.0
451700;44146.0;8778.0;35368.0
451800;44309.0;8781.0;35528.0
451900;44306.0;8778.0;35528.0
452000;44184.0;8816.0;35368.0
452100;44342.0;8814.0;35528.0
452200;44342.0;8814.0;35528.0
452300;44318.0;8870.0;35448.0
452400;44313.0;8865.0;35448.0
452500;44433.0;8865.0;35568.0
452600;44553.0;8865.0;35688.0
452700;44313.0;8865.0;35448.0
452800;44473.0;8865.0;35608.0
452900;44468.0;8860.0;35608.0
453000;44919.0;8871.0;36048.0
453100;44497.0;8889.0;35608.0
453200;44497.0;8889.0;35608.0
453300;44537.0;8889.0;35648.0
453400;44592.5;8944.5;35648.0
453500;44712.5;8944.5;35768.0
453600;44579.0;8931.0;35648.0
453700;44499.5;8971.5;35528.0
453800;44019.5;8971.5;35048.0
453900;44628.0;8940.0;35688.0
454000;44562.0;8874.0;35688.0
454100;44442.0;8874.0;35568.0
454200;44486.0;8918.0;35568.0
454300;44646.0;8918.0;35728.0
454400;44646.0;8918.0;35728.0
454500;44662.5;8934.5;35728.0
454600;44646.0;8918.0;35728.0
454700;44629.5;8901.5;35728.0
454800;44800.5;8912.5;35888.0
454900;44784.0;8896.0;35888.0
455000;44686.0;8918.0;35768.0
455100;44686.0;8918.0;35768.0
455200;44715.0;8907.0;35808.0
455300;44682.0;8874.0;35808.0
455400;44715.0;8907.0;35808.0
455500;44704.0;8896.0;35808.0
455600;44720.5;8912.5;35808.0
455700;44726.0;8918.0;35808.0
455800;44755.0;8907.0;35848.0
455900;44670.0;8822.0;35848.0
456000;44796.0;8948.0;35848.0
456100;44956.0;8948.0;36008.0
456200;44824.0;8976.0;35848.0
456300;44838.5;8950.5;35888.0
456400;44889.5;9001.5;35888.0
456500;44813.0;8925.0;35888.0
456600;44761.0;8993.0;35768.0
456700;44881.0;8993.0;35888.0
456800;44895.5;8967.5;35928.0
456900;44904.0;8976.0;35928.0
457000;44929.5;9001.5;35928.0
457100;44929.5;9001.5;35928.0
457200;44904.0;8976.0;35928.0
457300;44944.0;8976.0;35968.0
457400;45064.0;8976.0;36088.0
457500;45081.0;8993.0;36088.0
457600;44961.0;8993.0;35968.0
457700;44961.0;8993.0;35968.0
457800;45001.0;8993.0;36008.0
457900;44961.0;8993.0;35968.0
458000;45001.0;8993.0;36008.0
458100;44881.0;8993.0;35888.0
458200;44855.5;8967.5;35888.0
458300;45024.0;8976.0;36048.0
458400;45041.0;8993.0;36048.0
458500;45024.0;8976.0;36048.0
458600;45066.0;9018.0;36048.0
458700;45066.0;9018.0;36048.0
458800;45242.5;9034.5;36208.0
458900;44946.0;9018.0;35928.0
459000;44946.0;9018.0;35928.0
459100;45106.0;9018.0;36088.0
459200;45266.0;9018.0;36248.0
459300;45118.5;8990.5;36128.0
459400;45118.5;8990.5;36128.0
459500;45146.0;9018.0;36128.0
459600;45157.0;9029.0;36128.0
459700;45206.5;9078.5;36128.0
459800;45317.0;9029.0;36288.0
459900;45186.0;9018.0;36168.0
460000;45197.0;9029.0;36168.0
460100;44653.5;9045.5;35608.0
460200;45088.0;9040.0;36048.0
460300;45242.5;9034.5;36208.0
460400;45237.0;9029.0;36208.0
460500;45226.0;9018.0;36208.0
460600;45226.0;9018.0;36208.0
460700;45362.5;9034.5;36328.0
460800;45106.0;9018.0;36088.0
460900;45266.0;9018.0;36248.0
461000;45277.0;9029.0;36248.0
461100;45437.0;9029.0;36408.0
461200;45437.0;9029.0;36408.0
461300;45208.0;9040.0;36168.0
461400;45197.0;9029.0;36168.0
461500;45317.0;9029.0;36288.0
461600;45317.0;9029.0;36288.0
461700;45328.0;9040.0;36288.0
461800;45488.0;9040.0;36448.0
461900;45329.5;9001.5;36328.0
462000;45528.0;9040.0;36488.0
462100;45368.0;9040.0;36328.0
462200;45424.5;9056.5;36368.0
462300;45408.0;9040.0;36368.0
462400;45457.5;9089.5;36368.0
462500;45397.0;9029.0;36368.0
462600;45568.0;9040.0;36528.0
462700;45288.0;9040.0;36248.0
462800;45437.0;9029.0;36408.0
462900;45453.5;9045.5;36408.0
463000;45437.0;9029.0;36408.0
463100;45426.0;9018.0;36408.0
463200;45602.5;9034.5;36568.0
463300;45477.0;9029.0;36448.0
463400;45488.0;9040.0;36448.0
463500;45471.5;9023.5;36448.0
463600;45488.0;9040.0;36448.0
463700;45409.0;8961.0;36448.0
463800;45355.5;9027.5;36328.0
463900;45346.0;9018.0;36328.0
464000;45685.0;9037.0;36648.0
464100;45567.0;9079.0;36488.0
464200;45567.0;9079.0;36488.0
464300;45607.0;9079.0;36528.0
464400;45594.0;9066.0;36528.0
464500;45626.5;9098.5;36528.0
464600;45620.0;9092.0;36528.0
464700;45694.5;9046.5;36648.0
464800;45647.0;9079.0;36568.0
464900;45660.0;9092.0;36568.0
465000;45820.0;9092.0;36728.0
465100;45660.0;9092.0;36568.0
465200;45692.5;9124.5;36568.0
465300;45700.0;9092.0;36608.0
465400;45820.0;9092.0;36728.0
465500;45820.0;9092.0;36728.0
465600;45687.0;9079.0;36608.0
465700;45770.5;9162.5;36608.0
465800;45760.0;9152.0;36608.0
465900;45817.5;9169.5;36648.0
466000;45324.0;9156.0;36168.0
466100;45802.5;9154.5;36648.0
466200;45810.0;9162.0;36648.0
466300;45842.5;9154.5;36688.0
466400;45844.0;9156.0;36688.0
466500;45841.0;9153.0;36688.0
466600;45839.5;9151.5;36688.0
466700;45844.0;9156.0;36688.0
466800;45881.0;9153.0;36728.0
466900;45881.0;9153.0;36728.0
467000;45878.0;9150.0;36728.0
467100;45878.0;9150.0;36728.0
467200;45878.0;9150.0;36728.0
467300;45878.0;9150.0;36728.0
467400;45921.0;9153.0;36768.0
467500;46041.0;9153.0;36888.0
467600;45921.0;9153.0;36768.0
467700;45892.0;9124.0;36768.0
467800;45817.0;9169.0;36648.0
467900;45829.0;9181.0;36648.0
468000;45986.0;9178.0;36808.0
468100;46042.0;9234.0;36808.0
468200;46042.0;9234.0;36808.0
468300;46040.0;9192.0;36848.0
468400;45970.0;9242.0;36728.0
468500;46090.0;9242.0;36848.0
468600;46540.0;9252.0;37288.0
468700;46090.0;9242.0;36848.0
468800;46120.0;9232.0;36888.0
468900;46130.0;9242.0;36888.0
469000;46290.0;9242.0;37048.0
469100;46290.0;9242.0;37048.0
469200;46140.0;9252.0;36888.0
469300;46167.5;9279.5;36888.0
469400;46185.0;9257.0;36928.0
469500;46185.0;9257.0;36928.0
469600;46185.0;9257.0;36928.0
469700;46185.0;9257.0;36928.0
469800;46220.0;9252.0;36968.0
469900;46065.0;9257.0;36808.0
470000;46225.0;9257.0;36968.0
470100;46065.0;9257.0;36808.0
470200;46257.5;9249.5;37008.0
470300;46265.0;9257.0;37008.0
470400;46265.0;9257.0;37008.0
470500;46275.0;9267.0;37008.0
470600;46142.5;9254.5;36888.0
470700;46155.0;9267.0;36888.0
470800;46317.5;9269.5;37048.0
470900;46470.0;9262.0;37208.0
471000;46310.0;9262.0;37048.0
471100;46465.0;9257.0;37208.0
471200;46290.0;9242.0;37048.0
471300;46297.5;9209.5;37088.0
471400;46237.5;9269.5;36968.0
471500;46380.0;9292.0;37088.0
471600;46500.0;9292.0;37208.0
471700;46380.0;9292.0;37088.0
471800;46420.0;9292.0;37128.0
471900;46447.0;9319.0;37128.0
472000;46433.5;9305.5;37128.0
472100;46456.0;9328.0;37128.0
472200;46322.5;9314.5;37008.0
472300;46327.0;9319.0;37008.0
472400;46508.0;9340.0;37168.0
472500;46616.0;9328.0;37288.0
472600;46484.0;9316.0;37168.0
472700;46484.0;9316.0;37168.0
472800;46524.0;9316.0;37208.0
472900;46536.0;9328.0;37208.0
473000;47012.0;9364.0;37648.0
473100;46976.0;9328.0;37648.0
473200;46696.0;9328.0;37368.0
473300;46456.0;9328.0;37128.0
473400;46576.0;9328.0;37248.0
473500;46576.0;9328.0;37248.0
473600;46468.0;9340.0;37128.0
473700;46576.0;9328.0;37248.0
473800;46616.0;9328.0;37288.0
473900;46634.0;9346.0;37288.0
474000;47228.0;9340.0;37888.0
474100;46616.0;9328.0;37288.0
474200;46604.0;9316.0;37288.0
474300;46644.0;9316.0;37328.0
474400;46656.0;9328.0;37328.0
474500;46536.0;9328.0;37208.0
474600;46656.0;9328.0;37328.0
474700;46656.0;9328.0;37328.0
474800;46696.0;9328.0;37368.0
474900;46696.0;9328.0;37368.0
475000;46684.0;9316.0;37368.0
475100;46696.0;9328.0;37368.0
475200;46576.0;9328.0;37248.0
475300;46736.0;9328.0;37408.0
475400;46736.0;9328.0;37408.0
475500;46724.0;9316.0;37408.0
475600;46604.0;9316.0;37288.0
475700;46616.0;9328.0;37288.0
475800;46896.0;9328.0;37568.0
475900;46752.0;9304.0;37448.0
476000;46752.0;9304.0;37448.0
476100;46764.0;9316.0;37448.0
476200;46776.0;9328.0;37448.0
476300;46804.0;9316.0;37488.0
476400;46924.0;9316.0;37608.0
476500;46666.0;9298.0;37368.0
476600;46719.0;9351.0;37368.0
476700;46839.0;9351.0;37488.0
476800;46872.0;9344.0;37528.0
476900;46872.0;9344.0;37528.0
477000;46879.0;9351.0;37528.0
477100;46837.0;9309.0;37528.0
477200;46914.0;9386.0;37528.0
477300;46354.0;9386.0;36968.0
477400;46954.0;9386.0;37568.0
477500;47067.5;9379.5;37688.0
477600;46980.0;9412.0;37568.0
477700;46973.5;9405.5;37568.0
477800;46994.0;9386.0;37608.0
477900;46994.0;9386.0;37608.0
478000;46981.0;9373.0;37608.0
478100;46994.0;9386.0;37608.0
478200;46994.0;9386.0;37608.0
478300;47034.0;9386.0;37648.0
478400;47154.0;9386.0;37768.0
478500;47134.5;9366.5;37768.0
478600;47134.5;9366.5;37768.0
478700;47045.0;9397.0;37648.0
478800;47268.0;9460.0;37808.0
478900;47071.0;9383.0;37688.0
479000;47137.0;9449.0;37688.0
479100;47297.0;9449.0;37848.0
479200;47006.0;9438.0;37568.0
479300;47155.0;9427.0;37728.0
479400;47308.0;9460.0;37848.0
479500;47188.0;9460.0;37728.0
479600;47177.0;9449.0;37728.0
479700;47155.0;9427.0;37728.0
479800;47187.0;9419.0;37768.0
479900;47187.0;9419.0;37768.0
480000;47187.0;9419.0;37768.0
480100;47151.0;9383.0;37768.0
480200;47187.0;9419.0;37768.0
480300;47191.0;9383.0;37808.0
480400;47191.0;9383.0;37808.0
480500;46771.0;9443.0;37328.0
480600;47227.0;9419.0;37808.0
480700;47347.0;9419.0;37928.0
480800;47143.0;9455.0;37688.0
480900;47415.0;9407.0;38008.0
481000;47415.0;9407.0;38008.0
481100;47243.0;9395.0;37848.0
481200;47315.0;9467.0;37848.0
481300;47307.0;9419.0;37888.0
481400;47307.0;9419.0;37888.0
481500;47331.0;9443.0;37888.0
481600;47211.0;9443.0;37768.0
481700;47427.0;9419.0;38008.0
481800;47335.0;9407.0;37928.0
481900;47227.0;9299.0;37928.0
482000;47347.0;9419.0;37928.0
482100;47335.0;9407.0;37928.0
482200;47347.0;9419.0;37928.0
482300;47327.0;9359.0;37968.0
482400;47255.0;9407.0;37848.0
482500;47531.0;9443.0;38088.0
482600;47375.0;9407.0;37968.0
482700;47411.0;9443.0;37968.0
482800;47486.5;9478.5;38008.0
482900;47507.0;9499.0;38008.0
483000;47507.0;9499.0;38008.0
483100;47456.0;9448.0;38008.0
483200;47473.0;9465.0;38008.0
483300;47547.0;9499.0;38048.0
483400;47721.0;9233.0;38488.0
483500;47527.0;9479.0;38048.0
483600;47427.5;9499.5;37928.0
483700;47547.5;9499.5;38048.0
483800;47608.0;9520.0;38088.0
483900;47608.0;9520.0;38088.0
484000;47546.5;9458.5;38088.0
484100;47608.0;9520.0;38088.0
484200;47608.0;9520.0;38088.0
484300;47607.0;9479.0;38128.0
484400;47648.0;9520.0;38128.0
484500;47627.5;9499.5;38128.0
484600;47809.0;9561.0;38248.0
484700;47771.0;9643.0;38128.0
484800;47688.0;9520.0;38168.0
484900;47688.0;9520.0;38168.0
485000;47626.5;9458.5;38168.0
485100;47688.0;9520.0;38168.0
485200;47647.0;9479.0;38168.0
485300;47687.0;9479.0;38208.0
485400;47687.0;9479.0;38208.0
485500;47687.0;9479.0;38208.0
485600;47687.0;9479.0;38208.0
485700;47766.0;9438.0;38328.0
485800;47526.0;9438.0;38088.0
485900;47928.0;9520.0;38408.0
486000;47768.0;9520.0;38248.0
486100;47727.0;9479.0;38248.0
486200;48228.5;9540.5;38688.0
486300;47767.0;9479.0;38288.0
486400;47585.5;9417.5;38168.0
486500;47808.0;9520.0;38288.0
486600;47647.0;9479.0;38168.0
486700;47023.5;9335.5;37688.0
486800;47503.5;9335.5;38168.0
486900;47606.0;9438.0;38168.0
487000;47766.0;9438.0;38328.0
487100;47807.0;9479.0;38328.0
487200;47744.5;9376.5;38368.0
487300;47926.0;9438.0;38488.0
487400;47827.0;9459.0;38368.0
487500;47865.0;9497.0;38368.0
487600;47865.0;9497.0;38368.0
487700;47821.0;9453.0;38368.0
487800;48023.0;9495.0;38528.0
487900;47778.0;9530.0;38248.0
488000;47825.0;9577.0;38248.0
488100;47938.0;9530.0;38408.0
488200;48032.0;9624.0;38408.0
488300;48166.0;9718.0;38448.0
488400;47717.0;9389.0;38328.0
488500;48072.0;9624.0;38448.0
488600;48025.0;9577.0;38448.0
488700;48025.0;9577.0;38448.0
488800;48065.0;9577.0;38488.0
488900;48065.0;9577.0;38488.0
489000;47905.0;9577.0;38328.0
489100;48225.0;9577.0;38648.0
489200;47853.5;9365.5;38488.0
489300;48058.0;9530.0;38528.0
489400;48032.0;9624.0;38408.0
489500;48058.0;9530.0;38528.0
489600;48105.0;9577.0;38528.0
489700;48154.0;9626.0;38528.0
489800;48194.0;9626.0;38568.0
489900;48394.0;9666.0;38728.0
490000;48234.0;9666.0;38568.0
490100;48234.0;9666.0;38568.0
490200;48274.0;9666.0;38608.0
490300;48234.0;9626.0;38608.0
490400;48334.0;9606.0;38728.0
490500;48274.0;9666.0;38608.0
490600;48234.0;9746.0;38488.0
490700;48074.0;9586.0;38488.0
490800;48274.0;9626.0;38648.0
490900;48314.0;9666.0;38648.0
491000;48434.0;9626.0;38808.0
491100;48274.0;9626.0;38648.0
491200;48474.0;9666.0;38808.0
491300;48354.0;9666.0;38688.0
491400;48314.0;9626.0;38688.0
491500;48274.0;9706.0;38568.0
491600;48374.0;9686.0;38688.0
491700;48474.0;9666.0;38808.0
491800;48354.0;9626.0;38728.0
491900;48314.0;9586.0;38728.0
492000;48334.0;9606.0;38728.0
492100;48334.0;9606.0;38728.0
492200;48334.0;9606.0;38728.0
492300;48214.0;9806.0;38408.0
492400;48374.0;9606.0;38768.0
492500;48434.0;9666.0;38768.0
492600;48374.0;9606.0;38768.0
492700;48434.0;9666.0;38768.0
492800;48414.0;9646.0;38768.0
492900;48514.0;9706.0;38808.0
493000;48334.0;9526.0;38808.0
493100;48334.0;9526.0;38808.0
493200;48434.0;9626.0;38808.0
493300;48514.0;9666.0;38848.0
493400;48554.0;9706.0;38848.0
493500;48554.0;9706.0;38848.0
493600;48554.0;9706.0;38848.0
493700;48554.0;9706.0;38848.0
493800;48634.0;9746.0;38888.0
493900;48564.0;9836.0;38728.0
494000;48444.0;9716.0;38728.0
494100;48574.0;9686.0;38888.0
494200;48574.0;9686.0;38888.0
494300;48614.0;9686.0;38928.0
494400;48746.0;9818.0;38928.0
494500;48647.0;9719.0;38928.0
494600;48647.0;9719.0;38928.0
494700;48647.0;9719.0;38928.0
494800;48666.0;9698.0;38968.0
494900;48666.0;9698.0;38968.0
495000;48666.0;9698.0;38968.0
495100;48506.0;9698.0;38808.0
495200;48645.0;9677.0;38968.0
495300;48674.5;9666.5;39008.0
495400;48727.0;9719.0;39008.0
495500;48586.0;9698.0;38888.0
495600;48706.0;9698.0;39008.0
495700;48727.0;9719.0;39008.0
495800;48607.0;9719.0;38888.0
495900;48756.5;9708.5;39048.0
496000;48746.0;9698.0;39048.0
496100;48767.0;9719.0;39048.0
496200;48710.0;9782.0;38928.0
496300;48990.0;9782.0;39208.0
496400;48849.0;9761.0;39088.0
496500;48807.0;9719.0;39088.0
496600;48744.0;9656.0;39088.0
496700;48807.0;9719.0;39088.0
496800;48847.0;9719.0;39128.0
496900;48847.0;9719.0;39128.0
497000;49007.0;9719.0;39288.0
497100;48826.0;9698.0;39128.0
497200;48878.5;9750.5;39128.0
497300;48767.0;9719.0;39048.0
497400;48887.0;9719.0;39168.0
497500;48767.0;9719.0;39048.0
497600;48887.0;9719.0;39168.0
497700;48887.0;9719.0;39168.0
497800;48788.0;9740.0;39048.0
497900;49000.5;9792.5;39208.0
498000;49108.0;9740.0;39368.0
498100;48487.0;9719.0;38768.0
498200;48969.0;9761.0;39208.0
498300;49009.0;9761.0;39248.0
498400;48988.0;9740.0;39248.0
498500;48988.0;9740.0;39248.0
498600;48988.0;9740.0;39248.0
498700;48998.5;9750.5;39248.0
498800;49080.5;9792.5;39288.0
498900;49103.5;9815.5;39288.0
499000;49057.5;9769.5;39288.0
499100;49206.0;9758.0;39448.0
499200;49046.0;9758.0;39288.0
499300;49132.0;9804.0;39328.0
499400;49097.5;9769.5;39328.0
499500;49229.0;9781.0;39448.0
499600;49109.0;9781.0;39328.0
499700;49143.5;9815.5;39328.0
499800;49234.5;9746.5;39488.0
499900;49309.0;9781.0;39528.0
500000;49749.0;9781.0;39968.0
500100;49309.0;9781.0;39528.0
500200;49057.0;9809.0;39248.0
500300;49097.0;9809.0;39288.0
500400;49217.0;9809.0;39408.0
500500;49244.0;9836.0;39408.0
500600;49217.0;9809.0;39408.0
500700;49217.0;9809.0;39408.0
500800;49404.0;9836.0;39568.0
500900;49257.0;9809.0;39448.0
501000;49257.0;9809.0;39448.0
501100;49376.5;9768.5;39608.0
501200;49257.0;9809.0;39448.0
501300;49737.0;9809.0;39928.0
501400;49297.0;9809.0;39488.0
501500;49337.5;9849.5;39488.0
501600;49297.0;9809.0;39488.0
501700;49297.0;9809.0;39488.0
501800;49364.0;9836.0;39528.0
501900;49321.0;9953.0;39368.0
502000;49376.0;9848.0;39528.0
502100;49397.0;9869.0;39528.0
502200;49245.5;9837.5;39408.0
502300;49465.0;9897.0;39568.0
502400;49585.0;9897.0;39688.0
502500;49465.0;9897.0;39568.0
502600;49465.0;9897.0;39568.0
502700;49465.0;9897.0;39568.0
502800;49505.0;9897.0;39608.0
502900;49519.0;9911.0;39608.0
503000;49519.0;9911.0;39608.0
503100;49380.0;9772.0;39608.0
503200;49260.0;9772.0;39488.0
503300;49475.0;9947.0;39528.0
503400;49715.0;9947.0;39768.0
503500;49620.0;9972.0;39648.0
503600;49740.0;9972.0;39768.0
503700;49715.0;9947.0;39768.0
503800;49755.0;9947.0;39808.0
503900;49635.0;9947.0;39688.0
504000;49472.5;9984.5;39488.0
504100;49672.5;9984.5;39688.0
504200;49660.0;9972.0;39688.0
504300;49700.0;9972.0;39728.0
504400;49700.0;9972.0;39728.0
504500;49700.0;9972.0;39728.0
504600;49700.0;9972.0;39728.0
504700;49700.0;9972.0;39728.0
504800;49752.5;9984.5;39768.0
504900;49715.0;9947.0;39768.0
505000;49740.0;9972.0;39768.0
505100;49300.0;9972.0;39328.0
505200;49740.0;9972.0;39768.0
505300;49900.0;9972.0;39928.0
505400;49780.0;9972.0;39808.0
505500;49660.0;9972.0;39688.0
505600;49780.0;9972.0;39808.0
505700;49805.0;9997.0;39808.0
505800;49820.0;9972.0;39848.0
505900;49820.0;9972.0;39848.0
506000;49845.0;9997.0;39848.0
506100;49845.0;9997.0;39848.0
506200;49832.5;9984.5;39848.0
506300;49885.0;9997.0;39888.0
506400;49922.5;10034.5;39888.0
506500;49910.0;10022.0;39888.0
506600;49885.0;9997.0;39888.0
506700;49790.0;10022.0;39768.0
506800;50070.0;10022.0;40048.0
506900;50072.5;9984.5;40088.0
507000;49950.0;10022.0;39928.0
507100;49950.0;10022.0;39928.0
507200;49950.0;10022.0;39928.0
507300;50027.5;10059.5;39968.0
507400;49965.0;9997.0;39968.0
507500;49977.5;10009.5;39968.0
507600;49870.0;10022.0;39848.0
507700;49990.0;10022.0;39968.0
507800;50030.0;10022.0;40008.0
507900;50055.0;10047.0;40008.0
508000;50190.0;10022.0;40168.0
508100;50165.0;9997.0;40168.0
508200;50042.5;10034.5;40008.0
508300;50057.5;10009.5;40048.0
508400;50020.0;9972.0;40048.0
508500;50045.0;9997.0;40048.0
508600;50045.0;9997.0;40048.0
508700;50007.5;9959.5;40048.0
508800;50085.0;9997.0;40088.0
508900;50085.0;9997.0;40088.0
509000;50085.0;9997.0;40088.0
509100;50085.0;9997.0;40088.0
509200;50110.0;10022.0;40088.0
509300;50187.5;10059.5;40128.0
509400;50125.0;9997.0;40128.0
509500;50285.0;9997.0;40288.0
509600;50125.0;9997.0;40128.0
509700;50100.0;9972.0;40128.0
509800;50285.0;9997.0;40288.0
509900;50005.0;9997.0;40008.0
510000;50325.0;9997.0;40328.0
510100;49980.0;9972.0;40008.0
510200;50127.5;9959.5;40168.0
510300;50205.0;9997.0;40208.0
510400;50085.0;9997.0;40088.0
510500;50085.0;9997.0;40088.0
510600;50130.0;9922.0;40208.0
510700;50205.0;9997.0;40208.0
510800;50245.0;9997.0;40248.0
510900;50085.0;9997.0;40088.0
511000;50220.0;9972.0;40248.0
511100;50045.0;9997.0;40048.0
511200;50298.0;10050.0;40248.0
511300;50309.0;10021.0;40288.0
511400;50352.5;10064.5;40288.0
511500;50309.0;10021.0;40288.0
511600;50338.0;10050.0;40288.0
511700;50380.0;10092.0;40288.0
511800;50294.5;10126.5;40168.0
511900;50454.5;10126.5;40328.0
512000;50454.5;10126.5;40328.0
512100;50420.0;10092.0;40328.0
512200;50420.0;10092.0;40328.0
512300;50460.0;10092.0;40368.0
512400;50437.0;10069.0;40368.0
512500;50317.0;10069.0;40248.0
512600;50506.0;10138.0;40368.0
512700;50511.0;10143.0;40368.0
512800;50600.0;10192.0;40408.0
512900;50600.0;10192.0;40408.0
513000;50600.0;10192.0;40408.0
513100;50600.0;10192.0;40408.0
513200;50626.0;10218.0;40408.0
513300;50666.0;10218.0;40448.0
513400;50666.0;10218.0;40448.0
513500;50666.0;10218.0;40448.0
513600;51239.0;10231.0;41008.0
513700;50692.0;10244.0;40448.0
513800;50706.0;10218.0;40488.0
513900;50758.0;10270.0;40488.0
514000;50758.0;10270.0;40488.0
514100;50719.0;10231.0;40488.0
514200;50706.0;10218.0;40488.0
514300;50616.0;10088.0;40528.0
514400;50616.0;10088.0;40528.0
514500;50781.0;10253.0;40528.0
514600;50765.5;10237.5;40528.0
514700;50765.5;10237.5;40528.0
514800;50645.5;10237.5;40408.0
514900;50661.0;10253.0;40408.0
515000;50883.0;10315.0;40568.0
515100;50852.0;10284.0;40568.0
515200;50883.0;10315.0;40568.0
515300;50741.0;10253.0;40488.0
515400;50772.0;10284.0;40488.0
515500;50892.0;10284.0;40608.0
515600;50772.0;10284.0;40488.0
515700;50892.0;10284.0;40608.0
515800;50932.0;10284.0;40648.0
515900;51092.0;10284.0;40808.0
516000;51061.0;10253.0;40808.0
516100;50932.0;10284.0;40648.0
516200;50963.0;10315.0;40648.0
516300;51038.0;10350.0;40688.0
516400;50999.0;10311.0;40688.0
516500;50999.0;10311.0;40688.0
516600;51012.0;10324.0;40688.0
516700;51012.0;10324.0;40688.0
516800;51013.0;10285.0;40728.0
516900;51052.0;10324.0;40728.0
517000;51052.0;10324.0;40728.0
517100;51052.0;10324.0;40728.0
517200;50906.0;10298.0;40608.0
517300;51066.0;10298.0;40768.0
517400;51106.0;10338.0;40768.0
517500;51106.0;10338.0;40768.0
517600;51127.0;10359.0;40768.0
517700;50927.0;10359.0;40568.0
517800;51167.0;10359.0;40808.0
517900;51167.0;10359.0;40808.0
518000;51167.0;10359.0;40808.0
518100;51167.0;10359.0;40808.0
518200;51188.0;10380.0;40808.0
518300;51207.0;10359.0;40848.0
518400;51238.5;10390.5;40848.0
518500;51238.5;10390.5;40848.0
518600;51358.5;10390.5;40968.0
518700;51285.0;10317.0;40968.0
518800;51247.0;10359.0;40888.0
518900;51247.0;10359.0;40888.0
519000;51247.0;10359.0;40888.0
519100;51087.0;10359.0;40728.0
519200;51407.0;10359.0;41048.0
519300;51266.0;10338.0;40928.0
519400;51266.0;10338.0;40928.0
519500;51266.0;10338.0;40928.0
519600;51245.0;10317.0;40928.0
519700;51245.0;10317.0;40928.0
519800;50805.0;10317.0;40488.0
519900;51285.0;10317.0;40968.0
520000;51285.0;10317.0;40968.0
520100;51306.0;10338.0;40968.0
520200;51327.0;10359.0;40968.0
520300;51367.0;10359.0;41008.0
520400;51367.0;10359.0;41008.0
520500;51346.0;10338.0;41008.0
520600;51346.0;10338.0;41008.0
520700;51325.0;10317.0;41008.0
520800;51386.0;10338.0;41048.0
520900;51226.0;10338.0;40888.0
521000;51226.0;10338.0;40888.0
521100;51386.0;10338.0;41048.0
521200;51365.0;10317.0;41048.0
521300;51274.5;10306.5;40968.0
521400;51546.0;10338.0;41208.0
521500;51426.0;10338.0;41088.0
521600;51447.0;10359.0;41088.0
521700;51447.0;10359.0;41088.0
521800;51455.5;10327.5;41128.0
521900;51455.5;10327.5;41128.0
522000;51696.0;10408.0;41288.0
522100;51351.0;10383.0;40968.0
522200;51411.0;10283.0;41128.0
522300;51576.0;10408.0;41168.0
522400;51456.0;10408.0;41048.0
522500;51476.0;10308.0;41168.0
522600;51526.0;10358.0;41168.0
522700;51706.0;10418.0;41288.0
522800;51596.0;10388.0;41208.0
522900;51626.0;10418.0;41208.0
523000;51626.0;10418.0;41208.0
523100;51626.0;10418.0;41208.0
523200;51626.0;10418.0;41208.0
523300;51666.0;10418.0;41248.0
523400;51666.0;10418.0;41248.0
523500;51666.0;10418.0;41248.0
523600;51536.0;10288.0;41248.0
523700;51704.0;10456.0;41248.0
523800;51981.5;10573.5;41408.0
523900;51689.0;10401.0;41288.0
524000;51712.0;10424.0;41288.0
524100;51746.5;10458.5;41288.0
524200;51592.0;10424.0;41168.0
524300;51592.0;10424.0;41168.0
524400;51752.0;10424.0;41328.0
524500;51752.0;10424.0;41328.0
524600;51632.0;10424.0;41208.0
524700;51752.0;10424.0;41328.0
524800;51597.5;10389.5;41208.0
524900;51563.0;10355.0;41208.0
525000;51815.0;10447.0;41368.0
525100;51815.0;10447.0;41368.0
525200;51695.0;10447.0;41248.0
525300;52093.0;10565.0;41528.0
525400;51717.0;10509.0;41208.0
525500;51869.0;10461.0;41408.0
525600;51861.0;10453.0;41408.0
525700;52037.0;10469.0;41568.0
525800;52029.0;10461.0;41568.0
525900;51933.0;10325.0;41608.0
526000;51955.0;10507.0;41448.0
526100;51955.0;10507.0;41448.0
526200;51955.0;10507.0;41448.0
526300;52020.0;10572.0;41448.0
526400;52128.0;10520.0;41608.0
526500;52069.0;10581.0;41488.0
526600;52013.0;10525.0;41488.0
526700;51973.0;10485.0;41488.0
526800;52045.0;10517.0;41528.0
526900;52013.0;10485.0;41528.0
527000;51877.0;10509.0;41368.0
527100;52045.0;10517.0;41528.0
527200;51997.0;10469.0;41528.0
527300;52509.0;10501.0;42008.0
527400;51917.0;10349.0;41568.0
527500;52232.0;10544.0;41688.0
527600;52219.0;10531.0;41688.0
527700;52099.0;10531.0;41568.0
527800;52177.0;10609.0;41568.0
527900;52139.0;10531.0;41608.0
528000;51979.0;10531.0;41448.0
528100;52139.0;10531.0;41608.0
528200;52230.0;10622.0;41608.0
528300;52205.0;10557.0;41648.0
528400;52085.0;10557.0;41528.0
528500;52231.0;10583.0;41648.0
528600;52179.0;10531.0;41648.0
528700;52166.0;10518.0;41648.0
528800;52219.0;10531.0;41688.0
528900;52219.0;10531.0;41688.0
529000;52193.0;10505.0;41688.0
529100;52219.0;10531.0;41688.0
529200;52193.0;10505.0;41688.0
529300;52207.0;10479.0;41728.0
529400;52327.0;10479.0;41848.0
529500;52207.0;10479.0;41728.0
529600;52181.0;10453.0;41728.0
529700;52061.0;10453.0;41608.0
529800;52647.0;10479.0;42168.0
529900;52247.0;10479.0;41768.0
530000;52247.0;10479.0;41768.0
530100;52368.0;10440.0;41928.0
530200;52420.0;10492.0;41928.0
530300;52261.0;10453.0;41808.0
530400;52261.0;10453.0;41808.0
530500;52261.0;10453.0;41808.0
530600;52287.0;10479.0;41808.0
530700;52196.0;10388.0;41808.0
530800;52340.0;10492.0;41848.0
530900;52301.0;10453.0;41848.0
531000;52301.0;10453.0;41848.0
531100;52275.0;10427.0;41848.0
531200;52474.0;10466.0;42008.0
531300;52315.0;10427.0;41888.0
531400;52315.0;10427.0;41888.0
531500;52315.0;10427.0;41888.0
531600;52315.0;10427.0;41888.0
531700;52315.0;10427.0;41888.0
531800;52342.0;10414.0;41928.0
531900;52489.0;10401.0;42088.0
532000;52329.0;10401.0;41928.0
532100;52355.0;10427.0;41928.0
532200;52489.0;10401.0;42088.0
532300;52369.0;10401.0;41968.0
532400;52369.0;10401.0;41968.0
532500;52381.5;10413.5;41968.0
532600;52425.0;10457.0;41968.0
532700;52516.0;10428.0;42088.0
532800;52353.0;10265.0;42088.0
532900;52465.5;10457.5;42008.0
533000;52483.0;10475.0;42008.0
533100;52483.0;10475.0;42008.0
533200;52483.0;10475.0;42008.0
533300;52523.0;10475.0;42048.0
533400;52643.0;10475.0;42168.0
533500;52488.0;10440.0;42048.0
533600;52488.0;10440.0;42048.0
533700;52593.0;10545.0;42048.0
533800;52580.5;10492.5;42088.0
533900;52528.0;10440.0;42088.0
534000;52493.0;10405.0;42088.0
534100;52438.0;10510.0;41928.0
534200;52493.0;10405.0;42088.0
534300;52498.0;10370.0;42128.0
534400;52378.0;10370.0;42008.0
534500;52498.0;10370.0;42128.0
534600;52498.0;10370.0;42128.0
534700;52378.0;10370.0;42008.0
534800;52771.0;10483.0;42288.0
534900;52547.0;10379.0;42168.0
535000;52508.0;10340.0;42168.0
535100;52573.0;10405.0;42168.0
535200;52547.0;10379.0;42168.0
535300;52561.0;10353.0;42208.0
535400;52626.0;10418.0;42208.0
535500;52561.0;10353.0;42208.0
535600;52509.0;10301.0;42208.0
535700;52772.0;10444.0;42328.0
535800;52627.0;10379.0;42248.0
535900;52627.0;10379.0;42248.0
536000;52467.0;10379.0;42088.0
536100;52627.0;10379.0;42248.0
536200;52601.0;10353.0;42248.0
536300;52543.0;10375.0;42168.0
536400;52695.0;10407.0;42288.0
536500;52695.0;10407.0;42288.0
536600;52575.0;10407.0;42168.0
536700;52783.0;10375.0;42408.0
536800;52703.0;10375.0;42328.0
536900;52703.0;10375.0;42328.0
537000;52703.0;10375.0;42328.0
537100;52703.0;10375.0;42328.0
537200;52583.0;10375.0;42208.0
537300;52743.0;10375.0;42368.0
537400;52764.0;10396.0;42368.0
537500;52764.0;10396.0;42368.0
537600;52793.0;10425.0;42368.0
537700;52764.0;10396.0;42368.0
537800;52804.0;10396.0;42408.0
537900;52775.0;10367.0;42408.0
538000;52775.0;10367.0;42408.0
538100;52833.0;10425.0;42408.0
538200;52903.0;10495.0;42408.0
538300;52943.0;10495.0;42448.0
538400;52743.0;10415.0;42328.0
538500;52833.0;10385.0;42448.0
538600;52847.0;10399.0;42448.0
538700;52874.0;10426.0;42448.0
538800;52874.0;10426.0;42448.0
538900;52887.0;10399.0;42488.0
539000;53008.5;10520.5;42488.0
539100;52968.0;10480.0;42488.0
539200;52968.0;10480.0;42488.0
539300;52914.0;10426.0;42488.0
539400;52981.0;10453.0;42528.0
539500;52981.0;10453.0;42528.0
539600;52981.0;10453.0;42528.0
539700;52888.0;10480.0;42408.0
539800;53021.0;10453.0;42568.0
539900;53154.0;10426.0;42728.0
540000;53181.0;10453.0;42728.0
540100;53021.0;10453.0;42568.0
540200;53021.0;10453.0;42568.0
540300;53075.0;10467.0;42608.0
540400;53075.0;10467.0;42608.0
540500;53075.0;10467.0;42608.0
540600;53075.0;10467.0;42608.0
540700;53050.0;10442.0;42608.0
540800;53075.0;10467.0;42608.0
540900;53287.5;10479.5;42808.0
541000;52955.0;10467.0;42488.0
541100;53040.0;10392.0;42648.0
541200;53165.0;10517.0;42648.0
541300;53155.0;10467.0;42688.0
541400;53180.0;10492.0;42688.0
541500;53180.0;10492.0;42688.0
541600;53340.0;10492.0;42848.0
541700;53302.5;10454.5;42848.0
541800;53180.0;10492.0;42688.0
541900;53180.0;10492.0;42688.0
542000;53220.0;10492.0;42728.0
542100;53195.0;10467.0;42728.0
542200;53380.0;10492.0;42888.0
542300;53260.0;10492.0;42768.0
542400;53260.0;10492.0;42768.0
542500;53405.0;10517.0;42888.0
542600;53260.0;10492.0;42768.0
542700;53285.0;10517.0;42768.0
542800;53350.0;10542.0;42808.0
542900;53410.0;10442.0;42968.0
543000;53325.0;10517.0;42808.0
543100;53325.0;10517.0;42808.0
543200;53325.0;10517.0;42808.0
543300;53365.0;10517.0;42848.0
543400;53365.0;10517.0;42848.0
543500;53327.5;10479.5;42848.0
543600;53245.0;10517.0;42728.0
543700;53365.0;10517.0;42848.0
543800;53365.0;10517.0;42848.0
543900;53220.0;10492.0;42728.0
544000;53380.0;10492.0;42888.0
544100;53417.5;10529.5;42888.0
544200;53540.0;10492.0;43048.0
544300;53300.0;10492.0;42808.0
544400;53504.5;10576.5;42928.0
544500;53411.0;10483.0;42928.0
544600;53411.0;10483.0;42928.0
544700;53971.0;10483.0;43488.0
544800;53291.0;10483.0;42808.0
544900;53628.0;10500.0;43128.0
545000;53468.0;10500.0;42968.0
545100;53459.5;10491.5;42968.0
545200;53468.0;10500.0;42968.0
545300;53388.0;10500.0;42888.0
545400;53863.0;10415.0;43448.0
545500;53508.0;10500.0;43008.0
545600;53525.0;10517.0;43008.0
545700;53566.0;10558.0;43008.0
545800;53561.0;10513.0;43048.0
545900;54203.5;10595.5;43608.0
546000;53393.5;10505.5;42888.0
546100;53561.0;10513.0;43048.0
546200;53561.0;10513.0;43048.0
546300;53721.0;10513.0;43208.0
546400;53473.5;10505.5;42968.0
546500;53638.5;10550.5;43088.0
546600;53496.0;10528.0;42968.0
546700;53616.0;10528.0;43088.0
546800;53616.0;10528.0;43088.0
546900;53816.0;10528.0;43288.0
547000;53816.0;10528.0;43288.0
547100;53663.5;10535.5;43128.0
547200;53611.0;10483.0;43128.0
547300;53719.0;10591.0;43128.0
547400;53879.0;10591.0;43288.0
547500;53639.0;10591.0;43048.0
547600;53783.0;10615.0;43168.0
547700;53759.0;10591.0;43168.0
547800;53799.0;10591.0;43208.0
547900;53775.0;10567.0;43208.0
548000;53295.0;10567.0;42728.0
548100;53703.0;10495.0;43208.0
548200;53715.0;10507.0;43208.0
548300;53959.0;10591.0;43368.0
548400;53912.0;10664.0;43248.0
548500;53849.0;10601.0;43248.0
548600;53729.0;10601.0;43128.0
548700;53729.0;10601.0;43128.0
548800;53729.0;10601.0;43128.0
548900;53903.0;10615.0;43288.0
549000;53903.0;10615.0;43288.0
549100;53903.0;10615.0;43288.0
549200;53875.0;10587.0;43288.0
549300;53901.0;10573.0;43328.0
549400;53915.0;10587.0;43328.0
549500;53936.0;10608.0;43328.0
549600;53922.0;10594.0;43328.0
549700;53929.0;10601.0;43328.0
549800;53809.0;10601.0;43208.0
549900;53983.0;10615.0;43368.0
550000;53969.0;10601.0;43368.0
550100;53990.0;10622.0;43368.0
550200;53990.0;10622.0;43368.0
550300;53995.0;10587.0;43408.0
550400;53995.0;10587.0;43408.0
550500;53995.0;10587.0;43408.0
550600;54115.0;10587.0;43528.0
550700;54009.0;10601.0;43408.0
550800;54056.0;10608.0;43448.0
550900;53875.0;10587.0;43288.0
551000;54035.0;10587.0;43448.0
551100;54035.0;10587.0;43448.0
551200;54195.0;10587.0;43608.0
551300;54075.0;10587.0;43488.0
551400;54054.0;10566.0;43488.0
551500;53581.0;10573.0;43008.0
551600;54061.0;10573.0;43488.0
551700;54061.0;10573.0;43488.0
551800;54115.0;10587.0;43528.0
551900;54122.0;10594.0;43528.0
552000;54115.0;10587.0;43528.0
552100;54115.0;10587.0;43528.0
552200;54087.0;10559.0;43528.0
552300;54275.0;10587.0;43688.0
552400;54021.0;10573.0;43448.0
552500;54141.0;10573.0;43568.0
552600;54193.5;10625.5;43568.0
552700;54282.0;10594.0;43688.0
552800;54162.0;10594.0;43568.0
552900;54265.0;10657.0;43608.0
553000;54299.0;10691.0;43608.0
553100;54282.0;10674.0;43608.0
553200;54425.0;10657.0;43768.0
553300;54322.0;10674.0;43648.0
553400;54322.0;10674.0;43648.0
553500;54339.0;10691.0;43648.0
553600;54322.0;10674.0;43648.0
553700;54322.0;10674.0;43648.0
553800;54322.0;10674.0;43648.0
553900;54305.0;10657.0;43648.0
554000;54355.0;10667.0;43688.0
554100;54367.0;10679.0;43688.0
554200;54367.0;10679.0;43688.0
554300;54515.0;10667.0;43848.0
554400;54585.0;10737.0;43848.0
554500;54345.0;10737.0;43608.0
554600;53985.0;10737.0;43248.0
554700;54640.0;10792.0;43848.0
554800;54483.0;10715.0;43768.0
554900;54461.0;10693.0;43768.0
555000;54901.0;10693.0;44208.0
555100;54483.0;10715.0;43768.0
555200;54654.0;10726.0;43928.0
555300;54425.0;10737.0;43688.0
555400;54512.0;10704.0;43808.0
555500;54512.0;10704.0;43808.0
555600;54523.0;10715.0;43808.0
555700;54523.0;10715.0;43808.0
555800;54403.0;10715.0;43688.0
555900;54585.0;10737.0;43848.0
556000;54425.0;10737.0;43688.0
556100;54392.0;10704.0;43688.0
556200;54585.0;10737.0;43848.0
556300;54647.0;10759.0;43888.0
556400;54505.0;10737.0;43768.0
556500;54625.0;10737.0;43888.0
556600;54625.0;10737.0;43888.0
556700;54145.0;10737.0;43408.0
556800;54527.0;10759.0;43768.0
556900;54499.0;10731.0;43768.0
557000;54683.0;10755.0;43928.0
557100;54611.0;10683.0;43928.0
557200;54683.0;10755.0;43928.0
557300;54747.0;10779.0;43968.0
557400;54816.0;10848.0;43968.0
557500;54756.0;10788.0;43968.0
557600;54891.0;10803.0;44088.0
557700;54812.0;10844.0;43968.0
557800;54719.0;10711.0;44008.0
557900;54864.0;10856.0;44008.0
558000;54907.5;10899.5;44008.0
558100;54704.0;10856.0;43848.0
558200;54864.0;10856.0;44008.0
558300;55067.5;10899.5;44168.0
558400;55024.0;10856.0;44168.0
558500;54802.5;10754.5;44048.0
558600;54933.0;10885.0;44048.0
558700;55024.0;10856.0;44168.0
558800;55387.5;10899.5;44488.0
558900;54944.0;10856.0;44088.0
559000;54740.5;10812.5;43928.0
559100;54944.0;10856.0;44088.0
559200;55104.0;10856.0;44248.0
559300;55086.5;10958.5;44128.0
559400;54992.0;10864.0;44128.0
559500;55034.0;10906.0;44128.0
559600;54992.0;10864.0;44128.0
559700;55183.5;10895.5;44288.0
559800;55053.0;10885.0;44168.0
559900;55053.0;10885.0;44168.0
560000;54872.0;10864.0;44008.0
560100;55213.0;10885.0;44328.0
560200;55053.0;10885.0;44168.0
560300;55255.0;10927.0;44328.0
560400;55270.0;10942.0;44328.0
560500;55157.5;10949.5;44208.0
560600;54950.0;10942.0;44008.0
560700;55150.0;10942.0;44208.0
560800;55197.5;10989.5;44208.0
560900;55062.5;10974.5;44088.0
561000;55215.0;10967.0;44248.0
561100;55215.0;10967.0;44248.0
561200;55215.0;10967.0;44248.0
561300;54770.0;10962.0;43808.0
561400;55257.5;10969.5;44288.0
561500;55242.5;10954.5;44288.0
561600;55130.0;10962.0;44168.0
561700;55250.0;10962.0;44288.0
561800;55415.0;10967.0;44448.0
561900;55307.5;10979.5;44328.0
562000;55295.0;10967.0;44328.0
562100;55295.0;10967.0;44328.0
562200;55167.5;10959.5;44208.0
562300;55335.0;10967.0;44368.0
562400;55342.5;10974.5;44368.0
562500;55215.0;10967.0;44248.0
562600;55335.0;10967.0;44368.0
562700;55335.0;10967.0;44368.0
562800;55222.5;10974.5;44248.0
562900;55382.5;10974.5;44408.0
563000;55375.0;10967.0;44408.0
563100;55367.5;10959.5;44408.0
563200;55367.5;10959.5;44408.0
563300;55527.5;10959.5;44568.0
563400;55215.0;10967.0;44248.0
563500;55390.0;10942.0;44448.0
563600;55407.5;10959.5;44448.0
563700;55410.0;10962.0;44448.0
563800;55570.0;10962.0;44608.0
563900;55631.0;10983.0;44648.0
564000;55471.0;10983.0;44488.0
564100;55469.0;10981.0;44488.0
564200;55469.0;10981.0;44488.0
564300;55509.0;10981.0;44528.0
564400;55511.0;10983.0;44528.0
564500;55396.0;10988.0;44408.0
564600;55511.0;10983.0;44528.0
564700;55520.0;10992.0;44528.0
564800;55675.0;10987.0;44688.0
564900;54903.0;10975.0;43928.0
565000;55553.0;10985.0;44568.0
565100;55553.0;10985.0;44568.0
565200;55430.0;10982.0;44448.0
565300;55591.0;10983.0;44608.0
565400;55592.0;10984.0;44608.0
565500;55593.0;10985.0;44608.0
565600;55711.0;10983.0;44728.0
565700;55591.0;10983.0;44608.0
565800;55629.0;10981.0;44648.0
565900;55631.0;10983.0;44648.0
566000;55793.0;10985.0;44808.0
566100;55190.0;10982.0;44208.0
566200;55509.0;10981.0;44528.0
566300;56229.0;10981.0;45248.0
566400;55549.0;10981.0;44568.0
566500;55789.0;10981.0;44808.0
566600;55720.0;11032.0;44688.0
566700;55720.0;11032.0;44688.0
566800;55737.5;11009.5;44728.0
566900;55915.0;11027.0;44888.0
567000;55907.5;11019.5;44888.0
567100;55915.0;11027.0;44888.0
567200;55640.0;11032.0;44608.0
567300;55887.5;11119.5;44768.0
567400;55767.5;11119.5;44648.0
567500;55895.0;11127.0;44768.0
567600;55890.0;11122.0;44768.0
567700;55892.5;11124.5;44768.0
567800;55917.5;11109.5;44808.0
567900;55765.0;11117.0;44648.0
568000;55765.0;11117.0;44648.0
568100;56085.0;11117.0;44968.0
568200;55930.0;11122.0;44808.0
568300;56082.5;11114.5;44968.0
568400;55842.5;11114.5;44728.0
568500;55845.0;11117.0;44728.0
568600;55965.0;11117.0;44848.0
568700;55965.0;11117.0;44848.0
568800;56005.0;11117.0;44888.0
568900;55995.0;11107.0;44888.0
569000;56000.0;11112.0;44888.0
569100;56005.0;11117.0;44888.0
569200;56005.0;11117.0;44888.0
569300;56040.0;11112.0;44928.0
569400;56040.0;11112.0;44928.0
569500;56042.5;11114.5;44928.0
569600;56040.0;11112.0;44928.0
569700;56165.0;11117.0;45048.0
569800;55610.0;11122.0;44488.0
569900;56090.0;11122.0;44968.0
570000;56250.0;11122.0;45128.0
570100;56100.0;11132.0;44968.0
570200;56100.0;11132.0;44968.0
570300;56135.0;11127.0;45008.0
570400;56010.0;11122.0;44888.0
570500;56015.0;11127.0;44888.0
570600;56135.0;11127.0;45008.0
570700;56135.0;11127.0;45008.0
570800;56175.0;11127.0;45048.0
570900;56175.0;11127.0;45048.0
571000;56010.0;11122.0;44888.0
571100;56330.0;11122.0;45208.0
571200;56175.0;11127.0;45048.0
571300;56207.5;11119.5;45088.0
571400;56095.0;11127.0;44968.0
571500;56215.0;11127.0;45088.0
571600;56220.0;11132.0;45088.0
571700;56220.0;11132.0;45088.0
571800;56252.5;11124.5;45128.0
571900;56100.0;11132.0;44968.0
572000;56265.0;11137.0;45128.0
572100;56415.0;11127.0;45288.0
572200;56135.0;11127.0;45008.0
572300;56292.5;11124.5;45168.0
572400;56175.0;11127.0;45048.0
572500;56295.0;11127.0;45168.0
572600;56295.0;11127.0;45168.0
572700;56420.0;11132.0;45288.0
572800;56335.0;11127.0;45208.0
572900;56330.0;11122.0;45208.0
573000;56337.5;11129.5;45208.0
573100;56330.0;11122.0;45208.0
573200;56349.0;11141.0;45208.0
573300;56393.0;11145.0;45248.0
573400;56395.0;11147.0;45248.0
573500;56515.0;11147.0;45368.0
573600;56509.0;11141.0;45368.0
573700;56833.0;11145.0;45688.0
573800;56551.0;11143.0;45408.0
573900;56551.0;11143.0;45408.0
574000;56555.0;11147.0;45408.0
574100;56268.0;11180.0;45088.0
574200;56480.5;11192.5;45288.0
574300;56642.0;11194.0;45448.0
574400;56641.0;11193.0;45448.0
574500;56662.0;11214.0;45448.0
574600;56536.0;11208.0;45328.0
574700;56545.0;11217.0;45328.0
574800;56584.0;11216.0;45368.0
574900;56582.0;11214.0;45368.0
575000;56582.0;11214.0;45368.0
575100;56580.0;11212.0;45368.0
575200;56582.0;11214.0;45368.0
575300;56622.0;11214.0;45408.0
575400;56619.0;11211.0;45408.0
575500;56623.0;11215.0;45408.0
575600;56624.0;11216.0;45408.0
575700;56622.0;11214.0;45408.0
575800;56502.0;11214.0;45288.0
575900;56662.0;11214.0;45448.0
576000;56825.0;11217.0;45608.0
576100;56665.0;11217.0;45448.0
576200;56666.0;11218.0;45448.0
576300;56702.0;11214.0;45488.0
576400;56702.0;11214.0;45488.0
576500;56222.0;11214.0;45008.0
576600;56702.0;11214.0;45488.0
576700;56707.0;11219.0;45488.0
576800;56743.0;11215.0;45528.0
576900;56742.0;11214.0;45528.0
577000;56742.0;11214.0;45528.0
577100;56586.0;11218.0;45368.0
577200;56784.0;11216.0;45568.0
577300;56906.0;11218.0;45688.0
577400;56662.0;11214.0;45448.0
577500;56784.0;11216.0;45568.0
577600;56784.0;11216.0;45568.0
577700;56302.0;11214.0;45088.0
577800;56826.0;11218.0;45608.0
577900;56826.0;11218.0;45608.0
578000;56984.0;11216.0;45768.0
578100;56824.0;11216.0;45608.0
578200;56704.0;11216.0;45488.0
578300;56384.0;11216.0;45168.0
578400;56876.0;11228.0;45648.0
578500;56870.0;11222.0;45648.0
578600;56996.0;11228.0;45768.0
578700;56744.0;11216.0;45528.0
578800;56895.0;11207.0;45688.0
578900;56895.0;11207.0;45688.0
579000;56859.0;11171.0;45688.0
579100;56914.0;11226.0;45688.0
579200;56925.0;11237.0;45688.0
579300;56970.5;11242.5;45728.0
579400;56965.0;11237.0;45728.0
579500;56965.0;11237.0;45728.0
579600;56954.0;11226.0;45728.0
579700;56850.5;11242.5;45608.0
579800;56994.0;11226.0;45768.0
579900;56994.0;11226.0;45768.0
580000;56994.0;11226.0;45768.0
580100;56994.0;11226.0;45768.0
580200;57154.0;11226.0;45928.0
580300;57023.0;11215.0;45808.0
580400;57045.0;11237.0;45808.0
580500;57039.5;11231.5;45808.0
580600;57159.5;11231.5;45928.0
580700;57034.0;11226.0;45808.0
580800;56984.0;11136.0;45848.0
580900;57103.0;11255.0;45848.0
581000;57263.0;11255.0;46008.0
581100;57086.0;11238.0;45848.0
581200;57069.0;11221.0;45848.0
581300;57126.0;11238.0;45888.0
581400;57263.0;11255.0;46008.0
581500;57185.5;11297.5;45888.0
581600;57163.0;11275.0;45888.0
581700;57110.5;11222.5;45888.0
581800;57203.0;11275.0;45928.0
581900;57188.0;11260.0;45928.0
582000;57173.0;11245.0;45928.0
582100;57173.0;11245.0;45928.0
582200;57203.0;11275.0;45928.0
582300;57213.0;11245.0;45968.0
582400;57108.0;11260.0;45848.0
582500;57348.0;11260.0;46088.0
582600;57213.0;11245.0;45968.0
582700;57093.0;11245.0;45848.0
582800;57283.0;11275.0;46008.0
582900;57253.0;11245.0;46008.0
583000;57413.0;11245.0;46168.0
583100;57253.0;11245.0;46008.0
583200;57248.0;11200.0;46048.0
583300;57293.0;11245.0;46048.0
583400;57240.5;11192.5;46048.0
583500;57293.0;11245.0;46048.0
583600;57293.0;11245.0;46048.0
583700;57293.0;11245.0;46048.0
583800;57173.0;11245.0;45928.0
583900;57382.0;11294.0;46088.0
584000;57462.0;11374.0;46088.0
584100;57462.0;11374.0;46088.0
584200;57462.0;11374.0;46088.0
584300;57622.0;11374.0;46248.0
584400;57622.0;11374.0;46248.0
584500;57502.0;11374.0;46128.0
584600;57502.0;11374.0;46128.0
584700;57502.0;11374.0;46128.0
584800;57542.0;11374.0;46168.0
584900;57542.0;11374.0;46168.0
585000;57542.0;11374.0;46168.0
585100;57369.5;11361.5;46008.0
585200;57557.0;11389.0;46168.0
585300;57602.0;11394.0;46208.0
585400;57597.0;11389.0;46208.0
585500;57597.0;11389.0;46208.0
585600;57597.0;11389.0;46208.0
585700;57597.0;11389.0;46208.0
585800;57654.5;11406.5;46248.0
585900;57637.0;11389.0;46248.0
586000;57637.0;11389.0;46248.0
586100;57792.0;11384.0;46408.0
586200;57594.0;11346.0;46248.0
586300;57809.0;11401.0;46408.0
586400;57580.0;11412.0;46168.0
586500;57580.0;11412.0;46168.0
586600;57700.0;11412.0;46288.0
586700;57700.0;11412.0;46288.0
586800;57740.0;11412.0;46328.0
586900;57580.0;11412.0;46168.0
587000;57585.5;11417.5;46168.0
587100;57740.0;11412.0;46328.0
587200;57740.0;11412.0;46328.0
587300;57780.0;11412.0;46368.0
587400;57780.0;11412.0;46368.0
587500;57671.0;11423.0;46248.0
587600;57791.0;11423.0;46368.0
587700;57780.0;11412.0;46368.0
587800;57820.0;11412.0;46408.0
587900;57676.5;11428.5;46248.0
588000;57660.0;11412.0;46248.0
588100;57820.0;11412.0;46408.0
588200;57689.0;11401.0;46288.0
588300;57740.0;11412.0;46328.0
588400;58409.0;11401.0;47008.0
588500;57729.0;11401.0;46328.0
588600;57849.0;11401.0;46448.0
588700;57980.0;11412.0;46568.0
588800;57900.0;11412.0;46488.0
588900;57740.0;11412.0;46328.0
589000;57816.0;11328.0;46488.0
589100;57758.0;11430.0;46328.0
589200;57858.5;11370.5;46488.0
589300;58018.5;11370.5;46648.0
589400;57958.0;11430.0;46528.0
589500;58078.0;11430.0;46648.0
589600;57889.0;11481.0;46408.0
589700;57966.5;11438.5;46528.0
589800;58135.0;11447.0;46688.0
589900;58015.0;11447.0;46568.0
590000;58015.0;11447.0;46568.0
590100;58040.5;11472.5;46568.0
590200;58015.0;11447.0;46568.0
590300;58105.0;11377.0;46728.0
590400;58175.0;11447.0;46728.0
590500;58161.0;11433.0;46728.0
590600;58041.0;11433.0;46608.0
590700;57921.0;11433.0;46488.0
590800;58208.0;11440.0;46768.0
590900;58201.0;11433.0;46768.0
591000;58081.0;11433.0;46648.0
591100;58067.0;11419.0;46648.0
591200;58067.0;11419.0;46648.0
591300;58107.0;11419.0;46688.0
591400;58121.0;11433.0;46688.0
591500;58206.0;11398.0;46808.0
591600;58107.0;11419.0;46688.0
591700;57980.0;11412.0;46568.0
591800;58121.0;11433.0;46688.0
591900;58147.0;11419.0;46728.0
592000;58587.0;11419.0;47168.0
592100;58147.0;11419.0;46728.0
592200;58013.0;11405.0;46608.0
592300;58201.0;11433.0;46768.0
592400;58215.0;11447.0;46768.0
592500;58215.0;11447.0;46768.0
592600;58201.0;11433.0;46768.0
592700;58363.0;11475.0;46888.0
592800;58241.0;11433.0;46808.0
592900;58241.0;11433.0;46808.0
593000;58287.0;11479.0;46808.0
593100;58239.0;11431.0;46808.0
593200;58248.0;11440.0;46808.0
593300;58405.0;11437.0;46968.0
593400;58291.0;11443.0;46848.0
593500;58291.0;11443.0;46848.0
593600;58285.0;11437.0;46848.0
593700;58300.0;11452.0;46848.0
593800;58331.0;11443.0;46888.0
593900;58331.0;11443.0;46888.0
594000;58343.0;11455.0;46888.0
594100;58331.0;11443.0;46888.0
594200;58337.0;11449.0;46888.0
594300;58392.0;11464.0;46928.0
594400;58371.0;11443.0;46928.0
594500;58251.0;11443.0;46808.0
594600;58467.0;11419.0;47048.0
594700;58377.0;11449.0;46928.0
594800;58543.0;11455.0;47088.0
594900;58257.0;11449.0;46808.0
595000;58431.0;11463.0;46968.0
595100;58431.0;11463.0;46968.0
595200;58431.0;11463.0;46968.0
595300;58271.0;11463.0;46808.0
595400;58467.0;11459.0;47008.0
595500;58475.0;11467.0;47008.0
595600;58591.0;11463.0;47128.0
595700;58339.0;11451.0;46888.0
595800;58511.0;11463.0;47048.0
595900;58505.0;11457.0;47048.0
596000;58507.0;11459.0;47048.0
596100;58515.0;11467.0;47048.0
596200;58509.0;11461.0;47048.0
596300;58675.0;11467.0;47208.0
596400;58555.0;11467.0;47088.0
596500;58555.0;11467.0;47088.0
596600;58551.0;11463.0;47088.0
596700;58551.0;11463.0;47088.0
596800;58431.0;11463.0;46968.0
596900;58431.0;11463.0;46968.0
597000;58587.0;11459.0;47128.0
597100;58392.0;11464.0;46928.0
597200;58601.0;11473.0;47128.0
597300;58641.0;11473.0;47168.0
597400;58635.0;11467.0;47168.0
597500;58644.0;11476.0;47168.0
597600;58521.0;11473.0;47048.0
597700;58521.0;11473.0;47048.0
597800;58679.0;11471.0;47208.0
597900;58841.0;11473.0;47368.0
598000;58681.0;11473.0;47208.0
598100;58679.0;11471.0;47208.0
598200;58681.0;11473.0;47208.0
598300;58843.0;11475.0;47368.0
598400;58721.0;11473.0;47248.0
598500;58841.0;11473.0;47368.0
598600;58597.0;11469.0;47128.0
598700;58717.0;11469.0;47248.0
598800;58890.0;11482.0;47408.0
598900;58770.0;11482.0;47288.0
599000;58931.0;11483.0;47448.0
599100;58931.0;11483.0;47448.0
599200;58811.0;11483.0;47328.0
599300;58808.0;11480.0;47328.0
599400;58815.0;11487.0;47328.0
599500;58807.0;11479.0;47328.0
599600;58807.0;11479.0;47328.0
599700;58811.0;11483.0;47328.0
599800;58849.0;11481.0;47368.0
599900;58849.0;11481.0;47368.0
600000;59009.0;11481.0;47528.0
600100;58849.0;11481.0;47368.0
600200;58853.0;11485.0;47368.0
600300;58889.0;11481.0;47408.0
600400;58769.0;11481.0;47288.0
600500;58889.0;11481.0;47408.0
600600;58931.0;11523.0;47408.0
600700;58931.0;11523.0;47408.0
600800;58939.0;11531.0;47408.0
600900;58979.0;11531.0;47448.0
601000;58979.0;11531.0;47448.0
601100;58811.0;11523.0;47288.0
601200;58947.0;11499.0;47448.0
601300;59035.0;11547.0;47488.0
601400;59131.0;11523.0;47608.0
601500;59011.0;11523.0;47488.0
601600;59011.0;11523.0;47488.0
601700;58811.0;11523.0;47288.0
601800;58899.0;11531.0;47368.0
601900;59219.0;11531.0;47688.0
602000;59227.0;11539.0;47688.0
602100;59219.0;11531.0;47688.0
602200;59095.0;11527.0;47568.0
602300;58991.0;11543.0;47448.0
602400;59099.0;11531.0;47568.0
602500;59095.0;11527.0;47568.0
602600;59111.0;11543.0;47568.0
602700;59111.0;11543.0;47568.0
602800;59107.0;11539.0;47568.0
602900;59175.0;11567.0;47608.0
603000;59335.0;11567.0;47768.0
603100;59055.5;11607.5;47448.0
603200;59217.0;11569.0;47648.0
603300;59108.0;11580.0;47528.0
603400;59200.5;11552.5;47648.0
603500;59206.0;11558.0;47648.0
603600;59206.0;11558.0;47648.0
603700;59206.0;11558.0;47648.0
603800;59217.0;11569.0;47648.0
603900;59406.0;11558.0;47848.0
604000;59235.0;11547.0;47688.0
604100;59075.0;11547.0;47528.0
604200;59258.5;11530.5;47728.0
604300;59258.5;11530.5;47728.0
604400;59395.0;11547.0;47848.0
604500;59715.0;11547.0;48168.0
604600;59275.0;11547.0;47728.0
604700;59275.0;11547.0;47728.0
604800;59286.0;11558.0;47728.0
604900;59320.5;11552.5;47768.0
605000;59155.0;11547.0;47608.0
605100;59337.0;11569.0;47768.0
605200;59366.0;11558.0;47808.0
605300;59486.0;11558.0;47928.0
605400;59497.0;11569.0;47928.0
605500;59366.0;11558.0;47808.0
605600;59388.0;11580.0;47808.0
605700;59497.0;11569.0;47928.0
605800;59377.0;11569.0;47808.0
605900;59577.0;11569.0;48008.0
606000;59577.0;11569.0;48008.0
606100;59417.0;11569.0;47848.0
606200;59286.0;11558.0;47728.0
606300;59326.0;11558.0;47768.0
606400;59457.0;11569.0;47888.0
606500;59457.0;11569.0;47888.0
606600;59457.0;11569.0;47888.0
606700;59495.5;11607.5;47888.0
606800;59468.0;11580.0;47888.0
606900;59668.0;11580.0;48088.0
607000;59486.0;11558.0;47928.0
607100;59668.0;11580.0;48088.0
607200;59548.0;11580.0;47968.0
607300;59526.0;11558.0;47968.0
607400;59659.0;11571.0;48088.0
607500;59652.0;11564.0;48088.0
607600;59553.0;11585.0;47968.0
607700;59532.0;11564.0;47968.0
607800;59588.0;11620.0;47968.0
607900;59614.5;11606.5;48008.0
608000;59628.0;11620.0;48008.0
608100;59614.5;11606.5;48008.0
608200;59668.0;11620.0;48048.0
608300;59695.0;11647.0;48048.0
608400;59788.0;11620.0;48168.0
608500;59548.0;11620.0;47928.0
608600;59477.0;11629.0;47848.0
608700;59659.0;11611.0;48048.0
608800;60085.5;11597.5;48488.0
608900;59859.0;11611.0;48248.0
609000;59699.0;11611.0;48088.0
609100;59730.5;11642.5;48088.0
609200;59890.5;11642.5;48248.0
609300;59730.0;11602.0;48128.0
609400;59850.0;11602.0;48248.0
609500;59730.0;11602.0;48128.0
609600;59730.0;11602.0;48128.0
609700;59667.0;11539.0;48128.0
609800;59757.0;11629.0;48128.0
609900;59772.0;11644.0;48128.0
610000;59797.0;11629.0;48168.0
610100;59812.0;11644.0;48168.0
610200;59964.5;11636.5;48328.0
610300;59822.0;11614.0;48208.0
610400;59702.0;11614.0;48088.0
610500;59822.0;11614.0;48208.0
610600;59919.5;11591.5;48328.0
610700;59822.0;11614.0;48208.0
610800;59799.5;11591.5;48208.0
610900;59862.0;11614.0;48248.0
611000;59824.5;11576.5;48248.0
611100;59877.0;11629.0;48248.0
611200;60037.0;11629.0;48408.0
611300;59894.5;11606.5;48288.0
611400;59894.5;11606.5;48288.0
611500;59894.5;11606.5;48288.0
611600;60079.0;11671.0;48408.0
611700;59948.5;11660.5;48288.0
611800;60098.0;11650.0;48448.0
611900;60109.0;11661.0;48448.0
612000;59958.0;11630.0;48328.0
612100;60042.0;11714.0;48328.0
612200;60054.0;11726.0;48328.0
612300;59458.0;11690.0;47768.0
612400;60106.0;11738.0;48368.0
612500;60070.0;11702.0;48368.0
612600;60070.0;11702.0;48368.0
612700;59950.0;11702.0;48248.0
612800;60106.0;11738.0;48368.0
612900;60134.0;11726.0;48408.0
613000;60110.0;11702.0;48408.0
613100;59950.0;11702.0;48248.0
613200;60150.0;11702.0;48448.0
613300;60150.0;11702.0;48448.0
613400;60186.0;11738.0;48448.0
613500;60186.0;11738.0;48448.0
613600;60150.0;11702.0;48448.0
613700;60126.0;11678.0;48448.0
613800;60126.0;11678.0;48448.0
613900;60142.0;11654.0;48488.0
614000;60326.0;11678.0;48648.0
614100;60302.0;11654.0;48648.0
614200;60290.0;11642.0;48648.0
614300;60170.0;11642.0;48528.0
614400;60206.0;11678.0;48528.0
614500;60134.0;11606.0;48528.0
614600;60350.0;11702.0;48648.0
614700;60110.0;11702.0;48408.0
614800;60390.0;11702.0;48688.0
614900;60270.0;11702.0;48568.0
615000;60270.0;11702.0;48568.0
615100;60234.0;11666.0;48568.0
615200;60442.0;11714.0;48728.0
615300;60286.0;11678.0;48608.0
615400;60214.0;11726.0;48488.0
615500;60310.0;11702.0;48608.0
615600;60369.0;11761.0;48608.0
615700;60312.0;11704.0;48608.0
615800;60407.0;11799.0;48608.0
615900;60569.0;11761.0;48808.0
616000;60409.0;11761.0;48648.0
616100;60409.0;11761.0;48648.0
616200;60428.0;11780.0;48648.0
616300;60449.0;11761.0;48688.0
616400;60550.0;11742.0;48808.0
616500;60430.0;11742.0;48688.0
616600;60411.0;11723.0;48688.0
616700;60990.0;11742.0;49248.0
616800;60430.0;11742.0;48688.0
616900;60310.0;11742.0;48568.0
617000;60451.0;11723.0;48728.0
617100;60338.5;11770.5;48568.0
617200;60950.0;11742.0;49208.0
617300;60529.0;11761.0;48768.0
617400;60649.0;11761.0;48888.0
617500;60557.5;11789.5;48768.0
617600;60529.0;11761.0;48768.0
617700;60677.5;11789.5;48888.0
617800;60409.0;11761.0;48648.0
617900;60569.0;11761.0;48808.0
618000;60550.0;11742.0;48808.0
618100;60569.0;11761.0;48808.0
618200;60590.0;11742.0;48848.0
618300;60590.0;11742.0;48848.0
618400;60599.5;11751.5;48848.0
618500;60609.0;11761.0;48848.0
618600;60609.0;11761.0;48848.0
618700;60499.0;11651.0;48848.0
618800;60815.0;11807.0;49008.0
618900;60659.0;11771.0;48888.0
619000;60659.0;11771.0;48888.0
619100;60659.0;11771.0;48888.0
619200;60699.0;11771.0;48928.0
619300;60699.0;11771.0;48928.0
619400;60579.0;11771.0;48808.0
619500;60579.0;11771.0;48808.0
619600;60579.0;11771.0;48808.0
619700;60579.0;11771.0;48808.0
619800;60699.0;11771.0;48928.0
619900;60739.0;11771.0;48968.0
620000;60739.0;11771.0;48968.0
620100;60703.0;11735.0;48968.0
620200;60703.0;11735.0;48968.0
620300;60923.0;11795.0;49128.0
620400;60899.0;11771.0;49128.0
620500;60899.0;11771.0;49128.0
620600;60779.0;11771.0;49008.0
620700;60835.0;11827.0;49008.0
620800;61291.0;11843.0;49448.0
620900;60875.0;11827.0;49048.0
621000;60875.0;11827.0;49048.0
621100;60875.0;11827.0;49048.0
621200;60907.0;11819.0;49088.0
621300;60891.0;11803.0;49088.0
621400;60915.0;11827.0;49088.0
621500;60891.0;11803.0;49088.0
621600;60915.0;11827.0;49088.0
621700;60915.0;11827.0;49088.0
621800;60899.0;11811.0;49088.0
621900;61131.0;11843.0;49288.0
622000;60971.0;11843.0;49128.0
622100;60971.0;11843.0;49128.0
622200;61011.0;11843.0;49168.0
622300;61131.0;11843.0;49288.0
622400;60995.0;11827.0;49168.0
622500;61011.0;11843.0;49168.0
622600;61011.0;11843.0;49168.0
622700;61011.0;11843.0;49168.0
622800;61011.0;11843.0;49168.0
622900;61115.0;11907.0;49208.0
623000;61091.0;11883.0;49208.0
623100;61091.0;11883.0;49208.0
623200;61107.0;11859.0;49248.0
623300;61119.0;11871.0;49248.0
623400;61131.0;11883.0;49248.0
623500;61041.0;11913.0;49128.0
623600;61113.0;11865.0;49248.0
623700;61113.0;11865.0;49248.0
623800;61173.0;11925.0;49248.0
623900;61159.0;11871.0;49288.0
624000;61159.0;11871.0;49288.0
624100;61337.0;11889.0;49448.0
624200;61199.0;11871.0;49328.0
624300;61211.0;11883.0;49328.0
624400;61049.0;11841.0;49208.0
624500;61253.0;11925.0;49328.0
624600;61226.0;11898.0;49328.0
624700;61133.0;11925.0;49208.0
624800;61253.0;11925.0;49328.0
624900;61133.0;11925.0;49208.0
625000;61293.0;11925.0;49368.0
625100;61230.0;11862.0;49368.0
625200;61360.0;11952.0;49408.0
625300;61333.0;11925.0;49408.0
625400;61471.0;11943.0;49528.0
625500;61453.0;11925.0;49528.0
625600;61315.0;11907.0;49408.0
625700;61195.0;11907.0;49288.0
625800;61315.0;11907.0;49408.0
625900;61177.0;11889.0;49288.0
626000;61049.0;11761.0;49288.0
626100;61347.0;11899.0;49448.0
626200;61421.5;11933.5;49488.0
626300;61861.5;11933.5;49928.0
626400;61410.0;11922.0;49488.0
626500;61387.0;11899.0;49488.0
626600;61364.0;11876.0;49488.0
626700;61364.0;11876.0;49488.0
626800;61364.0;11876.0;49488.0
626900;61427.0;11899.0;49528.0
627000;61564.0;11876.0;49688.0
627100;61564.0;11876.0;49688.0
627200;61284.0;11876.0;49408.0
627300;61455.5;11887.5;49568.0
627400;61895.5;11887.5;50008.0
627500;61467.0;11899.0;49568.0
627600;61467.0;11899.0;49568.0
627700;61324.0;11876.0;49448.0
627800;61444.0;11876.0;49568.0
627900;61324.0;11876.0;49448.0
628000;61644.0;11876.0;49768.0
628100;61507.0;11899.0;49608.0
628200;61364.0;11876.0;49488.0
628300;61524.0;11876.0;49648.0
628400;61404.0;11876.0;49528.0
628500;61489.5;11841.5;49648.0
628600;61478.0;11830.0;49648.0
628700;61501.0;11853.0;49648.0
628800;61501.0;11853.0;49648.0
628900;61583.0;11895.0;49688.0
629000;61397.5;11869.5;49528.0
629100;61566.0;11878.0;49688.0
629200;61126.0;11878.0;49248.0
629300;61623.0;11895.0;49728.0
629400;61606.0;11878.0;49728.0
629500;61726.0;11878.0;49848.0
629600;61606.0;11878.0;49728.0
629700;61606.0;11878.0;49728.0
629800;61589.0;11861.0;49728.0
629900;61606.0;11878.0;49728.0
630000;61595.0;11827.0;49768.0
630100;61806.0;11878.0;49928.0
630200;61694.5;11886.5;49808.0
630300;61789.0;11861.0;49928.0
630400;61686.0;11878.0;49808.0
630500;61660.5;11852.5;49808.0
630600;61669.0;11861.0;49808.0
630700;61583.0;11895.0;49688.0
630800;61852.0;11844.0;50008.0
630900;61700.5;11852.5;49848.0
631000;61726.0;11878.0;49848.0
631100;61709.0;11861.0;49848.0
631200;61589.0;11861.0;49728.0
631300;61606.0;11878.0;49728.0
631400;61766.0;11878.0;49888.0
631500;61766.0;11878.0;49888.0
631600;61791.5;11903.5;49888.0
631700;61723.5;11835.5;49888.0
631800;61883.5;11835.5;50048.0
631900;62000.0;11912.0;50088.0
632000;61823.0;11895.0;49928.0
632100;61823.0;11895.0;49928.0
632200;61846.0;11878.0;49968.0
632300;61761.0;11913.0;49848.0
632400;61881.0;11913.0;49968.0
632500;61881.0;11913.0;49968.0
632600;61845.0;11877.0;49968.0
632700;61845.0;11877.0;49968.0
632800;61845.0;11877.0;49968.0
632900;61885.0;11877.0;50008.0
633000;61909.0;11901.0;50008.0
633100;61761.0;11913.0;49848.0
633200;61973.0;11925.0;50048.0
633300;61961.0;11913.0;50048.0
633400;61841.0;11913.0;49928.0
633500;61973.0;11925.0;50048.0
633600;61937.0;11889.0;50048.0
633700;62033.0;11865.0;50168.0
633800;61967.0;11919.0;50048.0
633900;61995.0;11907.0;50088.0
634000;62007.0;11919.0;50088.0
634100;62001.0;11913.0;50088.0
634200;62033.0;11905.0;50128.0
634300;62061.0;11933.0;50128.0
634400;62061.0;11933.0;50128.0
634500;61941.0;11933.0;50008.0
634600;62075.0;11947.0;50128.0
634700;62089.0;11961.0;50128.0
634800;62089.0;11961.0;50128.0
634900;62115.0;11947.0;50168.0
635000;62115.0;11947.0;50168.0
635100;62115.0;11947.0;50168.0
635200;62155.0;11947.0;50208.0
635300;62275.0;11947.0;50328.0
635400;62035.0;11947.0;50088.0
635500;62049.0;11961.0;50088.0
635600;62162.0;11954.0;50208.0
635700;62134.0;11926.0;50208.0
635800;62162.0;11954.0;50208.0
635900;62195.0;11947.0;50248.0
636000;62021.0;11933.0;50088.0
636100;62007.0;11919.0;50088.0
636200;62207.0;11919.0;50288.0
636300;62355.0;11947.0;50408.0
636400;62207.0;11919.0;50288.0
636500;62228.0;11940.0;50288.0
636600;62207.0;11919.0;50288.0
636700;62221.0;11933.0;50288.0
636800;62367.0;11919.0;50448.0
636900;62247.0;11919.0;50328.0
637000;62254.0;11926.0;50328.0
637100;62247.0;11919.0;50328.0
637200;62273.0;11905.0;50368.0
637300;62407.0;11919.0;50488.0
637400;62421.0;11933.0;50488.0
637500;62301.0;11933.0;50368.0
637600;62322.0;11954.0;50368.0
637700;62407.0;11919.0;50488.0
637800;62301.0;11933.0;50368.0
637900;62487.0;11919.0;50568.0
638000;62327.0;11919.0;50408.0
638100;62327.0;11919.0;50408.0
638200;62353.0;11905.0;50448.0
638300;62353.0;11905.0;50448.0
638400;62233.0;11905.0;50328.0
638500;62219.0;11891.0;50328.0
638600;62353.0;11905.0;50448.0
638700;62339.0;11891.0;50448.0
638800;62485.0;11877.0;50608.0
638900;62365.0;11877.0;50488.0
639000;62351.0;11863.0;50488.0
639100;62435.0;11947.0;50488.0
639200;62259.5;11891.5;50368.0
639300;62502.0;11974.0;50528.0
639400;62487.0;11959.0;50528.0
639500;62472.0;11944.0;50528.0
639600;62487.0;11959.0;50528.0
639700;62367.0;11959.0;50408.0
639800;62487.0;11959.0;50528.0
639900;62527.0;11959.0;50568.0
640000;62512.0;11944.0;50568.0
640100;62527.0;11959.0;50568.0
640200;62567.0;11959.0;50608.0
640300;62589.5;11981.5;50608.0
640400;62552.0;11944.0;50608.0
640500;62606.5;11998.5;50608.0
640600;62728.0;12000.0;50728.0
640700;62588.0;11980.0;50608.0
640800;62588.0;11980.0;50608.0
640900;62628.0;11980.0;50648.0
641000;62628.0;11980.0;50648.0
641100;62638.0;11990.0;50648.0
641200;62673.0;11985.0;50688.0
641300;62658.0;11970.0;50688.0
641400;62668.0;11980.0;50688.0
641500;63108.0;11980.0;51128.0
641600;62548.0;11980.0;50568.0
641700;62668.0;11980.0;50688.0
641800;62548.0;11980.0;50568.0
641900;62708.0;11980.0;50728.0
642000;62708.0;11980.0;50728.0
642100;62548.0;11980.0;50568.0
642200;62738.0;11970.0;50768.0
642300;62618.0;11970.0;50648.0
642400;62728.0;11960.0;50768.0
642500;62758.0;11990.0;50768.0
642600;62858.0;11970.0;50888.0
642700;62538.0;11970.0;50568.0
642800;62748.0;11980.0;50768.0
642900;62778.0;11970.0;50808.0
643000;62298.0;11970.0;50328.0
643100;62836.0;12028.0;50808.0
643200;62818.0;12010.0;50808.0
643300;62990.0;12022.0;50968.0
643400;62868.0;12020.0;50848.0
643500;62862.0;12014.0;50848.0
643600;62864.0;12016.0;50848.0
643700;62866.0;12018.0;50848.0
643800;62744.0;12016.0;50728.0
643900;62904.0;12016.0;50888.0
644000;62904.0;12016.0;50888.0
644100;62904.0;12016.0;50888.0
644200;63064.0;12016.0;51048.0
644300;62948.0;12020.0;50928.0
644400;62944.0;12016.0;50928.0
644500;62981.0;12053.0;50928.0
644600;62865.0;12057.0;50808.0
644700;62979.0;12051.0;50928.0
644800;62864.0;12056.0;50808.0
644900;63024.0;12056.0;50968.0
645000;63344.0;12056.0;51288.0
645100;63023.0;12055.0;50968.0
645200;63186.0;12058.0;51128.0
645300;63066.0;12058.0;51008.0
645400;63186.0;12058.0;51128.0
645500;63063.0;12055.0;51008.0
645600;63066.0;12058.0;51008.0
645700;63122.0;12114.0;51008.0
645800;63022.0;12134.0;50888.0
645900;63030.0;12142.0;50888.0
646000;63354.0;12146.0;51208.0
646100;63022.0;12134.0;50888.0
646200;63342.0;12134.0;51208.0
646300;63214.0;12126.0;51088.0
646400;63222.0;12134.0;51088.0
646500;63334.0;12126.0;51208.0
646600;63242.0;12154.0;51088.0
646700;63242.0;12154.0;51088.0
646800;63370.0;12122.0;51248.0
646900;63254.0;12126.0;51128.0
647000;63414.0;12126.0;51288.0
647100;63246.0;12118.0;51128.0
647200;63286.0;12118.0;51168.0
647300;63290.0;12122.0;51168.0
647400;63286.0;12118.0;51168.0
647500;63406.0;12118.0;51288.0
647600;63286.0;12118.0;51168.0
647700;63321.0;12153.0;51168.0
647800;63321.0;12153.0;51168.0
647900;63380.5;12172.5;51208.0
648000;63374.0;12166.0;51208.0
648100;63361.0;12153.0;51208.0
648200;63420.5;12172.5;51248.0
648300;63561.0;12153.0;51408.0
648400;63388.0;12140.0;51248.0
648500;63268.0;12140.0;51128.0
648600;63495.0;12127.0;51368.0
648700;63375.0;12127.0;51248.0
648800;63375.0;12127.0;51248.0
648900;63415.0;12127.0;51288.0
649000;63408.5;12120.5;51288.0
649100;63415.0;12127.0;51288.0
649200;63448.5;12120.5;51328.0
649300;63455.0;12127.0;51328.0
649400;63416.0;12088.0;51328.0
649500;63416.0;12088.0;51328.0
649600;63474.5;12146.5;51328.0
649700;63474.5;12146.5;51328.0
649800;63468.0;12140.0;51328.0
649900;63495.0;12127.0;51368.0
650000;63482.0;12114.0;51368.0
650100;63482.0;12114.0;51368.0
650200;63962.0;12114.0;51848.0
650300;63522.0;12114.0;51408.0
650400;63648.5;12120.5;51528.0
650500;63554.5;12146.5;51408.0
650600;63496.0;12088.0;51408.0
650700;63509.0;12101.0;51408.0
650800;63485.5;12077.5;51408.0
650900;63406.0;12118.0;51288.0
651000;63566.0;12118.0;51448.0
651100;63575.0;12127.0;51448.0
651200;63775.0;12127.0;51648.0
651300;64032.5;12104.5;51928.0
651400;63717.0;12109.0;51608.0
651500;63744.0;12136.0;51608.0
651600;63472.5;12104.5;51368.0
651700;63588.0;12100.0;51488.0
651800;63588.0;12100.0;51488.0
651900;63628.0;12100.0;51528.0
652000;63628.0;12100.0;51528.0
652100;63628.0;12100.0;51528.0
652200;63641.5;12113.5;51528.0
652300;63681.5;12113.5;51568.0
652400;63686.0;12118.0;51568.0
652500;63788.0;12100.0;51688.0
652600;63668.0;12100.0;51568.0
652700;63668.0;12100.0;51568.0
652800;63672.5;12104.5;51568.0
652900;63548.0;12100.0;51448.0
653000;63694.5;12086.5;51608.0
653100;63561.5;12113.5;51448.0
653200;63539.0;12091.0;51448.0
653300;63739.0;12091.0;51648.0
653400;63748.0;12100.0;51648.0
653500;63757.0;12109.0;51648.0
653600;63734.5;12086.5;51648.0
653700;63739.0;12091.0;51648.0
653800;64197.0;12109.0;52088.0
653900;63830.0;12142.0;51688.0
654000;63822.5;12134.5;51688.0
654100;63830.0;12142.0;51688.0
654200;63870.0;12142.0;51728.0
654300;63865.5;12137.5;51728.0
654400;63870.0;12142.0;51728.0
654500;63870.0;12142.0;51728.0
654600;63990.0;12142.0;51848.0
654700;63868.5;12140.5;51728.0
654800;63912.0;12184.0;51728.0
654900;63946.0;12178.0;51768.0
655000;63949.0;12181.0;51768.0
655100;63949.0;12181.0;51768.0
655200;63989.0;12181.0;51808.0
655300;63992.0;12184.0;51808.0
655400;64070.0;12142.0;51928.0
655500;64028.0;12220.0;51808.0
655600;63896.0;12208.0;51688.0
655700;64028.0;12220.0;51808.0
655800;64028.0;12220.0;51808.0
655900;64056.0;12208.0;51848.0
656000;64062.0;12214.0;51848.0
656100;64062.0;12214.0;51848.0
656200;64096.0;12208.0;51888.0
656300;64237.0;12229.0;52008.0
656400;64117.0;12229.0;51888.0
656500;64214.5;12206.5;52008.0
656600;64237.0;12229.0;52008.0
656700;64117.0;12229.0;51888.0
656800;64109.5;12221.5;51888.0
656900;64052.0;12284.0;51768.0
657000;64212.0;12284.0;51928.0
657100;64027.0;12259.0;51768.0
657200;64227.0;12259.0;51968.0
657300;64252.0;12284.0;51968.0
657400;64277.0;12309.0;51968.0
657500;64372.0;12284.0;52088.0
657600;64277.0;12309.0;51968.0
657700;64277.0;12309.0;51968.0
657800;64277.0;12309.0;51968.0
657900;64317.0;12309.0;52008.0
658000;64317.0;12309.0;52008.0
658100;64317.0;12309.0;52008.0
658200;64357.0;12309.0;52048.0
658300;64332.0;12284.0;52048.0
658400;64452.0;12404.0;52048.0
658500;64497.0;12329.0;52168.0
658600;64422.0;12374.0;52048.0
658700;64422.0;12374.0;52048.0
658800;64377.0;12329.0;52048.0
658900;64592.0;12344.0;52248.0
659000;64432.0;12344.0;52088.0
659100;64592.0;12344.0;52248.0
659200;64554.5;12306.5;52248.0
659300;64337.0;12329.0;52008.0
659400;64404.5;12276.5;52128.0
659500;64442.0;12314.0;52128.0
659600;64457.0;12329.0;52128.0
659700;64457.0;12329.0;52128.0
659800;63977.0;12329.0;51648.0
659900;64314.5;12306.5;52008.0
660000;64489.5;12321.5;52168.0
660100;64519.5;12351.5;52168.0
660200;64567.0;12359.0;52208.0
660300;64672.0;12344.0;52328.0
660400;64567.0;12359.0;52208.0
660500;64454.5;12366.5;52088.0
660600;64584.0;12376.0;52208.0
660700;64715.0;12387.0;52328.0
660800;64595.0;12387.0;52208.0
660900;64635.0;12387.0;52248.0
661000;64651.5;12403.5;52248.0
661100;64624.0;12376.0;52248.0
661200;64664.0;12376.0;52288.0
661300;64669.5;12381.5;52288.0
661400;64500.0;12332.0;52168.0
661500;64664.0;12376.0;52288.0
661600;64702.5;12414.5;52288.0
661700;64675.0;12387.0;52288.0
661800;64555.0;12387.0;52168.0
661900;64527.5;12359.5;52168.0
662000;64847.5;12359.5;52488.0
662100;64864.0;12376.0;52488.0
662200;64875.0;12387.0;52488.0
662300;64727.5;12359.5;52368.0
662400;64864.0;12376.0;52488.0
662500;64864.0;12376.0;52488.0
662600;65287.5;12359.5;52928.0
662700;64744.0;12376.0;52368.0
662800;64904.0;12376.0;52528.0
662900;64613.0;12365.0;52248.0
663000;64784.0;12376.0;52408.0
663100;64624.0;12376.0;52248.0
663200;64824.0;12376.0;52448.0
663300;64824.0;12376.0;52448.0
663400;64971.5;12403.5;52568.0
663500;64851.5;12403.5;52448.0
663600;64726.0;12398.0;52328.0
663700;64824.0;12376.0;52448.0
663800;64835.0;12387.0;52448.0
663900;64875.0;12387.0;52488.0
664000;64875.0;12387.0;52488.0
664100;64869.5;12381.5;52488.0
664200;64931.5;12403.5;52528.0
664300;64915.0;12387.0;52528.0
664400;64964.5;12436.5;52528.0
664500;64584.0;12376.0;52208.0
664600;64904.0;12376.0;52528.0
664700;64904.0;12376.0;52528.0
664800;64817.0;12289.0;52528.0
664900;64805.0;12397.0;52408.0
665000;64805.0;12397.0;52408.0
665100;64947.0;12379.0;52568.0
665200;64960.0;12352.0;52608.0
665300;65005.0;12397.0;52608.0
665400;64987.0;12379.0;52608.0
665500;64969.0;12361.0;52608.0
665600;64969.0;12361.0;52608.0
665700;64987.0;12379.0;52608.0
665800;65129.0;12361.0;52768.0
665900;65151.0;12343.0;52808.0
666000;65187.0;12379.0;52808.0
666100;65169.0;12361.0;52808.0
666200;64889.0;12361.0;52528.0
666300;64947.0;12379.0;52568.0
666400;64947.0;12379.0;52568.0
666500;65187.0;12379.0;52808.0
666600;65067.0;12379.0;52688.0
666700;65067.0;12379.0;52688.0
666800;65135.0;12407.0;52728.0
666900;65135.0;12407.0;52728.0
667000;65047.0;12319.0;52728.0
667100;65157.0;12429.0;52728.0
667200;65210.0;12442.0;52768.0
667300;65049.5;12401.5;52648.0
667400;65156.0;12388.0;52768.0
667500;65183.0;12415.0;52768.0
667600;65183.0;12415.0;52768.0
667700;65090.0;12442.0;52648.0
667800;65156.0;12388.0;52768.0
667900;65196.0;12388.0;52808.0
668000;65196.0;12388.0;52808.0
668100;65169.0;12361.0;52808.0
668200;65076.0;12388.0;52688.0
668300;65369.5;12401.5;52968.0
668400;65250.0;12402.0;52848.0
668500;65250.0;12402.0;52848.0
668600;65370.0;12402.0;52968.0
668700;65332.5;12364.5;52968.0
668800;65410.0;12402.0;53008.0
668900;65290.0;12402.0;52888.0
669000;65315.0;12427.0;52888.0
669100;65290.0;12402.0;52888.0
669200;65305.0;12377.0;52928.0
669300;65317.5;12389.5;52928.0
669400;65235.0;12427.0;52808.0
669500;65475.0;12427.0;53048.0
669600;65330.0;12402.0;52928.0
669700;65330.0;12402.0;52928.0
669800;65210.0;12402.0;52808.0
669900;65370.0;12402.0;52968.0
670000;65345.0;12377.0;52968.0
670100;65345.0;12377.0;52968.0
670200;65385.0;12377.0;53008.0
670300;65385.0;12377.0;53008.0
670400;65505.0;12377.0;53128.0
670500;65397.5;12389.5;53008.0
670600;65385.0;12377.0;53008.0
670700;65505.0;12377.0;53128.0
670800;65570.0;12402.0;53168.0
670900;65265.0;12377.0;52888.0
671000;65387.5;12339.5;53048.0
671100;65375.0;12327.0;53048.0
671200;65415.0;12327.0;53088.0
671300;65560.0;12352.0;53208.0
671400;65440.0;12352.0;53088.0
671500;65560.0;12352.0;53208.0
671600;65415.0;12327.0;53088.0
671700;65415.0;12327.0;53088.0
671800;65452.5;12364.5;53088.0
671900;65615.0;12327.0;53288.0
672000;65480.0;12352.0;53128.0
672100;65602.5;12314.5;53288.0
672200;65515.0;12227.0;53288.0
672300;65507.5;12339.5;53168.0
672400;65545.0;12377.0;53168.0
672500;65557.5;12389.5;53168.0
672600;65985.0;12377.0;53608.0
672700;65495.0;12327.0;53168.0
672800;65495.0;12327.0;53168.0
672900;65535.0;12327.0;53208.0
673000;65030.0;12302.0;52728.0
673100;65670.0;12302.0;53368.0
673200;65550.0;12302.0;53248.0
673300;65550.0;12302.0;53248.0
673400;65505.0;12377.0;53128.0
673500;65587.5;12339.5;53248.0
673600;66045.0;12357.0;53688.0
673700;65640.0;12392.0;53248.0
673800;65520.0;12392.0;53128.0
673900;65697.5;12409.5;53288.0
674000;65645.0;12357.0;53288.0
674100;65522.5;12234.5;53288.0
674200;65385.0;12217.0;53168.0
674300;65617.5;12409.5;53208.0
674400;65670.0;12462.0;53208.0
674500;65685.0;12357.0;53328.0
674600;65700.0;12252.0;53448.0
674700;65702.5;12374.5;53328.0
674800;65600.0;12392.0;53208.0
674900;65687.5;12479.5;53208.0
675000;65742.5;12374.5;53368.0
675100;65725.0;12357.0;53368.0
675200;65730.0;12322.0;53408.0
675300;65765.0;12357.0;53408.0
675400;65765.0;12357.0;53408.0
675500;65850.0;12322.0;53528.0
675600;66205.0;12357.0;53848.0
675700;65765.0;12357.0;53408.0
675800;65765.0;12357.0;53408.0
675900;65805.0;12357.0;53448.0
676000;65947.5;12339.5;53608.0
676100;65752.5;12304.5;53448.0
676200;65845.0;12357.0;53488.0
676300;65792.5;12304.5;53488.0
676400;65950.0;12462.0;53488.0
676500;65845.0;12357.0;53488.0
676600;65880.0;12392.0;53488.0
676700;65880.0;12392.0;53488.0
676800;65880.0;12392.0;53488.0
676900;65777.5;12409.5;53368.0
677000;65690.0;12322.0;53368.0
677100;65867.5;12339.5;53528.0
677200;65887.0;12319.0;53568.0
677300;65926.0;12358.0;53568.0
677400;65887.0;12319.0;53568.0
677500;65940.0;12372.0;53568.0
677600;65919.5;12351.5;53568.0
677700;65899.0;12331.0;53568.0
677800;66100.0;12372.0;53728.0
677900;66140.0;12372.0;53768.0
678000;65980.0;12372.0;53608.0
678100;65980.0;12372.0;53608.0
678200;66020.0;12372.0;53648.0
678300;66020.0;12372.0;53648.0
678400;65958.5;12310.5;53648.0
678500;65900.0;12372.0;53528.0
678600;66221.0;12413.0;53808.0
678700;65900.0;12372.0;53528.0
678800;66180.0;12372.0;53808.0
678900;66180.0;12372.0;53808.0
679000;65900.0;12372.0;53528.0
679100;65900.0;12372.0;53528.0
679200;66261.0;12413.0;53848.0
679300;65874.5;12146.5;53728.0
679400;65980.0;12372.0;53608.0
679500;66120.5;12392.5;53728.0
679600;66181.0;12453.0;53728.0
679700;66139.0;12291.0;53848.0
679800;66079.0;12471.0;53608.0
679900;66061.0;12453.0;53608.0
680000;66239.0;12471.0;53768.0
680100;66221.0;12453.0;53768.0
680200;66261.0;12453.0;53808.0
680300;66177.0;12489.0;53688.0
680400;66261.0;12453.0;53808.0
680500;66261.0;12453.0;53808.0
680600;66399.0;12471.0;53928.0
680700;66381.0;12453.0;53928.0
680800;66331.0;12363.0;53968.0
680900;66211.0;12363.0;53848.0
681000;66301.0;12453.0;53848.0
681100;66301.0;12453.0;53848.0
681200;66404.0;12516.0;53888.0
681300;66537.5;12529.5;54008.0
681400;66551.0;12543.0;54008.0
681500;66404.0;12516.0;53888.0
681600;66431.0;12543.0;53888.0
681700;66390.5;12502.5;53888.0
681800;66231.0;12543.0;53688.0
681900;66564.0;12636.0;53928.0
682000;66474.0;12546.0;53928.0
682100;66474.0;12546.0;53928.0
682200;66574.0;12606.0;53968.0
682300;66544.0;12576.0;53968.0
682400;66664.0;12576.0;54088.0
682500;66634.0;12546.0;54088.0
682600;66424.0;12576.0;53848.0
682700;66679.0;12591.0;54088.0
682800;66559.0;12591.0;53968.0
682900;66744.0;12576.0;54168.0
683000;66584.0;12576.0;54008.0
683100;66454.0;12606.0;53848.0
683200;66654.0;12606.0;54048.0
683300;66836.0;12668.0;54168.0
683400;66690.0;12642.0;54048.0
683500;66690.0;12642.0;54048.0
683600;66690.0;12642.0;54048.0
683700;66690.0;12642.0;54048.0
683800;66664.0;12616.0;54048.0
683900;67144.0;12616.0;54528.0
684000;66704.0;12616.0;54088.0
684100;66570.0;12642.0;53928.0
684200;66570.0;12642.0;53928.0
684300;66783.0;12655.0;54128.0
684400;66809.0;12681.0;54128.0
684500;66209.0;12681.0;53528.0
684600;66796.0;12668.0;54128.0
684700;66676.0;12668.0;54008.0
684800;66676.0;12668.0;54008.0
684900;66862.0;12694.0;54168.0
685000;66849.0;12681.0;54168.0
685100;66810.0;12642.0;54168.0
685200;66970.0;12642.0;54328.0
685300;66850.0;12642.0;54208.0
685400;66948.5;12740.5;54208.0
685500;66901.0;12693.0;54208.0
685600;66901.0;12693.0;54208.0
685700;66920.0;12712.0;54208.0
685800;66920.0;12712.0;54208.0
685900;66979.0;12731.0;54248.0
686000;66960.0;12712.0;54248.0
686100;66950.5;12702.5;54248.0
686200;67000.0;12712.0;54288.0
686300;67028.5;12740.5;54288.0
686400;66501.0;12693.0;53808.0
686500;67000.0;12712.0;54288.0
686600;67019.0;12731.0;54288.0
686700;66981.0;12693.0;54288.0
686800;67160.0;12712.0;54448.0
686900;66880.0;12712.0;54168.0
687000;67021.0;12693.0;54328.0
687100;67200.0;12712.0;54488.0
687200;67080.0;12712.0;54368.0
687300;66960.0;12712.0;54248.0
687400;66960.0;12712.0;54248.0
687500;67080.0;12712.0;54368.0
687600;67099.0;12731.0;54368.0
687700;66619.0;12731.0;53888.0
687800;67070.5;12702.5;54368.0
687900;67110.5;12702.5;54408.0
688000;67318.0;12750.0;54568.0
688100;67139.0;12731.0;54408.0
688200;67280.0;12712.0;54568.0
688300;67160.0;12712.0;54448.0
688400;67150.5;12702.5;54448.0
688500;66680.0;12712.0;53968.0
688600;67103.0;12655.0;54448.0
688700;67179.0;12731.0;54448.0
688800;67179.0;12731.0;54448.0
688900;67407.5;12759.5;54648.0
689000;67360.0;12712.0;54648.0
689100;67379.0;12731.0;54648.0
689200;67259.0;12731.0;54528.0
689300;67249.5;12721.5;54528.0
689400;67259.0;12731.0;54528.0
689500;67281.5;12753.5;54528.0
689600;67204.5;12676.5;54528.0
689700;67370.5;12722.5;54648.0
689800;67296.5;12768.5;54528.0
689900;67371.0;12803.0;54568.0
690000;67405.5;12837.5;54568.0
690100;67371.0;12803.0;54568.0
690200;67434.0;12826.0;54608.0
690300;67411.0;12803.0;54608.0
690400;67531.0;12803.0;54728.0
690500;67291.0;12803.0;54488.0
690600;67851.0;12803.0;55048.0
690700;67722.0;12834.0;54888.0
690800;67512.0;12904.0;54608.0
690900;67524.0;12876.0;54648.0
691000;67684.0;12876.0;54808.0
691100;67524.0;12876.0;54648.0
691200;67084.0;12876.0;54208.0
691300;67596.0;12908.0;54688.0
691400;67596.0;12908.0;54688.0
691500;67476.0;12908.0;54568.0
691600;67628.0;12940.0;54688.0
691700;67628.0;12940.0;54688.0
691800;67740.0;12892.0;54848.0
691900;67668.0;12940.0;54728.0
692000;67700.0;12972.0;54728.0
692100;68108.0;12940.0;55168.0
692200;67700.0;12972.0;54728.0
692300;67708.0;12940.0;54768.0
692400;67740.0;12972.0;54768.0
692500;67740.0;12972.0;54768.0
692600;67740.0;12972.0;54768.0
692700;67860.0;12972.0;54888.0
692800;67740.0;12972.0;54768.0
692900;67940.0;12972.0;54968.0
693000;67828.0;13020.0;54808.0
693100;67780.0;12972.0;54808.0
693200;67780.0;12972.0;54808.0
693300;67940.0;12972.0;54968.0
693400;67940.0;12972.0;54968.0
693500;67700.0;12972.0;54728.0
693600;67868.0;13020.0;54848.0
693700;67700.0;12972.0;54728.0
693800;67820.0;12972.0;54848.0
693900;68252.0;12924.0;55328.0
694000;67732.0;13004.0;54728.0
694100;67732.0;13004.0;54728.0
694200;67732.0;13004.0;54728.0
694300;67980.0;13052.0;54928.0
694400;67900.0;12972.0;54928.0
694500;67948.0;13020.0;54928.0
694600;67916.0;12988.0;54928.0
694700;67916.0;12988.0;54928.0
694800;67932.0;13004.0;54928.0
694900;67780.0;12972.0;54808.0
695000;67940.0;12972.0;54968.0
695100;67940.0;12972.0;54968.0
695200;68012.0;13004.0;55008.0
695300;67900.0;12892.0;55008.0
695400;68108.0;13100.0;55008.0
695500;68044.0;13036.0;55008.0
695600;68012.0;13004.0;55008.0
695700;68012.0;13004.0;55008.0
695800;68012.0;13004.0;55008.0
695900;68276.0;13068.0;55208.0
696000;68308.0;13100.0;55208.0
696100;68084.0;13036.0;55048.0
696200;68092.0;13004.0;55088.0
696300;67972.0;13004.0;54968.0
696400;67972.0;13004.0;54968.0
696500;68124.0;13036.0;55088.0
696600;68244.0;13036.0;55208.0
696700;68156.0;13068.0;55088.0
696800;68156.0;13068.0;55088.0
696900;68196.0;13068.0;55128.0
697000;68036.0;13068.0;54968.0
697100;68196.0;13068.0;55128.0
697200;68188.0;13020.0;55168.0
697300;68236.0;13068.0;55168.0
697400;68236.0;13068.0;55168.0
697500;68204.0;13036.0;55168.0
697600;68348.0;13180.0;55168.0
697700;68172.0;13004.0;55168.0
697800;68204.0;13036.0;55168.0
697900;68276.0;13068.0;55208.0
698000;68276.0;13068.0;55208.0
698100;68356.0;13148.0;55208.0
698200;68212.0;13004.0;55208.0
698300;68164.0;13036.0;55128.0
698400;68284.0;13036.0;55248.0
698500;68164.0;13036.0;55128.0
698600;68236.0;12988.0;55248.0
698700;68404.0;13036.0;55368.0
698800;68284.0;13036.0;55248.0
698900;68356.0;13068.0;55288.0
699000;68372.0;13084.0;55288.0
699100;68340.0;13052.0;55288.0
699200;68476.0;13148.0;55328.0
699300;68396.0;13068.0;55328.0
699400;68404.0;12956.0;55448.0
699500;68164.0;12956.0;55208.0
699600;68348.0;13020.0;55328.0
699700;68268.0;12940.0;55328.0
699800;68396.0;13068.0;55328.0
699900;68543.0;13175.0;55368.0
700000;68478.0;13110.0;55368.0
700100;68520.0;13152.0;55368.0
700200;68560.0;13152.0;55408.0
700300;68440.0;13152.0;55288.0
700400;68440.0;13152.0;55288.0
700500;68530.0;13122.0;55408.0
700600;68560.0;13152.0;55408.0
700700;68648.0;13240.0;55408.0
700800;68795.5;13187.5;55608.0
700900;68712.0;13264.0;55448.0
701000;68147.0;13179.0;54968.0
701100;68215.0;13247.0;54968.0
701200;68735.0;13247.0;55488.0
701300;68735.0;13247.0;55488.0
701400;68735.0;13247.0;55488.0
701500;68735.0;13247.0;55488.0
701600;68615.0;13247.0;55368.0
701700;68718.0;13230.0;55488.0
701800;68912.0;13264.0;55648.0
701900;68952.0;13264.0;55688.0
702000;68867.0;13179.0;55688.0
702100;69215.0;13247.0;55968.0
702200;68352.0;13264.0;55088.0
702300;68712.0;13264.0;55448.0
702400;68832.0;13264.0;55568.0
702500;69112.0;13264.0;55848.0
702600;69112.0;13264.0;55848.0
702700;68857.5;13289.5;55568.0
702800;68857.5;13289.5;55568.0
702900;68872.0;13264.0;55608.0
703000;68872.0;13264.0;55608.0
703100;68729.0;13281.0;55448.0
703200;68912.0;13264.0;55648.0
703300;68937.5;13289.5;55648.0
703400;68912.0;13264.0;55648.0
703500;68936.0;13288.0;55648.0
703600;69098.0;13330.0;55768.0
703700;69077.0;13309.0;55768.0
703800;68957.0;13309.0;55648.0
703900;68877.0;13189.0;55688.0
704000;69059.0;13371.0;55688.0
704100;69007.0;13319.0;55688.0
704200;69007.0;13319.0;55688.0
704300;69181.0;13333.0;55848.0
704400;69195.0;13347.0;55848.0
704500;69061.0;13333.0;55728.0
704600;69501.0;13333.0;56168.0
704700;69075.0;13347.0;55728.0
704800;69033.0;13305.0;55728.0
704900;69073.0;13305.0;55768.0
705000;68885.0;13277.0;55608.0
705100;69513.0;13305.0;56208.0
705200;69085.0;13277.0;55808.0
705300;68993.0;13305.0;55688.0
705400;69042.0;13354.0;55688.0
705500;69179.5;13371.5;55808.0
705600;69162.0;13354.0;55808.0
705700;68682.0;13354.0;55328.0
705800;69162.0;13354.0;55808.0
705900;68972.0;13284.0;55688.0
706000;69202.0;13354.0;55848.0
706100;69007.0;13319.0;55688.0
706200;69117.0;13389.0;55728.0
706300;69122.0;13354.0;55768.0
706400;69362.0;13354.0;56008.0
706500;69189.5;13301.5;55888.0
706600;69207.0;13319.0;55888.0
706700;69207.0;13319.0;55888.0
706800;69207.0;13319.0;55888.0
706900;69282.0;13354.0;55928.0
707000;69282.0;13354.0;55928.0
707100;69282.0;13354.0;55928.0
707200;69322.0;13354.0;55968.0
707300;69322.0;13354.0;55968.0
707400;69357.0;13389.0;55968.0
707500;69322.0;13354.0;55968.0
707600;69357.0;13389.0;55968.0
707700;69357.0;13389.0;55968.0
707800;69202.0;13354.0;55848.0
707900;69397.0;13389.0;56008.0
708000;69432.0;13424.0;56008.0
708100;69432.0;13424.0;56008.0
708200;69397.0;13389.0;56008.0
708300;69477.0;13429.0;56048.0
708400;69597.0;13429.0;56168.0
708500;69477.0;13429.0;56048.0
708600;69417.0;13489.0;55928.0
708700;69437.0;13509.0;55928.0
708800;69477.0;13429.0;56048.0
708900;69517.0;13469.0;56048.0
709000;69517.0;13469.0;56048.0
709100;69559.0;13511.0;56048.0
709200;69639.0;13511.0;56128.0
709300;69759.0;13511.0;56248.0
709400;69751.0;13743.0;56008.0
709500;69931.0;13523.0;56408.0
709600;69651.0;13523.0;56128.0
709700;69531.0;13523.0;56008.0
709800;69691.0;13523.0;56168.0
709900;69651.0;13483.0;56168.0
710000;69724.0;13716.0;56008.0
710100;69663.0;13495.0;56168.0
710200;69759.0;13551.0;56208.0
710300;69681.0;13473.0;56208.0
710400;69798.0;13590.0;56208.0
710500;69798.0;13590.0;56208.0
710600;69759.0;13551.0;56208.0
710700;69733.0;13525.0;56208.0
710800;69759.0;13551.0;56208.0
710900;69864.0;13616.0;56248.0
711000;69799.0;13551.0;56248.0
711100;69773.0;13525.0;56248.0
711200;69773.0;13525.0;56248.0
711300;69813.0;13525.0;56288.0
711400;69839.0;13551.0;56288.0
711500;69826.0;13538.0;56288.0
711600;69865.0;13577.0;56288.0
711700;69826.0;13538.0;56288.0
711800;69745.0;13577.0;56168.0
711900;69905.0;13577.0;56328.0
712000;69931.0;13603.0;56328.0
712100;69905.0;13577.0;56328.0
712200;69945.0;13577.0;56368.0
712300;69958.0;13590.0;56368.0
712400;69945.0;13577.0;56368.0
712500;69954.0;13586.0;56368.0
712600;69922.5;13554.5;56368.0
712700;69954.0;13586.0;56368.0
712800;69954.0;13586.0;56368.0
712900;69994.0;13586.0;56408.0
713000;70434.0;13586.0;56848.0
713100;69994.0;13586.0;56408.0
713200;70154.0;13586.0;56568.0
713300;70034.0;13586.0;56448.0
713400;70093.5;13645.5;56448.0
713500;70044.0;13596.0;56448.0
713600;69918.5;13590.5;56328.0
713700;69918.5;13590.5;56328.0
713800;69907.5;13579.5;56328.0
713900;70095.0;13607.0;56488.0
714000;70084.0;13596.0;56488.0
714100;70084.0;13596.0;56488.0
714200;70140.5;13612.5;56528.0
714300;70140.5;13612.5;56528.0
714400;70255.0;13607.0;56648.0
714500;70135.0;13607.0;56528.0
714600;70135.0;13607.0;56528.0
714700;70135.0;13607.0;56528.0
714800;70135.0;13607.0;56528.0
714900;70079.0;13511.0;56568.0
715000;69984.0;13616.0;56368.0
715100;70184.0;13616.0;56568.0
715200;70213.5;13605.5;56608.0
715300;70339.5;13731.5;56608.0
715400;70245.0;13637.0;56608.0
715500;70234.5;13626.5;56608.0
715600;70234.5;13626.5;56608.0
715700;70224.0;13616.0;56608.0
715800;70224.0;13616.0;56608.0
715900;70445.0;13637.0;56808.0
716000;70264.0;13616.0;56648.0
716100;70264.0;13616.0;56648.0
716200;70264.0;13616.0;56648.0
716300;70283.0;13595.0;56688.0
716400;70370.0;13682.0;56688.0
716500;70415.0;13607.0;56808.0
716600;70415.0;13607.0;56808.0
716700;70280.0;13592.0;56688.0
716800;70280.0;13592.0;56688.0
716900;70320.0;13592.0;56728.0
717000;70175.0;13607.0;56568.0
717100;70342.5;13614.5;56728.0
717200;70315.0;13547.0;56768.0
717300;70360.0;13592.0;56768.0
717400;70345.0;13577.0;56768.0
717500;70360.0;13592.0;56768.0
717600;70360.0;13592.0;56768.0
717700;70480.0;13592.0;56888.0
717800;70307.5;13539.5;56768.0
717900;70400.0;13592.0;56808.0
718000;70277.5;13629.5;56648.0
718100;70560.0;13592.0;56968.0
718200;70440.0;13592.0;56848.0
718300;70425.0;13577.0;56848.0
718400;70402.5;13554.5;56848.0
718500;70425.0;13577.0;56848.0
718600;70425.0;13577.0;56848.0
718700;70425.0;13577.0;56848.0
718800;70432.5;13584.5;56848.0
718900;70625.0;13577.0;57048.0
719000;70405.0;13517.0;56888.0
719100;70405.0;13517.0;56888.0
719200;70445.0;13517.0;56928.0
719300;70505.0;13577.0;56928.0
719400;70385.0;13577.0;56808.0
719500;70505.0;13577.0;56928.0
719600;70482.5;13554.5;56928.0
719700;70505.0;13577.0;56928.0
719800;70415.0;13607.0;56808.0
719900;70552.5;13584.5;56968.0
720000;70575.0;13607.0;56968.0
720100;70552.5;13584.5;56968.0
720200;70615.0;13607.0;57008.0
720300;70630.0;13622.0;57008.0
720400;70630.0;13622.0;57008.0
720500;70615.0;13607.0;57008.0
720600;70615.0;13607.0;57008.0
720700;70615.0;13607.0;57008.0
720800;70651.0;13643.0;57008.0
720900;70651.0;13643.0;57008.0
721000;70680.0;13632.0;57048.0
721100;70691.0;13643.0;57048.0
721200;70272.5;13664.5;56608.0
721300;70736.0;13648.0;57088.0
721400;70730.0;13642.0;57088.0
721500;70617.5;13649.5;56968.0
721600;70733.0;13645.0;57088.0
721700;70730.0;13642.0;57088.0
721800;70733.0;13645.0;57088.0
721900;70776.0;13648.0;57128.0
722000;70616.0;13648.0;56968.0
722100;70619.0;13651.0;56968.0
722200;70813.0;13645.0;57168.0
722300;71256.0;13648.0;57608.0
722400;70819.0;13651.0;57168.0
722500;70939.0;13651.0;57288.0
722600;70819.0;13651.0;57168.0
722700;70939.0;13651.0;57288.0
722800;70807.0;13639.0;57168.0
722900;70873.0;13665.0;57208.0
723000;70871.0;13663.0;57208.0
723100;70877.0;13669.0;57208.0
723200;70909.0;13661.0;57248.0
723300;70917.0;13669.0;57248.0
723400;70917.0;13669.0;57248.0
723500;71079.0;13711.0;57368.0
723600;70959.0;13711.0;57248.0
723700;70959.0;13711.0;57248.0
723800;70957.0;13709.0;57248.0
723900;70995.0;13707.0;57288.0
724000;70995.0;13707.0;57288.0
724100;70999.0;13711.0;57288.0
724200;71039.0;13711.0;57328.0
724300;71159.0;13711.0;57448.0
724400;71039.0;13711.0;57328.0
724500;71041.0;13713.0;57328.0
724600;71039.0;13711.0;57328.0
724700;71041.0;13713.0;57328.0
724800;71041.0;13713.0;57328.0
724900;70921.0;13713.0;57208.0
725000;71081.0;13713.0;57368.0
725100;71083.0;13715.0;57368.0
725200;71123.0;13715.0;57408.0
725300;71123.0;13715.0;57408.0
725400;71125.0;13717.0;57408.0
725500;71125.0;13717.0;57408.0
725600;71245.0;13717.0;57528.0
725700;71316.0;13788.0;57528.0
725800;71216.0;13808.0;57408.0
725900;71081.0;13793.0;57288.0
726000;71231.0;13783.0;57448.0
726100;70586.0;13778.0;56808.0
726200;71311.0;13823.0;57488.0
726300;71311.0;13823.0;57488.0
726400;71191.0;13823.0;57368.0
726500;71341.0;13853.0;57488.0
726600;71348.5;13860.5;57488.0
726700;71363.5;13875.5;57488.0
726800;71206.0;13838.0;57368.0
726900;71366.0;13838.0;57528.0
727000;71343.5;13815.5;57528.0
727100;71351.0;13823.0;57528.0
727200;71336.0;13808.0;57528.0
727300;71376.0;13808.0;57568.0
727400;71248.5;13800.5;57448.0
727500;71263.5;13815.5;57448.0
727600;71443.5;13875.5;57568.0
727700;71563.5;13875.5;57688.0
727800;71406.0;13838.0;57568.0
727900;71606.0;13838.0;57768.0
728000;71446.0;13838.0;57608.0
728100;71468.5;13860.5;57608.0
728200;71538.5;13890.5;57648.0
728300;71516.0;13868.0;57648.0
728400;71508.5;13860.5;57648.0
728500;71621.0;13853.0;57768.0
728600;71501.0;13853.0;57648.0
728700;71501.0;13853.0;57648.0
728800;71486.0;13838.0;57648.0
728900;71526.0;13838.0;57688.0
729000;71526.0;13838.0;57688.0
729100;71742.0;13894.0;57848.0
729200;71622.0;13894.0;57728.0
729300;71632.5;13904.5;57728.0
729400;71622.0;13894.0;57728.0
729500;71622.0;13894.0;57728.0
729600;71629.0;13901.0;57728.0
729700;71777.0;13929.0;57848.0
729800;71657.0;13929.0;57728.0
729900;71697.0;13929.0;57768.0
730000;71697.0;13929.0;57768.0
730100;71875.0;13947.0;57928.0
730200;71749.0;13941.0;57808.0
730300;71137.0;13929.0;57208.0
730400;71791.0;13983.0;57808.0
730500;71788.0;13980.0;57808.0
730600;71794.0;13986.0;57808.0
730700;71594.0;13986.0;57608.0
730800;71785.0;13977.0;57808.0
730900;71693.0;14005.0;57688.0
731000;72052.0;14044.0;58008.0
731100;71881.0;14033.0;57848.0
731200;71987.0;14099.0;57888.0
731300;71987.0;14099.0;57888.0
731400;71997.5;14109.5;57888.0
731500;72011.5;14123.5;57888.0
731600;71987.0;14099.0;57888.0
731700;71980.0;14092.0;57888.0
731800;71860.0;14092.0;57768.0
731900;72020.0;14092.0;57928.0
732000;72034.0;14106.0;57928.0
732100;72027.0;14099.0;57928.0
732200;72208.0;14120.0;58088.0
732300;72248.0;14120.0;58128.0
732400;72187.0;14099.0;58088.0
732500;71954.0;14106.0;57848.0
732600;72077.5;14109.5;57968.0
732700;72077.5;14109.5;57968.0
732800;72046.0;14078.0;57968.0
732900;72117.5;14109.5;58008.0
733000;72114.0;14106.0;58008.0
733100;72114.0;14106.0;58008.0
733200;72147.0;14099.0;58048.0
733300;72161.0;14113.0;58048.0
733400;72041.0;14113.0;57928.0
733500;72281.0;14113.0;58168.0
733600;72161.0;14113.0;58048.0
733700;72154.0;14106.0;58048.0
733800;72161.0;14113.0;58048.0
733900;72169.5;14081.5;58088.0
734000;72194.0;14106.0;58088.0
734100;72194.0;14106.0;58088.0
734200;72183.5;14095.5;58088.0
734300;72347.0;14099.0;58248.0
734400;72107.0;14099.0;58008.0
734500;72227.0;14099.0;58128.0
734600;72220.0;14092.0;58128.0
734700;72096.5;14088.5;58008.0
734800;72216.5;14088.5;58128.0
734900;72302.0;14134.0;58168.0
735000;72302.0;14134.0;58168.0
735100;71822.0;14134.0;57688.0
735200;72228.5;14180.5;58048.0
735300;72392.0;14184.0;58208.0
735400;72378.0;14170.0;58208.0
735500;72254.5;14166.5;58088.0
735600;72374.5;14166.5;58208.0
735700;72552.0;14184.0;58368.0
735800;72265.0;14177.0;58088.0
735900;72425.0;14177.0;58248.0
736000;72425.0;14177.0;58248.0
736100;72425.0;14177.0;58248.0
736200;72472.0;14184.0;58288.0
736300;72454.5;14166.5;58288.0
736400;72458.0;14170.0;58288.0
736500;72468.5;14180.5;58288.0
736600;72458.0;14170.0;58288.0
736700;72465.0;14177.0;58288.0
736800;72458.0;14170.0;58288.0
736900;72540.0;14212.0;58328.0
737000;72368.0;14200.0;58168.0
737100;72552.0;14224.0;58328.0
737200;72580.0;14212.0;58368.0
737300;72592.0;14224.0;58368.0
737400;72580.0;14212.0;58368.0
737500;73020.0;14212.0;58808.0
737600;71998.0;14230.0;57768.0
737700;71998.0;14230.0;57768.0
737800;72598.0;14230.0;58368.0
737900;72472.0;14224.0;58248.0
738000;72134.0;14206.0;57928.0
738100;72626.0;14218.0;58408.0
738200;72780.0;14212.0;58568.0
738300;72660.0;14212.0;58448.0
738400;72660.0;14212.0;58448.0
738500;72168.0;14200.0;57968.0
738600;72528.0;14200.0;58328.0
738700;72648.0;14200.0;58448.0
738800;72048.0;14200.0;57848.0
738900;72060.0;14212.0;57848.0
739000;72712.0;14224.0;58488.0
739100;72712.0;14224.0;58488.0
739200;72580.0;14212.0;58368.0
739300;72740.0;14212.0;58528.0
739400;72740.0;14212.0;58528.0
739500;72690.0;14282.0;58408.0
739600;72852.0;14324.0;58528.0
739700;72852.0;14324.0;58528.0
739800;72828.0;14300.0;58528.0
739900;72868.0;14300.0;58568.0
740000;72888.0;14320.0;58568.0
740100;72732.0;14324.0;58408.0
740200;73092.0;14324.0;58768.0
740300;73372.0;14324.0;59048.0
740400;73384.0;14336.0;59048.0
740500;72868.0;14260.0;58608.0
740600;72868.0;14260.0;58608.0
740700;73068.0;14300.0;58768.0
740800;72956.0;14348.0;58608.0
740900;72980.0;14332.0;58648.0
741000;72980.0;14332.0;58648.0
741100;72980.0;14332.0;58648.0
741200;72996.0;14308.0;58688.0
741300;72996.0;14308.0;58688.0
741400;72988.0;14300.0;58688.0
741500;73004.0;14316.0;58688.0
741600;73100.0;14292.0;58808.0
741700;72988.0;14300.0;58688.0
741800;72980.0;14292.0;58688.0
741900;73020.0;14292.0;58728.0
742000;72582.5;14334.5;58248.0
742100;73275.0;14387.0;58888.0
742200;73092.0;14324.0;58768.0
742300;73113.0;14345.0;58768.0
742400;73018.5;14250.5;58768.0
742500;73170.0;14282.0;58888.0
742600;73113.0;14345.0;58768.0
742700;73123.5;14355.5;58768.0
742800;72993.0;14345.0;58648.0
742900;73195.0;14387.0;58808.0
743000;73014.0;14366.0;58648.0
743100;73100.5;14292.5;58808.0
743200;73195.0;14387.0;58808.0
743300;73224.5;14376.5;58848.0
743400;73224.5;14376.5;58848.0
743500;73334.0;14366.0;58968.0
743600;73214.0;14366.0;58848.0
743700;73245.5;14397.5;58848.0
743800;73374.0;14366.0;59008.0
743900;73265.0;14377.0;58888.0
744000;73299.0;14411.0;58888.0
744100;73282.0;14394.0;58888.0
744200;73339.0;14411.0;58928.0
744300;73339.0;14411.0;58928.0
744400;73339.0;14411.0;58928.0
744500;73339.0;14411.0;58928.0
744600;73442.0;14394.0;59048.0
744700;73356.0;14428.0;58928.0
744800;73356.0;14428.0;58928.0
744900;73539.0;14411.0;59128.0
745000;73353.5;14385.5;58968.0
745100;73219.0;14411.0;58808.0
745200;73402.0;14394.0;59008.0
745300;73402.0;14394.0;59008.0
745400;73402.0;14394.0;59008.0
745500;73402.0;14394.0;59008.0
745600;73444.0;14436.0;59008.0
745700;73433.0;14425.0;59008.0
745800;73444.0;14436.0;59008.0
745900;73484.0;14436.0;59048.0
746000;73539.0;14491.0;59048.0
746100;73409.0;14521.0;58888.0
746200;73744.0;14536.0;59208.0
746300;73624.0;14536.0;59088.0
746400;73624.0;14536.0;59088.0
746500;73624.0;14536.0;59088.0
746600;73624.0;14536.0;59088.0
746700;73784.0;14536.0;59248.0
746800;73776.5;14528.5;59248.0
746900;73656.5;14528.5;59128.0
747000;73664.0;14536.0;59128.0
747100;73824.0;14536.0;59288.0
747200;73824.0;14536.0;59288.0
747300;73801.5;14513.5;59288.0
747400;73704.0;14536.0;59168.0
747500;73704.0;14536.0;59168.0
747600;73696.5;14528.5;59168.0
747700;73719.0;14551.0;59168.0
747800;73591.5;14543.5;59048.0
747900;73781.5;14573.5;59208.0
748000;73744.0;14536.0;59208.0
748100;73576.5;14528.5;59048.0
748200;73919.0;14551.0;59368.0
748300;73484.0;14596.0;58888.0
748400;73679.0;14551.0;59128.0
748500;73656.5;14528.5;59128.0
748600;73934.0;14566.0;59368.0
748700;73769.0;14521.0;59248.0
748800;73769.0;14521.0;59248.0
748900;73854.0;14566.0;59288.0
749000;73869.0;14581.0;59288.0
749100;73854.0;14566.0;59288.0
749200;73854.0;14566.0;59288.0
749300;73869.0;14581.0;59288.0
749400;73924.0;14596.0;59328.0
749500;73924.0;14596.0;59328.0
749600;73924.0;14596.0;59328.0
749700;73924.0;14596.0;59328.0
749800;73924.0;14596.0;59328.0
749900;73964.0;14596.0;59368.0
750000;73941.5;14573.5;59368.0
750100;73964.0;14596.0;59368.0
750200;73964.0;14596.0;59368.0
750300;74064.0;14656.0;59408.0
750400;74019.0;14611.0;59408.0
750500;74019.0;14611.0;59408.0
750600;74064.0;14656.0;59408.0
750700;74199.0;14631.0;59568.0
750800;74034.0;14626.0;59408.0
750900;74084.0;14636.0;59448.0
751000;74084.0;14636.0;59448.0
751100;74074.0;14626.0;59448.0
751200;74234.0;14626.0;59608.0
751300;73634.0;14626.0;59008.0
751400;74136.5;14648.5;59488.0
751500;74239.0;14631.0;59608.0
751600;74116.5;14628.5;59488.0
751700;74124.0;14636.0;59488.0
751800;73999.0;14631.0;59368.0
751900;74159.0;14631.0;59528.0
752000;74164.0;14636.0;59528.0
752100;74338.0;14650.0;59688.0
752200;74218.0;14650.0;59568.0
752300;74094.0;14686.0;59408.0
752400;74134.0;14686.0;59448.0
752500;74254.0;14686.0;59568.0
752600;74254.0;14686.0;59568.0
752700;74414.0;14686.0;59728.0
752800;74414.0;14686.0;59728.0
752900;74294.0;14686.0;59608.0
753000;74294.0;14686.0;59608.0
753100;74294.0;14686.0;59608.0
753200;74454.0;14686.0;59768.0
753300;74334.0;14686.0;59648.0
753400;74214.0;14686.0;59528.0
753500;74454.0;14686.0;59768.0
753600;74334.0;14686.0;59648.0
753700;74334.0;14686.0;59648.0
753800;74334.0;14686.0;59648.0
753900;74374.0;14686.0;59688.0
754000;74174.0;14686.0;59488.0
754100;74242.0;14714.0;59528.0
754200;74438.0;14710.0;59728.0
754300;74442.0;14714.0;59728.0
754400;74477.0;14749.0;59728.0
754500;74477.0;14749.0;59728.0
754600;74477.0;14749.0;59728.0
754700;74477.0;14749.0;59728.0
754800;74490.5;14762.5;59728.0
754900;74343.5;14735.5;59608.0
755000;74357.0;14749.0;59608.0
755100;74404.0;14796.0;59608.0
755200;74579.0;14771.0;59808.0
755300;74579.0;14771.0;59808.0
755400;74694.0;14766.0;59928.0
755500;74694.0;14766.0;59928.0
755600;74689.0;14761.0;59928.0
755700;74579.0;14771.0;59808.0
755800;74579.0;14771.0;59808.0
755900;74647.0;14799.0;59848.0
756000;74158.0;14790.0;59368.0
756100;74638.0;14790.0;59848.0
756200;74798.0;14790.0;60008.0
756300;74816.0;14808.0;60008.0
756400;74696.0;14808.0;59888.0
756500;74816.0;14808.0;60008.0
756600;74748.0;14860.0;59888.0
756700;74747.0;14859.0;59888.0
756800;74747.0;14859.0;59888.0
756900;74662.0;14894.0;59768.0
757000;74822.0;14894.0;59928.0
757100;74982.0;14894.0;60088.0
757200;74947.5;14979.5;59968.0
757300;74880.0;14912.0;59968.0
757400;74962.5;14994.5;59968.0
757500;74925.0;14957.0;59968.0
757600;74865.0;14897.0;59968.0
757700;75085.0;14957.0;60128.0
757800;74805.0;14957.0;59848.0
757900;74980.0;14972.0;60008.0
758000;74965.0;14957.0;60008.0
758100;74552.5;15024.5;59528.0
758200;75012.5;14964.5;60048.0
758300;75020.0;14972.0;60048.0
758400;74982.5;14934.5;60048.0
758500;74960.0;14912.0;60048.0
758600;75020.0;14972.0;60048.0
758700;75047.0;14999.0;60048.0
758800;75047.0;14999.0;60048.0
758900;74927.0;14999.0;59928.0
759000;75066.0;14978.0;60088.0
759100;75097.5;15009.5;60088.0
759200;75226.0;14978.0;60248.0
759300;75106.0;14978.0;60128.0
759400;75085.0;14957.0;60128.0
759500;75085.0;14957.0;60128.0
759600;75106.0;14978.0;60128.0
759700;74965.0;14957.0;60008.0
759800;75287.0;14999.0;60288.0
759900;75274.5;14946.5;60328.0
760000;75177.5;15009.5;60168.0
760100;75177.5;15009.5;60168.0
760200;75186.0;14978.0;60208.0
760300;75186.0;14978.0;60208.0
760400;75217.5;15009.5;60208.0
760500;75154.5;14946.5;60208.0
760600;75186.0;14978.0;60208.0
760700;75165.0;14957.0;60208.0
760800;75165.0;14957.0;60208.0
760900;75333.5;14925.5;60408.0
761000;75205.0;14957.0;60248.0
761100;75205.0;14957.0;60248.0
761200;75245.0;14957.0;60288.0
761300;75245.0;14957.0;60288.0
761400;75161.0;14873.0;60288.0
761500;75344.0;14936.0;60408.0
761600;75224.0;14936.0;60288.0
761700;75182.0;14894.0;60288.0
761800;75203.0;14915.0;60288.0
761900;75316.5;14988.5;60328.0
762000;75424.0;14936.0;60488.0
762100;75445.0;14957.0;60488.0
762200;75304.0;14936.0;60368.0
762300;75304.0;14936.0;60368.0
762400;75304.0;14936.0;60368.0
762500;75424.0;14936.0;60488.0
762600;74693.5;14925.5;59768.0
762700;75314.5;14946.5;60368.0
762800;75283.0;14915.0;60368.0
762900;75483.0;14915.0;60568.0
763000;75302.0;14894.0;60408.0
763100;75163.0;14915.0;60248.0
763200;75483.0;14915.0;60568.0
763300;75384.0;14936.0;60448.0
763400;75363.0;14915.0;60448.0
763500;75363.0;14915.0;60448.0
763600;75243.0;14915.0;60328.0
763700;75363.0;14915.0;60448.0
763800;75363.0;14915.0;60448.0
763900;75509.0;15021.0;60488.0
764000;75280.0;14992.0;60288.0
764100;75362.0;15034.0;60328.0
764200;75682.0;15034.0;60648.0
764300;75699.5;15051.5;60648.0
764400;75459.5;15051.5;60408.0
764500;75544.5;15016.5;60528.0
764600;75562.0;15034.0;60528.0
764700;75527.0;14999.0;60528.0
764800;75442.0;15034.0;60408.0
764900;75762.0;15034.0;60728.0
765000;75549.5;14981.5;60568.0
765100;75602.0;15034.0;60568.0
765200;75642.0;15034.0;60608.0
765300;75607.0;14999.0;60608.0
765400;75607.0;14999.0;60608.0
765500;75727.0;14999.0;60728.0
765600;75607.0;14999.0;60608.0
765700;75607.0;14999.0;60608.0
765800;75607.0;14999.0;60608.0
765900;75682.0;15034.0;60648.0
766000;76122.0;15034.0;61088.0
766100;75682.0;15034.0;60648.0
766200;75722.0;15034.0;60688.0
766300;75682.0;15034.0;60648.0
766400;75722.0;15034.0;60688.0
766500;75722.0;15034.0;60688.0
766600;75722.0;15034.0;60688.0
766700;75757.0;15069.0;60688.0
766800;75722.0;15034.0;60688.0
766900;75762.0;15034.0;60728.0
767000;75762.0;15034.0;60728.0
767100;75797.0;15069.0;60728.0
767200;75802.0;15034.0;60768.0
767300;75784.5;15016.5;60768.0
767400;75802.0;15034.0;60768.0
767500;75837.0;15069.0;60768.0
767600;75957.0;15069.0;60888.0
767700;75837.0;15069.0;60768.0
767800;75732.0;14964.0;60768.0
767900;75647.0;14999.0;60648.0
768000;75807.0;14999.0;60808.0
768100;75807.0;14999.0;60808.0
768200;75847.0;14999.0;60848.0
768300;75812.0;14964.0;60848.0
768400;75932.0;14964.0;60968.0
768500;75607.0;14759.0;60848.0
768600;75827.0;14979.0;60848.0
768700;75987.0;14979.0;61008.0
768800;75767.0;14919.0;60848.0
768900;75827.0;14939.0;60888.0
769000;75607.0;14879.0;60728.0
769100;75867.0;14979.0;60888.0
769200;75987.0;14939.0;61048.0
769300;75867.0;14939.0;60928.0
769400;75867.0;14939.0;60928.0
769500;75867.0;14939.0;60928.0
769600;75907.0;14979.0;60928.0
769700;75867.0;14939.0;60928.0
769800;75967.0;15039.0;60928.0
769900;75987.0;15019.0;60968.0
770000;75927.0;14959.0;60968.0
770100;75767.0;14959.0;60808.0
770200;76007.0;14999.0;61008.0
770300;76087.0;15079.0;61008.0
770400;75987.0;14979.0;61008.0
770500;76127.0;14999.0;61128.0
770600;76007.0;14999.0;61008.0
770700;76107.0;15099.0;61008.0
770800;76067.0;15059.0;61008.0
770900;76107.0;15059.0;61048.0
771000;76267.0;15059.0;61208.0
771100;76267.0;15059.0;61208.0
771200;76267.0;15059.0;61208.0
771300;76167.0;15079.0;61088.0
771400;76167.0;14959.0;61208.0
771500;76107.0;15019.0;61088.0
771600;76067.0;14979.0;61088.0
771700;76107.0;15019.0;61088.0
771800;76655.5;15127.5;61528.0
771900;76276.0;14988.0;61288.0
772000;76116.0;14988.0;61128.0
772100;76085.0;14957.0;61128.0
772200;76125.0;14957.0;61168.0
772300;75965.0;14957.0;61008.0
772400;76156.0;14988.0;61168.0
772500;76125.0;14957.0;61168.0
772600;76125.0;14957.0;61168.0
772700;76125.0;14957.0;61168.0
772800;76094.0;14926.0;61168.0
772900;76294.0;14926.0;61368.0
773000;76165.0;14957.0;61208.0
773100;76165.0;14957.0;61208.0
773200;76236.0;14988.0;61248.0
773300;76174.0;14926.0;61248.0
773400;76305.0;15057.0;61248.0
773500;76070.0;14942.0;61128.0
773600;76190.0;14942.0;61248.0
773700;76155.5;14907.5;61248.0
773800;75710.0;14942.0;60768.0
773900;76230.0;14942.0;61288.0
774000;76207.0;14919.0;61288.0
774100;76367.0;14919.0;61448.0
774200;76224.0;14896.0;61328.0
774300;76121.5;14953.5;61168.0
774400;76087.0;14919.0;61168.0
774500;76247.0;14919.0;61328.0
774600;76247.0;14919.0;61328.0
774700;76293.0;14965.0;61328.0
774800;76235.5;14907.5;61328.0
774900;76310.0;14942.0;61368.0
775000;76161.0;14793.0;61368.0
775100;75917.0;14709.0;61208.0
775200;76424.5;15016.5;61408.0
775300;76363.0;14955.0;61408.0
775400;76462.5;14934.5;61528.0
775500;76844.0;14996.0;61848.0
775600;76503.5;14975.5;61528.0
775700;76445.0;15037.0;61408.0
775800;76404.0;14996.0;61408.0
775900;76444.0;14996.0;61448.0
776000;76563.0;14955.0;61608.0
776100;76444.0;14996.0;61448.0
776200;76484.0;14996.0;61488.0
776300;76525.0;15037.0;61488.0
776400;76443.0;14955.0;61488.0
776500;76443.0;14955.0;61488.0
776600;76566.0;15078.0;61488.0
776700;76525.0;15037.0;61488.0
776800;76443.0;14955.0;61488.0
776900;76483.0;14955.0;61528.0
777000;76483.0;14955.0;61528.0
777100;76483.0;14955.0;61528.0
777200;76593.0;15025.0;61568.0
777300;76639.5;15071.5;61568.0
777400;76473.0;15025.0;61448.0
777500;76562.0;14994.0;61568.0
777600;76562.0;14994.0;61568.0
777700;76562.0;14994.0;61568.0
777800;76633.0;15025.0;61608.0
777900;76633.0;15025.0;61608.0
778000;76633.0;15025.0;61608.0
778100;76602.0;14994.0;61608.0
778200;76673.0;15025.0;61648.0
778300;76704.0;15056.0;61648.0
778400;76704.0;15056.0;61648.0
778500;76648.0;14880.0;61768.0
778600;76718.0;15070.0;61648.0
778700;76878.0;15070.0;61808.0
778800;76718.0;15070.0;61648.0
778900;76598.0;15070.0;61528.0
779000;76598.0;15070.0;61528.0
779100;76720.0;15032.0;61688.0
779200;76703.0;14975.0;61728.0
779300;76722.0;14994.0;61728.0
779400;76640.0;15032.0;61608.0
779500;76760.0;15032.0;61728.0
779600;76640.0;15032.0;61608.0
779700;76992.0;14824.0;62168.0
779800;76740.0;15132.0;61608.0
779900;76900.0;15132.0;61768.0
780000;76856.0;15088.0;61768.0
780100;76856.0;15088.0;61768.0
780200;76896.0;15088.0;61808.0
780300;76710.0;15102.0;61608.0
780400;76910.0;15102.0;61808.0
780500;76853.0;15165.0;61688.0
780600;76910.0;15102.0;61808.0
780700;77070.0;15102.0;61968.0
780800;77112.0;15144.0;61968.0
780900;76950.0;15102.0;61848.0
781000;76950.0;15102.0;61848.0
781100;77390.0;15102.0;62288.0
781200;76990.0;15102.0;61888.0
781300;76990.0;15102.0;61888.0
781400;76990.0;15102.0;61888.0
781500;76990.0;15102.0;61888.0
781600;76990.0;15102.0;61888.0
781700;76990.0;15102.0;61888.0
781800;76828.0;15060.0;61768.0
781900;76508.0;15060.0;61448.0
782000;76828.0;15060.0;61768.0
782100;76988.0;15060.0;61928.0
782200;77051.0;15123.0;61928.0
782300;76776.0;14808.0;61968.0
782400;76908.0;15060.0;61848.0
782500;76957.0;15109.0;61848.0
782600;76992.0;15144.0;61848.0
782700;77272.0;15144.0;62128.0
782800;77077.0;15109.0;61968.0
782900;77117.0;15109.0;62008.0
783000;77257.0;15249.0;62008.0
783100;77329.5;15161.5;62168.0
783200;77192.0;15144.0;62048.0
783300;77192.0;15144.0;62048.0
783400;77192.0;15144.0;62048.0
783500;77279.5;15231.5;62048.0
783600;77157.0;15109.0;62048.0
783700;77142.0;15214.0;61928.0
783800;77157.0;15109.0;62048.0
783900;77197.0;15109.0;62088.0
784000;77037.0;15109.0;61928.0
784100;77197.0;15109.0;62088.0
784200;77202.0;15074.0;62128.0
784300;77202.0;15074.0;62128.0
784400;77202.0;15074.0;62128.0
784500;77132.0;15004.0;62128.0
784600;77202.0;15074.0;62128.0
784700;77029.5;15021.5;62008.0
784800;77015.0;14887.0;62128.0
784900;77129.0;15121.0;62008.0
785000;77289.0;15121.0;62168.0
785100;77289.0;15121.0;62168.0
785200;77329.0;15121.0;62208.0
785300;77169.0;15121.0;62048.0
785400;77329.0;15121.0;62208.0
785500;77309.5;15101.5;62208.0
785600;77329.0;15121.0;62208.0
785700;77329.0;15121.0;62208.0
785800;77489.0;15121.0;62368.0
785900;77447.0;15199.0;62248.0
786000;77369.0;15121.0;62248.0
786100;77408.0;15160.0;62248.0
786200;77389.5;15101.5;62288.0
786300;77448.0;15160.0;62288.0
786400;77448.0;15160.0;62288.0
786500;77448.0;15160.0;62288.0
786600;77448.0;15160.0;62288.0
786700;77428.5;15140.5;62288.0
786800;77367.0;15199.0;62168.0
786900;77527.0;15199.0;62328.0
787000;77967.0;15199.0;62768.0
787100;77527.0;15199.0;62328.0
787200;77527.0;15199.0;62328.0
787300;77687.0;15199.0;62488.0
787400;77687.0;15199.0;62488.0
787500;77606.0;15238.0;62368.0
787600;77687.0;15199.0;62488.0
787700;77625.5;15257.5;62368.0
787800;77685.0;15277.0;62408.0
787900;77646.0;15238.0;62408.0
788000;77521.0;15273.0;62248.0
788100;77681.0;15273.0;62408.0
788200;77732.0;15324.0;62408.0
788300;77721.0;15273.0;62448.0
788400;77721.0;15273.0;62448.0
788500;77841.0;15273.0;62568.0
788600;77687.0;15239.0;62448.0
788700;77687.0;15239.0;62448.0
788800;77687.0;15239.0;62448.0
788900;77676.0;15188.0;62488.0
789000;77676.0;15188.0;62488.0
789100;77887.0;15239.0;62648.0
789200;77767.0;15239.0;62528.0
789300;77818.0;15290.0;62528.0
789400;77784.0;15256.0;62528.0
789500;77767.0;15239.0;62528.0
789600;77767.0;15239.0;62528.0
789700;77647.0;15239.0;62408.0
789800;77681.0;15273.0;62408.0
789900;77841.0;15273.0;62568.0
790000;77823.0;15255.0;62568.0
790100;77823.0;15255.0;62568.0
790200;77983.0;15255.0;62728.0
790300;77827.0;15219.0;62608.0
790400;77863.0;15255.0;62608.0
790500;77899.0;15291.0;62608.0
790600;77899.0;15291.0;62608.0
790700;77935.0;15327.0;62608.0
790800;77939.0;15291.0;62648.0
790900;77939.0;15291.0;62648.0
791000;77939.0;15291.0;62648.0
791100;77975.0;15327.0;62648.0
791200;77943.0;15255.0;62688.0
791300;77783.0;15255.0;62528.0
791400;77943.0;15255.0;62688.0
791500;77943.0;15255.0;62688.0
791600;77943.0;15255.0;62688.0
791700;77943.0;15255.0;62688.0
791800;77943.0;15255.0;62688.0
791900;77983.0;15255.0;62728.0
792000;78037.0;15309.0;62728.0
792100;77714.5;15146.5;62568.0
792200;78058.0;15290.0;62768.0
792300;78018.0;15290.0;62728.0
792400;78058.0;15290.0;62768.0
792500;78017.0;15249.0;62768.0
792600;78017.0;15249.0;62768.0
792700;77897.0;15249.0;62648.0
792800;78058.0;15290.0;62768.0
792900;78098.0;15290.0;62808.0
793000;78057.0;15249.0;62808.0
793100;78217.0;15249.0;62968.0
793200;78097.0;15249.0;62848.0
793300;78158.5;15310.5;62848.0
793400;78076.5;15228.5;62848.0
793500;78117.5;15269.5;62848.0
793600;78319.5;15351.5;62968.0
793700;78167.0;15319.0;62848.0
793800;78167.0;15319.0;62848.0
793900;78207.0;15319.0;62888.0
794000;78217.0;15329.0;62888.0
794100;78217.0;15329.0;62888.0
794200;78257.0;15329.0;62928.0
794300;78257.0;15329.0;62928.0
794400;78257.0;15329.0;62928.0
794500;78239.0;15311.0;62928.0
794600;78239.0;15311.0;62928.0
794700;78293.0;15365.0;62928.0
794800;78293.0;15365.0;62928.0
794900;78315.0;15347.0;62968.0
795000;78209.0;15401.0;62808.0
795100;78333.0;15365.0;62968.0
795200;78481.0;15473.0;63008.0
795300;78249.0;15401.0;62848.0
795400;78391.0;15383.0;63008.0
795500;78373.0;15365.0;63008.0
795600;78535.0;15527.0;63008.0
795700;78385.0;15377.0;63008.0
795800;78385.0;15377.0;63008.0
795900;78585.0;15377.0;63208.0
796000;78425.0;15377.0;63048.0
796100;78865.0;15377.0;63488.0
796200;78570.0;15482.0;63088.0
796300;78690.0;15482.0;63208.0
796400;78465.0;15377.0;63088.0
796500;78555.0;15467.0;63088.0
796600;79055.0;15407.0;63648.0
796700;78644.0;15396.0;63248.0
796800;78535.0;15447.0;63088.0
796900;78735.0;15447.0;63288.0
797000;78381.0;15413.0;62968.0
797100;78541.0;15413.0;63128.0
797200;78701.0;15413.0;63288.0
797300;78581.0;15413.0;63168.0
797400;78581.0;15413.0;63168.0
797500;78581.0;15413.0;63168.0
797600;78581.0;15413.0;63168.0
797700;78547.0;15379.0;63168.0
797800;78581.0;15413.0;63168.0
797900;78621.0;15413.0;63208.0
798000;78621.0;15413.0;63208.0
798100;78461.0;15413.0;63048.0
798200;78695.0;15447.0;63248.0
798300;78695.0;15447.0;63248.0
798400;78507.0;15379.0;63128.0
798500;78746.0;15498.0;63248.0
798600;78626.0;15498.0;63128.0
798700;78576.0;15328.0;63248.0
798800;78695.0;15447.0;63248.0
798900;78701.0;15413.0;63288.0
799000;78450.0;15362.0;63088.0
799100;78684.0;15396.0;63288.0
799200;78827.0;15379.0;63448.0
799300;78707.0;15379.0;63328.0
799400;78707.0;15379.0;63328.0
799500;78792.0;15464.0;63328.0
799600;78707.0;15379.0;63328.0
799700;78707.0;15379.0;63328.0
799800;78741.0;15413.0;63328.0
799900;78781.0;15413.0;63368.0
800000;78781.0;15413.0;63368.0
800100;78747.0;15379.0;63368.0
800200;78746.0;15498.0;63248.0
800300;78685.0;15277.0;63408.0
800400;78787.0;15379.0;63408.0
800500;78701.0;15413.0;63288.0
800600;78701.0;15413.0;63288.0
800700;78855.0;15447.0;63408.0
800800;78855.0;15447.0;63408.0
800900;78895.0;15447.0;63448.0
801000;78895.0;15447.0;63448.0
801100;78867.0;15259.0;63608.0
801200;78967.0;15479.0;63488.0
801300;78987.0;15499.0;63488.0
801400;79067.0;15459.0;63608.0
801500;79067.0;15459.0;63608.0
801600;78947.0;15459.0;63488.0
801700;78947.0;15459.0;63488.0
801800;78947.0;15419.0;63528.0
801900;78947.0;15459.0;63488.0
802000;78704.5;15336.5;63368.0
802100;78827.0;15459.0;63368.0
802200;79182.0;15494.0;63688.0
802300;78867.0;15459.0;63408.0
802400;78847.0;15279.0;63568.0
802500;78847.0;15279.0;63568.0
802600;79165.0;15477.0;63688.0
802700;78969.0;15521.0;63448.0
802800;79249.0;15521.0;63728.0
802900;79133.0;15565.0;63568.0
803000;79525.0;15477.0;64048.0
803100;79160.0;15512.0;63648.0
803200;79160.0;15512.0;63648.0
803300;79303.5;15375.5;63928.0
803400;79160.0;15512.0;63648.0
803500;79218.5;15570.5;63648.0
803600;79199.0;15551.0;63648.0
803700;79218.5;15570.5;63648.0
803800;79238.0;15590.0;63648.0
803900;79238.0;15590.0;63648.0
804000;79438.0;15590.0;63848.0
804100;79278.0;15590.0;63688.0
804200;79318.0;15590.0;63728.0
804300;79318.0;15590.0;63728.0
804400;79318.0;15590.0;63728.0
804500;79198.0;15590.0;63608.0
804600;79279.0;15551.0;63728.0
804700;79357.0;15629.0;63728.0
804800;79357.0;15629.0;63728.0
804900;79318.0;15590.0;63728.0
805000;79837.0;15629.0;64208.0
805100;79437.0;15629.0;63808.0
805200;79224.0;15416.0;63808.0
805300;79289.0;15641.0;63648.0
805400;79224.0;15416.0;63808.0
805500;79329.0;15641.0;63688.0
805600;79224.0;15416.0;63808.0
805700;79359.0;15551.0;63808.0
805800;79444.0;15596.0;63848.0
805900;79239.0;15551.0;63688.0
806000;79444.0;15596.0;63848.0
806100;79529.0;15641.0;63888.0
806200;79238.5;15590.5;63648.0
806300;79342.0;15614.0;63728.0
806400;79622.0;15614.0;64008.0
806500;79502.0;15614.0;63888.0
806600;79502.0;15614.0;63888.0
806700;79662.0;15614.0;64048.0
806800;79502.0;15614.0;63888.0
806900;79429.0;15661.0;63768.0
807000;79702.0;15614.0;64088.0
807100;79492.5;15684.5;63808.0
807200;79582.0;15614.0;63968.0
807300;79652.5;15684.5;63968.0
807400;79629.0;15661.0;63968.0
807500;79843.0;15755.0;64088.0
807600;79629.0;15661.0;63968.0
807700;79789.0;15661.0;64128.0
807800;79629.0;15661.0;63968.0
807900;79629.0;15661.0;63968.0
808000;79622.0;15614.0;64008.0
808100;79544.5;15496.5;64048.0
808200;79829.0;15661.0;64168.0
808300;79502.0;15614.0;63888.0
808400;79525.5;15637.5;63888.0
808500;79589.0;15661.0;63928.0
808600;79829.0;15661.0;64168.0
808700;79401.0;15473.0;63928.0
808800;79662.0;15614.0;64048.0
808900;79662.0;15614.0;64048.0
809000;79838.5;15590.5;64248.0
809100;79838.5;15590.5;64248.0
809200;79742.0;15614.0;64128.0
809300;79789.0;15661.0;64128.0
809400;79622.0;15614.0;64008.0
809500;79507.0;15379.0;64128.0
809600;79862.0;15614.0;64248.0
809700;79789.0;15661.0;64128.0
809800;79949.0;15661.0;64288.0
809900;79789.0;15661.0;64128.0
810000;79989.0;15661.0;64328.0
810100;80106.5;15778.5;64328.0
810200;79989.0;15661.0;64328.0
810300;79869.0;15661.0;64208.0
810400;79869.0;15661.0;64208.0
810500;79989.0;15661.0;64328.0
810600;79916.0;15708.0;64208.0
810700;79916.0;15708.0;64208.0
810800;79316.0;15708.0;63608.0
810900;80003.5;15795.5;64208.0
811000;80181.0;15773.0;64408.0
811100;79926.0;15638.0;64288.0
811200;80061.0;15773.0;64288.0
811300;80248.5;15840.5;64408.0
811400;80061.0;15773.0;64288.0
811500;80083.5;15795.5;64288.0
811600;79896.0;15728.0;64168.0
811700;80128.5;15840.5;64288.0
811800;80008.5;15840.5;64168.0
811900;80083.5;15795.5;64288.0
812000;79941.0;15773.0;64168.0
812100;80141.0;15773.0;64368.0
812200;80141.0;15773.0;64368.0
812300;79661.0;15773.0;63888.0
812400;80141.0;15773.0;64368.0
812500;80141.0;15773.0;64368.0
812600;80581.0;15773.0;64808.0
812700;80301.0;15773.0;64528.0
812800;80231.0;15863.0;64368.0
812900;79998.5;15750.5;64248.0
813000;80203.5;15795.5;64408.0
813100;80266.0;15818.0;64448.0
813200;80266.0;15818.0;64448.0
813300;80266.0;15818.0;64448.0
813400;80266.0;15818.0;64448.0
813500;80333.5;15885.5;64448.0
813600;80311.0;15863.0;64448.0
813700;80198.5;15750.5;64448.0
813800;80108.5;15660.5;64448.0
813900;80266.0;15818.0;64448.0
814000;80101.0;15773.0;64328.0
814100;80346.0;15818.0;64528.0
814200;80163.5;15795.5;64368.0
814300;80346.0;15818.0;64528.0
814400;80278.5;15750.5;64528.0
814500;80346.0;15818.0;64528.0
814600;80466.0;15818.0;64648.0
814700;80181.0;15773.0;64408.0
814800;80323.5;15795.5;64528.0
814900;80346.0;15818.0;64528.0
815000;80386.0;15818.0;64568.0
815100;80426.0;15818.0;64608.0
815200;80591.0;15863.0;64728.0
815300;80426.0;15818.0;64608.0
815400;80471.0;15863.0;64608.0
815500;80471.0;15863.0;64608.0
815600;80538.5;15930.5;64608.0
815700;80578.5;15930.5;64648.0
815800;80458.0;15850.0;64608.0
815900;80979.0;15891.0;65088.0
816000;80979.0;15891.0;65088.0
816100;80357.5;15829.5;64528.0
816200;80681.5;15993.5;64688.0
816300;80801.5;15993.5;64808.0
816400;80579.0;15891.0;64688.0
816500;80661.0;15973.0;64688.0
816600;80620.0;15932.0;64688.0
816700;80620.0;15932.0;64688.0
816800;80780.0;15932.0;64848.0
816900;80640.5;15952.5;64688.0
817000;80619.0;15891.0;64728.0
817100;80659.0;15891.0;64768.0
817200;80495.0;15727.0;64768.0
817300;80417.0;15809.0;64608.0
817400;80717.5;15829.5;64888.0
817500;80738.0;15850.0;64888.0
817600;80577.0;15809.0;64768.0
817700;80778.0;15850.0;64928.0
817800;80618.0;15850.0;64768.0
817900;80618.0;15850.0;64768.0
818000;80658.0;15850.0;64808.0
818100;80658.0;15850.0;64808.0
818200;80698.0;15850.0;64848.0
818300;80698.0;15850.0;64848.0
818400;80858.0;15850.0;65008.0
818500;80657.0;15809.0;64848.0
818600;80537.0;15809.0;64728.0
818700;80537.0;15809.0;64728.0
818800;80537.0;15809.0;64728.0
818900;80677.5;15829.5;64848.0
819000;80656.0;15768.0;64888.0
819100;80638.5;15870.5;64768.0
819200;80775.0;15727.0;65048.0
819300;80655.0;15727.0;64928.0
819400;80655.0;15727.0;64928.0
819500;79993.5;15665.5;64328.0
819600;80655.0;15727.0;64928.0
819700;80716.5;15788.5;64928.0
819800;80815.0;15727.0;65088.0
819900;80815.0;15727.0;65088.0
820000;80736.0;15768.0;64968.0
820100;80817.0;15809.0;65008.0
820200;80657.0;15809.0;64848.0
820300;80735.0;15727.0;65008.0
820400;80735.0;15727.0;65008.0
820500;80694.0;15686.0;65008.0
820600;80814.0;15686.0;65128.0
820700;80694.0;15686.0;65008.0
820800;80694.0;15686.0;65008.0
820900;80755.5;15747.5;65008.0
821000;80775.0;15727.0;65048.0
821100;80830.0;15742.0;65088.0
821200;80830.0;15742.0;65088.0
821300;80950.0;15742.0;65208.0
821400;80693.5;15725.5;64968.0
821500;80797.0;15709.0;65088.0
821600;80830.0;15742.0;65088.0
821700;80797.0;15709.0;65088.0
821800;80797.0;15709.0;65088.0
821900;80879.5;15791.5;65088.0
822000;80903.0;15775.0;65128.0
822100;80910.0;15742.0;65168.0
822200;80910.0;15742.0;65168.0
822300;80943.0;15775.0;65168.0
822400;80823.0;15775.0;65048.0
822500;81317.0;15709.0;65608.0
822600;81058.5;15890.5;65168.0
822700;80893.5;15725.5;65168.0
822800;80959.5;15791.5;65168.0
822900;80790.0;15742.0;65048.0
823000;81093.5;15725.5;65368.0
823100;81023.0;15775.0;65248.0
823200;80891.0;15643.0;65248.0
823300;81089.0;15841.0;65248.0
823400;80990.0;15742.0;65248.0
823500;80990.0;15742.0;65248.0
823600;81032.0;15784.0;65248.0
823700;81059.0;15811.0;65248.0
823800;81059.0;15811.0;65248.0
823900;81005.0;15757.0;65248.0
824000;81018.0;15730.0;65288.0
824100;81017.5;15689.5;65328.0
824200;81112.0;15784.0;65328.0
824300;80952.0;15784.0;65168.0
824400;81112.0;15784.0;65328.0
824500;80992.0;15784.0;65208.0
824600;80992.0;15784.0;65208.0
824700;81112.0;15784.0;65328.0
824800;81085.0;15757.0;65328.0
824900;80965.0;15757.0;65208.0
825000;81152.0;15784.0;65368.0
825100;81032.0;15784.0;65248.0
825200;81605.0;15757.0;65848.0
825300;81219.0;15811.0;65408.0
825400;81219.0;15811.0;65408.0
825500;81192.0;15784.0;65408.0
825600;81659.0;15811.0;65848.0
825700;81819.0;15811.0;66008.0
825800;81072.0;15784.0;65288.0
825900;81126.0;15838.0;65288.0
826000;81286.0;15838.0;65448.0
826100;81326.0;15838.0;65488.0
826200;81326.0;15838.0;65488.0
826300;81353.0;15865.0;65488.0
826400;81353.0;15865.0;65488.0
826500;81473.0;15865.0;65608.0
826600;81353.0;15865.0;65488.0
826700;81380.0;15892.0;65488.0
826800;81540.0;15892.0;65648.0
826900;81260.0;15892.0;65368.0
827000;81260.0;15892.0;65368.0
827100;81419.5;15851.5;65568.0
827200;81433.0;15865.0;65568.0
827300;81419.5;15851.5;65568.0
827400;81433.0;15865.0;65568.0
827500;81338.5;15770.5;65568.0
827600;81460.0;15892.0;65568.0
827700;81406.0;15838.0;65568.0
827800;81286.0;15838.0;65448.0
827900;81313.0;15865.0;65448.0
828000;81446.0;15838.0;65608.0
828100;81486.0;15838.0;65648.0
828200;81567.0;15919.0;65648.0
828300;81660.0;15892.0;65768.0
828400;81633.0;15865.0;65768.0
828500;81513.0;15865.0;65648.0
828600;81513.0;15865.0;65648.0
828700;81420.0;15892.0;65528.0
828800;81673.0;15865.0;65808.0
828900;81499.5;15851.5;65648.0
829000;81526.0;15838.0;65688.0
829100;81580.0;15892.0;65688.0
829200;81647.0;15919.0;65728.0
829300;81460.0;15892.0;65568.0
829400;81620.0;15892.0;65728.0
829500;81740.0;15892.0;65848.0
829600;81620.0;15892.0;65728.0
829700;81780.0;15892.0;65888.0
829800;82060.0;15892.0;66168.0
829900;81820.0;15892.0;65928.0
830000;81820.0;15892.0;65928.0
830100;81673.0;15865.0;65808.0
830200;81513.0;15865.0;65648.0
830300;81700.0;15892.0;65808.0
830400;81820.0;15892.0;65928.0
830500;81793.0;15865.0;65928.0
830600;81700.0;15892.0;65808.0
830700;81580.0;15892.0;65688.0
830800;81767.5;15959.5;65808.0
830900;81727.0;15919.0;65808.0
831000;81927.0;15919.0;66008.0
831100;81807.0;15919.0;65888.0
831200;81927.0;15919.0;66008.0
831300;81834.0;15946.0;65888.0
831400;81793.5;15905.5;65888.0
831500;81712.5;15824.5;65888.0
831600;81927.0;15919.0;66008.0
831700;81807.0;15919.0;65888.0
831800;81807.0;15919.0;65888.0
831900;81687.0;15919.0;65768.0
832000;81847.0;15919.0;65928.0
832100;81792.5;15824.5;65968.0
832200;81860.0;15892.0;65968.0
832300;81927.5;15959.5;65968.0
832400;81887.0;15919.0;65968.0
832500;81860.0;15892.0;65968.0
832600;81887.0;15919.0;65968.0
832700;81887.0;15919.0;65968.0
832800;81779.0;15811.0;65968.0
832900;81767.0;15919.0;65848.0
833000;81927.0;15919.0;66008.0
833100;82010.0;16002.0;66008.0
833200;82122.0;15954.0;66168.0
833300;81794.0;15906.0;65888.0
833400;82034.0;15986.0;66048.0
833500;82002.0;15954.0;66048.0
833600;82018.0;15970.0;66048.0
833700;82378.0;15890.0;66488.0
833800;82506.0;16018.0;66488.0
833900;81970.0;15922.0;66048.0
834000;82010.0;15922.0;66088.0
834100;82098.0;15970.0;66128.0
834200;81890.0;15922.0;65968.0
834300;82050.0;15922.0;66128.0
834400;82050.0;15922.0;66128.0
834500;82050.0;15922.0;66128.0
834600;82018.0;15890.0;66128.0
834700;82082.0;15954.0;66128.0
834800;82050.0;15922.0;66128.0
834900;82050.0;15922.0;66128.0
835000;82090.0;15922.0;66168.0
835100;82130.0;15922.0;66208.0
835200;81976.0;15768.0;66208.0
835300;82258.0;15930.0;66328.0
835400;82054.0;15966.0;66088.0
835500;82222.0;15894.0;66328.0
835600;82138.0;15930.0;66208.0
835700;82260.0;16052.0;66208.0
835800;82098.0;16010.0;66088.0
835900;82260.0;16052.0;66208.0
836000;82300.0;16052.0;66248.0
836100;82298.0;16010.0;66288.0
836200;82326.0;16038.0;66288.0
836300;82298.0;16010.0;66288.0
836400;82298.0;16010.0;66288.0
836500;82298.0;16010.0;66288.0
836600;82298.0;16010.0;66288.0
836700;82340.0;16052.0;66288.0
836800;82399.5;16111.5;66288.0
836900;82452.0;16164.0;66288.0
837000;82422.0;16094.0;66328.0
837100;82462.0;16094.0;66368.0
837200;82302.0;16094.0;66208.0
837300;82462.0;16094.0;66368.0
837400;82409.5;16041.5;66368.0
837500;82409.5;16041.5;66368.0
837600;82307.0;16059.0;66248.0
837700;82427.0;16059.0;66368.0
837800;82427.0;16059.0;66368.0
837900;82427.0;16059.0;66368.0
838000;82379.5;15971.5;66408.0
838100;82507.0;16059.0;66448.0
838200;82542.0;16094.0;66448.0
838300;82382.0;16094.0;66288.0
838400;82507.0;16059.0;66448.0
838500;82662.0;16094.0;66568.0
838600;82577.0;16129.0;66448.0
838700;82577.0;16129.0;66448.0
838800;82577.0;16129.0;66448.0
838900;82754.5;16146.5;66608.0
839000;82439.5;16111.5;66328.0
839100;82457.0;16129.0;66328.0
839200;82457.0;16129.0;66328.0
839300;82657.0;16129.0;66528.0
839400;82864.5;16216.5;66648.0
839500;82727.0;16199.0;66528.0
839600;82692.0;16164.0;66528.0
839700;82639.5;16111.5;66528.0
839800;82853.0;16325.0;66528.0
839900;82699.0;16171.0;66528.0
840000;82603.0;16195.0;66408.0
840100;82791.0;16183.0;66608.0
840200;82767.0;16159.0;66608.0
840300;82595.0;16147.0;66448.0
840400;82631.0;16183.0;66448.0
840500;82827.0;16219.0;66608.0
840600;82779.0;16171.0;66608.0
840700;82915.0;16147.0;66768.0
840800;82779.0;16171.0;66608.0
840900;82299.0;16171.0;66128.0
841000;82819.0;16171.0;66648.0
841100;82645.0;15997.0;66648.0
841200;82685.0;15997.0;66688.0
841300;82685.0;15997.0;66688.0
841400;83026.0;16218.0;66808.0
841500;82897.0;16209.0;66688.0
841600;82917.0;16229.0;66688.0
841700;83057.0;16209.0;66848.0
841800;82777.0;16209.0;66568.0
841900;82937.0;16209.0;66728.0
842000;82937.0;16209.0;66728.0
842100;82737.0;16209.0;66528.0
842200;82777.0;16009.0;66768.0
842300;83017.0;16129.0;66888.0
842400;82937.0;16169.0;66768.0
842500;82757.0;16109.0;66648.0
842600;82937.0;16169.0;66768.0
842700;82757.0;16109.0;66648.0
842800;83077.0;16149.0;66928.0
842900;82877.0;16109.0;66768.0
843000;82797.0;15989.0;66808.0
843100;83097.0;16129.0;66968.0
843200;82977.0;16129.0;66848.0
843300;83029.5;16181.5;66848.0
843400;83012.0;16164.0;66848.0
843500;83047.0;16199.0;66848.0
843600;83047.0;16199.0;66848.0
843700;83047.0;16199.0;66848.0
843800;83007.0;16159.0;66848.0
843900;83007.0;16159.0;66848.0
844000;83047.0;16159.0;66888.0
844100;83247.0;16159.0;67088.0
844200;83267.0;16219.0;67048.0
844300;83527.0;16159.0;67368.0
844400;83127.0;16199.0;66928.0
844500;83227.0;16179.0;67048.0
844600;83227.0;16179.0;67048.0
844700;83007.0;16199.0;66808.0
844800;82587.0;16259.0;66328.0
844900;83187.0;16259.0;66928.0
845000;83387.0;16259.0;67128.0
845100;83007.0;16159.0;66848.0
845200;83167.0;16159.0;67008.0
845300;83207.0;16199.0;67008.0
845400;82727.0;16199.0;66528.0
845500;83108.0;16220.0;66888.0
845600;83237.0;16109.0;67128.0
845700;83332.5;16164.5;67168.0
845800;83409.0;16241.0;67168.0
845900;83249.0;16241.0;67008.0
846000;83255.0;16207.0;67048.0
846100;83415.0;16207.0;67208.0
846200;83295.0;16207.0;67088.0
846300;83098.0;16010.0;67088.0
846400;83364.0;16276.0;67088.0
846500;83364.0;16276.0;67088.0
846600;83288.0;16200.0;67088.0
846700;83307.0;16219.0;67088.0
846800;83187.0;16219.0;66968.0
846900;83269.0;16181.0;67088.0
847000;83366.0;16238.0;67128.0
847100;83401.0;16233.0;67168.0
847200;83241.0;16233.0;67008.0
847300;83383.0;16215.0;67168.0
847400;83365.0;16197.0;67168.0
847500;83493.0;16325.0;67168.0
847600;83465.0;16297.0;67168.0
847700;83505.0;16337.0;67168.0
847800;83554.0;16386.0;67168.0
847900;83554.0;16386.0;67168.0
848000;83564.0;16356.0;67208.0
848100;83534.0;16326.0;67208.0
848200;83634.0;16386.0;67248.0
848300;84109.0;16421.0;67688.0
848400;83669.0;16421.0;67248.0
848500;83634.0;16386.0;67248.0
848600;83549.0;16421.0;67128.0
848700;83601.5;16473.5;67128.0
848800;83721.5;16473.5;67248.0
848900;83669.0;16421.0;67248.0
849000;83869.0;16421.0;67448.0
849100;83749.0;16421.0;67328.0
849200;83749.0;16421.0;67328.0
849300;83869.0;16421.0;67448.0
849400;83869.0;16421.0;67448.0
849500;83664.0;16456.0;67208.0
849600;83749.0;16421.0;67328.0
849700;83784.0;16456.0;67328.0
849800;83819.0;16491.0;67328.0
849900;83836.5;16508.5;67328.0
850000;83984.0;16456.0;67528.0
850100;83864.0;16456.0;67408.0
850200;83864.0;16456.0;67408.0
850300;83861.5;16613.5;67248.0
850400;84021.5;16613.5;67408.0
850500;83909.0;16501.0;67408.0
850600;84004.0;16476.0;67528.0
850700;84054.0;16526.0;67528.0
850800;83959.0;16551.0;67408.0
850900;83909.0;16501.0;67408.0
851000;84171.5;16563.5;67608.0
851100;84134.0;16526.0;67608.0
851200;84014.0;16526.0;67488.0
851300;84051.5;16563.5;67488.0
851400;84014.0;16526.0;67488.0
851500;84014.0;16526.0;67488.0
851600;83989.0;16501.0;67488.0
851700;83906.5;16538.5;67368.0
851800;83989.0;16501.0;67488.0
851900;84174.0;16526.0;67648.0
852000;84071.0;16543.0;67528.0
852100;84111.0;16543.0;67568.0
852200;84111.0;16543.0;67568.0
852300;84158.5;16590.5;67568.0
852400;84149.0;16581.0;67568.0
852500;84323.0;16635.0;67688.0
852600;84192.0;16624.0;67568.0
852700;84191.0;16623.0;67568.0
852800;84166.0;16598.0;67568.0
852900;84046.0;16598.0;67448.0
853000;84231.0;16623.0;67608.0
853100;84246.0;16598.0;67648.0
853200;84366.0;16598.0;67768.0
853300;84271.0;16623.0;67648.0
853400;84126.0;16598.0;67528.0
853500;84246.0;16598.0;67648.0
853600;84221.0;16573.0;67648.0
853700;84381.0;16573.0;67808.0
853800;84221.0;16573.0;67648.0
853900;84246.0;16598.0;67648.0
854000;84261.0;16573.0;67688.0
854100;84301.0;16573.0;67728.0
854200;84301.0;16573.0;67728.0
854300;84263.5;16535.5;67728.0
854400;84363.5;16635.5;67728.0
854500;84276.0;16548.0;67728.0
854600;84276.0;16548.0;67728.0
854700;84301.0;16573.0;67728.0
854800;84181.0;16573.0;67608.0
854900;84301.0;16573.0;67728.0
855000;84316.0;16548.0;67768.0
855100;84356.0;16548.0;67808.0
855200;84368.5;16560.5;67808.0
855300;84343.5;16535.5;67808.0
855400;84318.5;16510.5;67808.0
855500;84029.0;16341.0;67688.0
855600;84347.0;16539.0;67808.0
855700;84227.0;16539.0;67688.0
855800;84507.0;16539.0;67968.0
855900;84347.0;16539.0;67808.0
856000;84387.0;16539.0;67848.0
856100;84427.0;16539.0;67888.0
856200;84580.0;16572.0;68008.0
856300;84410.5;16522.5;67888.0
856400;84427.0;16539.0;67888.0
856500;84514.0;16506.0;68008.0
856600;84394.0;16506.0;67888.0
856700;84394.0;16506.0;67888.0
856800;84587.0;16539.0;68048.0
856900;84554.0;16506.0;68048.0
857000;84434.0;16506.0;67928.0
857100;84434.0;16506.0;67928.0
857200;84474.0;16506.0;67968.0
857300;84594.0;16506.0;68088.0
857400;84474.0;16506.0;67968.0
857500;84424.5;16456.5;67968.0
857600;84441.0;16473.0;67968.0
857700;84474.0;16506.0;67968.0
857800;84354.0;16506.0;67848.0
857900;84507.0;16539.0;67968.0
858000;84674.0;16506.0;68168.0
858100;84521.0;16473.0;68048.0
858200;84657.5;16489.5;68168.0
858300;84587.0;16539.0;68048.0
858400;84587.0;16539.0;68048.0
858500;84554.0;16506.0;68048.0
858600;84587.0;16539.0;68048.0
858700;84471.5;16423.5;68048.0
858800;84434.0;16506.0;67928.0
858900;84467.0;16539.0;67928.0
859000;84627.0;16539.0;68088.0
859100;84700.0;16572.0;68128.0
859200;84676.5;16588.5;68088.0
859300;84556.5;16588.5;67968.0
859400;84667.0;16539.0;68128.0
859500;84634.0;16506.0;68128.0
859600;84667.0;16539.0;68128.0
859700;84547.0;16539.0;68008.0
859800;84667.0;16539.0;68128.0
859900;84695.0;16567.0;68128.0
860000;84735.0;16567.0;68168.0
860100;84615.0;16567.0;68048.0
860200;84895.0;16567.0;68328.0
860300;84775.0;16567.0;68208.0
860400;84756.5;16548.5;68208.0
860500;84618.0;16530.0;68088.0
860600;84858.0;16530.0;68328.0
860700;84738.0;16530.0;68208.0
860800;84738.0;16530.0;68208.0
860900;84756.5;16548.5;68208.0
861000;84833.5;16585.5;68248.0
861100;84818.0;16530.0;68288.0
861200;84818.0;16530.0;68288.0
861300;84658.0;16530.0;68128.0
861400;84688.5;16400.5;68288.0
861500;84818.0;16530.0;68288.0
861600;84741.0;16333.0;68408.0
861700;84706.0;16538.0;68168.0
861800;84785.0;16497.0;68288.0
861900;84972.0;16684.0;68288.0
862000;84851.0;16523.0;68328.0
862100;84891.0;16523.0;68368.0
862200;84891.0;16523.0;68368.0
862300;84978.0;16490.0;68488.0
862400;84804.0;16556.0;68248.0
862500;84924.0;16556.0;68368.0
862600;84924.0;16556.0;68368.0
862700;84924.0;16556.0;68368.0
862800;85117.0;16589.0;68528.0
862900;84957.0;16589.0;68368.0
863000;84997.0;16589.0;68408.0
863100;85086.5;16638.5;68448.0
863200;85526.5;16638.5;68888.0
863300;85070.0;16622.0;68448.0
863400;85190.0;16622.0;68568.0
863500;85070.0;16622.0;68448.0
863600;84845.0;16397.0;68448.0
863700;85055.0;16607.0;68448.0
863800;85097.0;16649.0;68448.0
863900;85013.0;16565.0;68448.0
864000;85118.0;16670.0;68448.0
864100;85177.0;16649.0;68528.0
864200;84807.0;16439.0;68368.0
864300;84655.0;16607.0;68048.0
864400;84697.0;16649.0;68048.0
864500;85177.0;16649.0;68528.0
864600;85030.0;16502.0;68528.0
864700;85051.0;16523.0;68528.0
864800;85191.0;16663.0;68528.0
864900;85191.0;16663.0;68528.0
865000;85273.0;16705.0;68568.0
865100;85313.0;16705.0;68608.0
865200;85433.0;16705.0;68728.0
865300;85313.0;16705.0;68608.0
865400;85373.0;16765.0;68608.0
865500;85293.0;16685.0;68608.0
865600;85353.0;16745.0;68608.0
865700;85353.0;16745.0;68608.0
865800;85393.0;16785.0;68608.0
865900;85273.0;16665.0;68608.0
866000;85333.0;16685.0;68648.0
866100;85393.0;16705.0;68688.0
866200;85433.0;16745.0;68688.0
866300;85393.0;16705.0;68688.0
866400;85513.0;16705.0;68808.0
866500;85273.0;16705.0;68568.0
866600;85393.0;16705.0;68688.0
866700;85553.0;16705.0;68848.0
866800;85593.0;16705.0;68888.0
866900;85493.0;16765.0;68728.0
867000;85433.0;16705.0;68728.0
867100;85313.0;16705.0;68608.0
867200;85313.0;16705.0;68608.0
867300;85473.0;16705.0;68768.0
867400;85473.0;16705.0;68768.0
867500;85473.0;16705.0;68768.0
867600;85473.0;16705.0;68768.0
867700;85473.0;16705.0;68768.0
867800;85433.0;16665.0;68768.0
867900;85553.0;16625.0;68928.0
868000;85614.0;16646.0;68968.0
868100;85688.0;16840.0;68848.0
868200;85382.0;16534.0;68848.0
868300;85508.0;16660.0;68848.0
868400;85508.0;16660.0;68848.0
868500;85508.0;16660.0;68848.0
868600;85454.0;16606.0;68848.0
868700;85508.0;16660.0;68848.0
868800;85508.0;16660.0;68848.0
868900;85478.0;16750.0;68728.0
869000;85548.0;16660.0;68888.0
869100;85494.0;16606.0;68888.0
869200;85588.0;16660.0;68928.0
869300;85606.0;16678.0;68928.0
869400;85392.0;16624.0;68768.0
869500;85552.0;16624.0;68928.0
869600;85498.0;16570.0;68928.0
869700;85552.0;16624.0;68928.0
869800;85678.0;16750.0;68928.0
869900;85748.0;16660.0;69088.0
870000;85628.0;16660.0;68968.0
870100;85752.0;16624.0;69128.0
870200;85508.0;16660.0;68848.0
870300;85508.0;16660.0;68848.0
870400;85668.0;16660.0;69008.0
870500;85704.0;16696.0;69008.0
870600;85744.0;16696.0;69048.0
870700;85864.0;16696.0;69168.0
870800;85584.0;16696.0;68888.0
870900;85758.0;16750.0;69008.0
871000;85704.0;16696.0;69008.0
871100;85772.5;16684.5;69088.0
871200;85468.5;16540.5;68928.0
871300;85683.0;16755.0;68928.0
871400;85683.0;16755.0;68928.0
871500;85843.0;16755.0;69088.0
871600;85882.0;16794.0;69088.0
871700;85857.0;16769.0;69088.0
871800;85918.5;16830.5;69088.0
871900;85871.0;16783.0;69088.0
872000;86090.5;16962.5;69128.0
872100;86120.0;16832.0;69288.0
872200;85840.0;16832.0;69008.0
872300;86120.0;16832.0;69288.0
872400;86000.0;16832.0;69168.0
872500;86120.0;16832.0;69288.0
872600;85971.0;16803.0;69168.0
872700;85971.0;16803.0;69168.0
872800;85894.5;16846.5;69048.0
872900;85971.0;16803.0;69168.0
873000;85851.0;16803.0;69048.0
873100;85822.0;16774.0;69048.0
873200;86065.5;16817.5;69248.0
873300;86022.0;16774.0;69248.0
873400;86022.0;16774.0;69248.0
873500;86022.0;16774.0;69248.0
873600;86182.0;16774.0;69408.0
873700;85902.0;16774.0;69128.0
873800;86022.0;16774.0;69248.0
873900;86022.0;16774.0;69248.0
874000;86163.5;16875.5;69288.0
874100;86073.0;16745.0;69328.0
874200;85971.0;16803.0;69168.0
874300;86029.0;16861.0;69168.0
874400;86195.0;16867.0;69328.0
874500;86161.0;16833.0;69328.0
874600;86109.0;16901.0;69208.0
874700;86195.0;16867.0;69328.0
874800;85715.0;16867.0;68848.0
874900;86109.0;16901.0;69208.0
875000;86235.0;16867.0;69368.0
875100;86275.0;16867.0;69408.0
875200;86309.0;16901.0;69408.0
875300;86309.0;16901.0;69408.0
875400;86310.0;16902.0;69408.0
875500;86310.0;16902.0;69408.0
875600;86349.0;16941.0;69408.0
875700;86470.0;16902.0;69568.0
875800;86271.0;16863.0;69408.0
875900;86445.0;17037.0;69408.0
876000;86325.0;16877.0;69448.0
876100;86397.0;16909.0;69488.0
876200;86517.0;16909.0;69608.0
876300;86517.0;16909.0;69608.0
876400;86397.0;16909.0;69488.0
876500;86213.0;16845.0;69368.0
876600;86557.0;16909.0;69648.0
876700;86245.0;16877.0;69368.0
876800;86365.0;16877.0;69488.0
876900;86365.0;16877.0;69488.0
877000;86613.0;16925.0;69688.0
877100;86413.0;16845.0;69568.0
877200;86445.0;16877.0;69568.0
877300;86445.0;16877.0;69568.0
877400;86285.0;16877.0;69408.0
877500;86575.0;17007.0;69568.0
877600;86553.0;16825.0;69728.0
877700;86447.0;16839.0;69608.0
877800;86449.0;16881.0;69568.0
877900;86498.0;16930.0;69568.0
878000;85898.0;16930.0;68968.0
878100;86578.0;16930.0;69648.0
878200;86418.0;16930.0;69488.0
878300;86698.0;16930.0;69768.0
878400;86578.0;16930.0;69648.0
878500;86503.0;16855.0;69648.0
878600;86548.0;16900.0;69648.0
878700;86428.0;16900.0;69528.0
878800;86533.0;16885.0;69648.0
878900;86578.0;16930.0;69648.0
879000;86488.0;16960.0;69528.0
879100;86450.0;16722.0;69728.0
879200;86570.0;16722.0;69848.0
879300;86672.0;16944.0;69728.0
879400;86598.0;16870.0;69728.0
879500;86515.0;16907.0;69608.0
879600;86635.0;16907.0;69728.0
879700;86665.5;16777.5;69888.0
879800;86635.0;16907.0;69728.0
879900;86579.5;16851.5;69728.0
880000;86835.0;16907.0;69928.0
880100;86770.5;16962.5;69808.0
880200;86555.0;16907.0;69648.0
880300;86872.0;16944.0;69928.0
880400;86555.0;16907.0;69648.0
880500;86715.0;16907.0;69808.0
880600;86715.0;16907.0;69808.0
880700;86678.0;16870.0;69808.0
880800;86678.0;16870.0;69808.0
880900;86678.0;16870.0;69808.0
881000;86696.5;16848.5;69848.0
881100;86777.5;16889.5;69888.0
881200;87217.5;16889.5;70328.0
881300;87238.0;16910.0;70328.0
881400;86951.0;17063.0;69888.0
881500;86775.0;16887.0;69888.0
881600;86687.0;16919.0;69768.0
881700;86999.0;16951.0;70048.0
881800;86999.0;16951.0;70048.0
881900;86839.0;16951.0;69888.0
882000;86863.0;16935.0;69928.0
882100;86855.0;16887.0;69968.0
882200;86743.0;16935.0;69808.0
882300;86887.0;16919.0;69968.0
882400;87007.0;16919.0;70088.0
882500;86735.0;16887.0;69848.0
882600;86999.0;16871.0;70128.0
882700;86686.0;16718.0;69968.0
882800;86854.0;16886.0;69968.0
882900;87077.0;16949.0;70128.0
883000;86797.0;16949.0;69848.0
883100;87039.0;16991.0;70048.0
883200;86837.0;16949.0;69888.0
883300;86997.0;16949.0;70048.0
883400;87117.0;16949.0;70168.0
883500;86976.0;16928.0;70048.0
883600;86997.0;16949.0;70048.0
883700;87018.0;16970.0;70048.0
883800;86919.0;16991.0;69928.0
883900;86919.0;16991.0;69928.0
884000;86919.0;16991.0;69928.0
884100;87077.0;16949.0;70128.0
884200;87119.0;16991.0;70128.0
884300;87161.0;17033.0;70128.0
884400;87119.0;16991.0;70128.0
884500;87140.0;17012.0;70128.0
884600;87119.0;16991.0;70128.0
884700;87279.0;16991.0;70288.0
884800;87279.0;16991.0;70288.0
884900;86999.0;16991.0;70008.0
885000;87159.0;16991.0;70168.0
885100;87039.0;16991.0;70048.0
885200;87199.0;16991.0;70208.0
885300;87199.0;16991.0;70208.0
885400;87199.0;16991.0;70208.0
885500;87037.0;16949.0;70088.0
885600;87241.0;17033.0;70208.0
885700;87199.0;16991.0;70208.0
885800;87115.0;16907.0;70208.0
885900;87262.0;17054.0;70208.0
886000;87679.0;16991.0;70688.0
886100;87321.0;17033.0;70288.0
886200;87161.0;17033.0;70128.0
886300;86993.0;16865.0;70128.0
886400;87119.0;16991.0;70128.0
886500;87222.0;17054.0;70168.0
886600;86949.0;16781.0;70168.0
886700;87397.0;16949.0;70448.0
886800;87159.0;16991.0;70168.0
886900;87279.0;16991.0;70288.0
887000;87738.0;16970.0;70768.0
887100;87759.0;16991.0;70768.0
887200;87422.0;17054.0;70368.0
887300;87359.0;16991.0;70368.0
887400;87296.0;16928.0;70368.0
887500;87302.0;17054.0;70248.0
887600;87306.5;17058.5;70248.0
887700;87612.0;17084.0;70528.0
887800;87465.5;17097.5;70368.0
887900;87425.0;17057.0;70368.0
888000;87488.5;16920.5;70568.0
888100;87390.0;17102.0;70288.0
888200;87390.0;17102.0;70288.0
888300;87434.5;16986.5;70448.0
888400;87670.0;17102.0;70568.0
888500;87500.5;17052.5;70448.0
888600;87430.0;17102.0;70328.0
888700;87463.0;17135.0;70328.0
888800;87550.0;17102.0;70448.0
888900;87496.0;17168.0;70328.0
889000;87623.0;17135.0;70488.0
889100;87498.0;16970.0;70528.0
889200;87663.0;17135.0;70528.0
889300;87630.0;17102.0;70528.0
889400;87630.0;17102.0;70528.0
889500;87663.0;17135.0;70528.0
889600;87663.0;17135.0;70528.0
889700;87630.0;17102.0;70528.0
889800;87823.0;17135.0;70688.0
889900;87166.5;17118.5;70048.0
890000;87576.0;17168.0;70408.0
890100;87726.5;17118.5;70608.0
890200;87726.5;17118.5;70608.0
890300;87896.0;17168.0;70728.0
890400;87896.0;17168.0;70728.0
890500;87726.5;17118.5;70608.0
890600;87776.0;17168.0;70608.0
890700;87809.0;17201.0;70608.0
890800;87672.5;17184.5;70488.0
890900;87809.0;17201.0;70608.0
891000;87816.0;17168.0;70648.0
891100;87696.0;17168.0;70528.0
891200;87905.5;17217.5;70688.0
891300;87856.0;17168.0;70688.0
891400;87856.0;17168.0;70688.0
891500;87856.0;17168.0;70688.0
891600;88016.0;17168.0;70848.0
891700;87856.0;17168.0;70688.0
891800;88279.5;17151.5;71128.0
891900;87889.0;17201.0;70688.0
892000;87719.5;17151.5;70568.0
892100;87969.0;17201.0;70768.0
892200;88298.5;17250.5;71048.0
892300;88056.0;17168.0;70888.0
892400;87969.0;17201.0;70768.0
892500;87969.0;17201.0;70768.0
892600;87969.0;17201.0;70768.0
892700;87936.0;17168.0;70768.0
892800;88096.0;17168.0;70928.0
892900;88152.0;17224.0;70928.0
893000;88192.0;17224.0;70968.0
893100;88072.0;17224.0;70848.0
893200;88072.0;17224.0;70848.0
893300;88154.5;17186.5;70968.0
893400;88100.0;17252.0;70848.0
893500;87936.5;17208.5;70728.0
893600;88231.0;17223.0;71008.0
893700;88289.0;17281.0;71008.0
893800;88056.5;17208.5;70848.0
893900;88129.0;17281.0;70848.0
894000;87878.5;17150.5;70728.0
894100;88180.0;17252.0;70928.0
894200;88020.0;17252.0;70768.0
894300;88064.0;17136.0;70928.0
894400;88136.5;17208.5;70928.0
894500;88180.0;17252.0;70928.0
894600;88180.0;17252.0;70928.0
894700;88180.0;17252.0;70928.0
894800;88223.5;17295.5;70928.0
894900;88146.0;17418.0;70728.0
895000;88230.0;17262.0;70968.0
895100;88026.0;17178.0;70848.0
895200;88246.0;17238.0;71008.0
895300;88150.0;17142.0;71008.0
895400;88086.0;17238.0;70848.0
895500;88354.0;17226.0;71128.0
895600;88270.0;17262.0;71008.0
895700;88270.0;17262.0;71008.0
895800;88270.0;17262.0;71008.0
895900;88246.0;17238.0;71008.0
896000;88310.0;17262.0;71048.0
896100;88350.0;17262.0;71088.0
896200;88350.0;17262.0;71088.0
896300;88314.0;17226.0;71088.0
896400;88350.0;17262.0;71088.0
896500;88350.0;17262.0;71088.0
896600;88278.0;17190.0;71088.0
896700;88374.0;17286.0;71088.0
896800;88374.0;17286.0;71088.0
896900;88350.0;17262.0;71088.0
897000;88438.0;17310.0;71128.0
897100;88430.0;17262.0;71168.0
897200;88294.0;17286.0;71008.0
897300;88294.0;17286.0;71008.0
897400;88454.0;17286.0;71168.0
897500;88490.0;17322.0;71168.0
897600;88334.0;17286.0;71048.0
897700;88442.0;17274.0;71168.0
897800;88638.0;17310.0;71328.0
897900;88482.0;17274.0;71208.0
898000;88370.0;17322.0;71048.0
898100;88014.0;17286.0;70728.0
898200;88534.0;17286.0;71248.0
898300;88558.0;17310.0;71248.0
898400;88570.0;17322.0;71248.0
898500;88594.0;17346.0;71248.0
898600;88394.0;17346.0;71048.0
898700;88462.0;17334.0;71128.0
898800;88582.0;17334.0;71248.0
898900;88606.0;17358.0;71248.0
899000;88606.0;17358.0;71248.0
899100;88786.5;17458.5;71328.0
899200;88711.0;17383.0;71328.0
899300;88855.0;17407.0;71448.0
899400;88849.0;17401.0;71448.0
899500;88711.0;17383.0;71328.0
899600;88895.0;17407.0;71488.0
899700;88735.0;17407.0;71328.0
899800;88615.0;17407.0;71208.0
899900;88747.0;17419.0;71328.0
900000;88633.0;17305.0;71328.0
900100;88823.0;17415.0;71408.0
900200;88823.0;17415.0;71408.0
900300;88801.0;17393.0;71408.0
900400;88790.0;17382.0;71408.0
900500;88332.0;17404.0;70928.0
900600;88801.0;17393.0;71408.0
900700;88659.0;17371.0;71288.0
900800;88823.0;17415.0;71408.0
900900;88801.0;17393.0;71408.0
901000;88361.0;17393.0;70968.0
901100;88837.0;17349.0;71488.0
901200;89023.0;17415.0;71608.0
901300;88881.0;17393.0;71488.0
901400;88881.0;17393.0;71488.0
901500;88961.0;17473.0;71488.0
901600;88901.0;17413.0;71488.0
901700;88781.0;17413.0;71368.0
901800;88421.0;17413.0;71008.0
901900;88901.0;17413.0;71488.0
902000;88769.0;17401.0;71368.0
902100;88845.0;17437.0;71408.0
902200;88845.0;17437.0;71408.0
902300;88990.0;17422.0;71568.0
902400;88990.0;17422.0;71568.0
902500;88982.5;17414.5;71568.0
902600;89150.0;17422.0;71728.0
902700;88990.0;17422.0;71568.0
902800;88975.0;17407.0;71568.0
902900;88975.0;17407.0;71568.0
903000;89037.5;17429.5;71608.0
903100;88917.5;17429.5;71488.0
903200;89070.0;17422.0;71648.0
903300;89070.0;17422.0;71648.0
903400;89055.0;17407.0;71648.0
903500;88912.5;17384.5;71528.0
903600;89055.0;17407.0;71648.0
903700;89095.0;17407.0;71688.0
903800;89215.0;17407.0;71808.0
903900;89055.0;17407.0;71648.0
904000;89055.0;17407.0;71648.0
904100;89135.0;17407.0;71728.0
904200;88945.0;17377.0;71568.0
904300;89120.0;17392.0;71728.0
904400;89135.0;17407.0;71728.0
904500;89015.0;17407.0;71608.0
904600;89120.0;17392.0;71728.0
904700;89000.0;17392.0;71608.0
904800;89165.0;17437.0;71728.0
904900;89156.0;17428.0;71728.0
905000;89423.0;17495.0;71928.0
905100;89423.0;17495.0;71928.0
905200;89176.0;17528.0;71648.0
905300;89390.0;17582.0;71808.0
905400;89364.0;17556.0;71808.0
905500;89364.0;17556.0;71808.0
905600;89364.0;17556.0;71808.0
905700;89218.0;17530.0;71688.0
905800;89312.0;17504.0;71808.0
905900;89338.0;17530.0;71808.0
906000;89493.0;17645.0;71848.0
906100;89493.0;17645.0;71848.0
906200;89449.0;17561.0;71888.0
906300;89299.5;17571.5;71728.0
906400;89428.0;17540.0;71888.0
906500;89857.5;17529.5;72328.0
906600;89449.0;17561.0;71888.0
906700;89621.0;17573.0;72048.0
906800;89339.5;17451.5;71888.0
906900;89488.0;17600.0;71888.0
907000;89341.0;17573.0;71768.0
907100;89568.0;17600.0;71968.0
907200;89541.0;17573.0;71968.0
907300;89568.0;17600.0;71968.0
907400;89661.0;17573.0;72088.0
907500;89661.0;17573.0;72088.0
907600;89541.0;17573.0;71968.0
907700;89660.5;17532.5;72128.0
907800;89500.5;17532.5;71968.0
907900;89701.0;17573.0;72128.0
908000;89581.0;17573.0;72008.0
908100;89741.0;17573.0;72168.0
908200;89648.0;17600.0;72048.0
908300;89781.5;17613.5;72168.0
908400;89661.5;17613.5;72048.0
908500;89661.5;17613.5;72048.0
908600;89621.0;17573.0;72048.0
908700;89648.0;17600.0;72048.0
908800;89648.0;17600.0;72048.0
908900;89661.5;17613.5;72048.0
909000;89875.0;17627.0;72248.0
909100;89701.0;17573.0;72128.0
909200;89674.0;17546.0;72128.0
909300;89701.0;17573.0;72128.0
909400;89674.0;17546.0;72128.0
909500;89701.0;17573.0;72128.0
909600;89760.0;17632.0;72128.0
909700;89760.0;17632.0;72128.0
909800;89729.0;17601.0;72128.0
909900;89816.0;17688.0;72128.0
910000;89902.0;17734.0;72168.0
910100;89840.0;17792.0;72048.0
910200;90000.0;17792.0;72208.0
910300;89705.0;17657.0;72048.0
910400;89714.0;17666.0;72048.0
910500;90066.0;17738.0;72328.0
910600;89772.0;17684.0;72088.0
910700;89919.0;17711.0;72208.0
910800;89901.0;17693.0;72208.0
910900;90061.0;17693.0;72368.0
911000;89959.0;17711.0;72248.0
911100;89923.0;17675.0;72248.0
911200;89981.0;17693.0;72288.0
911300;89839.0;17711.0;72128.0
911400;90115.0;17707.0;72408.0
911500;89883.0;17715.0;72168.0
911600;90011.0;17723.0;72288.0
911700;90011.0;17723.0;72288.0
911800;89947.0;17659.0;72288.0
911900;89891.0;17723.0;72168.0
912000;90211.0;17723.0;72488.0
912100;90211.0;17723.0;72488.0
912200;90211.0;17723.0;72488.0
912300;90091.0;17723.0;72368.0
912400;90091.0;17723.0;72368.0
912500;90075.0;17707.0;72368.0
912600;90124.5;17756.5;72368.0
912700;90105.0;17737.0;72368.0
912800;90092.0;17724.0;72368.0
912900;90105.0;17737.0;72368.0
913000;89985.0;17737.0;72248.0
913100;90219.0;17771.0;72448.0
913200;90192.0;17744.0;72448.0
913300;90152.0;17744.0;72408.0
913400;90038.0;17750.0;72288.0
913500;90303.0;17735.0;72568.0
913600;90352.0;17744.0;72608.0
913700;90192.0;17744.0;72448.0
913800;90072.0;17744.0;72328.0
913900;90192.0;17744.0;72448.0
914000;90066.0;17738.0;72328.0
914100;90266.0;17738.0;72528.0
914200;90112.0;17744.0;72368.0
914300;90392.0;17744.0;72648.0
914400;90278.0;17750.0;72528.0
914500;90392.0;17744.0;72648.0
914600;90712.0;17744.0;72968.0
914700;90278.0;17750.0;72528.0
914800;90278.0;17750.0;72528.0
914900;90306.0;17738.0;72568.0
915000;90312.0;17744.0;72568.0
915100;90484.0;17756.0;72728.0
915200;90358.0;17750.0;72608.0
915300;90298.0;17690.0;72608.0
915400;90394.0;17786.0;72608.0
915500;90258.0;17770.0;72488.0
915600;90378.0;17770.0;72608.0
915700;90554.0;17786.0;72768.0
915800;90378.0;17770.0;72608.0
915900;90386.0;17778.0;72608.0
916000;90418.0;17770.0;72648.0
916100;90458.0;17770.0;72688.0
916200;90458.0;17770.0;72688.0
916300;90458.0;17770.0;72688.0
916400;90330.0;17802.0;72528.0
916500;90290.0;17762.0;72528.0
916600;90450.0;17762.0;72688.0
916700;90474.0;17786.0;72688.0
916800;90474.0;17786.0;72688.0
916900;90458.0;17770.0;72688.0
917000;90634.0;17746.0;72888.0
917100;90658.0;17770.0;72888.0
917200;90658.0;17770.0;72888.0
917300;90538.0;17770.0;72768.0
917400;90674.0;17786.0;72888.0
917500;90434.0;17666.0;72768.0
917600;90602.0;17834.0;72768.0
917700;90458.0;17810.0;72648.0
917800;90614.0;17846.0;72768.0
917900;90613.0;17845.0;72768.0
918000;90653.0;17845.0;72808.0
918100;90672.0;17864.0;72808.0
918200;90693.0;17845.0;72848.0
918300;90693.0;17845.0;72848.0
918400;90693.0;17845.0;72848.0
918500;90693.0;17845.0;72848.0
918600;90573.0;17845.0;72728.0
918700;90693.0;17845.0;72848.0
918800;91007.0;17719.0;73288.0
918900;90585.0;17857.0;72728.0
919000;90893.5;17845.5;73048.0
919100;90785.0;17857.0;72928.0
919200;90949.0;17901.0;73048.0
919300;90829.0;17901.0;72928.0
919400;90643.0;17875.0;72768.0
919500;90829.0;17901.0;72928.0
919600;90881.0;17953.0;72928.0
919700;90803.0;17875.0;72928.0
919800;90725.0;17797.0;72928.0
919900;90803.0;17875.0;72928.0
920000;90803.0;17875.0;72928.0
920100;90909.0;17901.0;73008.0
920200;90909.0;17901.0;73008.0
920300;90909.0;17901.0;73008.0
920400;91120.0;17992.0;73128.0
920500;90883.0;17875.0;73008.0
920600;90805.0;17797.0;73008.0
920700;90883.0;17875.0;73008.0
920800;90883.0;17875.0;73008.0
920900;90930.0;17922.0;73008.0
921000;90970.0;17922.0;73048.0
921100;91010.0;17922.0;73088.0
921200;91177.0;17969.0;73208.0
921300;91004.0;17956.0;73048.0
921400;91057.0;17969.0;73088.0
921500;91070.0;17982.0;73088.0
921600;91057.0;17969.0;73088.0
921700;91070.0;17982.0;73088.0
921800;91050.5;17962.5;73088.0
921900;90930.5;17962.5;72968.0
922000;91110.0;17982.0;73128.0
922100;91150.0;17982.0;73168.0
922200;91257.0;17969.0;73288.0
922300;91150.0;17982.0;73168.0
922400;91130.5;17962.5;73168.0
922500;91224.5;17936.5;73288.0
922600;91030.0;17982.0;73048.0
922700;91150.0;17982.0;73168.0
922800;91150.0;17982.0;73168.0
922900;91310.0;17982.0;73328.0
923000;91190.0;17982.0;73208.0
923100;91170.5;17962.5;73208.0
923200;91249.5;18001.5;73248.0
923300;91350.0;17982.0;73368.0
923400;91063.5;17975.5;73088.0
923500;91256.0;18008.0;73248.0
923600;91230.0;17982.0;73248.0
923700;91251.0;18003.0;73248.0
923800;91304.0;18056.0;73248.0
923900;91277.0;18029.0;73248.0
924000;91317.0;18029.0;73288.0
924100;90837.0;18029.0;72808.0
924200;90831.0;18023.0;72808.0
924300;91351.0;18023.0;73328.0
924400;91357.0;18029.0;73328.0
924500;91237.0;18029.0;73208.0
924600;91351.0;18023.0;73328.0
924700;91237.0;18029.0;73208.0
924800;91357.0;18029.0;73328.0
924900;91351.0;18023.0;73328.0
925000;91551.0;18023.0;73528.0
925100;91431.0;18023.0;73408.0
925200;91560.0;18032.0;73528.0
925300;91431.0;18023.0;73408.0
925400;91425.0;18017.0;73408.0
925500;91431.0;18023.0;73408.0
925600;91425.0;18017.0;73408.0
925700;91591.0;18023.0;73568.0
925800;91453.0;18045.0;73408.0
925900;91447.0;18039.0;73408.0
926000;91485.0;18037.0;73448.0
926100;91481.0;18033.0;73448.0
926200;91551.0;18063.0;73488.0
926300;91551.0;18063.0;73488.0
926400;91391.0;18063.0;73328.0
926500;91671.0;18063.0;73608.0
926600;91557.0;18069.0;73488.0
926700;91717.0;18069.0;73648.0
926800;91557.0;18069.0;73488.0
926900;91566.0;18078.0;73488.0
927000;91597.0;18069.0;73528.0
927100;91637.0;18069.0;73568.0
927200;92086.0;18078.0;74008.0
927300;92083.0;18075.0;74008.0
927400;91477.0;18069.0;73408.0
927500;91526.0;18078.0;73448.0
927600;91806.0;18078.0;73728.0
927700;91628.0;18060.0;73568.0
927800;91637.0;18069.0;73568.0
927900;91791.0;18063.0;73728.0
928000;91677.0;18069.0;73608.0
928100;91717.0;18069.0;73648.0
928200;91837.0;18069.0;73768.0
928300;91717.0;18069.0;73648.0
928400;91717.0;18069.0;73648.0
928500;91738.0;18090.0;73648.0
928600;91549.0;18021.0;73528.0
928700;91745.5;18097.5;73648.0
928800;91625.5;18097.5;73528.0
928900;91754.0;18106.0;73648.0
929000;91811.0;18123.0;73688.0
929100;91965.0;18117.0;73848.0
929200;91866.0;18138.0;73728.0
929300;91986.0;18138.0;73848.0
929400;91685.0;18117.0;73568.0
929500;91866.0;18138.0;73728.0
929600;92026.0;18138.0;73888.0
929700;91920.0;18152.0;73768.0
929800;92040.0;18152.0;73888.0
929900;92312.5;18104.5;74208.0
930000;91901.0;18133.0;73768.0
930100;91969.5;18161.5;73808.0
930200;91710.5;18142.5;73568.0
930300;91950.5;18142.5;73808.0
930400;91941.0;18133.0;73808.0
930500;91941.0;18133.0;73808.0
930600;91821.0;18133.0;73688.0
930700;91941.0;18133.0;73808.0
930800;92101.0;18133.0;73968.0
930900;91941.0;18133.0;73808.0
931000;92058.0;18210.0;73848.0
931100;92026.0;18138.0;73888.0
931200;91866.0;18138.0;73728.0
931300;92050.0;18162.0;73888.0
931400;92170.0;18162.0;74008.0
931500;91942.0;18174.0;73768.0
931600;91906.0;18138.0;73768.0
931700;92026.0;18138.0;73888.0
931800;92050.0;18162.0;73888.0
931900;92026.0;18138.0;73888.0
932000;91906.0;18138.0;73768.0
932100;92130.0;18162.0;73968.0
932200;92130.0;18162.0;73968.0
932300;92250.0;18162.0;74088.0
932400;92130.0;18162.0;73968.0
932500;92106.0;18138.0;73968.0
932600;92234.0;18266.0;73968.0
932700;92206.0;18238.0;73968.0
932800;92246.0;18238.0;74008.0
932900;92220.0;18252.0;73968.0
933000;92246.0;18238.0;74008.0
933100;92300.0;18252.0;74048.0
933200;91764.0;18196.0;73568.0
933300;92279.0;18231.0;74048.0
933400;92091.0;18203.0;73888.0
933500;92286.0;18238.0;74048.0
933600;92314.0;18266.0;74048.0
933700;92300.0;18252.0;74048.0
933800;92286.0;18238.0;74048.0
933900;92272.0;18224.0;74048.0
934000;92340.0;18252.0;74088.0
934100;92380.0;18252.0;74128.0
934200;92394.0;18266.0;74128.0
934300;91761.0;18273.0;73488.0
934400;92450.5;18322.5;74128.0
934500;92521.0;18273.0;74248.0
934600;92281.0;18273.0;74008.0
934700;92390.0;18262.0;74128.0
934800;92406.5;18278.5;74128.0
934900;92390.0;18262.0;74128.0
935000;92413.5;18245.5;74168.0
935100;92470.0;18262.0;74208.0
935200;92590.0;18262.0;74328.0
935300;92470.0;18262.0;74208.0
935400;92310.0;18262.0;74048.0
935500;92470.0;18262.0;74208.0
935600;92470.0;18262.0;74208.0
935700;92470.0;18262.0;74208.0
935800;92361.0;18273.0;74088.0
935900;92526.0;18318.0;74208.0
936000;92566.0;18318.0;74248.0
936100;92606.0;18318.0;74288.0
936200;92606.0;18318.0;74288.0
936300;92726.0;18318.0;74408.0
936400;92606.0;18318.0;74288.0
936500;92606.0;18318.0;74288.0
936600;92006.0;18318.0;73688.0
936700;92606.0;18318.0;74288.0
936800;92606.0;18318.0;74288.0
936900;92606.0;18318.0;74288.0
937000;92646.0;18318.0;74328.0
937100;92686.0;18318.0;74368.0
937200;92806.0;18318.0;74488.0
937300;92486.0;18318.0;74168.0
937400;92844.0;18356.0;74488.0
937500;92806.0;18318.0;74488.0
937600;92846.0;18318.0;74528.0
937700;92667.0;18299.0;74368.0
937800;92612.0;18364.0;74248.0
937900;92732.0;18364.0;74368.0
938000;92736.0;18328.0;74408.0
938100;92625.0;18337.0;74288.0
938200;92785.0;18337.0;74448.0
938300;92616.0;18328.0;74288.0
938400;92767.0;18319.0;74448.0
938500;92900.5;18332.5;74568.0
938600;92776.0;18328.0;74448.0
938700;92780.5;18332.5;74448.0
938800;92785.0;18337.0;74448.0
938900;92785.0;18337.0;74448.0
939000;92825.0;18337.0;74488.0
939100;92703.0;18335.0;74368.0
939200;92720.5;18352.5;74368.0
939300;92880.5;18352.5;74528.0
939400;92870.0;18342.0;74528.0
939500;92933.0;18405.0;74528.0
939600;92975.0;18447.0;74528.0
939700;92967.0;18439.0;74528.0
939800;92995.0;18467.0;74528.0
939900;92959.0;18431.0;74528.0
940000;93112.0;18384.0;74728.0
940100;93177.0;18449.0;74728.0
940200;93057.0;18449.0;74608.0
940300;93057.0;18449.0;74608.0
940400;93037.5;18429.5;74608.0
940500;93076.5;18468.5;74608.0
940600;93057.0;18449.0;74608.0
940700;93197.5;18429.5;74768.0
940800;93057.0;18449.0;74608.0
940900;93057.0;18449.0;74608.0
941000;93150.0;18502.0;74648.0
941100;93150.0;18502.0;74648.0
941200;93096.0;18448.0;74648.0
941300;93109.5;18461.5;74648.0
941400;93136.0;18448.0;74688.0
941500;93025.0;18457.0;74568.0
941600;93016.0;18448.0;74568.0
941700;93163.0;18475.0;74688.0
941800;93154.0;18466.0;74688.0
941900;93154.0;18466.0;74688.0
942000;93180.5;18452.5;74728.0
942100;93229.5;18461.5;74768.0
942200;93225.0;18457.0;74768.0
942300;93225.0;18457.0;74768.0
942400;93065.0;18457.0;74608.0
942500;93078.0;18430.0;74648.0
942600;93216.0;18448.0;74768.0
942700;92634.0;18466.0;74168.0
942800;93665.0;18457.0;75208.0
942900;93367.0;18439.0;74928.0
943000;93265.0;18457.0;74808.0
943100;93228.5;18380.5;74848.0
943200;93612.5;18484.5;75128.0
943300;93153.0;18465.0;74688.0
943400;93293.5;18445.5;74848.0
943500;93313.0;18465.0;74848.0
943600;93293.5;18445.5;74848.0
943700;93206.0;18478.0;74728.0
943800;93300.0;18452.0;74848.0
943900;93460.0;18452.0;75008.0
944000;93366.0;18478.0;74888.0
944100;93419.0;18491.0;74928.0
944200;93259.0;18491.0;74768.0
944300;93406.0;18478.0;74928.0
944400;93406.0;18478.0;74928.0
944500;93406.0;18478.0;74928.0
944600;93419.0;18491.0;74928.0
944700;93566.0;18478.0;75088.0
944800;93266.5;18458.5;74808.0
944900;93393.0;18465.0;74928.0
945000;93619.0;18491.0;75128.0
945100;93237.0;18389.0;74848.0
945200;93331.5;18483.5;74848.0
945300;93342.0;18494.0;74848.0
945400;93942.0;18494.0;75448.0
945500;93544.0;18536.0;75008.0
945600;93704.0;18536.0;75168.0
945700;93735.5;18567.5;75168.0
945800;93502.0;18494.0;75008.0
945900;93502.0;18494.0;75008.0
946000;93542.0;18494.0;75048.0
946100;93652.0;18564.0;75088.0
946200;93652.0;18564.0;75088.0
946300;93772.0;18564.0;75208.0
946400;93503.0;18575.0;74928.0
946500;93668.5;18580.5;75088.0
946600;93668.5;18580.5;75088.0
946700;93663.0;18575.0;75088.0
946800;93834.0;18586.0;75248.0
946900;93641.0;18553.0;75088.0
947000;93692.0;18564.0;75128.0
947100;93692.0;18564.0;75128.0
947200;93732.0;18564.0;75168.0
947300;93732.0;18564.0;75168.0
947400;93774.5;18486.5;75288.0
947500;93860.0;18572.0;75288.0
947600;93759.0;18591.0;75168.0
947700;93836.0;18668.0;75168.0
947800;93716.0;18668.0;75048.0
947900;93278.0;18590.0;74688.0
948000;93811.0;18603.0;75208.0
948100;93851.0;18603.0;75248.0
948200;93838.0;18590.0;75248.0
948300;93958.0;18590.0;75368.0
948400;93881.0;18633.0;75248.0
948500;93981.0;18733.0;75248.0
948600;93941.0;18693.0;75248.0
948700;93951.0;18703.0;75248.0
948800;94321.0;18633.0;75688.0
948900;93901.0;18653.0;75248.0
949000;93941.0;18653.0;75288.0
949100;93981.0;18653.0;75328.0
949200;94001.0;18673.0;75328.0
949300;94191.0;18743.0;75448.0
949400;94191.0;18743.0;75448.0
949500;94011.0;18683.0;75328.0
949600;94025.0;18697.0;75328.0
949700;94049.0;18721.0;75328.0
949800;94197.0;18709.0;75488.0
949900;94037.0;18709.0;75328.0
950000;94077.0;18709.0;75368.0
950100;94117.0;18709.0;75408.0
950200;94117.0;18709.0;75408.0
950300;94117.0;18709.0;75408.0
950400;94087.0;18679.0;75408.0
950500;94135.0;18727.0;75408.0
950600;94117.0;18709.0;75408.0
950700;94117.0;18709.0;75408.0
950800;94117.0;18709.0;75408.0
950900;94105.0;18697.0;75408.0
951000;93997.0;18709.0;75288.0
951100;94251.0;18763.0;75488.0
951200;94221.0;18733.0;75488.0
951300;94230.0;18742.0;75488.0
951400;94221.0;18733.0;75488.0
951500;94221.0;18733.0;75488.0
951600;94227.0;18739.0;75488.0
951700;94227.0;18739.0;75488.0
951800;94233.0;18745.0;75488.0
951900;94233.0;18745.0;75488.0
952000;94267.0;18739.0;75528.0
952100;94307.0;18739.0;75568.0
952200;94307.0;18739.0;75568.0
952300;94307.0;18739.0;75568.0
952400;94316.0;18748.0;75568.0
952500;94313.0;18745.0;75568.0
952600;94313.0;18745.0;75568.0
952700;94304.0;18736.0;75568.0
952800;94295.0;18727.0;75568.0
952900;94313.0;18745.0;75568.0
953000;94353.0;18745.0;75608.0
953100;94246.0;18758.0;75488.0
953200;94415.0;18767.0;75648.0
953300;94415.0;18767.0;75648.0
953400;94419.0;18771.0;75648.0
953500;94535.0;18767.0;75768.0
953600;94297.0;18769.0;75528.0
953700;94415.0;18767.0;75648.0
953800;94577.0;18769.0;75808.0
953900;94396.5;18748.5;75648.0
954000;94309.0;18781.0;75528.0
954100;94509.0;18781.0;75728.0
954200;94509.0;18781.0;75728.0
954300;94484.0;18756.0;75728.0
954400;94509.0;18781.0;75728.0
954500;94314.0;18786.0;75528.0
954600;94546.5;18778.5;75768.0
954700;94674.0;18786.0;75888.0
954800;94669.0;18781.0;75888.0
954900;94509.0;18781.0;75728.0
955000;94709.0;18781.0;75928.0
955100;94429.0;18781.0;75648.0
955200;94589.0;18781.0;75808.0
955300;94589.0;18781.0;75808.0
955400;94584.0;18776.0;75808.0
955500;94584.0;18776.0;75808.0
955600;94571.5;18763.5;75808.0
955700;94589.0;18781.0;75808.0
955800;94589.0;18781.0;75808.0
955900;94109.0;18781.0;75328.0
956000;94629.0;18781.0;75848.0
956100;94504.0;18776.0;75728.0
956200;94669.0;18781.0;75888.0
956300;94501.5;18773.5;75728.0
956400;94661.5;18773.5;75888.0
956500;94669.0;18781.0;75888.0
956600;94570.0;18802.0;75768.0
956700;94695.0;18807.0;75888.0
956800;94683.0;18795.0;75888.0
956900;94692.0;18804.0;75888.0
957000;94731.0;18803.0;75928.0
957100;94614.0;18806.0;75808.0
957200;94774.0;18806.0;75968.0
957300;94892.0;18804.0;76088.0
957400;94774.0;18806.0;75968.0
957500;94774.0;18806.0;75968.0
957600;94774.0;18806.0;75968.0
957700;94774.0;18806.0;75968.0
957800;94774.0;18806.0;75968.0
957900;94776.0;18808.0;75968.0
958000;94814.0;18806.0;76008.0
958100;94974.0;18806.0;76168.0
958200;94854.0;18806.0;76048.0
958300;94856.0;18808.0;76048.0
958400;94854.0;18806.0;76048.0
958500;94856.0;18808.0;76048.0
958600;94731.0;18803.0;75928.0
958700;94734.0;18806.0;75928.0
958800;94736.0;18808.0;75928.0
958900;94854.0;18806.0;76048.0
959000;94893.0;18805.0;76088.0
959100;95374.0;18806.0;76568.0
959200;94890.0;18802.0;76088.0
959300;94772.0;18804.0;75968.0
959400;94934.0;18806.0;76128.0
959500;94932.0;18804.0;76128.0
959600;94812.0;18804.0;76008.0
959700;94925.0;18797.0;76128.0
959800;94928.0;18800.0;76128.0
959900;94936.0;18808.0;76128.0
960000;94977.0;18809.0;76168.0
960100;95017.0;18809.0;76208.0
960200;95134.0;18806.0;76328.0
960300;95132.0;18804.0;76328.0
960400;94560.0;18832.0;75728.0
960500;95037.0;18829.0;76208.0
960600;95202.0;18834.0;76368.0
960700;95040.0;18832.0;76208.0
960800;95043.0;18835.0;76208.0
960900;94840.0;18832.0;76008.0
961000;94920.0;18832.0;76088.0
961100;95119.0;18831.0;76288.0
961200;94959.0;18831.0;76128.0
961300;94962.0;18834.0;76128.0
961400;95243.0;18835.0;76408.0
961500;95118.0;18830.0;76288.0
961600;95123.0;18835.0;76288.0
961700;95120.0;18832.0;76288.0
961800;95160.0;18832.0;76328.0
961900;95280.0;18832.0;76448.0
962000;95160.0;18832.0;76328.0
962100;95322.0;18834.0;76488.0
962200;95320.0;18832.0;76488.0
962300;95320.0;18832.0;76488.0
962400;95040.0;18832.0;76208.0
962500;95314.0;18826.0;76488.0
962600;95204.0;18836.0;76368.0
962700;95204.0;18836.0;76368.0
962800;95200.0;18832.0;76368.0
962900;95360.0;18832.0;76528.0
963000;95240.0;18832.0;76408.0
963100;95278.0;18830.0;76448.0
963200;95278.0;18830.0;76448.0
963300;95280.0;18832.0;76448.0
963400;95282.0;18834.0;76448.0
963500;95281.0;18833.0;76448.0
963600;95278.0;18830.0;76448.0
963700;95876.0;18828.0;77048.0
963800;95434.0;18826.0;76608.0
963900;95276.0;18828.0;76448.0
964000;95316.0;18828.0;76488.0
964100;95196.0;18828.0;76368.0
964200;95356.0;18828.0;76528.0
964300;94878.0;18830.0;76048.0
964400;95383.5;18855.5;76528.0
964500;95384.0;18856.0;76528.0
964600;95382.5;18854.5;76528.0
964700;95384.0;18856.0;76528.0
964800;95384.0;18856.0;76528.0
964900;95384.0;18856.0;76528.0
965000;95424.0;18856.0;76568.0
965100;95464.0;18856.0;76608.0
965200;95467.5;18859.5;76608.0
965300;95464.0;18856.0;76608.0
965400;95586.0;18858.0;76728.0
965500;95464.0;18856.0;76608.0
965600;95460.5;18852.5;76608.0
965700;95464.0;18856.0;76608.0
965800;95343.0;18855.0;76488.0
965900;95463.0;18855.0;76608.0
966000;95503.0;18855.0;76648.0
966100;95544.0;18856.0;76688.0
966200;95543.0;18855.0;76688.0
966300;95382.0;18854.0;76528.0
966400;95543.0;18855.0;76688.0
966500;95543.0;18855.0;76688.0
966600;95418.5;18850.5;76568.0
966700;95423.0;18855.0;76568.0
966800;95703.0;18855.0;76848.0
966900;95544.0;18856.0;76688.0
967000;95583.0;18855.0;76728.0
967100;95623.0;18855.0;76768.0
967200;95623.0;18855.0;76768.0
967300;95743.0;18855.0;76888.0
967400;95743.0;18855.0;76888.0
967500;95624.0;18856.0;76768.0
967600;95624.0;18856.0;76768.0
967700;95626.0;18858.0;76768.0
967800;95506.0;18858.0;76648.0
967900;95505.0;18857.0;76648.0
968000;95824.5;18856.5;76968.0
968100;95825.0;18857.0;76968.0
968200;95824.5;18856.5;76968.0
968300;95546.0;18858.0;76688.0
968400;95546.0;18858.0;76688.0
968500;95706.0;18858.0;76848.0
968600;95706.0;18858.0;76848.0
968700;95707.5;18859.5;76848.0
968800;95707.0;18859.0;76848.0
968900;95706.0;18858.0;76848.0
969000;95587.0;18859.0;76728.0
969100;95790.0;18862.0;76928.0
969200;95907.0;18859.0;77048.0
969300;95907.5;18859.5;77048.0
969400;95746.0;18858.0;76888.0
969500;95906.0;18858.0;77048.0
969600;95947.5;18859.5;77088.0
969700;95788.5;18860.5;76928.0
969800;95777.5;18849.5;76928.0
969900;95955.0;18867.0;77088.0
970000;95850.0;18882.0;76968.0
970100;95887.5;18879.5;77008.0
970200;95880.0;18872.0;77008.0
970300;95887.5;18879.5;77008.0
970400;95875.0;18867.0;77008.0
970500;95885.0;18877.0;77008.0
970600;96045.0;18877.0;77168.0
970700;96320.0;18872.0;77448.0
970800;95880.0;18872.0;77008.0
970900;95885.0;18877.0;77008.0
971000;95920.0;18872.0;77048.0
971100;95960.0;18872.0;77088.0
971200;95800.0;18872.0;76928.0
971300;96125.0;18917.0;77208.0
971400;96005.0;18917.0;77088.0
971500;96005.0;18917.0;77088.0
971600;95885.0;18917.0;76968.0
971700;95885.0;18917.0;76968.0
971800;96165.0;18917.0;77248.0
971900;96165.0;18917.0;77248.0
972000;96045.0;18917.0;77128.0
972100;96085.0;18917.0;77168.0
972200;96085.0;18917.0;77168.0
972300;96205.0;18917.0;77288.0
972400;96085.0;18917.0;77168.0
972500;96085.0;18917.0;77168.0
972600;96085.0;18917.0;77168.0
972700;96525.0;18917.0;77608.0
972800;96085.0;18917.0;77168.0
972900;96085.0;18917.0;77168.0
973000;96125.0;18917.0;77208.0
973100;96165.0;18917.0;77248.0
973200;96285.0;18917.0;77368.0
973300;96285.0;18917.0;77368.0
973400;96285.0;18917.0;77368.0
973500;96165.0;18917.0;77248.0
973600;96045.0;18917.0;77128.0
973700;96165.0;18917.0;77248.0
973800;96313.0;18905.0;77408.0
973900;96173.0;18925.0;77248.0
974000;96373.0;18925.0;77448.0
974100;96255.0;18927.0;77328.0
974200;96097.0;18929.0;77168.0
974300;96253.0;18925.0;77328.0
974400;96369.0;18921.0;77448.0
974500;96253.0;18925.0;77328.0
974600;96287.0;18919.0;77368.0
974700;96409.0;18921.0;77488.0
974800;96249.0;18921.0;77328.0
974900;96249.0;18921.0;77328.0
975000;96165.0;18957.0;77208.0
975100;96329.0;18961.0;77368.0
975200;96369.0;18961.0;77408.0
975300;96321.0;18953.0;77368.0
975400;96361.0;18953.0;77408.0
975500;96375.0;18967.0;77408.0
975600;96375.0;18967.0;77408.0
975700;96375.0;18967.0;77408.0
975800;96372.0;18964.0;77408.0
975900;96285.0;18997.0;77288.0
976000;96582.5;18974.5;77608.0
976100;96476.0;18988.0;77488.0
976200;96316.0;18988.0;77328.0
976300;96494.0;19006.0;77488.0
976400;96596.0;18988.0;77608.0
976500;96635.0;19027.0;77608.0
976600;96639.5;19031.5;77608.0
976700;96530.0;19042.0;77488.0
976800;96398.0;19030.0;77368.0
976900;96522.5;19034.5;77488.0
977000;96561.0;19033.0;77528.0
977100;96433.5;19025.5;77408.0
977200;96115.0;19027.0;77088.0
977300;96103.0;19015.0;77088.0
977400;96613.0;19045.0;77568.0
977500;96481.0;19033.0;77448.0
977600;96627.0;19059.0;77568.0
977700;96617.0;19049.0;77568.0
977800;96631.0;19063.0;77568.0
977900;96631.0;19063.0;77568.0
978000;96831.0;19063.0;77768.0
978100;96707.0;19059.0;77648.0
978200;96827.0;19059.0;77768.0
978300;96701.0;19053.0;77648.0
978400;97147.0;19059.0;78088.0
978500;96707.0;19059.0;77648.0
978600;97164.0;19076.0;78088.0
978700;97165.0;19077.0;78088.0
978800;96725.0;19077.0;77648.0
978900;96724.0;19076.0;77648.0
979000;96763.5;19075.5;77688.0
979100;96645.0;19077.0;77568.0
979200;96644.0;19076.0;77568.0
979300;96804.0;19076.0;77728.0
979400;96804.0;19076.0;77728.0
979500;96804.0;19076.0;77728.0
979600;96805.0;19077.0;77728.0
979700;96805.0;19077.0;77728.0
979800;96804.5;19076.5;77728.0
979900;96803.0;19075.0;77728.0
980000;97005.0;19077.0;77928.0
980100;96885.5;19077.5;77808.0
980200;96885.0;19077.0;77808.0
980300;96884.0;19076.0;77808.0
980400;96883.0;19075.0;77808.0
980500;96885.0;19077.0;77808.0
980600;96883.0;19075.0;77808.0
980700;96765.0;19077.0;77688.0
980800;96886.0;19078.0;77808.0
980900;96885.0;19077.0;77808.0
981000;96924.0;19076.0;77848.0
981100;96966.0;19078.0;77888.0
981200;96520.0;19112.0;77408.0
981300;96960.0;19112.0;77848.0
981400;97000.0;19112.0;77888.0
981500;97000.0;19112.0;77888.0
981600;96886.0;19118.0;77768.0
981700;97000.0;19112.0;77888.0
981800;97000.0;19112.0;77888.0
981900;97154.0;19106.0;78048.0
982000;97160.0;19112.0;78048.0
982100;97092.0;19124.0;77968.0
982200;97077.0;19109.0;77968.0
982300;97086.0;19118.0;77968.0
982400;97086.0;19118.0;77968.0
982500;97086.0;19118.0;77968.0
982600;97086.0;19118.0;77968.0
982700;97086.0;19118.0;77968.0
982800;97086.0;19118.0;77968.0
982900;96972.0;19124.0;77848.0
983000;97132.0;19124.0;78008.0
983100;97160.0;19112.0;78048.0
983200;97166.0;19118.0;78048.0
983300;97175.0;19127.0;78048.0
983400;97166.0;19118.0;78048.0
983500;97160.0;19112.0;78048.0
983600;97040.0;19112.0;77928.0
983700;97166.0;19118.0;78048.0
983800;97166.0;19118.0;78048.0
983900;97160.0;19112.0;78048.0
984000;97200.0;19112.0;78088.0
984100;97249.0;19121.0;78128.0
984200;97065.0;19097.0;77968.0
984300;97040.0;19112.0;77928.0
984400;97089.0;19121.0;77968.0
984500;97088.0;19120.0;77968.0
984600;97270.0;19142.0;78128.0
984700;97424.0;19136.0;78288.0
984800;97144.0;19136.0;78008.0
984900;97270.0;19142.0;78128.0
985000;97270.0;19142.0;78128.0
985100;97350.0;19142.0;78208.0
985200;97350.0;19142.0;78208.0
985300;97464.0;19136.0;78328.0
985400;97336.0;19128.0;78208.0
985500;97470.0;19142.0;78328.0
985600;97236.0;19148.0;78088.0
985700;97344.0;19136.0;78208.0
985800;97248.0;19160.0;78088.0
985900;97366.0;19158.0;78208.0
986000;97250.0;19162.0;78088.0
986100;96926.0;19158.0;77768.0
986200;97286.0;19158.0;78128.0
986300;97562.0;19154.0;78408.0
986400;97282.0;19154.0;78128.0
986500;97436.0;19148.0;78288.0
986600;97463.0;19175.0;78288.0
986700;97456.0;19168.0;78288.0
986800;97498.0;19210.0;78288.0
986900;97498.0;19210.0;78288.0
987000;97538.0;19210.0;78328.0
987100;97577.5;19209.5;78368.0
987200;97579.0;19211.0;78368.0
987300;97699.0;19211.0;78488.0
987400;97699.0;19211.0;78488.0
987500;97511.5;19263.5;78248.0
987600;97511.5;19263.5;78248.0
987700;97791.5;19263.5;78528.0
987800;97614.0;19246.0;78368.0
987900;97621.0;19253.0;78368.0
988000;97490.5;19242.5;78248.0
988100;97694.0;19246.0;78448.0
988200;97814.0;19246.0;78568.0
988300;98141.0;19253.0;78888.0
988400;97701.0;19253.0;78448.0
988500;97581.0;19253.0;78328.0
988600;97701.0;19253.0;78448.0
988700;97712.0;19264.0;78448.0
988800;97598.0;19270.0;78328.0
988900;97717.0;19269.0;78448.0
989000;97757.5;19269.5;78488.0
989100;97797.0;19269.0;78528.0
989200;97796.0;19268.0;78528.0
989300;97810.0;19282.0;78528.0
989400;97650.0;19282.0;78368.0
989500;97807.0;19279.0;78528.0
989600;97700.5;19292.5;78408.0
989700;97810.0;19282.0;78528.0
989800;97810.0;19282.0;78528.0
989900;97970.0;19282.0;78688.0
990000;97844.0;19276.0;78568.0
990100;97869.0;19261.0;78608.0
990200;97884.0;19276.0;78608.0
990300;97884.0;19276.0;78608.0
990400;97884.0;19276.0;78608.0
990500;97884.0;19276.0;78608.0
990600;97764.0;19276.0;78488.0
990700;97884.0;19276.0;78608.0
990800;97879.5;19271.5;78608.0
990900;97884.0;19276.0;78608.0
991000;97719.5;19271.5;78448.0
991100;97964.0;19276.0;78688.0
991200;97964.0;19276.0;78688.0
991300;97961.0;19273.0;78688.0
991400;98307.0;19339.0;78968.0
991500;98027.0;19339.0;78688.0
991600;97839.0;19351.0;78488.0
991700;97919.0;19351.0;78568.0
991800;98051.0;19363.0;78688.0
991900;97895.0;19327.0;78568.0
992000;98079.0;19351.0;78728.0
992100;98119.0;19351.0;78768.0
992200;98095.0;19327.0;78768.0
992300;98107.0;19339.0;78768.0
992400;97947.0;19339.0;78608.0
992500;98119.0;19351.0;78768.0
992600;98101.0;19333.0;78768.0
992700;98011.0;19363.0;78648.0
992800;97987.0;19339.0;78648.0
992900;98107.0;19339.0;78768.0
993000;98147.0;19339.0;78808.0
993100;98181.0;19333.0;78848.0
993200;98097.0;19249.0;78848.0
993300;98264.0;19416.0;78848.0
993400;98237.0;19389.0;78848.0
993500;98237.0;19389.0;78848.0
993600;98117.0;19389.0;78728.0
993700;98144.0;19416.0;78728.0
993800;98117.0;19389.0;78728.0
993900;98264.0;19416.0;78848.0
994000;98331.0;19443.0;78888.0
994100;98211.0;19443.0;78768.0
994200;98211.0;19443.0;78768.0
994300;98344.0;19416.0;78928.0
994400;98317.0;19389.0;78928.0
994500;98344.0;19416.0;78928.0
994600;98224.0;19416.0;78808.0
994700;98317.0;19389.0;78928.0
994800;98317.0;19389.0;78928.0
994900;98276.5;19348.5;78928.0
995000;98424.5;19456.5;78968.0
995100;98877.5;19429.5;79448.0
995200;98877.5;19429.5;79448.0
995300;98687.0;19239.0;79448.0
995400;98247.0;19239.0;79008.0
995500;98439.0;19431.0;79008.0
995600;98513.0;19505.0;79008.0
995700;98513.0;19505.0;79008.0
995800;98474.0;19466.0;79008.0
995900;98393.0;19505.0;78888.0
996000;98592.0;19544.0;79048.0
996100;98511.0;19583.0;78928.0
996200;98580.0;19492.0;79088.0
996300;98580.0;19492.0;79088.0
996400;98606.0;19518.0;79088.0
996500;98152.0;19544.0;78608.0
996600;98632.0;19544.0;79088.0
996700;98593.0;19505.0;79088.0
996800;98593.0;19505.0;79088.0
996900;98554.0;19466.0;79088.0
997000;98793.0;19505.0;79288.0
997100;98513.0;19505.0;79008.0
997200;98541.0;19533.0;79008.0
997300;98671.0;19503.0;79168.0
997400;98466.0;19458.0;79008.0
997500;98701.0;19533.0;79168.0
997600;98656.0;19488.0;79168.0
997700;98861.0;19533.0;79328.0
997800;98701.0;19533.0;79168.0
997900;98581.0;19533.0;79048.0
998000;98931.0;19563.0;79368.0
998100;98811.0;19563.0;79248.0
998200;98811.0;19563.0;79248.0
998300;98771.0;19563.0;79208.0
998400;98781.0;19533.0;79248.0
998500;98751.0;19503.0;79248.0
998600;98781.0;19533.0;79248.0
998700;98781.0;19533.0;79248.0
998800;98856.0;19608.0;79248.0
998900;98941.0;19533.0;79408.0
999000;98821.0;19533.0;79288.0
999100;98891.0;19563.0;79328.0
999200;98891.0;19563.0;79328.0
999300;98906.0;19578.0;79328.0
999400;98906.0;19578.0;79328.0
999500;98771.0;19563.0;79208.0
999600;98891.0;19563.0;79328.0
999700;98861.0;19533.0;79328.0
999800;98861.0;19533.0;79328.0
999900;98861.0;19533.0;79328.0
