timestamp;total;ASH_COATED_OSMIUM;INTARIAN_PEPPER_ROOT
0;-67.5;0.0;-67.5
100;-127.0;0.0;-127.0
200;-76.0;0.0;-76.0
300;-153.5;0.0;-153.5
400;-218.5;0.0;-218.5
500;-277.0;0.0;-277.0
600;-211.0;0.0;-211.0
700;-335.5;0.0;-335.5
800;-387.5;0.0;-387.5
900;-543.0;0.0;-543.0
1000;-485.0;0.0;-485.0
1100;-409.0;0.0;-409.0
1200;-409.0;0.0;-409.0
1300;-409.0;0.0;-409.0
1400;-409.0;0.0;-409.0
1500;-409.0;0.0;-409.0
1600;-409.0;0.0;-409.0
1700;-295.0;0.0;-295.0
1800;-295.0;0.0;-295.0
1900;-409.0;0.0;-409.0
2000;-371.0;0.0;-371.0
2100;-333.0;0.0;-333.0
2200;-333.0;0.0;-333.0
2300;-219.0;0.0;-219.0
2400;-333.0;0.0;-333.0
2500;-333.0;0.0;-333.0
2600;-333.0;0.0;-333.0
2700;-713.0;0.0;-713.0
2800;-333.0;0.0;-333.0
2900;47.0;0.0;47.0
3000;-295.0;0.0;-295.0
3100;-257.0;0.0;-257.0
3200;-257.0;0.0;-257.0
3300;-143.0;0.0;-143.0
3400;-257.0;0.0;-257.0
3500;-257.0;0.0;-257.0
3600;-257.0;0.0;-257.0
3700;-143.0;0.0;-143.0
3800;-257.0;0.0;-257.0
3900;-257.0;0.0;-257.0
4000;-219.0;0.0;-219.0
4100;-295.0;0.0;-295.0
4200;-181.0;0.0;-181.0
4300;-67.0;0.0;-67.0
4400;-295.0;0.0;-295.0
4500;-181.0;0.0;-181.0
4600;-181.0;0.0;-181.0
4700;-295.0;0.0;-295.0
4800;-333.0;0.0;-333.0
4900;-181.0;0.0;-181.0
5000;1.0;0.0;1.0
5100;1.0;0.0;1.0
5200;-79.0;0.0;-79.0
5300;-79.0;0.0;-79.0
5400;41.0;0.0;41.0
5500;-79.0;0.0;-79.0
5600;-79.0;0.0;-79.0
5700;-479.0;0.0;-479.0
5800;-479.0;0.0;-479.0
5900;-79.0;0.0;-79.0
6000;-159.0;0.0;-159.0
6100;1.0;0.0;1.0
6200;1.0;0.0;1.0
6300;1.0;0.0;1.0
6400;1.0;0.0;1.0
6500;-119.0;0.0;-119.0
6600;1.0;0.0;1.0
6700;1.0;0.0;1.0
6800;1.0;0.0;1.0
6900;1.0;0.0;1.0
7000;-79.0;0.0;-79.0
7100;81.0;0.0;81.0
7200;81.0;0.0;81.0
7300;81.0;0.0;81.0
7400;81.0;0.0;81.0
7500;201.0;0.0;201.0
7600;68.5;-12.5;81.0
7700;96.0;15.0;81.0
7800;88.5;7.5;81.0
7900;-24.0;15.0;-39.0
8000;-34.0;5.0;-39.0
8100;-29.0;10.0;-39.0
8200;51.0;10.0;41.0
8300;58.5;17.5;41.0
8400;171.0;10.0;161.0
8500;171.0;10.0;161.0
8600;176.0;15.0;161.0
8700;173.5;12.5;161.0
8800;173.5;12.5;161.0
8900;51.0;10.0;41.0
9000;211.0;10.0;201.0
9100;386.0;25.0;361.0
9200;371.0;10.0;361.0
9300;256.0;15.0;241.0
9400;196.0;-45.0;241.0
9500;271.0;30.0;241.0
9600;166.0;45.0;121.0
9700;271.0;30.0;241.0
9800;301.0;60.0;241.0
9900;-99.0;60.0;-159.0
10000;341.0;60.0;281.0
10100;381.0;60.0;321.0
10200;403.5;82.5;321.0
10300;388.5;67.5;321.0
10400;486.0;45.0;441.0
10500;388.5;67.5;321.0
10600;381.0;60.0;321.0
10700;403.5;82.5;321.0
10800;381.0;60.0;321.0
10900;396.0;75.0;321.0
11000;383.5;22.5;361.0
11100;436.0;75.0;361.0
11200;461.0;60.0;401.0
11300;461.0;60.0;401.0
11400;483.5;82.5;401.0
11500;461.0;60.0;401.0
11600;461.0;60.0;401.0
11700;603.5;82.5;521.0
11800;461.0;60.0;401.0
11900;581.0;60.0;521.0
12000;501.0;60.0;441.0
12100;541.0;60.0;481.0
12200;563.5;82.5;481.0
12300;541.0;60.0;481.0
12400;571.0;90.0;481.0
12500;571.0;90.0;481.0
12600;116.0;75.0;41.0
12700;436.0;75.0;361.0
12800;443.5;82.5;361.0
12900;556.0;75.0;481.0
13000;596.0;75.0;521.0
13100;636.0;75.0;561.0
13200;651.0;90.0;561.0
13300;651.0;90.0;561.0
13400;636.0;75.0;561.0
13500;516.0;75.0;441.0
13600;636.0;75.0;561.0
13700;636.0;75.0;561.0
13800;636.0;75.0;561.0
13900;1013.5;52.5;961.0
14000;796.0;75.0;721.0
14100;716.0;75.0;641.0
14200;701.0;60.0;641.0
14300;678.5;37.5;641.0
14400;501.0;60.0;441.0
14500;776.0;15.0;761.0
14600;821.0;60.0;761.0
14700;536.0;15.0;521.0
14800;701.0;60.0;641.0
14900;566.0;45.0;521.0
15000;696.0;15.0;681.0
15100;901.0;60.0;841.0
15200;781.0;60.0;721.0
15300;781.0;60.0;721.0
15400;781.0;60.0;721.0
15500;811.0;90.0;721.0
15600;911.0;70.0;841.0
15700;781.0;60.0;721.0
15800;786.0;65.0;721.0
15900;786.0;65.0;721.0
16000;826.0;65.0;761.0
16100;883.5;82.5;801.0
16200;871.0;70.0;801.0
16300;861.0;60.0;801.0
16400;866.0;65.0;801.0
16500;978.5;57.5;921.0
16600;861.0;60.0;801.0
16700;741.0;60.0;681.0
16800;861.0;60.0;801.0
16900;981.0;60.0;921.0
17000;986.0;65.0;921.0
17100;946.0;65.0;881.0
17200;826.0;65.0;761.0
17300;826.0;65.0;761.0
17400;1071.0;70.0;1001.0
17500;946.0;65.0;881.0
17600;946.0;65.0;881.0
17700;1066.0;65.0;1001.0
17800;831.0;70.0;761.0
17900;946.0;65.0;881.0
18000;1106.0;65.0;1041.0
18100;1153.5;72.5;1081.0
18200;1026.0;65.0;961.0
18300;1021.0;60.0;961.0
18400;1031.0;70.0;961.0
18500;1031.0;70.0;961.0
18600;1151.0;70.0;1081.0
18700;1133.5;52.5;1081.0
18800;1031.0;70.0;961.0
18900;893.5;52.5;841.0
19000;1076.0;75.0;1001.0
19100;1111.0;70.0;1041.0
19200;1106.0;65.0;1041.0
19300;1106.0;65.0;1041.0
19400;1106.0;65.0;1041.0
19500;986.0;65.0;921.0
19600;986.0;65.0;921.0
19700;978.5;57.5;921.0
19800;1068.5;27.5;1041.0
19900;958.0;77.0;881.0
20000;1038.0;77.0;961.0
20100;1318.0;77.0;1241.0
20200;1327.0;86.0;1241.0
20300;1304.5;63.5;1241.0
20400;1189.0;68.0;1121.0
20500;1189.0;68.0;1121.0
20600;1189.0;68.0;1121.0
20700;1180.0;59.0;1121.0
20800;1309.0;68.0;1241.0
20900;1189.0;68.0;1121.0
21000;1238.0;77.0;1161.0
21100;1229.0;68.0;1161.0
21200;1242.0;41.0;1201.0
21300;1278.0;77.0;1201.0
21400;1278.0;77.0;1201.0
21500;1309.5;108.5;1201.0
21600;1278.0;77.0;1201.0
21700;1278.0;77.0;1201.0
21800;1398.0;77.0;1321.0
21900;1398.0;77.0;1321.0
22000;1318.0;77.0;1241.0
22100;1358.0;77.0;1281.0
22200;1353.5;72.5;1281.0
22300;1353.5;72.5;1281.0
22400;1358.0;77.0;1281.0
22500;1358.0;77.0;1281.0
22600;1367.0;86.0;1281.0
22700;1389.5;108.5;1281.0
22800;1349.0;68.0;1281.0
22900;1358.0;77.0;1281.0
23000;1398.0;77.0;1321.0
23100;998.0;77.0;921.0
23200;1393.0;32.0;1361.0
23300;1429.0;68.0;1361.0
23400;1424.5;63.5;1361.0
23500;1438.0;77.0;1361.0
23600;1424.5;63.5;1361.0
23700;1429.0;68.0;1361.0
23800;1429.0;68.0;1361.0
23900;1544.5;63.5;1481.0
24000;1598.0;77.0;1521.0
24100;1398.0;77.0;1321.0
24200;1522.5;81.5;1441.0
24300;1527.0;86.0;1441.0
24400;1437.0;-4.0;1441.0
24500;1554.0;113.0;1441.0
24600;1527.0;86.0;1441.0
24700;1518.0;77.0;1441.0
24800;1425.0;104.0;1321.0
24900;1545.0;104.0;1441.0
25000;1603.0;122.0;1481.0
25100;1625.0;104.0;1521.0
25200;1745.0;104.0;1641.0
25300;1625.0;104.0;1521.0
25400;1625.0;104.0;1521.0
25500;1203.0;122.0;1081.0
25600;1763.0;122.0;1641.0
25700;1625.0;104.0;1521.0
25800;1514.0;113.0;1401.0
25900;1505.0;104.0;1401.0
26000;1563.0;122.0;1441.0
26100;1723.0;122.0;1601.0
26200;1705.0;104.0;1601.0
26300;1825.0;104.0;1721.0
26400;1576.0;95.0;1481.0
26500;2123.0;122.0;2001.0
26600;1843.0;122.0;1721.0
26700;1723.0;122.0;1601.0
26800;1724.0;3.0;1721.0
26900;1841.0;120.0;1721.0
27000;1881.0;120.0;1761.0
27100;1801.0;120.0;1681.0
27200;1801.0;120.0;1681.0
27300;1921.0;120.0;1801.0
27400;1801.0;120.0;1681.0
27500;1801.0;120.0;1681.0
27600;1801.0;120.0;1681.0
27700;1801.0;120.0;1681.0
27800;1801.0;120.0;1681.0
27900;1895.0;94.0;1801.0
28000;1813.0;212.0;1601.0
28100;1863.0;102.0;1761.0
28200;1885.0;124.0;1761.0
28300;1885.0;124.0;1761.0
28400;1732.0;91.0;1641.0
28500;1852.0;91.0;1761.0
28600;1852.0;91.0;1761.0
28700;2067.0;146.0;1921.0
28800;1885.0;124.0;1761.0
28900;1885.0;124.0;1761.0
29000;1958.0;157.0;1801.0
29100;2118.0;157.0;1961.0
29200;2085.0;124.0;1961.0
29300;1965.0;124.0;1841.0
29400;1965.0;124.0;1841.0
29500;1965.0;124.0;1841.0
29600;1987.0;146.0;1841.0
29700;1943.0;102.0;1841.0
29800;1943.0;102.0;1841.0
29900;1965.0;124.0;1841.0
30000;1772.0;91.0;1681.0
30100;2045.0;124.0;1921.0
30200;2045.0;124.0;1921.0
30300;2078.0;157.0;1921.0
30400;2078.0;157.0;1921.0
30500;2012.0;91.0;1921.0
30600;2045.0;124.0;1921.0
30700;2067.0;146.0;1921.0
30800;2045.0;124.0;1921.0
30900;1925.0;124.0;1801.0
31000;2085.0;124.0;1961.0
31100;2103.0;102.0;2001.0
31200;1972.0;91.0;1881.0
31300;2125.0;124.0;2001.0
31400;2125.0;124.0;2001.0
31500;2125.0;124.0;2001.0
31600;2125.0;124.0;2001.0
31700;2005.0;124.0;1881.0
31800;2245.0;124.0;2121.0
31900;2092.0;91.0;2001.0
32000;2012.0;91.0;1921.0
32100;2205.0;124.0;2081.0
32200;2227.0;146.0;2081.0
32300;2216.0;135.0;2081.0
32400;2216.0;135.0;2081.0
32500;2605.0;124.0;2481.0
32600;2205.0;124.0;2081.0
32700;2063.0;102.0;1961.0
32800;2034.0;-47.0;2081.0
32900;2209.0;128.0;2081.0
33000;2249.0;128.0;2121.0
33100;2409.0;128.0;2281.0
33200;2289.0;128.0;2161.0
33300;2649.0;128.0;2521.0
33400;2324.0;163.0;2161.0
33500;2239.0;198.0;2041.0
33600;2199.0;198.0;2001.0
33700;2289.0;128.0;2161.0
33800;2306.5;145.5;2161.0
33900;2324.0;163.0;2161.0
34000;2399.0;198.0;2201.0
34100;2474.0;233.0;2241.0
34200;2404.0;163.0;2241.0
34300;2404.0;163.0;2241.0
34400;2404.0;163.0;2241.0
34500;2404.0;163.0;2241.0
34600;2404.0;163.0;2241.0
34700;2404.0;163.0;2241.0
34800;2284.0;163.0;2121.0
34900;2404.0;163.0;2241.0
35000;2404.0;163.0;2241.0
35100;2449.0;128.0;2321.0
35200;2364.0;163.0;2201.0
35300;2329.0;128.0;2201.0
35400;2466.5;145.5;2321.0
35500;2484.0;163.0;2321.0
35600;2484.0;163.0;2321.0
35700;3004.0;163.0;2841.0
35800;3004.0;163.0;2841.0
35900;2604.0;163.0;2441.0
36000;2524.0;163.0;2361.0
36100;2889.0;128.0;2761.0
36200;2564.0;163.0;2401.0
36300;2564.0;163.0;2401.0
36400;2564.0;163.0;2401.0
36500;2564.0;163.0;2401.0
36600;2529.0;128.0;2401.0
36700;2529.0;128.0;2401.0
36800;2529.0;128.0;2401.0
36900;2529.0;128.0;2401.0
37000;2569.0;128.0;2441.0
37100;2609.0;128.0;2481.0
37200;2556.5;75.5;2481.0
37300;2729.0;128.0;2601.0
37400;2574.0;93.0;2481.0
37500;2609.0;128.0;2481.0
37600;2454.0;93.0;2361.0
37700;2764.0;163.0;2601.0
37800;2795.0;314.0;2481.0
37900;2606.0;125.0;2481.0
38000;2700.0;179.0;2521.0
38100;2540.0;179.0;2361.0
38200;2740.0;179.0;2561.0
38300;2740.0;179.0;2561.0
38400;2259.5;138.5;2121.0
38500;2740.0;179.0;2561.0
38600;2699.5;138.5;2561.0
38700;2593.0;152.0;2441.0
38800;2606.5;165.5;2441.0
38900;2606.5;165.5;2441.0
39000;2633.5;192.5;2441.0
39100;2833.5;192.5;2641.0
39200;2847.0;206.0;2641.0
39300;2820.0;179.0;2641.0
39400;2820.0;179.0;2641.0
39500;2820.0;179.0;2641.0
39600;2820.0;179.0;2641.0
39700;2793.0;152.0;2641.0
39800;2874.0;233.0;2641.0
39900;2847.0;206.0;2641.0
40000;2833.0;152.0;2681.0
40100;2766.5;165.5;2601.0
40200;2927.0;206.0;2721.0
40300;2807.0;206.0;2601.0
40400;3020.0;179.0;2841.0
40500;3020.0;179.0;2841.0
40600;2900.0;179.0;2721.0
40700;2900.0;179.0;2721.0
40800;2900.0;179.0;2721.0
40900;2886.5;165.5;2721.0
41000;2940.0;179.0;2761.0
41100;2939.5;138.5;2801.0
41200;3046.0;125.0;2921.0
41300;2926.0;125.0;2801.0
41400;3100.0;179.0;2921.0
41500;3100.0;179.0;2921.0
41600;2953.0;152.0;2801.0
41700;3473.0;152.0;3321.0
41800;3177.0;256.0;2921.0
41900;2980.0;179.0;2801.0
42000;2820.0;179.0;2641.0
42100;3082.0;201.0;2881.0
42200;2896.0;135.0;2761.0
42300;2940.0;179.0;2761.0
42400;3027.0;146.0;2881.0
42500;3159.0;278.0;2881.0
42600;3038.0;157.0;2881.0
42700;3082.0;201.0;2881.0
42800;3104.0;223.0;2881.0
42900;3213.0;212.0;3001.0
43000;2572.0;91.0;2481.0
43100;3140.0;179.0;2961.0
43200;3173.0;212.0;2961.0
43300;3140.0;179.0;2961.0
43400;3140.0;179.0;2961.0
43500;3140.0;179.0;2961.0
43600;3162.0;201.0;2961.0
43700;3162.0;201.0;2961.0
43800;3042.0;201.0;2841.0
43900;3260.0;179.0;3081.0
44000;3180.0;179.0;3001.0
44100;3220.0;179.0;3041.0
44200;3340.0;179.0;3161.0
44300;3220.0;179.0;3041.0
44400;3220.0;179.0;3041.0
44500;3089.0;168.0;2921.0
44600;3220.0;179.0;3041.0
44700;2700.0;179.0;2521.0
44800;3220.0;179.0;3041.0
44900;3067.0;146.0;2921.0
45000;3347.0;146.0;3201.0
45100;3358.0;157.0;3201.0
45200;3230.0;29.0;3201.0
45300;3290.0;169.0;3121.0
45400;3332.0;211.0;3121.0
45500;3290.0;169.0;3121.0
45600;3248.0;127.0;3121.0
45700;3290.0;169.0;3121.0
45800;3262.0;141.0;3121.0
45900;3170.0;169.0;3001.0
46000;3344.0;183.0;3161.0
46100;3194.0;113.0;3081.0
46200;3370.0;169.0;3201.0
46300;3272.0;71.0;3201.0
46400;3490.0;169.0;3321.0
46500;3464.5;263.5;3201.0
46600;3360.0;159.0;3201.0
46700;3360.0;159.0;3201.0
46800;3360.0;159.0;3201.0
46900;3360.0;159.0;3201.0
47000;3343.0;102.0;3241.0
47100;3626.5;225.5;3401.0
47200;3440.0;159.0;3281.0
47300;3487.5;206.5;3281.0
47400;3320.0;159.0;3161.0
47500;3541.0;140.0;3401.0
47600;3541.0;140.0;3401.0
47700;3541.0;140.0;3401.0
47800;3421.0;140.0;3281.0
47900;3449.5;168.5;3281.0
48000;3461.0;140.0;3321.0
48100;3861.0;140.0;3721.0
48200;3482.0;121.0;3361.0
48300;3501.0;140.0;3361.0
48400;3510.5;149.5;3361.0
48500;3501.0;140.0;3361.0
48600;3501.0;140.0;3361.0
48700;3409.5;168.5;3241.0
48800;3381.0;140.0;3241.0
48900;3520.0;159.0;3361.0
49000;3560.0;159.0;3401.0
49100;3600.0;159.0;3441.0
49200;3600.0;159.0;3441.0
49300;3701.0;140.0;3561.0
49400;3515.0;194.0;3321.0
49500;3600.0;159.0;3441.0
49600;3580.0;139.0;3441.0
49700;3590.0;149.0;3441.0
49800;3600.0;159.0;3441.0
49900;3615.0;174.0;3441.0
50000;3640.0;159.0;3481.0
50100;3800.0;159.0;3641.0
50200;3810.0;169.0;3641.0
50300;3565.0;164.0;3401.0
50400;3800.0;159.0;3641.0
50500;3670.0;149.0;3521.0
50600;3670.0;149.0;3521.0
50700;3670.0;149.0;3521.0
50800;3670.0;149.0;3521.0
50900;3685.0;164.0;3521.0
51000;3695.0;134.0;3561.0
51100;3750.0;149.0;3601.0
51200;3640.0;159.0;3481.0
51300;3640.0;159.0;3481.0
51400;3670.0;189.0;3481.0
51500;3770.0;169.0;3601.0
51600;3760.0;159.0;3601.0
51700;3870.0;149.0;3721.0
51800;3770.0;169.0;3601.0
51900;3625.0;144.0;3481.0
52000;3640.0;159.0;3481.0
52100;3850.0;169.0;3681.0
52200;3840.0;159.0;3681.0
52300;3950.0;149.0;3801.0
52400;3830.0;149.0;3681.0
52500;3830.0;149.0;3681.0
52600;4230.0;149.0;4081.0
52700;3830.0;149.0;3681.0
52800;3820.0;139.0;3681.0
52900;3820.0;139.0;3681.0
53000;3740.0;139.0;3601.0
53100;3910.0;149.0;3761.0
53200;4260.0;139.0;4121.0
53300;3790.0;149.0;3641.0
53400;4030.0;149.0;3881.0
53500;3895.0;134.0;3761.0
53600;3470.0;149.0;3321.0
53700;3920.0;159.0;3761.0
53800;3835.0;74.0;3761.0
53900;4036.0;155.0;3881.0
54000;4076.0;155.0;3921.0
54100;4049.0;128.0;3921.0
54200;4116.0;155.0;3961.0
54300;3858.0;137.0;3721.0
54400;3978.0;137.0;3841.0
54500;3978.0;137.0;3841.0
54600;3978.0;137.0;3841.0
54700;4005.0;164.0;3841.0
54800;3858.0;137.0;3721.0
54900;3978.0;137.0;3841.0
55000;4018.0;137.0;3881.0
55100;4085.0;164.0;3921.0
55200;4049.0;128.0;3921.0
55300;4058.0;137.0;3921.0
55400;3911.0;110.0;3801.0
55500;4058.0;137.0;3921.0
55600;4058.0;137.0;3921.0
55700;4218.0;137.0;4081.0
55800;4058.0;137.0;3921.0
55900;4031.0;110.0;3921.0
56000;4098.0;137.0;3961.0
56100;4018.0;137.0;3881.0
56200;4138.0;137.0;4001.0
56300;4258.0;137.0;4121.0
56400;4075.0;74.0;4001.0
56500;4066.0;65.0;4001.0
56600;4138.0;137.0;4001.0
56700;4156.0;155.0;4001.0
56800;4138.0;137.0;4001.0
56900;4036.0;155.0;3881.0
57000;4196.0;155.0;4041.0
57100;4178.0;137.0;4041.0
57200;4236.0;155.0;4081.0
57300;4173.0;92.0;4081.0
57400;4245.0;164.0;4081.0
57500;4378.0;137.0;4241.0
57600;4360.0;119.0;4241.0
57700;4182.0;101.0;4081.0
57800;4062.0;101.0;3961.0
57900;4062.0;101.0;3961.0
58000;4240.0;119.0;4121.0
58100;4280.0;119.0;4161.0
58200;4307.0;146.0;4161.0
58300;4280.0;119.0;4161.0
58400;4280.0;119.0;4161.0
58500;4280.0;119.0;4161.0
58600;4400.0;119.0;4281.0
58700;4280.0;119.0;4161.0
58800;4280.0;119.0;4161.0
58900;4280.0;119.0;4161.0
59000;4280.0;119.0;4161.0
59100;4369.0;128.0;4241.0
59200;4423.0;182.0;4241.0
59300;4333.0;92.0;4241.0
59400;4342.0;101.0;4241.0
59500;4342.0;101.0;4241.0
59600;4333.0;92.0;4241.0
59700;4128.0;47.0;4081.0
59800;4315.0;74.0;4241.0
59900;4315.0;74.0;4241.0
60000;4400.0;119.0;4281.0
60100;4440.0;119.0;4321.0
60200;4320.0;119.0;4201.0
60300;4278.0;-43.0;4321.0
60400;4467.0;146.0;4321.0
60500;4467.0;146.0;4321.0
60600;4467.0;146.0;4321.0
60700;4494.0;173.0;4321.0
60800;4546.5;105.5;4441.0
60900;4347.0;146.0;4201.0
61000;4561.0;200.0;4361.0
61100;4601.0;200.0;4401.0
61200;4601.0;200.0;4401.0
61300;4628.0;227.0;4401.0
61400;4628.0;227.0;4401.0
61500;4748.0;227.0;4521.0
61600;4601.0;200.0;4401.0
61700;4601.0;200.0;4401.0
61800;4601.0;200.0;4401.0
61900;4761.0;200.0;4561.0
62000;4521.0;200.0;4321.0
62100;4681.0;200.0;4481.0
62200;4694.5;213.5;4481.0
62300;4801.0;200.0;4601.0
62400;4681.0;200.0;4481.0
62500;4654.0;173.0;4481.0
62600;4708.0;227.0;4481.0
62700;4681.0;200.0;4481.0
62800;4561.0;200.0;4361.0
62900;4640.5;159.5;4481.0
63000;4680.5;159.5;4521.0
63100;4734.0;173.0;4561.0
63200;4774.5;213.5;4561.0
63300;4614.0;173.0;4441.0
63400;4707.0;146.0;4561.0
63500;4587.0;146.0;4441.0
63600;4854.0;173.0;4681.0
63700;4761.0;200.0;4561.0
63800;4761.0;200.0;4561.0
63900;4734.0;173.0;4561.0
64000;4814.5;213.5;4601.0
64100;4774.0;173.0;4601.0
64200;4814.0;173.0;4641.0
64300;4374.0;173.0;4201.0
64400;4934.0;173.0;4761.0
64500;4694.0;173.0;4521.0
64600;4854.5;213.5;4641.0
64700;4814.0;173.0;4641.0
64800;4841.0;200.0;4641.0
64900;4814.0;173.0;4641.0
65000;4974.0;173.0;4801.0
65100;4867.0;146.0;4721.0
65200;4867.0;146.0;4721.0
65300;4853.5;132.5;4721.0
65400;4894.0;173.0;4721.0
65500;4752.5;31.5;4721.0
65600;4945.0;224.0;4721.0
65700;4910.0;189.0;4721.0
65800;4945.0;224.0;4721.0
65900;4945.0;224.0;4721.0
66000;5105.0;224.0;4881.0
66100;5145.0;224.0;4921.0
66200;5180.0;259.0;4921.0
66300;5025.0;224.0;4801.0
66400;5025.0;224.0;4801.0
66500;5025.0;224.0;4801.0
66600;5025.0;224.0;4801.0
66700;4972.5;171.5;4801.0
66800;4972.5;171.5;4801.0
66900;5025.0;224.0;4801.0
67000;5100.0;259.0;4841.0
67100;4985.0;224.0;4761.0
67200;5105.0;224.0;4881.0
67300;5070.0;189.0;4881.0
67400;5225.0;224.0;5001.0
67500;5157.5;276.5;4881.0
67600;5505.0;224.0;5281.0
67700;5070.0;189.0;4881.0
67800;5105.0;224.0;4881.0
67900;5105.0;224.0;4881.0
68000;5105.0;224.0;4881.0
68100;5305.0;224.0;5081.0
68200;5185.0;224.0;4961.0
68300;5167.5;206.5;4961.0
68400;5185.0;224.0;4961.0
68500;5305.0;224.0;5081.0
68600;5185.0;224.0;4961.0
68700;5305.0;224.0;5081.0
68800;5045.0;84.0;4961.0
68900;5030.0;189.0;4841.0
69000;5225.0;224.0;5001.0
69100;5145.0;224.0;4921.0
69200;5265.0;224.0;5041.0
69300;5230.0;189.0;5041.0
69400;5300.0;259.0;5041.0
69500;5265.0;224.0;5041.0
69600;5247.5;206.5;5041.0
69700;5247.5;206.5;5041.0
69800;5317.5;276.5;5041.0
69900;5385.0;224.0;5161.0
70000;4882.5;241.5;4641.0
70100;5345.0;224.0;5121.0
70200;5242.5;241.5;5001.0
70300;5277.5;276.5;5001.0
70400;5745.0;224.0;5521.0
70500;5465.0;224.0;5241.0
70600;5397.5;276.5;5121.0
70700;5380.0;259.0;5121.0
70800;5345.0;224.0;5121.0
70900;5190.0;189.0;5001.0
71000;5260.0;259.0;5001.0
71100;5207.5;206.5;5001.0
71200;5405.0;84.0;5321.0
71300;5597.5;276.5;5321.0
71400;5460.0;259.0;5201.0
71500;4985.0;224.0;4761.0
71600;5545.0;224.0;5321.0
71700;5580.0;259.0;5321.0
71800;5615.0;294.0;5321.0
71900;5495.0;294.0;5201.0
72000;5535.0;294.0;5241.0
72100;5552.5;311.5;5241.0
72200;5455.0;294.0;5161.0
72300;5370.0;89.0;5281.0
72400;5662.5;381.5;5281.0
72500;5640.0;359.0;5281.0
72600;5685.0;404.0;5281.0
72700;5685.0;404.0;5281.0
72800;5392.5;111.5;5281.0
72900;5640.0;359.0;5281.0
73000;5560.0;359.0;5201.0
73100;5765.0;404.0;5361.0
73200;5280.0;359.0;4921.0
73300;5720.0;359.0;5361.0
73400;5877.5;516.5;5361.0
73500;5765.0;404.0;5361.0
73600;5765.0;404.0;5361.0
73700;5810.0;449.0;5361.0
73800;5810.0;449.0;5361.0
73900;5652.5;291.5;5361.0
74000;5602.5;201.5;5401.0
74100;5845.0;404.0;5441.0
74200;6010.0;449.0;5561.0
74300;5890.0;449.0;5441.0
74400;5770.0;449.0;5321.0
74500;5935.0;494.0;5441.0
74600;5890.0;449.0;5441.0
74700;5890.0;449.0;5441.0
74800;5890.0;449.0;5441.0
74900;5770.0;449.0;5321.0
75000;6050.0;449.0;5601.0
75100;5850.0;449.0;5401.0
75200;5970.0;449.0;5521.0
75300;5970.0;449.0;5521.0
75400;5917.5;516.5;5401.0
75500;5925.0;404.0;5521.0
75600;5850.0;449.0;5401.0
75700;5925.0;404.0;5521.0
75800;5925.0;404.0;5521.0
75900;5925.0;404.0;5521.0
76000;6125.0;404.0;5721.0
76100;5885.0;404.0;5481.0
76200;5885.0;404.0;5481.0
76300;6005.0;404.0;5601.0
76400;6192.5;471.5;5721.0
76500;6207.5;606.5;5601.0
76600;6050.0;449.0;5601.0
76700;6427.5;426.5;6001.0
76800;6140.0;539.0;5601.0
76900;6140.0;539.0;5601.0
77000;6210.0;449.0;5761.0
77100;6250.0;449.0;5801.0
77200;6152.5;471.5;5681.0
77300;6175.0;494.0;5681.0
77400;6175.0;494.0;5681.0
77500;6175.0;494.0;5681.0
77600;6175.0;494.0;5681.0
77700;6295.0;494.0;5801.0
77800;5927.5;246.5;5681.0
77900;6175.0;494.0;5681.0
78000;6290.0;449.0;5841.0
78100;6142.5;381.5;5761.0
78200;6045.0;404.0;5641.0
78300;6210.0;449.0;5761.0
78400;6210.0;449.0;5761.0
78500;6142.5;381.5;5761.0
78600;6210.0;449.0;5761.0
78700;6165.0;404.0;5761.0
78800;6165.0;404.0;5761.0
78900;6142.5;381.5;5761.0
79000;6385.0;584.0;5801.0
79100;6290.0;449.0;5841.0
79200;6290.0;449.0;5841.0
79300;6147.5;426.5;5721.0
79400;6290.0;449.0;5841.0
79500;6245.0;404.0;5841.0
79600;6222.5;381.5;5841.0
79700;6290.0;449.0;5841.0
79800;6290.0;449.0;5841.0
79900;6410.0;449.0;5961.0
80000;6330.0;449.0;5881.0
80100;6490.0;449.0;6041.0
80200;6302.5;381.5;5921.0
80300;6250.0;449.0;5801.0
80400;5980.0;179.0;5801.0
80500;6325.0;404.0;5921.0
80600;6437.5;516.5;5921.0
80700;6370.0;449.0;5921.0
80800;6347.5;426.5;5921.0
80900;6205.0;404.0;5801.0
81000;6365.0;404.0;5961.0
81100;6337.5;336.5;6001.0
81200;6307.5;426.5;5881.0
81300;6240.0;359.0;5881.0
81400;6240.0;359.0;5881.0
81500;6360.0;359.0;6001.0
81600;6292.5;291.5;6001.0
81700;6270.0;269.0;6001.0
81800;6315.0;314.0;6001.0
81900;6315.0;314.0;6001.0
82000;6355.0;314.0;6041.0
82100;6355.0;314.0;6041.0
82200;6305.0;224.0;6081.0
82300;6395.0;314.0;6081.0
82400;6447.5;246.5;6201.0
82500;6327.5;246.5;6081.0
82600;6395.0;314.0;6081.0
82700;6350.0;269.0;6081.0
82800;6350.0;269.0;6081.0
82900;6305.0;224.0;6081.0
83000;6390.0;269.0;6121.0
83100;6430.0;269.0;6161.0
83200;6340.0;179.0;6161.0
83300;6340.0;179.0;6161.0
83400;6340.0;179.0;6161.0
83500;6505.0;224.0;6281.0
83600;6520.0;359.0;6161.0
83700;6317.5;156.5;6161.0
83800;6430.0;269.0;6161.0
83900;6220.0;179.0;6041.0
84000;6260.0;179.0;6081.0
84100;6585.0;224.0;6361.0
84200;6465.0;224.0;6241.0
84300;6465.0;224.0;6241.0
84400;7000.0;359.0;6641.0
84500;6465.0;224.0;6241.0
84600;6465.0;224.0;6241.0
84700;6585.0;224.0;6361.0
84800;6865.0;224.0;6641.0
84900;6465.0;224.0;6241.0
85000;6625.0;224.0;6401.0
85100;6545.0;224.0;6321.0
85200;6545.0;224.0;6321.0
85300;6477.5;156.5;6321.0
85400;6380.0;179.0;6201.0
85500;6900.0;179.0;6721.0
85600;6500.0;179.0;6321.0
85700;6320.0;-1.0;6321.0
85800;6500.0;179.0;6321.0
85900;6357.5;156.5;6201.0
86000;6540.0;179.0;6361.0
86100;6505.0;224.0;6281.0
86200;6505.0;224.0;6281.0
86300;6812.5;291.5;6521.0
86400;6670.0;269.0;6401.0
86500;6550.0;269.0;6281.0
86600;6670.0;269.0;6401.0
86700;6715.0;314.0;6401.0
86800;6595.0;314.0;6281.0
86900;6550.0;269.0;6281.0
87000;6710.0;269.0;6441.0
87100;6727.5;246.5;6481.0
87200;6795.0;314.0;6481.0
87300;6750.0;269.0;6481.0
87400;6937.5;336.5;6601.0
87500;6750.0;269.0;6481.0
87600;6750.0;269.0;6481.0
87700;6870.0;269.0;6601.0
87800;6980.0;499.0;6481.0
87900;6840.0;359.0;6481.0
88000;6760.0;359.0;6401.0
88100;6920.0;359.0;6561.0
88200;6920.0;359.0;6561.0
88300;7000.0;439.0;6561.0
88400;7000.0;439.0;6561.0
88500;6960.0;399.0;6561.0
88600;6960.0;399.0;6561.0
88700;6840.0;399.0;6441.0
88800;6960.0;399.0;6561.0
88900;7000.0;439.0;6561.0
89000;6880.0;279.0;6601.0
89100;7040.0;399.0;6641.0
89200;7040.0;399.0;6641.0
89300;6940.0;299.0;6641.0
89400;7140.0;499.0;6641.0
89500;7080.0;439.0;6641.0
89600;7080.0;439.0;6641.0
89700;7388.5;627.5;6761.0
89800;7098.0;457.0;6641.0
89900;7098.0;457.0;6641.0
90000;7169.0;488.0;6681.0
90100;7178.0;457.0;6721.0
90200;7209.0;488.0;6721.0
90300;7209.0;488.0;6721.0
90400;7178.0;457.0;6721.0
90500;7178.0;457.0;6721.0
90600;7298.0;457.0;6841.0
90700;7209.0;488.0;6721.0
90800;7255.5;534.5;6721.0
90900;7209.0;488.0;6721.0
91000;7187.0;426.0;6761.0
91100;7397.5;596.5;6801.0
91200;7304.5;503.5;6801.0
91300;7258.0;457.0;6801.0
91400;7138.0;457.0;6681.0
91500;7138.0;457.0;6681.0
91600;7378.0;457.0;6921.0
91700;6858.0;457.0;6401.0
91800;7258.0;457.0;6801.0
91900;7289.0;488.0;6801.0
92000;7329.0;488.0;6841.0
92100;7264.5;503.5;6761.0
92200;7338.0;457.0;6881.0
92300;7504.5;503.5;7001.0
92400;7233.5;472.5;6761.0
92500;7338.0;457.0;6881.0
92600;7338.0;457.0;6881.0
92700;7338.0;457.0;6881.0
92800;7187.0;426.0;6761.0
92900;7307.0;426.0;6881.0
93000;7509.0;588.0;6921.0
93100;7434.0;473.0;6961.0
93200;7503.0;542.0;6961.0
93300;7554.0;473.0;7081.0
93400;7434.0;473.0;6961.0
93500;7411.0;450.0;6961.0
93600;7411.0;450.0;6961.0
93700;7531.0;450.0;7081.0
93800;7411.0;450.0;6961.0
93900;7411.0;450.0;6961.0
94000;7474.0;473.0;7001.0
94100;7497.0;496.0;7001.0
94200;7514.0;473.0;7041.0
94300;7394.0;473.0;6921.0
94400;7491.0;450.0;7041.0
94500;7491.0;450.0;7041.0
94600;7611.0;450.0;7161.0
94700;7456.5;415.5;7041.0
94800;7491.0;450.0;7041.0
94900;7456.5;415.5;7041.0
95000;7531.0;450.0;7081.0
95100;7571.0;450.0;7121.0
95200;7536.5;415.5;7121.0
95300;7548.0;427.0;7121.0
95400;7525.0;404.0;7121.0
95500;7405.0;404.0;7001.0
95600;7416.5;415.5;7001.0
95700;7571.0;450.0;7121.0
95800;7582.5;461.5;7121.0
95900;7668.0;427.0;7241.0
96000;7679.5;438.5;7241.0
96100;7485.0;404.0;7081.0
96200;7628.0;427.0;7201.0
96300;7697.0;496.0;7201.0
96400;7628.0;427.0;7201.0
96500;7605.0;404.0;7201.0
96600;7605.0;404.0;7201.0
96700;7748.0;427.0;7321.0
96800;7651.0;450.0;7201.0
96900;7605.0;404.0;7201.0
97000;7622.0;381.0;7241.0
97100;7708.0;427.0;7281.0
97200;8091.0;450.0;7641.0
97300;7639.0;358.0;7281.0
97400;7245.0;404.0;6841.0
97500;7708.0;427.0;7281.0
97600;7708.0;427.0;7281.0
97700;7588.0;427.0;7161.0
97800;7828.0;427.0;7401.0
97900;7720.0;439.0;7281.0
98000;7760.0;439.0;7321.0
98100;7663.0;422.0;7241.0
98200;7825.5;464.5;7361.0
98300;7800.0;439.0;7361.0
98400;7791.5;430.5;7361.0
98500;7817.0;456.0;7361.0
98600;7817.0;456.0;7361.0
98700;7699.0;338.0;7361.0
98800;7835.5;474.5;7361.0
98900;7825.0;464.0;7361.0
99000;7766.0;485.0;7281.0
99100;7852.5;411.5;7441.0
99200;8046.0;485.0;7561.0
99300;7915.5;474.5;7441.0
99400;7905.0;464.0;7441.0
99500;7947.0;506.0;7441.0
99600;7947.0;506.0;7441.0
99700;7827.0;506.0;7321.0
99800;7947.0;506.0;7441.0
99900;7947.0;506.0;7441.0
100000;7846.0;485.0;7361.0
100100;8042.0;401.0;7641.0
100200;7802.0;401.0;7401.0
100300;7985.0;464.0;7521.0
100400;8048.0;527.0;7521.0
100500;8027.0;506.0;7521.0
100600;8027.0;506.0;7521.0
100700;8027.0;506.0;7521.0
100800;8178.5;537.5;7641.0
100900;8027.0;506.0;7521.0
101000;8088.0;527.0;7561.0
101100;8248.0;527.0;7721.0
101200;8216.5;495.5;7721.0
101300;8149.0;548.0;7601.0
101400;8149.0;548.0;7601.0
101500;8128.0;527.0;7601.0
101600;8107.0;506.0;7601.0
101700;8128.0;527.0;7601.0
101800;8159.5;558.5;7601.0
101900;8128.0;527.0;7601.0
102000;8168.0;527.0;7641.0
102100;8187.0;506.0;7681.0
102200;8004.0;443.0;7561.0
102300;8067.0;506.0;7561.0
102400;8187.0;506.0;7681.0
102500;8187.0;506.0;7681.0
102600;8359.5;558.5;7801.0
102700;8359.5;558.5;7801.0
102800;8046.0;485.0;7561.0
102900;8145.0;464.0;7681.0
103000;8206.0;485.0;7721.0
103100;8267.0;506.0;7761.0
103200;8267.0;506.0;7761.0
103300;8225.0;464.0;7761.0
103400;8246.0;485.0;7761.0
103500;7827.0;506.0;7321.0
103600;8246.0;485.0;7761.0
103700;8309.0;548.0;7761.0
103800;8255.0;494.0;7761.0
103900;8255.0;494.0;7761.0
104000;8283.0;482.0;7801.0
104100;8365.0;524.0;7841.0
104200;8365.0;524.0;7841.0
104300;8365.0;524.0;7841.0
104400;8335.0;494.0;7841.0
104500;8335.0;494.0;7841.0
104600;8317.0;476.0;7841.0
104700;8335.0;494.0;7841.0
104800;8365.0;524.0;7841.0
104900;8323.0;482.0;7841.0
105000;8375.0;494.0;7881.0
105100;8415.0;494.0;7921.0
105200;8415.0;494.0;7921.0
105300;8403.0;482.0;7921.0
105400;8283.0;482.0;7801.0
105500;8307.0;506.0;7801.0
105600;8547.0;506.0;8041.0
105700;8427.0;506.0;7921.0
105800;8295.0;494.0;7801.0
105900;8433.0;512.0;7921.0
106000;8467.0;506.0;7961.0
106100;8443.0;482.0;7961.0
106200;8615.0;494.0;8121.0
106300;8495.0;494.0;8001.0
106400;8495.0;494.0;8001.0
106500;8495.0;494.0;8001.0
106600;8375.0;494.0;7881.0
106700;8655.0;494.0;8161.0
106800;8495.0;494.0;8001.0
106900;8483.0;482.0;8001.0
107000;8535.0;494.0;8041.0
107100;8707.0;506.0;8201.0
107200;8587.0;506.0;8081.0
107300;8593.0;512.0;8081.0
107400;8707.0;506.0;8201.0
107500;8587.0;506.0;8081.0
107600;8569.0;488.0;8081.0
107700;8467.0;506.0;7961.0
107800;8605.0;524.0;8081.0
107900;8707.0;506.0;8201.0
108000;8695.0;494.0;8201.0
108100;8685.0;524.0;8161.0
108200;8679.0;518.0;8161.0
108300;8673.0;512.0;8161.0
108400;8679.0;518.0;8161.0
108500;8661.0;500.0;8161.0
108600;8679.0;518.0;8161.0
108700;8679.0;518.0;8161.0
108800;9085.0;524.0;8561.0
108900;8667.0;506.0;8161.0
109000;8827.0;506.0;8321.0
109100;8765.0;524.0;8241.0
109200;8747.0;506.0;8241.0
109300;8747.0;506.0;8241.0
109400;8765.0;524.0;8241.0
109500;8747.0;506.0;8241.0
109600;8735.0;494.0;8241.0
109700;8699.0;458.0;8241.0
109800;9147.0;506.0;8641.0
109900;8729.0;488.0;8241.0
110000;8787.0;506.0;8281.0
110100;8827.0;506.0;8321.0
110200;8833.0;512.0;8321.0
110300;8815.0;494.0;8321.0
110400;8827.0;506.0;8321.0
110500;8815.0;494.0;8321.0
110600;8815.0;494.0;8321.0
110700;8815.0;494.0;8321.0
110800;8815.0;494.0;8321.0
110900;8803.0;482.0;8321.0
111000;8855.0;494.0;8361.0
111100;8883.0;482.0;8401.0
111200;8907.0;506.0;8401.0
111300;8907.0;506.0;8401.0
111400;8775.0;494.0;8281.0
111500;8775.0;494.0;8281.0
111600;8763.0;482.0;8281.0
111700;8883.0;482.0;8401.0
111800;8775.0;494.0;8281.0
111900;8775.0;494.0;8281.0
112000;8935.0;494.0;8441.0
112100;8917.0;476.0;8441.0
112200;8855.0;494.0;8361.0
112300;8933.0;452.0;8481.0
112400;8987.0;506.0;8481.0
112500;8939.0;458.0;8481.0
112600;8993.0;512.0;8481.0
112700;8939.0;458.0;8481.0
112800;8975.0;494.0;8481.0
112900;8855.0;494.0;8361.0
113000;9009.0;488.0;8521.0
113100;9175.0;494.0;8681.0
113200;9055.0;494.0;8561.0
113300;9055.0;494.0;8561.0
113400;9055.0;494.0;8561.0
113500;9187.0;506.0;8681.0
113600;9175.0;494.0;8681.0
113700;9067.0;506.0;8561.0
113800;9055.0;494.0;8561.0
113900;9067.0;506.0;8561.0
114000;9107.0;506.0;8601.0
114100;9165.0;524.0;8641.0
114200;9147.0;506.0;8641.0
114300;9123.0;482.0;8641.0
114400;9135.0;494.0;8641.0
114500;9135.0;494.0;8641.0
114600;9135.0;494.0;8641.0
114700;9147.0;506.0;8641.0
114800;9147.0;506.0;8641.0
114900;9135.0;494.0;8641.0
115000;9157.0;476.0;8681.0
115100;9157.0;476.0;8681.0
115200;9215.0;494.0;8721.0
115300;9215.0;494.0;8721.0
115400;9215.0;494.0;8721.0
115500;9335.0;494.0;8841.0
115600;9179.0;458.0;8721.0
115700;9233.0;512.0;8721.0
115800;9347.0;506.0;8841.0
115900;9365.0;524.0;8841.0
116000;9255.0;494.0;8761.0
116100;9295.0;494.0;8801.0
116200;9331.0;530.0;8801.0
116300;9307.0;506.0;8801.0
116400;9319.0;518.0;8801.0
116500;9421.0;500.0;8921.0
116600;9319.0;518.0;8801.0
116700;9307.0;506.0;8801.0
116800;9199.0;518.0;8681.0
116900;9295.0;494.0;8801.0
117000;9347.0;506.0;8841.0
117100;9405.0;524.0;8881.0
117200;9399.0;518.0;8881.0
117300;9501.0;500.0;9001.0
117400;9399.0;518.0;8881.0
117500;9399.0;518.0;8881.0
117600;9555.0;554.0;9001.0
117700;9411.0;530.0;8881.0
117800;9399.0;518.0;8881.0
117900;9399.0;518.0;8881.0
118000;9439.0;518.0;8921.0
118100;9827.0;506.0;9321.0
118200;9467.0;506.0;8961.0
118300;9467.0;506.0;8961.0
118400;9467.0;506.0;8961.0
118500;9467.0;506.0;8961.0
118600;9467.0;506.0;8961.0
118700;9587.0;506.0;9081.0
118800;9449.0;488.0;8961.0
118900;9347.0;506.0;8841.0
119000;9507.0;506.0;9001.0
119100;9547.0;506.0;9041.0
119200;9559.0;518.0;9041.0
119300;9427.0;506.0;8921.0
119400;9547.0;506.0;9041.0
119500;9667.0;506.0;9161.0
119600;9547.0;506.0;9041.0
119700;9559.0;518.0;9041.0
119800;9577.0;536.0;9041.0
119900;9571.0;530.0;9041.0
120000;9487.0;406.0;9081.0
120100;9714.0;593.0;9121.0
120200;9681.0;560.0;9121.0
120300;9451.0;450.0;9001.0
120400;9801.0;560.0;9241.0
120500;9561.0;560.0;9001.0
120600;9681.0;560.0;9121.0
120700;9659.0;538.0;9121.0
120800;9659.0;538.0;9121.0
120900;9659.0;538.0;9121.0
121000;9699.0;538.0;9161.0
121100;9451.0;450.0;9001.0
121200;9597.0;516.0;9081.0
121300;9717.0;516.0;9201.0
121400;9597.0;516.0;9081.0
121500;9932.0;611.0;9321.0
121600;9727.0;526.0;9201.0
121700;9752.5;551.5;9201.0
121800;9744.0;543.0;9201.0
121900;9744.0;543.0;9201.0
122000;9718.5;517.5;9201.0
122100;9824.0;543.0;9281.0
122200;9807.0;526.0;9281.0
122300;9824.0;543.0;9281.0
122400;9824.0;543.0;9281.0
122500;9807.0;526.0;9281.0
122600;9691.0;410.0;9281.0
122700;9808.0;527.0;9281.0
122800;9782.0;501.0;9281.0
122900;9808.0;527.0;9281.0
123000;9848.0;527.0;9321.0
123100;9888.0;527.0;9361.0
123200;10008.0;527.0;9481.0
123300;10008.0;527.0;9481.0
123400;9888.0;527.0;9361.0
123500;9940.0;579.0;9361.0
123600;9914.0;553.0;9361.0
123700;10034.0;553.0;9481.0
123800;10008.0;527.0;9481.0
123900;9888.0;527.0;9361.0
124000;9954.0;553.0;9401.0
124100;9994.0;553.0;9441.0
124200;10114.0;553.0;9561.0
124300;9994.0;553.0;9441.0
124400;9994.0;553.0;9441.0
124500;9942.0;501.0;9441.0
124600;9968.0;527.0;9441.0
124700;9848.0;527.0;9321.0
124800;9955.0;514.0;9441.0
124900;10088.0;527.0;9561.0
125000;9834.0;553.0;9281.0
125100;10194.0;553.0;9641.0
125200;10074.0;553.0;9521.0
125300;9970.0;449.0;9521.0
125400;10048.0;527.0;9521.0
125500;10207.0;566.0;9641.0
125600;10074.0;553.0;9521.0
125700;9928.0;527.0;9401.0
125800;9928.0;527.0;9401.0
125900;10048.0;527.0;9521.0
126000;10260.0;579.0;9681.0
126100;10063.0;462.0;9601.0
126200;10063.0;462.0;9601.0
126300;10063.0;462.0;9601.0
126400;10102.0;501.0;9601.0
126500;10102.0;501.0;9601.0
126600;9982.0;501.0;9481.0
126700;10248.0;527.0;9721.0
126800;9946.5;345.5;9601.0
126900;10117.0;516.0;9601.0
127000;10037.0;516.0;9521.0
127100;10197.0;516.0;9681.0
127200;10317.0;516.0;9801.0
127300;10181.5;500.5;9681.0
127400;10092.5;531.5;9561.0
127500;10002.0;321.0;9681.0
127600;10248.0;567.0;9681.0
127700;10128.0;567.0;9561.0
127800;10268.5;587.5;9681.0
127900;10248.0;567.0;9681.0
128000;10288.0;567.0;9721.0
128100;10349.5;628.5;9721.0
128200;10288.0;567.0;9721.0
128300;10328.0;567.0;9761.0
128400;10287.0;526.0;9761.0
128500;10328.0;567.0;9761.0
128600;10328.0;567.0;9761.0
128700;10328.0;567.0;9761.0
128800;10328.0;567.0;9761.0
128900;10448.0;567.0;9881.0
129000;10488.0;567.0;9921.0
129100;10367.0;526.0;9841.0
129200;10510.5;669.5;9841.0
129300;10428.5;587.5;9841.0
129400;10367.0;526.0;9841.0
129500;10349.5;628.5;9721.0
129600;9845.0;444.0;9401.0
129700;10367.0;526.0;9841.0
129800;10326.0;485.0;9841.0
129900;10504.0;663.0;9841.0
130000;10344.0;503.0;9841.0
130100;10816.0;535.0;10281.0
130200;10576.0;535.0;10041.0
130300;9928.0;567.0;9361.0
130400;9864.0;503.0;9361.0
130500;10456.0;535.0;9921.0
130600;10440.0;519.0;9921.0
130700;10392.0;471.0;9921.0
130800;10288.0;487.0;9801.0
130900;10424.0;503.0;9921.0
131000;10264.0;503.0;9761.0
131100;10536.0;535.0;10001.0
131200;10504.0;503.0;10001.0
131300;10504.0;503.0;10001.0
131400;10536.0;535.0;10001.0
131500;10520.0;519.0;10001.0
131600;10504.0;503.0;10001.0
131700;10416.0;535.0;9881.0
131800;10432.0;551.0;9881.0
131900;10688.0;567.0;10121.0
132000;10560.0;519.0;10041.0
132100;10584.0;503.0;10081.0
132200;10632.0;551.0;10081.0
132300;10704.0;503.0;10201.0
132400;10460.0;259.0;10201.0
132500;10525.0;444.0;10081.0
132600;10442.0;481.0;9961.0
132700;10525.0;444.0;10081.0
132800;10599.0;518.0;10081.0
132900;10562.0;481.0;10081.0
133000;10983.5;462.5;10521.0
133100;10642.0;481.0;10161.0
133200;10762.0;481.0;10281.0
133300;10642.0;481.0;10161.0
133400;10642.0;481.0;10161.0
133500;10679.0;518.0;10161.0
133600;10716.0;555.0;10161.0
133700;10679.0;518.0;10161.0
133800;10660.5;499.5;10161.0
133900;10494.0;333.0;10161.0
134000;10663.5;462.5;10201.0
134100;10777.5;536.5;10241.0
134200;10685.0;444.0;10241.0
134300;10722.0;481.0;10241.0
134400;10759.0;518.0;10241.0
134500;10759.0;518.0;10241.0
134600;10879.0;518.0;10361.0
134700;10814.5;573.5;10241.0
134800;10759.0;518.0;10241.0
134900;10759.0;518.0;10241.0
135000;10799.0;518.0;10281.0
135100;10839.0;518.0;10321.0
135200;10959.0;518.0;10441.0
135300;10839.0;518.0;10321.0
135400;10857.5;536.5;10321.0
135500;11276.0;555.0;10721.0
135600;10728.0;407.0;10321.0
135700;10894.5;573.5;10321.0
135800;10756.0;555.0;10201.0
135900;10756.0;555.0;10201.0
136000;10916.0;555.0;10361.0
136100;10956.0;555.0;10401.0
136200;10956.0;555.0;10401.0
136300;10836.0;555.0;10281.0
136400;10817.5;536.5;10281.0
136500;11048.5;647.5;10401.0
136600;10900.5;499.5;10401.0
136700;10956.0;555.0;10401.0
136800;10956.0;555.0;10401.0
136900;10882.0;481.0;10401.0
137000;10996.0;555.0;10441.0
137100;10999.0;518.0;10481.0
137200;11156.0;555.0;10601.0
137300;11036.0;555.0;10481.0
137400;11036.0;555.0;10481.0
137500;11036.0;555.0;10481.0
137600;10916.0;555.0;10361.0
137700;11211.5;610.5;10601.0
137800;11036.0;555.0;10481.0
137900;10980.5;499.5;10481.0
138000;11094.5;573.5;10521.0
138100;11116.0;555.0;10561.0
138200;11116.0;555.0;10561.0
138300;10959.0;518.0;10441.0
138400;11116.0;555.0;10561.0
138500;11097.5;536.5;10561.0
138600;10977.5;536.5;10441.0
138700;11673.0;592.0;11081.0
138800;11097.5;536.5;10561.0
138900;11088.5;647.5;10441.0
139000;11276.0;555.0;10721.0
139100;11196.0;555.0;10641.0
139200;11150.0;629.0;10521.0
139300;11270.0;629.0;10641.0
139400;11205.5;684.5;10521.0
139500;11353.0;592.0;10761.0
139600;11150.0;629.0;10521.0
139700;11325.5;684.5;10641.0
139800;11214.5;573.5;10641.0
139900;11393.0;592.0;10801.0
140000;11273.0;592.0;10681.0
140100;11350.0;629.0;10721.0
140200;11331.5;610.5;10721.0
140300;11350.0;629.0;10721.0
140400;11174.5;573.5;10601.0
140500;11750.0;629.0;11121.0
140600;11768.5;647.5;11121.0
140700;11313.0;592.0;10721.0
140800;11156.0;555.0;10601.0
140900;11193.0;592.0;10601.0
141000;11316.0;555.0;10761.0
141100;11208.0;407.0;10801.0
141200;11393.0;592.0;10801.0
141300;11356.0;555.0;10801.0
141400;11156.0;555.0;10601.0
141500;11393.0;592.0;10801.0
141600;11393.0;592.0;10801.0
141700;11448.5;647.5;10801.0
141800;11273.0;592.0;10681.0
141900;11393.0;592.0;10801.0
142000;11553.0;592.0;10961.0
142100;11417.5;536.5;10881.0
142200;11353.0;592.0;10761.0
142300;11833.0;592.0;11241.0
142400;11473.0;592.0;10881.0
142500;11408.5;647.5;10761.0
142600;11528.5;647.5;10881.0
142700;11473.0;592.0;10881.0
142800;11473.0;592.0;10881.0
142900;11528.5;647.5;10881.0
143000;11568.5;647.5;10921.0
143100;11931.5;610.5;11321.0
143200;11553.0;592.0;10961.0
143300;11553.0;592.0;10961.0
143400;11673.0;592.0;11081.0
143500;11673.0;592.0;11081.0
143600;11590.0;629.0;10961.0
143700;11337.0;376.0;10961.0
143800;11610.0;649.0;10961.0
143900;11610.0;649.0;10961.0
144000;11488.0;607.0;10881.0
144100;11488.0;607.0;10881.0
144200;11606.0;565.0;11041.0
144300;12086.0;565.0;11521.0
144400;11606.0;565.0;11041.0
144500;11726.0;565.0;11161.0
144600;11648.0;607.0;11041.0
144700;11585.0;544.0;11041.0
144800;11768.0;607.0;11161.0
144900;11606.0;565.0;11041.0
145000;11526.0;565.0;10961.0
145100;11728.0;607.0;11121.0
145200;11581.0;460.0;11121.0
145300;11728.0;607.0;11121.0
145400;11728.0;607.0;11121.0
145500;11728.0;607.0;11121.0
145600;11728.0;607.0;11121.0
145700;11728.0;607.0;11121.0
145800;11686.0;565.0;11121.0
145900;11686.0;565.0;11121.0
146000;11585.0;544.0;11041.0
146100;11808.0;607.0;11201.0
146200;11766.0;565.0;11201.0
146300;11865.0;544.0;11321.0
146400;11808.0;607.0;11201.0
146500;11745.0;544.0;11201.0
146600;11766.0;565.0;11201.0
146700;11808.0;607.0;11201.0
146800;11766.0;565.0;11201.0
146900;11766.0;565.0;11201.0
147000;11890.0;649.0;11241.0
147100;12050.0;649.0;11401.0
147200;11364.0;523.0;10841.0
147300;11846.0;565.0;11281.0
147400;11966.0;565.0;11401.0
147500;11804.0;523.0;11281.0
147600;11804.0;523.0;11281.0
147700;11684.0;523.0;11161.0
147800;11804.0;523.0;11281.0
147900;11804.0;523.0;11281.0
148000;11964.0;523.0;11441.0
148100;11926.0;565.0;11361.0
148200;12010.0;649.0;11361.0
148300;12010.0;649.0;11361.0
148400;11890.0;649.0;11241.0
148500;12115.0;754.0;11361.0
148600;11968.0;607.0;11361.0
148700;11905.0;544.0;11361.0
148800;11926.0;565.0;11361.0
148900;11968.0;607.0;11361.0
149000;11905.0;544.0;11361.0
149100;11817.0;376.0;11441.0
149200;12048.0;607.0;11441.0
149300;12126.0;565.0;11561.0
149400;12048.0;607.0;11441.0
149500;12195.0;754.0;11441.0
149600;11985.0;544.0;11441.0
149700;12006.0;565.0;11441.0
149800;12069.0;628.0;11441.0
149900;12006.0;565.0;11441.0
150000;12166.0;565.0;11601.0
150100;12044.0;523.0;11521.0
150200;12164.0;523.0;11641.0
150300;12269.0;628.0;11641.0
150400;12086.0;565.0;11521.0
150500;12086.0;565.0;11521.0
150600;12309.0;628.0;11681.0
150700;11918.0;397.0;11521.0
150800;12044.0;523.0;11521.0
150900;11966.0;565.0;11401.0
151000;12006.0;565.0;11441.0
151100;12166.0;565.0;11601.0
151200;12208.0;607.0;11601.0
151300;12166.0;565.0;11601.0
151400;12166.0;565.0;11601.0
151500;12088.0;607.0;11481.0
151600;12286.0;565.0;11721.0
151700;12046.0;565.0;11481.0
151800;12025.0;544.0;11481.0
151900;12208.0;607.0;11601.0
152000;12128.0;607.0;11521.0
152100;12288.0;607.0;11681.0
152200;12288.0;607.0;11681.0
152300;12288.0;607.0;11681.0
152400;12246.0;565.0;11681.0
152500;12267.0;586.0;11681.0
152600;12330.0;649.0;11681.0
152700;12393.0;712.0;11681.0
152800;12273.0;712.0;11561.0
152900;12595.0;754.0;11841.0
153000;12469.0;628.0;11841.0
153100;12494.0;733.0;11761.0
153200;12452.0;691.0;11761.0
153300;12410.0;649.0;11761.0
153400;12368.0;607.0;11761.0
153500;12410.0;649.0;11761.0
153600;12410.0;649.0;11761.0
153700;12452.0;691.0;11761.0
153800;12452.0;691.0;11761.0
153900;12536.0;775.0;11761.0
154000;12450.0;649.0;11801.0
154100;12492.0;691.0;11801.0
154200;12490.0;649.0;11841.0
154300;12913.0;712.0;12201.0
154400;12490.0;649.0;11841.0
154500;12595.0;754.0;11841.0
154600;12532.0;691.0;11841.0
154700;12532.0;691.0;11841.0
154800;12448.0;607.0;11841.0
154900;12553.0;712.0;11841.0
155000;12530.0;649.0;11881.0
155100;12972.0;691.0;12281.0
155200;12612.0;691.0;11921.0
155300;12972.0;691.0;12281.0
155400;12612.0;691.0;11921.0
155500;12612.0;691.0;11921.0
155600;12555.0;754.0;11801.0
155700;13033.0;712.0;12321.0
155800;12107.0;586.0;11521.0
155900;12814.0;733.0;12081.0
156000;12772.0;691.0;12081.0
156100;12734.0;733.0;12001.0
156200;12818.0;817.0;12001.0
156300;12776.0;775.0;12001.0
156400;12776.0;775.0;12001.0
156500;12854.0;733.0;12121.0
156600;12818.0;817.0;12001.0
156700;12818.0;817.0;12001.0
156800;12818.0;817.0;12001.0
156900;12671.0;670.0;12001.0
157000;12900.0;859.0;12041.0
157100;13018.0;817.0;12201.0
157200;12940.0;859.0;12081.0
157300;12898.0;817.0;12081.0
157400;12919.0;838.0;12081.0
157500;12898.0;817.0;12081.0
157600;12898.0;817.0;12081.0
157700;12898.0;817.0;12081.0
157800;12898.0;817.0;12081.0
157900;12911.0;670.0;12241.0
158000;12911.0;670.0;12241.0
158100;12776.0;775.0;12001.0
158200;12816.0;775.0;12041.0
158300;12957.0;796.0;12161.0
158400;12873.0;712.0;12161.0
158500;12894.0;733.0;12161.0
158600;12816.0;775.0;12041.0
158700;12852.0;691.0;12161.0
158800;12894.0;733.0;12161.0
158900;13054.0;733.0;12321.0
159000;12814.0;733.0;12081.0
159100;12890.0;649.0;12241.0
159200;12974.0;733.0;12241.0
159300;12911.0;670.0;12241.0
159400;12911.0;670.0;12241.0
159500;12974.0;733.0;12241.0
159600;12974.0;733.0;12241.0
159700;13073.0;712.0;12361.0
159800;12848.0;607.0;12241.0
159900;12974.0;733.0;12241.0
160000;12972.0;691.0;12281.0
160100;13075.0;754.0;12321.0
160200;13075.0;754.0;12321.0
160300;13174.0;733.0;12441.0
160400;12934.0;733.0;12201.0
160500;13214.0;733.0;12481.0
160600;13054.0;733.0;12321.0
160700;13054.0;733.0;12321.0
160800;13096.0;775.0;12321.0
160900;13096.0;775.0;12321.0
161000;13136.0;775.0;12361.0
161100;13176.0;775.0;12401.0
161200;13176.0;775.0;12401.0
161300;13176.0;775.0;12401.0
161400;13176.0;775.0;12401.0
161500;13134.0;733.0;12401.0
161600;13134.0;733.0;12401.0
161700;13197.0;796.0;12401.0
161800;13134.0;733.0;12401.0
161900;13134.0;733.0;12401.0
162000;13090.0;649.0;12441.0
162100;13172.0;691.0;12481.0
162200;13292.0;691.0;12601.0
162300;13172.0;691.0;12481.0
162400;13130.0;649.0;12481.0
162500;13130.0;649.0;12481.0
162600;13088.0;607.0;12481.0
162700;13130.0;649.0;12481.0
162800;13031.0;670.0;12361.0
162900;13010.0;649.0;12361.0
163000;13107.0;586.0;12521.0
163100;13210.0;649.0;12561.0
163200;13027.0;586.0;12441.0
163300;13330.0;649.0;12681.0
163400;13168.0;607.0;12561.0
163500;13168.0;607.0;12561.0
163600;13252.0;691.0;12561.0
163700;13252.0;691.0;12561.0
163800;13252.0;691.0;12561.0
163900;13132.0;691.0;12441.0
164000;13250.0;649.0;12601.0
164100;13692.0;691.0;13001.0
164200;12814.0;733.0;12081.0
164300;13374.0;733.0;12641.0
164400;13374.0;733.0;12641.0
164500;13374.0;733.0;12641.0
164600;13374.0;733.0;12641.0
164700;13395.0;754.0;12641.0
164800;13332.0;691.0;12641.0
164900;13353.0;712.0;12641.0
165000;13456.0;775.0;12681.0
165100;13496.0;775.0;12721.0
165200;13496.0;775.0;12721.0
165300;13616.0;775.0;12841.0
165400;13574.0;733.0;12841.0
165500;13631.0;1030.0;12601.0
165600;13523.0;802.0;12721.0
165700;13344.0;783.0;12561.0
165800;13504.0;783.0;12721.0
165900;13523.0;802.0;12721.0
166000;13424.0;783.0;12641.0
166100;13698.0;897.0;12801.0
166200;13641.0;840.0;12801.0
166300;13584.0;783.0;12801.0
166400;13426.0;745.0;12681.0
166500;13584.0;783.0;12801.0
166600;13584.0;783.0;12801.0
166700;13584.0;783.0;12801.0
166800;13584.0;783.0;12801.0
166900;13584.0;783.0;12801.0
167000;13586.0;745.0;12841.0
167100;13702.0;821.0;12881.0
167200;13645.0;764.0;12881.0
167300;13664.0;783.0;12881.0
167400;13664.0;783.0;12881.0
167500;13740.0;859.0;12881.0
167600;13664.0;783.0;12881.0
167700;13607.0;726.0;12881.0
167800;13664.0;783.0;12881.0
167900;13664.0;783.0;12881.0
168000;13704.0;783.0;12921.0
168100;13744.0;783.0;12961.0
168200;13687.0;726.0;12961.0
168300;13763.0;802.0;12961.0
168400;13586.0;745.0;12841.0
168500;13586.0;745.0;12841.0
168600;13586.0;745.0;12841.0
168700;13706.0;745.0;12961.0
168800;13826.0;745.0;13081.0
168900;13744.0;783.0;12961.0
169000;13746.0;745.0;13001.0
169100;13786.0;745.0;13041.0
169200;13843.0;802.0;13041.0
169300;13786.0;745.0;13041.0
169400;13914.0;753.0;13161.0
169500;13794.0;753.0;13041.0
169600;13794.0;753.0;13041.0
169700;13794.0;753.0;13041.0
169800;13794.0;753.0;13041.0
169900;13379.0;738.0;12641.0
170000;13804.0;723.0;13081.0
170100;13844.0;723.0;13121.0
170200;13874.0;753.0;13121.0
170300;13724.0;723.0;13001.0
170400;13724.0;723.0;13001.0
170500;14259.0;738.0;13521.0
170600;13874.0;753.0;13121.0
170700;13874.0;753.0;13121.0
170800;13874.0;753.0;13121.0
170900;13874.0;753.0;13121.0
171000;13914.0;753.0;13161.0
171100;13824.0;783.0;13041.0
171200;14089.0;768.0;13321.0
171300;13969.0;768.0;13201.0
171400;14134.0;813.0;13321.0
171500;13484.0;723.0;12761.0
171600;13924.0;723.0;13201.0
171700;13984.0;783.0;13201.0
171800;13984.0;783.0;13201.0
171900;14114.0;753.0;13361.0
172000;13964.0;723.0;13241.0
172100;14064.0;783.0;13281.0
172200;14064.0;783.0;13281.0
172300;14064.0;783.0;13281.0
172400;14184.0;783.0;13401.0
172500;14094.0;813.0;13281.0
172600;14094.0;813.0;13281.0
172700;14094.0;813.0;13281.0
172800;14094.0;813.0;13281.0
172900;14284.0;843.0;13441.0
173000;14134.0;813.0;13321.0
173100;13924.0;723.0;13201.0
173200;14174.0;813.0;13361.0
173300;14354.0;873.0;13481.0
173400;14219.0;858.0;13361.0
173500;14054.0;813.0;13241.0
173600;14174.0;813.0;13361.0
173700;14144.0;783.0;13361.0
173800;14144.0;783.0;13361.0
173900;14024.0;783.0;13241.0
174000;14674.0;753.0;13921.0
174100;14269.0;828.0;13441.0
174200;14164.0;723.0;13441.0
174300;14254.0;813.0;13441.0
174400;14314.0;753.0;13561.0
174500;14314.0;753.0;13561.0
174600;14344.0;783.0;13561.0
174700;14194.0;753.0;13441.0
174800;14284.0;843.0;13441.0
174900;14179.0;738.0;13441.0
175000;14634.0;753.0;13881.0
175100;14274.0;753.0;13521.0
175200;14274.0;753.0;13521.0
175300;14274.0;753.0;13521.0
175400;14259.0;738.0;13521.0
175500;14259.0;738.0;13521.0
175600;14139.0;738.0;13401.0
175700;14334.0;693.0;13641.0
175800;14199.0;678.0;13521.0
175900;14244.0;723.0;13521.0
176000;14199.0;678.0;13521.0
176100;14324.0;723.0;13601.0
176200;14294.0;693.0;13601.0
176300;14324.0;723.0;13601.0
176400;14234.0;633.0;13601.0
176500;14324.0;723.0;13601.0
176600;14324.0;723.0;13601.0
176700;14074.0;753.0;13321.0
176800;14324.0;723.0;13601.0
176900;14204.0;723.0;13481.0
177000;14484.0;723.0;13761.0
177100;14524.0;723.0;13801.0
177200;14404.0;723.0;13681.0
177300;14374.0;693.0;13681.0
177400;14494.0;693.0;13801.0
177500;14479.0;798.0;13681.0
177600;14464.0;783.0;13681.0
177700;14464.0;783.0;13681.0
177800;14464.0;783.0;13681.0
177900;14654.0;813.0;13841.0
178000;14534.0;813.0;13721.0
178100;14619.0;858.0;13761.0
178200;14149.0;828.0;13321.0
178300;14604.0;843.0;13761.0
178400;14544.0;783.0;13761.0
178500;14424.0;783.0;13641.0
178600;14604.0;843.0;13761.0
178700;14559.0;798.0;13761.0
178800;14574.0;813.0;13761.0
178900;14574.0;813.0;13761.0
179000;14614.0;813.0;13801.0
179100;15194.0;873.0;14321.0
179200;14684.0;843.0;13841.0
179300;14484.0;843.0;13641.0
179400;14684.0;843.0;13841.0
179500;14684.0;843.0;13841.0
179600;14654.0;813.0;13841.0
179700;14624.0;903.0;13721.0
179800;14624.0;783.0;13841.0
179900;14684.0;843.0;13841.0
180000;14724.0;843.0;13881.0
180100;14764.0;843.0;13921.0
180200;14764.0;843.0;13921.0
180300;14794.0;873.0;13921.0
180400;14764.0;843.0;13921.0
180500;14764.0;843.0;13921.0
180600;14794.0;873.0;13921.0
180700;14794.0;873.0;13921.0
180800;14659.0;858.0;13801.0
180900;14764.0;843.0;13921.0
181000;14759.0;798.0;13961.0
181100;14844.0;843.0;14001.0
181200;14904.0;783.0;14121.0
181300;14829.0;828.0;14001.0
181400;14784.0;783.0;14001.0
181500;14814.0;813.0;14001.0
181600;14844.0;843.0;14001.0
181700;14814.0;813.0;14001.0
181800;14814.0;813.0;14001.0
181900;14914.0;753.0;14161.0
182000;14974.0;813.0;14161.0
182100;14984.0;783.0;14201.0
182200;14744.0;783.0;13961.0
182300;14864.0;783.0;14081.0
182400;14894.0;813.0;14081.0
182500;14774.0;813.0;13961.0
182600;14864.0;783.0;14081.0
182700;14909.0;828.0;14081.0
182800;14909.0;828.0;14081.0
182900;14924.0;843.0;14081.0
183000;15024.0;783.0;14241.0
183100;14944.0;783.0;14161.0
183200;14944.0;783.0;14161.0
183300;14824.0;783.0;14041.0
183400;14854.0;813.0;14041.0
183500;14914.0;753.0;14161.0
183600;14914.0;753.0;14161.0
183700;14914.0;753.0;14161.0
183800;14794.0;753.0;14041.0
183900;14869.0;828.0;14041.0
184000;14779.0;738.0;14041.0
184100;15099.0;858.0;14241.0
184200;14874.0;633.0;14241.0
184300;15009.0;768.0;14241.0
184400;14824.0;783.0;14041.0
184500;15144.0;783.0;14361.0
184600;15054.0;813.0;14241.0
184700;15178.5;937.5;14241.0
184800;15058.5;937.5;14121.0
184900;14943.0;822.0;14121.0
185000;15103.0;822.0;14281.0
185100;15252.5;811.5;14441.0
185200;15315.5;874.5;14441.0
185300;15164.0;843.0;14321.0
185400;15132.5;811.5;14321.0
185500;15564.0;843.0;14721.0
185600;15185.0;864.0;14321.0
185700;15185.0;864.0;14321.0
185800;15185.0;864.0;14321.0
185900;15164.0;843.0;14321.0
186000;15183.0;822.0;14361.0
186100;15244.0;843.0;14401.0
186200;15364.0;843.0;14521.0
186300;15364.0;843.0;14521.0
186400;15290.5;769.5;14521.0
186500;15124.0;843.0;14281.0
186600;15223.0;822.0;14401.0
186700;15103.0;822.0;14281.0
186800;15223.0;822.0;14401.0
186900;15254.5;853.5;14401.0
187000;15263.0;822.0;14441.0
187100;15303.0;822.0;14481.0
187200;15376.5;895.5;14481.0
187300;15204.0;843.0;14361.0
187400;15282.0;801.0;14481.0
187500;15183.0;822.0;14361.0
187600;15324.0;843.0;14481.0
187700;15303.0;822.0;14481.0
187800;15381.0;780.0;14601.0
187900;15433.5;832.5;14601.0
188000;15202.0;801.0;14401.0
188100;15181.0;780.0;14401.0
188200;14922.0;801.0;14121.0
188300;15341.0;780.0;14561.0
188400;15341.0;780.0;14561.0
188500;15320.0;759.0;14561.0
188600;15482.0;801.0;14681.0
188700;15221.0;780.0;14441.0
188800;15231.5;790.5;14441.0
188900;15309.5;748.5;14561.0
189000;15341.0;780.0;14561.0
189100;15541.0;780.0;14761.0
189200;15347.5;706.5;14641.0
189300;15347.5;706.5;14641.0
189400;15347.5;706.5;14641.0
189500;15520.0;759.0;14761.0
189600;15541.0;780.0;14761.0
189700;15413.0;652.0;14761.0
189800;15436.0;795.0;14641.0
189900;15315.0;834.0;14481.0
190000;15557.0;756.0;14801.0
190100;15516.0;795.0;14721.0
190200;15477.0;756.0;14721.0
190300;15516.0;795.0;14721.0
190400;15490.0;769.0;14721.0
190500;15477.0;756.0;14721.0
190600;15516.0;795.0;14721.0
190700;15516.0;795.0;14721.0
190800;15396.0;795.0;14601.0
190900;15516.0;795.0;14721.0
191000;15582.0;821.0;14761.0
191100;15622.0;821.0;14801.0
191200;15609.0;808.0;14801.0
191300;15596.0;795.0;14801.0
191400;15596.0;795.0;14801.0
191500;15596.0;795.0;14801.0
191600;15596.0;795.0;14801.0
191700;15622.0;821.0;14801.0
191800;15502.0;821.0;14681.0
191900;15662.0;821.0;14841.0
192000;15636.0;795.0;14841.0
192100;15650.0;769.0;14881.0
192200;15582.0;821.0;14761.0
192300;15796.0;795.0;15001.0
192400;15702.0;821.0;14881.0
192500;15676.0;795.0;14881.0
192600;15835.0;834.0;15001.0
192700;15556.0;795.0;14761.0
192800;15676.0;795.0;14881.0
192900;15716.0;795.0;14921.0
193000;15570.0;769.0;14801.0
193100;15769.0;808.0;14961.0
193200;15756.0;795.0;14961.0
193300;15876.5;915.5;14961.0
193400;15876.5;915.5;14961.0
193500;15761.0;800.0;14961.0
193600;15761.0;800.0;14961.0
193700;15792.5;831.5;14961.0
193800;15761.0;800.0;14961.0
193900;15921.0;800.0;15121.0
194000;15712.5;831.5;14881.0
194100;15872.5;831.5;15041.0
194200;15862.0;821.0;15041.0
194300;15788.5;747.5;15041.0
194400;15841.0;800.0;15041.0
194500;15841.0;800.0;15041.0
194600;15841.0;800.0;15041.0
194700;15752.5;831.5;14921.0
194800;15862.0;821.0;15041.0
194900;15462.0;821.0;14641.0
195000;16032.5;831.5;15201.0
195100;15942.0;821.0;15121.0
195200;15973.5;852.5;15121.0
195300;15942.0;821.0;15121.0
195400;16015.5;894.5;15121.0
195500;16321.0;800.0;15521.0
195600;15942.0;821.0;15121.0
195700;15921.0;800.0;15121.0
195800;15963.0;842.0;15121.0
195900;15609.5;768.5;14841.0
196000;15971.5;810.5;15161.0
196100;16163.0;842.0;15321.0
196200;16142.0;821.0;15321.0
196300;16022.0;821.0;15201.0
196400;15959.0;758.0;15201.0
196500;16064.0;863.0;15201.0
196600;16022.0;821.0;15201.0
196700;15990.5;789.5;15201.0
196800;15990.5;789.5;15201.0
196900;15980.0;779.0;15201.0
197000;15931.5;810.5;15121.0
197100;16081.0;800.0;15281.0
197200;16070.5;789.5;15281.0
197300;16201.0;800.0;15401.0
197400;16222.0;821.0;15401.0
197500;16102.0;821.0;15281.0
197600;16201.0;800.0;15401.0
197700;16123.0;842.0;15281.0
197800;15982.0;821.0;15161.0
197900;16102.0;821.0;15281.0
198000;16262.0;821.0;15441.0
198100;16161.0;800.0;15361.0
198200;16255.5;894.5;15361.0
198300;16302.0;821.0;15481.0
198400;16083.0;842.0;15241.0
198500;16030.5;789.5;15241.0
198600;16049.0;688.0;15361.0
198700;16175.0;814.0;15361.0
198800;16295.0;814.0;15481.0
198900;16055.0;814.0;15241.0
199000;16095.0;814.0;15281.0
199100;16255.0;814.0;15441.0
199200;16283.0;842.0;15441.0
199300;16121.0;800.0;15321.0
199400;16241.0;800.0;15441.0
199500;16283.0;842.0;15441.0
199600;16311.0;870.0;15441.0
199700;16403.0;842.0;15561.0
199800;16375.0;814.0;15561.0
199900;16255.0;814.0;15441.0
200000;16295.0;814.0;15481.0
200100;16337.0;856.0;15481.0
200200;16335.0;814.0;15521.0
200300;16483.0;842.0;15641.0
200400;16243.0;842.0;15401.0
200500;16377.0;856.0;15521.0
200600;16293.0;772.0;15521.0
200700;16307.0;786.0;15521.0
200800;16307.0;786.0;15521.0
200900;16307.0;786.0;15521.0
201000;16467.0;786.0;15681.0
201100;16227.0;786.0;15441.0
201200;16387.0;786.0;15601.0
201300;16387.0;786.0;15601.0
201400;16387.0;786.0;15601.0
201500;16267.0;786.0;15481.0
201600;16415.0;814.0;15601.0
201700;16253.0;772.0;15481.0
201800;16429.0;828.0;15601.0
201900;16335.0;814.0;15521.0
202000;16427.0;786.0;15641.0
202100;16385.0;744.0;15641.0
202200;16389.0;828.0;15561.0
202300;16467.0;786.0;15681.0
202400;16347.0;786.0;15561.0
202500;16327.0;646.0;15681.0
202600;16319.0;758.0;15561.0
202700;16467.0;786.0;15681.0
202800;16439.0;758.0;15681.0
202900;16479.0;758.0;15721.0
203000;16159.0;758.0;15401.0
203100;16479.0;758.0;15721.0
203200;16479.0;758.0;15721.0
203300;16681.0;800.0;15881.0
203400;16639.0;758.0;15881.0
203500;16947.0;786.0;16161.0
203600;16919.0;758.0;16161.0
203700;16519.0;758.0;15761.0
203800;16639.0;758.0;15881.0
203900;16489.0;688.0;15801.0
204000;16531.0;730.0;15801.0
204100;16503.0;702.0;15801.0
204200;16503.0;702.0;15801.0
204300;16663.0;702.0;15961.0
204400;16543.0;702.0;15841.0
204500;16571.0;730.0;15841.0
204600;16571.0;730.0;15841.0
204700;16437.0;716.0;15721.0
204800;16571.0;730.0;15841.0
204900;16611.0;730.0;15881.0
205000;16569.0;688.0;15881.0
205100;16611.0;730.0;15881.0
205200;16771.0;730.0;16041.0
205300;16623.0;702.0;15921.0
205400;16651.0;730.0;15921.0
205500;16665.0;744.0;15921.0
205600;16757.0;716.0;16041.0
205700;16531.0;730.0;15801.0
205800;16665.0;744.0;15921.0
205900;16663.0;702.0;15961.0
206000;17183.0;702.0;16481.0
206100;16543.0;702.0;15841.0
206200;16731.0;730.0;16001.0
206300;16677.0;556.0;16121.0
206400;16581.0;700.0;15881.0
206500;16635.0;754.0;15881.0
206600;16719.0;718.0;16001.0
206700;16983.5;862.5;16121.0
206800;16708.5;707.5;16001.0
206900;16724.0;723.0;16001.0
207000;16764.0;723.0;16041.0
207100;16826.0;785.0;16041.0
207200;16773.0;692.0;16081.0
207300;16773.0;692.0;16081.0
207400;16773.0;692.0;16081.0
207500;16773.0;692.0;16081.0
207600;16893.0;692.0;16201.0
207700;16773.0;692.0;16081.0
207800;16773.0;692.0;16081.0
207900;16782.0;661.0;16121.0
208000;16662.0;661.0;16001.0
208100;16902.0;661.0;16241.0
208200;16822.0;661.0;16161.0
208300;16822.0;661.0;16161.0
208400;16822.0;661.0;16161.0
208500;16822.0;661.0;16161.0
208600;16671.0;630.0;16041.0
208700;16822.0;661.0;16161.0
208800;16791.0;630.0;16161.0
208900;16680.0;599.0;16081.0
209000;16800.0;599.0;16201.0
209100;16800.0;599.0;16201.0
209200;16871.0;630.0;16241.0
209300;16824.5;583.5;16241.0
209400;16431.0;630.0;15801.0
209500;16824.5;583.5;16241.0
209600;16871.0;630.0;16241.0
209700;16809.0;568.0;16241.0
209800;16766.5;645.5;16121.0
209900;16880.0;599.0;16281.0
210000;16984.5;583.5;16401.0
210100;16957.5;676.5;16281.0
210200;17071.0;630.0;16441.0
210300;16862.0;661.0;16201.0
210400;16982.0;661.0;16321.0
210500;16951.0;630.0;16321.0
210600;16951.0;630.0;16321.0
210700;16951.0;630.0;16321.0
210800;16951.0;630.0;16321.0
210900;16951.0;630.0;16321.0
211000;16991.0;630.0;16361.0
211100;16991.0;630.0;16361.0
211200;17031.0;630.0;16401.0
211300;17031.0;630.0;16401.0
211400;17182.0;661.0;16521.0
211500;17000.0;599.0;16401.0
211600;17031.0;630.0;16401.0
211700;17062.0;661.0;16401.0
211800;17031.0;630.0;16401.0
211900;17071.0;630.0;16441.0
212000;17071.0;630.0;16441.0
212100;17471.0;630.0;16841.0
212200;17440.0;599.0;16841.0
212300;17126.5;645.5;16481.0
212400;17080.0;599.0;16481.0
212500;17080.0;599.0;16481.0
212600;17080.0;599.0;16481.0
212700;16730.0;369.0;16361.0
212800;17102.0;621.0;16481.0
212900;17081.0;600.0;16481.0
213000;17102.0;621.0;16481.0
213100;17142.0;621.0;16521.0
213200;17224.0;663.0;16561.0
213300;17386.0;705.0;16681.0
213400;17062.0;621.0;16441.0
213500;17062.0;621.0;16441.0
213600;17062.0;621.0;16441.0
213700;17104.0;663.0;16441.0
213800;17182.0;621.0;16561.0
213900;17224.0;663.0;16561.0
214000;17264.0;663.0;16601.0
214100;17264.0;663.0;16601.0
214200;17304.0;663.0;16641.0
214300;17304.0;663.0;16641.0
214400;17466.0;705.0;16761.0
214500;17346.0;705.0;16641.0
214600;17289.0;768.0;16521.0
214700;17205.0;684.0;16521.0
214800;17268.0;747.0;16521.0
214900;17428.0;747.0;16681.0
215000;17548.0;747.0;16801.0
215100;17308.0;747.0;16561.0
215200;17426.0;705.0;16721.0
215300;17588.0;747.0;16841.0
215400;17510.0;789.0;16721.0
215500;17468.0;747.0;16721.0
215600;17531.0;810.0;16721.0
215700;17405.0;684.0;16721.0
215800;17468.0;747.0;16721.0
215900;17388.0;747.0;16641.0
216000;17571.0;810.0;16761.0
216100;17571.0;810.0;16761.0
216200;17668.0;747.0;16921.0
216300;17647.0;726.0;16921.0
216400;17527.0;726.0;16801.0
216500;17527.0;726.0;16801.0
216600;17386.0;705.0;16681.0
216700;17668.0;747.0;16921.0
216800;17548.0;747.0;16801.0
216900;17777.0;936.0;16841.0
217000;17482.0;761.0;16721.0
217100;17637.0;796.0;16841.0
217200;17167.0;726.0;16441.0
217300;17554.5;673.5;16881.0
217400;17624.5;743.5;16881.0
217500;17712.0;831.0;16881.0
217600;17677.0;796.0;16881.0
217700;17744.5;743.5;17001.0
217800;17657.0;656.0;17001.0
217900;17734.5;813.5;16921.0
218000;17682.0;761.0;16921.0
218100;17562.0;761.0;16801.0
218200;17722.0;761.0;16961.0
218300;17552.0;591.0;16961.0
218400;17772.0;811.0;16961.0
218500;17892.0;811.0;17081.0
218600;17772.0;811.0;16961.0
218700;17752.0;791.0;16961.0
218800;17812.0;851.0;16961.0
218900;17772.0;811.0;16961.0
219000;17852.0;851.0;17001.0
219100;17812.0;811.0;17001.0
219200;17892.0;851.0;17041.0
219300;17852.0;811.0;17041.0
219400;17852.0;811.0;17041.0
219500;17972.0;811.0;17161.0
219600;17932.0;891.0;17041.0
219700;17892.0;851.0;17041.0
219800;17912.0;871.0;17041.0
219900;17892.0;811.0;17081.0
220000;17892.0;811.0;17081.0
220100;17892.0;811.0;17081.0
220200;17932.0;811.0;17121.0
220300;17932.0;811.0;17121.0
220400;17812.0;811.0;17001.0
220500;17812.0;811.0;17001.0
220600;17492.0;811.0;16681.0
220700;17932.0;811.0;17121.0
220800;17932.0;811.0;17121.0
220900;18032.0;751.0;17281.0
221000;17912.0;751.0;17161.0
221100;18012.0;851.0;17161.0
221200;17972.0;771.0;17201.0
221300;17972.0;771.0;17201.0
221400;18012.0;811.0;17201.0
221500;17872.0;871.0;17001.0
221600;17692.0;691.0;17001.0
221700;18232.0;911.0;17321.0
221800;18052.0;851.0;17201.0
221900;18052.0;811.0;17241.0
222000;18012.0;891.0;17121.0
222100;18052.0;811.0;17241.0
222200;18212.0;811.0;17401.0
222300;17972.0;811.0;17161.0
222400;17972.0;811.0;17161.0
222500;18212.0;931.0;17281.0
222600;18092.0;811.0;17281.0
222700;17952.0;671.0;17281.0
222800;17832.0;671.0;17161.0
222900;18172.0;851.0;17321.0
223000;18132.0;811.0;17321.0
223100;18252.0;931.0;17321.0
223200;18172.0;811.0;17361.0
223300;18292.0;811.0;17481.0
223400;18212.0;851.0;17361.0
223500;18172.0;811.0;17361.0
223600;18232.0;751.0;17481.0
223700;18332.0;811.0;17521.0
223800;18172.0;811.0;17361.0
223900;18414.5;1013.5;17401.0
224000;18257.0;856.0;17401.0
224100;18222.0;821.0;17401.0
224200;18142.0;821.0;17321.0
224300;18107.0;786.0;17321.0
224400;18279.5;838.5;17441.0
224500;18142.0;821.0;17321.0
224600;18174.5;733.5;17441.0
224700;18262.0;821.0;17441.0
224800;18227.0;786.0;17441.0
224900;18267.0;786.0;17481.0
225000;18267.0;786.0;17481.0
225100;18267.0;786.0;17481.0
225200;18342.0;821.0;17521.0
225300;18307.0;786.0;17521.0
225400;18307.0;786.0;17521.0
225500;18307.0;786.0;17521.0
225600;18427.0;786.0;17641.0
225700;18359.5;838.5;17521.0
225800;18342.0;821.0;17521.0
225900;18227.0;786.0;17441.0
226000;18417.0;856.0;17561.0
226100;18244.5;803.5;17441.0
226200;18317.0;716.0;17601.0
226300;18352.0;751.0;17601.0
226400;18334.5;733.5;17601.0
226500;18472.0;751.0;17721.0
226600;18352.0;751.0;17601.0
226700;18299.5;698.5;17601.0
226800;18352.0;751.0;17601.0
226900;18459.5;698.5;17761.0
227000;18374.5;733.5;17641.0
227100;18132.0;611.0;17521.0
227200;18467.0;786.0;17681.0
227300;18449.5;768.5;17681.0
227400;18362.0;681.0;17681.0
227500;18347.0;786.0;17561.0
227600;18449.5;768.5;17681.0
227700;18277.0;716.0;17561.0
227800;18482.0;681.0;17801.0
227900;18557.0;716.0;17841.0
228000;18557.0;716.0;17841.0
228100;18317.0;716.0;17601.0
228200;18477.0;716.0;17761.0
228300;18666.0;905.0;17761.0
228400;18406.0;765.0;17641.0
228500;18448.0;807.0;17641.0
228600;18526.0;765.0;17761.0
228700;18526.0;765.0;17761.0
228800;18568.0;807.0;17761.0
228900;18474.0;793.0;17681.0
229000;18594.0;793.0;17801.0
229100;18622.0;821.0;17801.0
229200;18494.0;653.0;17841.0
229300;18620.0;779.0;17841.0
229400;18514.0;793.0;17721.0
229500;18598.0;877.0;17721.0
229600;18676.0;835.0;17841.0
229700;18634.0;793.0;17841.0
229800;18648.0;807.0;17841.0
229900;18646.0;765.0;17881.0
230000;18646.0;765.0;17881.0
230100;18618.0;737.0;17881.0
230200;18686.0;765.0;17921.0
230300;18686.0;765.0;17921.0
230400;18714.0;793.0;17921.0
230500;18756.0;835.0;17921.0
230600;18594.0;793.0;17801.0
230700;18616.0;695.0;17921.0
230800;18728.0;807.0;17921.0
230900;18698.0;737.0;17961.0
231000;18726.0;765.0;17961.0
231100;18726.0;765.0;17961.0
231200;18766.0;765.0;18001.0
231300;18794.0;793.0;18001.0
231400;18724.0;723.0;18001.0
231500;18886.0;765.0;18121.0
231600;18256.0;695.0;17561.0
231700;18640.0;639.0;18001.0
231800;18858.0;737.0;18121.0
231900;18778.0;737.0;18041.0
232000;18658.0;737.0;17921.0
232100;18658.0;737.0;17921.0
232200;18818.0;737.0;18081.0
232300;18938.0;737.0;18201.0
232400;18726.0;765.0;17961.0
232500;18874.0;793.0;18081.0
232600;18860.0;779.0;18081.0
232700;18846.0;765.0;18081.0
232800;18966.0;765.0;18201.0
232900;18822.0;821.0;18001.0
233000;18858.0;737.0;18121.0
233100;18830.0;709.0;18121.0
233200;18898.0;737.0;18161.0
233300;18778.0;737.0;18041.0
233400;18898.0;737.0;18161.0
233500;18906.0;625.0;18281.0
233600;18778.0;737.0;18041.0
233700;18870.0;709.0;18161.0
233800;18870.0;709.0;18161.0
233900;18910.0;709.0;18201.0
234000;18882.0;681.0;18201.0
234100;19030.0;709.0;18321.0
234200;18950.0;709.0;18241.0
234300;18950.0;709.0;18241.0
234400;18936.0;695.0;18241.0
234500;19076.0;835.0;18241.0
234600;19006.0;765.0;18241.0
234700;18886.0;765.0;18121.0
234800;18978.0;737.0;18241.0
234900;19032.0;751.0;18281.0
235000;18990.0;709.0;18281.0
235100;18990.0;709.0;18281.0
235200;19030.0;709.0;18321.0
235300;19072.0;751.0;18321.0
235400;19072.0;751.0;18321.0
235500;18932.0;611.0;18321.0
235600;19192.0;751.0;18441.0
235700;19002.0;681.0;18321.0
235800;19002.0;681.0;18321.0
235900;19162.0;681.0;18481.0
236000;19042.0;681.0;18361.0
236100;19070.0;709.0;18361.0
236200;19230.0;709.0;18521.0
236300;19110.0;709.0;18401.0
236400;18990.0;709.0;18281.0
236500;19110.0;709.0;18401.0
236600;19138.0;737.0;18401.0
236700;19110.0;709.0;18401.0
236800;18962.0;681.0;18281.0
236900;19192.0;751.0;18441.0
237000;19270.0;709.0;18561.0
237100;19164.0;723.0;18441.0
237200;19178.0;737.0;18441.0
237300;19176.0;695.0;18481.0
237400;19618.0;737.0;18881.0
237500;19218.0;737.0;18481.0
237600;19218.0;737.0;18481.0
237700;19646.0;765.0;18881.0
237800;19232.0;751.0;18481.0
237900;19138.0;737.0;18401.0
238000;19258.0;737.0;18521.0
238100;19378.0;737.0;18641.0
238200;19270.0;709.0;18561.0
238300;19270.0;709.0;18561.0
238400;19270.0;709.0;18561.0
238500;19270.0;709.0;18561.0
238600;19270.0;709.0;18561.0
238700;19214.0;653.0;18561.0
238800;19242.0;681.0;18561.0
238900;19282.0;681.0;18601.0
239000;19402.0;681.0;18721.0
239100;19310.0;709.0;18601.0
239200;19406.0;765.0;18641.0
239300;19336.0;695.0;18641.0
239400;19336.0;695.0;18641.0
239500;19230.0;709.0;18521.0
239600;19350.0;709.0;18641.0
239700;19322.0;681.0;18641.0
239800;19322.0;681.0;18641.0
239900;19362.0;681.0;18681.0
240000;19390.0;709.0;18681.0
240100;19390.0;709.0;18681.0
240200;19430.0;709.0;18721.0
240300;19430.0;709.0;18721.0
240400;19416.0;695.0;18721.0
240500;19522.0;681.0;18841.0
240600;19402.0;681.0;18721.0
240700;19268.0;667.0;18601.0
240800;19522.0;681.0;18841.0
240900;19442.0;681.0;18761.0
241000;19470.0;709.0;18761.0
241100;19428.0;667.0;18761.0
241200;19482.0;681.0;18801.0
241300;19496.0;695.0;18801.0
241400;19482.0;681.0;18801.0
241500;19482.0;681.0;18801.0
241600;19482.0;681.0;18801.0
241700;19510.0;709.0;18801.0
241800;19482.0;681.0;18801.0
241900;19522.0;681.0;18841.0
242000;19550.0;709.0;18841.0
242100;19950.0;709.0;19241.0
242200;19894.0;653.0;19241.0
242300;19682.0;681.0;19001.0
242400;19534.0;653.0;18881.0
242500;19654.0;653.0;19001.0
242600;19654.0;653.0;19001.0
242700;19456.0;695.0;18761.0
242800;19534.0;653.0;18881.0
242900;19574.0;653.0;18921.0
243000;19694.0;653.0;19041.0
243100;19574.0;653.0;18921.0
243200;19614.0;653.0;18961.0
243300;19642.0;681.0;18961.0
243400;19628.0;667.0;18961.0
243500;20028.0;667.0;19361.0
243600;19586.0;625.0;18961.0
243700;19536.0;695.0;18841.0
243800;19734.0;653.0;19081.0
243900;19696.0;695.0;19001.0
244000;19668.0;667.0;19001.0
244100;19654.0;653.0;19001.0
244200;19490.0;569.0;18921.0
244300;19546.0;625.0;18921.0
244400;19518.0;597.0;18921.0
244500;19588.0;667.0;18921.0
244600;19786.0;625.0;19161.0
244700;19744.0;583.0;19161.0
244800;19518.0;597.0;18921.0
244900;19678.0;597.0;19081.0
245000;19678.0;597.0;19081.0
245100;19706.0;625.0;19081.0
245200;19598.0;597.0;19001.0
245300;19606.0;485.0;19121.0
245400;19746.0;625.0;19121.0
245500;19718.0;597.0;19121.0
245600;19746.0;625.0;19121.0
245700;19690.0;569.0;19121.0
245800;19774.0;653.0;19121.0
245900;19842.0;681.0;19161.0
246000;19800.0;639.0;19161.0
246100;19744.0;583.0;19161.0
246200;19826.0;625.0;19201.0
246300;19798.0;597.0;19201.0
246400;19798.0;597.0;19201.0
246500;19798.0;597.0;19201.0
246600;19798.0;597.0;19201.0
246700;19678.0;597.0;19081.0
246800;19770.0;569.0;19201.0
246900;19798.0;597.0;19201.0
247000;19838.0;597.0;19241.0
247100;19838.0;597.0;19241.0
247200;19878.0;597.0;19281.0
247300;19878.0;597.0;19281.0
247400;19878.0;597.0;19281.0
247500;19758.0;597.0;19161.0
247600;19998.0;597.0;19401.0
247700;19766.0;485.0;19281.0
247800;19689.0;408.0;19281.0
247900;19904.0;583.0;19321.0
248000;19904.0;583.0;19321.0
248100;19886.5;565.5;19321.0
248200;19979.0;618.0;19361.0
248300;19979.0;618.0;19361.0
248400;19979.0;618.0;19361.0
248500;19944.0;583.0;19361.0
248600;19979.0;618.0;19361.0
248700;19979.0;618.0;19361.0
248800;20014.0;653.0;19361.0
248900;20054.0;653.0;19401.0
249000;20019.0;618.0;19401.0
249100;20019.0;618.0;19401.0
249200;20019.0;618.0;19401.0
249300;20059.0;618.0;19441.0
249400;20179.0;618.0;19561.0
249500;19939.0;618.0;19321.0
249600;20059.0;618.0;19441.0
249700;20094.0;653.0;19441.0
249800;19956.5;635.5;19321.0
249900;19974.0;653.0;19321.0
250000;20254.0;653.0;19601.0
250100;20134.0;653.0;19481.0
250200;20294.0;653.0;19641.0
250300;20019.0;618.0;19401.0
250400;20259.0;618.0;19641.0
250500;20259.0;618.0;19641.0
250600;20086.5;565.5;19521.0
250700;20086.5;565.5;19521.0
250800;20016.5;495.5;19521.0
250900;20179.0;618.0;19561.0
251000;20179.0;618.0;19561.0
251100;20161.5;600.5;19561.0
251200;19985.0;384.0;19601.0
251300;20272.0;671.0;19601.0
251400;20272.0;671.0;19601.0
251500;20231.0;630.0;19601.0
251600;20351.0;630.0;19721.0
251700;20231.0;630.0;19601.0
251800;20070.0;589.0;19481.0
251900;20312.0;671.0;19641.0
252000;20312.0;671.0;19641.0
252100;20312.0;671.0;19641.0
252200;20311.0;630.0;19681.0
252300;20331.5;650.5;19681.0
252400;20372.5;691.5;19681.0
252500;20290.5;609.5;19681.0
252600;20331.5;650.5;19681.0
252700;20311.0;630.0;19681.0
252800;20270.0;589.0;19681.0
252900;20310.0;589.0;19721.0
253000;20289.5;568.5;19721.0
253100;20351.0;630.0;19721.0
253200;20271.0;630.0;19641.0
253300;20271.0;630.0;19641.0
253400;20511.0;630.0;19881.0
253500;20511.0;630.0;19881.0
253600;20391.0;630.0;19761.0
253700;20432.0;671.0;19761.0
253800;20391.0;630.0;19761.0
253900;20431.0;630.0;19801.0
254000;20431.0;630.0;19801.0
254100;20369.5;568.5;19801.0
254200;20431.0;630.0;19801.0
254300;20491.5;650.5;19841.0
254400;20512.0;671.0;19841.0
254500;20471.0;630.0;19841.0
254600;20532.5;691.5;19841.0
254700;20526.0;805.0;19721.0
254800;20355.5;634.5;19721.0
254900;20515.5;634.5;19881.0
255000;20577.5;696.5;19881.0
255100;20562.0;681.0;19881.0
255200;20648.5;727.5;19921.0
255300;20633.0;712.0;19921.0
255400;20528.5;727.5;19801.0
255500;20768.5;727.5;20041.0
255600;20730.0;809.0;19921.0
255700;20620.0;699.0;19921.0
255800;20620.0;699.0;19921.0
255900;20660.0;699.0;19961.0
256000;20802.0;721.0;20081.0
256100;20704.0;743.0;19961.0
256200;20744.0;743.0;20001.0
256300;20744.0;743.0;20001.0
256400;20766.0;765.0;20001.0
256500;20722.0;721.0;20001.0
256600;20744.0;743.0;20001.0
256700;20744.0;743.0;20001.0
256800;20624.0;743.0;19881.0
256900;20784.0;743.0;20041.0
257000;20784.0;743.0;20041.0
257100;20664.0;743.0;19921.0
257200;20813.0;732.0;20081.0
257300;20868.0;787.0;20081.0
257400;20704.0;743.0;19961.0
257500;20824.0;743.0;20081.0
257600;20835.0;754.0;20081.0
257700;20835.0;754.0;20081.0
257800;20922.0;721.0;20201.0
257900;20809.0;688.0;20121.0
258000;20842.0;721.0;20121.0
258100;20842.0;721.0;20121.0
258200;20882.0;721.0;20161.0
258300;20882.0;721.0;20161.0
258400;20904.0;743.0;20161.0
258500;20904.0;743.0;20161.0
258600;20904.0;743.0;20161.0
258700;20871.0;710.0;20161.0
258800;20766.0;765.0;20001.0
258900;20744.0;743.0;20001.0
259000;20966.0;765.0;20201.0
259100;20966.0;765.0;20201.0
259200;20955.0;754.0;20201.0
259300;21006.0;765.0;20241.0
259400;21006.0;765.0;20241.0
259500;20566.0;765.0;19801.0
259600;21028.0;787.0;20241.0
259700;20886.0;765.0;20121.0
259800;21148.0;787.0;20361.0
259900;21148.0;787.0;20361.0
260000;21068.0;787.0;20281.0
260100;21068.0;787.0;20281.0
260200;21075.0;754.0;20321.0
260300;21130.0;809.0;20321.0
260400;20988.0;787.0;20201.0
260500;21130.0;809.0;20321.0
260600;20988.0;787.0;20201.0
260700;20955.0;754.0;20201.0
260800;21228.0;787.0;20441.0
260900;21148.0;787.0;20361.0
261000;21148.0;787.0;20361.0
261100;21148.0;787.0;20361.0
261200;21188.0;787.0;20401.0
261300;21166.0;765.0;20401.0
261400;21308.0;787.0;20521.0
261500;21079.0;798.0;20281.0
261600;21112.0;831.0;20281.0
261700;21210.0;809.0;20401.0
261800;21276.0;875.0;20401.0
261900;21232.0;831.0;20401.0
262000;21201.0;880.0;20321.0
262100;21441.0;880.0;20561.0
262200;21236.0;755.0;20481.0
262300;21236.0;755.0;20481.0
262400;21308.0;827.0;20481.0
262500;21290.0;809.0;20481.0
262600;21290.0;809.0;20481.0
262700;21272.0;791.0;20481.0
262800;21197.0;836.0;20361.0
262900;21237.0;836.0;20401.0
263000;21348.0;827.0;20521.0
263100;21303.0;782.0;20521.0
263200;21370.0;809.0;20561.0
263300;21610.0;809.0;20801.0
263400;21370.0;809.0;20561.0
263500;21379.0;818.0;20561.0
263600;21424.0;863.0;20561.0
263700;21668.0;827.0;20841.0
263800;21388.0;827.0;20561.0
263900;21410.0;809.0;20601.0
264000;21392.0;791.0;20601.0
264100;21392.0;791.0;20601.0
264200;21504.0;863.0;20641.0
264300;21432.0;791.0;20641.0
264400;21432.0;791.0;20641.0
264500;21432.0;791.0;20641.0
264600;21468.0;827.0;20641.0
264700;21570.0;809.0;20761.0
264800;21552.0;791.0;20761.0
264900;21298.0;737.0;20561.0
265000;21418.0;737.0;20681.0
265100;21490.0;809.0;20681.0
265200;21530.0;809.0;20721.0
265300;21650.0;809.0;20841.0
265400;21548.0;827.0;20721.0
265500;21015.0;854.0;20161.0
265600;21530.0;809.0;20721.0
265700;21548.0;827.0;20721.0
265800;21575.0;854.0;20721.0
265900;21588.0;827.0;20761.0
266000;21606.0;845.0;20761.0
266100;21633.0;872.0;20761.0
266200;21664.0;863.0;20801.0
266300;21664.0;863.0;20801.0
266400;21664.0;863.0;20801.0
266500;21628.0;827.0;20801.0
266600;21553.0;872.0;20681.0
266700;21664.0;863.0;20801.0
266800;21646.0;845.0;20801.0
266900;21704.0;863.0;20841.0
267000;21686.0;845.0;20841.0
267100;21713.0;872.0;20841.0
267200;21771.0;890.0;20881.0
267300;21828.0;827.0;21001.0
267400;21268.0;827.0;20441.0
267500;21828.0;827.0;21001.0
267600;21690.0;809.0;20881.0
267700;21708.0;827.0;20881.0
267800;21828.0;827.0;21001.0
267900;21600.0;679.0;20921.0
268000;21796.0;875.0;20921.0
268100;21986.0;945.0;21041.0
268200;21466.0;945.0;20521.0
268300;21368.0;847.0;20521.0
268400;21744.0;903.0;20841.0
268500;21956.0;875.0;21081.0
268600;21396.0;875.0;20521.0
268700;21808.0;847.0;20961.0
268800;21918.0;917.0;21001.0
268900;21904.0;903.0;21001.0
269000;21862.0;861.0;21001.0
269100;21834.0;833.0;21001.0
269200;21874.0;833.0;21041.0
269300;22052.0;1011.0;21041.0
269400;21944.0;903.0;21041.0
269500;21920.0;879.0;21041.0
269600;21920.0;879.0;21041.0
269700;21920.0;879.0;21041.0
269800;21944.0;903.0;21041.0
269900;21984.0;903.0;21081.0
270000;21936.0;855.0;21081.0
270100;21984.0;903.0;21081.0
270200;22000.0;879.0;21121.0
270300;22000.0;879.0;21121.0
270400;22048.0;927.0;21121.0
270500;22132.0;891.0;21241.0
270600;22024.0;903.0;21121.0
270700;22208.0;927.0;21281.0
270800;22048.0;927.0;21121.0
270900;22064.0;903.0;21161.0
271000;22136.0;975.0;21161.0
271100;22296.0;975.0;21321.0
271200;22224.0;903.0;21321.0
271300;21996.0;915.0;21081.0
271400;22188.0;867.0;21321.0
271500;22008.0;927.0;21081.0
271600;22092.0;891.0;21201.0
271700;22104.0;903.0;21201.0
271800;22128.0;927.0;21201.0
271900;22264.0;903.0;21361.0
272000;22312.0;951.0;21361.0
272100;22216.0;975.0;21241.0
272200;22232.0;951.0;21281.0
272300;22196.0;915.0;21281.0
272400;22184.0;903.0;21281.0
272500;22232.0;951.0;21281.0
272600;22088.0;927.0;21161.0
272700;21796.0;915.0;20881.0
272800;22232.0;951.0;21281.0
272900;22272.0;951.0;21321.0
273000;22152.0;951.0;21201.0
273100;22056.0;855.0;21201.0
273200;22104.0;903.0;21201.0
273300;22432.0;951.0;21481.0
273400;22312.0;951.0;21361.0
273500;22288.0;927.0;21361.0
273600;22288.0;927.0;21361.0
273700;22252.0;891.0;21361.0
273800;22204.0;843.0;21361.0
273900;22448.0;927.0;21521.0
274000;22400.0;999.0;21401.0
274100;21888.0;927.0;20961.0
274200;22208.0;927.0;21281.0
274300;22848.0;927.0;21921.0
274400;22368.0;927.0;21441.0
274500;22368.0;927.0;21441.0
274600;21928.0;927.0;21001.0
274700;22368.0;927.0;21441.0
274800;22356.0;915.0;21441.0
274900;22384.0;903.0;21481.0
275000;22408.0;927.0;21481.0
275100;22432.0;951.0;21481.0
275200;22424.0;903.0;21521.0
275300;22568.0;927.0;21641.0
275400;22412.0;891.0;21521.0
275500;22448.0;927.0;21521.0
275600;22412.0;891.0;21521.0
275700;22436.0;915.0;21521.0
275800;22448.0;927.0;21521.0
275900;22608.0;927.0;21681.0
276000;22488.0;927.0;21561.0
276100;22452.0;891.0;21561.0
276200;22612.0;891.0;21721.0
276300;22588.0;987.0;21601.0
276400;22492.0;891.0;21601.0
276500;22492.0;891.0;21601.0
276600;22504.0;903.0;21601.0
276700;22504.0;903.0;21601.0
276800;22504.0;903.0;21601.0
276900;22580.0;939.0;21641.0
277000;22520.0;879.0;21641.0
277100;22320.0;879.0;21441.0
277200;22560.0;879.0;21681.0
277300;22524.0;843.0;21681.0
277400;22560.0;879.0;21681.0
277500;22560.0;879.0;21681.0
277600;22680.0;879.0;21801.0
277700;22524.0;843.0;21681.0
277800;22560.0;879.0;21681.0
277900;22660.0;939.0;21721.0
278000;22564.0;843.0;21721.0
278100;22612.0;891.0;21721.0
278200;22616.0;855.0;21761.0
278300;22736.0;855.0;21881.0
278400;22628.0;867.0;21761.0
278500;22628.0;867.0;21761.0
278600;22616.0;855.0;21761.0
278700;22472.0;831.0;21641.0
278800;23200.0;879.0;22321.0
278900;22584.0;783.0;21801.0
279000;22620.0;819.0;21801.0
279100;22656.0;855.0;21801.0
279200;22560.0;879.0;21681.0
279300;22720.0;879.0;21841.0
279400;22720.0;879.0;21841.0
279500;22600.0;879.0;21721.0
279600;22720.0;879.0;21841.0
279700;22636.0;915.0;21721.0
279800;22720.0;879.0;21841.0
279900;22748.0;867.0;21881.0
280000;22502.0;741.0;21761.0
280100;22652.0;891.0;21761.0
280200;22682.0;921.0;21761.0
280300;22767.0;846.0;21921.0
280400;22812.0;891.0;21921.0
280500;22812.0;891.0;21921.0
280600;22812.0;891.0;21921.0
280700;22682.0;921.0;21761.0
280800;22887.0;966.0;21921.0
280900;22762.0;921.0;21841.0
281000;22762.0;921.0;21841.0
281100;23002.0;921.0;22081.0
281200;22922.0;921.0;22001.0
281300;22892.0;891.0;22001.0
281400;22922.0;921.0;22001.0
281500;22832.0;831.0;22001.0
281600;22997.0;996.0;22001.0
281700;22952.0;951.0;22001.0
281800;23112.0;951.0;22161.0
281900;22807.0;766.0;22041.0
282000;22978.0;937.0;22041.0
282100;22978.0;937.0;22041.0
282200;22980.0;899.0;22081.0
282300;23018.0;937.0;22081.0
282400;22999.0;918.0;22081.0
282500;23138.0;937.0;22201.0
282600;23614.0;1013.0;22601.0
282700;23443.0;842.0;22601.0
282800;23018.0;937.0;22081.0
282900;23058.0;937.0;22121.0
283000;23096.0;975.0;22121.0
283100;23096.0;975.0;22121.0
283200;23174.0;1013.0;22161.0
283300;23174.0;1013.0;22161.0
283400;23212.0;1051.0;22161.0
283500;23016.0;975.0;22041.0
283600;23193.0;1032.0;22161.0
283700;23054.0;1013.0;22041.0
283800;23117.0;956.0;22161.0
283900;23214.0;1013.0;22201.0
284000;23271.0;1070.0;22201.0
284100;23214.0;1013.0;22201.0
284200;23292.0;1051.0;22241.0
284300;23134.0;1013.0;22121.0
284400;23393.0;1032.0;22361.0
284500;23273.0;1032.0;22241.0
284600;23216.0;975.0;22241.0
284700;23134.0;1013.0;22121.0
284800;23254.0;1013.0;22241.0
284900;23294.0;1013.0;22281.0
285000;23414.0;1013.0;22401.0
285100;23275.0;994.0;22281.0
285200;23258.0;937.0;22321.0
285300;23372.0;1051.0;22321.0
285400;23372.0;1051.0;22321.0
285500;23372.0;1051.0;22321.0
285600;23252.0;1051.0;22201.0
285700;23410.0;1089.0;22321.0
285800;23570.0;1089.0;22481.0
285900;23412.0;1051.0;22361.0
286000;23513.0;1032.0;22481.0
286100;22972.0;1051.0;21921.0
286200;23395.0;994.0;22401.0
286300;23176.0;975.0;22201.0
286400;23294.0;1013.0;22281.0
286500;23414.0;1013.0;22401.0
286600;23471.0;1070.0;22401.0
286700;23376.0;975.0;22401.0
286800;23452.0;1051.0;22401.0
286900;23492.0;1051.0;22441.0
287000;23511.0;1070.0;22441.0
287100;23454.0;1013.0;22441.0
287200;23551.0;1070.0;22481.0
287300;23671.0;1070.0;22601.0
287400;23652.0;1051.0;22601.0
287500;23494.0;1013.0;22481.0
287600;23494.0;1013.0;22481.0
287700;23418.0;937.0;22481.0
287800;23513.0;1032.0;22481.0
287900;23376.0;975.0;22401.0
288000;23730.0;1089.0;22641.0
288100;23616.0;975.0;22641.0
288200;23574.0;1013.0;22561.0
288300;23536.0;975.0;22561.0
288400;23656.0;975.0;22681.0
288500;23574.0;1013.0;22561.0
288600;23536.0;975.0;22561.0
288700;23479.0;918.0;22561.0
288800;23479.0;918.0;22561.0
288900;23614.0;1013.0;22601.0
289000;23614.0;1013.0;22601.0
289100;23538.0;937.0;22601.0
289200;23635.0;994.0;22641.0
289300;23559.0;918.0;22641.0
289400;23578.0;937.0;22641.0
289500;23578.0;937.0;22641.0
289600;23578.0;937.0;22641.0
289700;23420.0;899.0;22521.0
289800;23578.0;937.0;22641.0
289900;23656.0;975.0;22681.0
290000;23618.0;937.0;22681.0
290100;23694.0;1013.0;22681.0
290200;23734.0;1013.0;22721.0
290300;23658.0;937.0;22721.0
290400;23658.0;937.0;22721.0
290500;23538.0;937.0;22601.0
290600;23620.0;899.0;22721.0
290700;23658.0;937.0;22721.0
290800;23595.0;994.0;22601.0
290900;23660.0;899.0;22761.0
291000;23616.0;975.0;22641.0
291100;23616.0;975.0;22641.0
291200;23719.0;918.0;22801.0
291300;23681.0;880.0;22801.0
291400;23738.0;937.0;22801.0
291500;23738.0;937.0;22801.0
291600;23776.0;975.0;22801.0
291700;23776.0;975.0;22801.0
291800;23618.0;937.0;22681.0
291900;23580.0;899.0;22681.0
292000;23778.0;937.0;22841.0
292100;23658.0;937.0;22721.0
292200;23818.0;937.0;22881.0
292300;23818.0;937.0;22881.0
292400;23780.0;899.0;22881.0
292500;23818.0;937.0;22881.0
292600;23780.0;899.0;22881.0
292700;23780.0;899.0;22881.0
292800;23940.0;899.0;23041.0
292900;23820.0;899.0;22921.0
293000;23700.0;899.0;22801.0
293100;24182.0;861.0;23321.0
293200;24220.0;899.0;23321.0
293300;23898.0;937.0;22961.0
293400;24298.0;937.0;23361.0
293500;24393.0;1032.0;23361.0
293600;23879.0;918.0;22961.0
293700;23498.0;937.0;22561.0
293800;23898.0;937.0;22961.0
293900;23976.0;975.0;23001.0
294000;23938.0;937.0;23001.0
294100;23938.0;937.0;23001.0
294200;23921.0;880.0;23041.0
294300;23978.0;937.0;23041.0
294400;23915.0;994.0;22921.0
294500;23997.0;956.0;23041.0
294600;23940.0;899.0;23041.0
294700;23940.0;899.0;23041.0
294800;23940.0;899.0;23041.0
294900;24062.0;861.0;23201.0
295000;23942.0;861.0;23081.0
295100;24062.0;861.0;23201.0
295200;24020.0;899.0;23121.0
295300;24020.0;899.0;23121.0
295400;24153.0;1032.0;23121.0
295500;23900.0;899.0;23001.0
295600;23862.0;861.0;23001.0
295700;23982.0;861.0;23121.0
295800;23919.0;918.0;23001.0
295900;24003.0;842.0;23161.0
296000;24022.0;861.0;23161.0
296100;24060.0;899.0;23161.0
296200;23978.0;937.0;23041.0
296300;24163.0;842.0;23321.0
296400;24138.0;937.0;23201.0
296500;24138.0;937.0;23201.0
296600;24176.0;975.0;23201.0
296700;24195.0;994.0;23201.0
296800;24138.0;937.0;23201.0
296900;24138.0;937.0;23201.0
297000;24138.0;937.0;23201.0
297100;24470.0;1109.0;23361.0
297200;24198.0;917.0;23281.0
297300;24334.0;933.0;23401.0
297400;24262.0;981.0;23281.0
297500;24342.0;1061.0;23281.0
297600;24294.0;1013.0;23281.0
297700;24294.0;1013.0;23281.0
297800;24294.0;1013.0;23281.0
297900;24334.0;1013.0;23321.0
298000;24366.0;1045.0;23321.0
298100;24318.0;997.0;23321.0
298200;24406.0;1045.0;23361.0
298300;24374.0;1013.0;23361.0
298400;24286.0;1045.0;23241.0
298500;24374.0;1013.0;23361.0
298600;24254.0;1013.0;23241.0
298700;24358.0;997.0;23361.0
298800;24342.0;981.0;23361.0
298900;24262.0;981.0;23281.0
299000;24462.0;1061.0;23401.0
299100;24382.0;981.0;23401.0
299200;24542.0;981.0;23561.0
299300;24406.0;965.0;23441.0
299400;24334.0;1013.0;23321.0
299500;24438.0;997.0;23441.0
299600;24454.0;1013.0;23441.0
299700;24454.0;1013.0;23441.0
299800;24454.0;1013.0;23441.0
299900;24494.0;1013.0;23481.0
300000;24494.0;1013.0;23481.0
300100;24494.0;1013.0;23481.0
300200;24374.0;1013.0;23361.0
300300;24518.0;997.0;23521.0
300400;24414.0;1013.0;23401.0
300500;24438.0;917.0;23521.0
300600;24534.0;1013.0;23521.0
300700;24534.0;1013.0;23521.0
300800;24566.0;1045.0;23521.0
300900;24566.0;1045.0;23521.0
301000;24638.0;1077.0;23561.0
301100;24574.0;1013.0;23561.0
301200;24526.0;965.0;23561.0
301300;24566.0;965.0;23601.0
301400;24702.0;981.0;23721.0
301500;24430.0;949.0;23481.0
301600;24550.0;949.0;23601.0
301700;24518.0;917.0;23601.0
301800;24486.0;885.0;23601.0
301900;24558.0;917.0;23641.0
302000;24558.0;917.0;23641.0
302100;24590.0;949.0;23641.0
302200;24582.0;901.0;23681.0
302300;24630.0;949.0;23681.0
302400;24582.0;901.0;23681.0
302500;24702.0;901.0;23801.0
302600;24702.0;901.0;23801.0
302700;24710.0;1029.0;23681.0
302800;24749.5;1068.5;23681.0
302900;24789.5;1068.5;23721.0
303000;24772.0;931.0;23841.0
303100;24677.0;956.0;23721.0
303200;24557.0;956.0;23601.0
303300;24572.0;931.0;23641.0
303400;24812.0;931.0;23881.0
303500;24717.0;956.0;23761.0
303600;24717.0;956.0;23761.0
303700;24717.0;956.0;23761.0
303800;24597.0;956.0;23641.0
303900;24757.0;956.0;23801.0
304000;24732.0;931.0;23801.0
304100;24674.5;993.5;23681.0
304200;24734.5;893.5;23841.0
304300;24734.5;893.5;23841.0
304400;24772.0;931.0;23841.0
304500;24797.0;956.0;23841.0
304600;24797.0;956.0;23841.0
304700;24917.0;956.0;23961.0
304800;24797.0;956.0;23841.0
304900;24837.0;956.0;23881.0
305000;24837.0;956.0;23881.0
305100;24862.0;981.0;23881.0
305200;24679.5;918.5;23761.0
305300;24877.0;956.0;23921.0
305400;24997.0;956.0;24041.0
305500;24902.0;981.0;23921.0
305600;24462.0;981.0;23481.0
305700;24877.0;956.0;23921.0
305800;24877.0;956.0;23921.0
305900;24917.0;956.0;23961.0
306000;25292.0;931.0;24361.0
306100;24892.0;931.0;23961.0
306200;25077.0;956.0;24121.0
306300;24957.0;956.0;24001.0
306400;24957.0;956.0;24001.0
306500;24957.0;956.0;24001.0
306600;24812.0;931.0;23881.0
306700;24932.0;931.0;24001.0
306800;24969.5;968.5;24001.0
306900;24997.0;956.0;24041.0
307000;24997.0;956.0;24041.0
307100;24997.0;956.0;24041.0
307200;25037.0;956.0;24081.0
307300;25037.0;956.0;24081.0
307400;25157.0;956.0;24201.0
307500;24837.0;956.0;23881.0
307600;25037.0;956.0;24081.0
307700;24879.5;918.5;23961.0
307800;25037.0;956.0;24081.0
307900;25039.5;918.5;24121.0
308000;25127.0;1006.0;24121.0
308100;24969.5;968.5;24001.0
308200;25104.5;943.5;24161.0
308300;25092.0;931.0;24161.0
308400;24627.0;906.0;23721.0
308500;25092.0;931.0;24161.0
308600;25029.5;868.5;24161.0
308700;25079.5;918.5;24161.0
308800;25092.0;931.0;24161.0
308900;25132.0;931.0;24201.0
309000;25227.0;906.0;24321.0
309100;25107.0;906.0;24201.0
309200;25094.5;893.5;24201.0
309300;25119.5;918.5;24201.0
309400;25147.0;906.0;24241.0
309500;25147.0;906.0;24241.0
309600;25267.0;906.0;24361.0
309700;25002.0;881.0;24121.0
309800;25209.5;968.5;24241.0
309900;25147.0;906.0;24241.0
310000;25149.5;868.5;24281.0
310100;25149.5;868.5;24281.0
310200;25322.0;881.0;24441.0
310300;25454.0;1013.0;24441.0
310400;25239.0;918.0;24321.0
310500;25239.0;918.0;24321.0
310600;25147.5;946.5;24201.0
310700;25267.5;946.5;24321.0
310800;25220.0;899.0;24321.0
310900;25298.0;937.0;24361.0
311000;25279.0;918.0;24361.0
311100;25298.0;937.0;24361.0
311200;24738.0;937.0;23801.0
311300;25338.0;937.0;24401.0
311400;25338.0;937.0;24401.0
311500;25338.0;937.0;24401.0
311600;25319.0;918.0;24401.0
311700;25347.5;946.5;24401.0
311800;25347.5;946.5;24401.0
311900;25435.0;994.0;24441.0
312000;25458.0;1017.0;24441.0
312100;25388.0;947.0;24441.0
312200;25393.0;912.0;24481.0
312300;25442.0;961.0;24481.0
312400;25322.0;961.0;24361.0
312500;25562.0;961.0;24601.0
312600;25442.0;961.0;24481.0
312700;25562.0;961.0;24601.0
312800;25449.0;968.0;24481.0
312900;25442.0;961.0;24481.0
313000;25602.0;961.0;24641.0
313100;25496.0;975.0;24521.0
313200;25529.0;968.0;24561.0
313300;25656.0;975.0;24681.0
313400;25656.0;975.0;24681.0
313500;25670.0;989.0;24681.0
313600;25710.0;989.0;24721.0
313700;25649.0;968.0;24681.0
313800;25402.0;961.0;24441.0
313900;25689.0;968.0;24721.0
314000;25569.0;968.0;24601.0
314100;25590.0;989.0;24601.0
314200;25648.0;887.0;24761.0
314300;25660.0;1019.0;24641.0
314400;25504.0;983.0;24521.0
314500;25516.0;995.0;24521.0
314600;25612.0;971.0;24641.0
314700;25756.0;995.0;24761.0
314800;25612.0;971.0;24641.0
314900;25532.0;971.0;24561.0
315000;25676.0;995.0;24681.0
315100;25676.0;995.0;24681.0
315200;25752.0;1031.0;24721.0
315300;25692.0;971.0;24721.0
315400;25632.0;1031.0;24601.0
315500;25596.0;995.0;24601.0
315600;25564.0;843.0;24721.0
315700;25740.0;1019.0;24721.0
315800;25580.0;859.0;24721.0
315900;25748.0;987.0;24761.0
316000;25748.0;987.0;24761.0
316100;25748.0;987.0;24761.0
316200;25628.0;987.0;24641.0
316300;25884.0;1083.0;24801.0
316400;25884.0;1083.0;24801.0
316500;25820.0;1019.0;24801.0
316600;25772.0;971.0;24801.0
316700;25892.0;971.0;24921.0
316800;25668.0;987.0;24681.0
316900;25860.0;1019.0;24841.0
317000;25860.0;1019.0;24841.0
317100;25980.0;1019.0;24961.0
317200;25900.0;1019.0;24881.0
317300;26012.0;1131.0;24881.0
317400;25604.0;923.0;24681.0
317500;25932.0;1051.0;24881.0
317600;26020.0;1019.0;25001.0
317700;25780.0;1019.0;24761.0
317800;26092.0;1051.0;25041.0
317900;25908.0;987.0;24921.0
318000;25940.0;1019.0;24921.0
318100;25940.0;1019.0;24921.0
318200;25980.0;1019.0;24961.0
318300;26012.0;1051.0;24961.0
318400;26012.0;1051.0;24961.0
318500;25980.0;1019.0;24961.0
318600;26116.0;1035.0;25081.0
318700;26012.0;1051.0;24961.0
318800;26012.0;1051.0;24961.0
318900;26020.0;1019.0;25001.0
319000;26084.0;1083.0;25001.0
319100;26302.0;1181.0;25121.0
319200;26112.0;1071.0;25041.0
319300;26134.0;1093.0;25041.0
319400;26090.0;1049.0;25041.0
319500;26112.0;1071.0;25041.0
319600;26232.0;1071.0;25161.0
319700;26232.0;1071.0;25161.0
319800;26272.0;1071.0;25201.0
319900;26250.0;1049.0;25201.0
320000;26152.0;1071.0;25081.0
320100;26163.0;1082.0;25081.0
320200;26174.0;1093.0;25081.0
320300;26225.0;1104.0;25121.0
320400;26192.0;1071.0;25121.0
320500;26072.0;1071.0;25001.0
320600;26214.0;1093.0;25121.0
320700;26214.0;1093.0;25121.0
320800;26148.0;1027.0;25121.0
320900;26287.0;1126.0;25161.0
321000;26276.0;1115.0;25161.0
321100;26276.0;1115.0;25161.0
321200;26272.0;1071.0;25201.0
321300;26294.0;1093.0;25201.0
321400;26272.0;1071.0;25201.0
321500;26272.0;1071.0;25201.0
321600;26272.0;1071.0;25201.0
321700;26349.0;1148.0;25201.0
321800;26250.0;1049.0;25201.0
321900;26443.0;1082.0;25361.0
322000;26290.0;1049.0;25241.0
322100;26290.0;1049.0;25241.0
322200;26461.0;1060.0;25401.0
322300;26363.0;1082.0;25281.0
322400;26330.0;1049.0;25281.0
322500;26330.0;1049.0;25281.0
322600;26319.0;1038.0;25281.0
322700;26232.0;1071.0;25161.0
322800;26254.0;1093.0;25161.0
322900;26392.0;1071.0;25321.0
323000;26370.0;1049.0;25321.0
323100;26403.0;1082.0;25321.0
323200;26377.0;1016.0;25361.0
323300;26410.0;1049.0;25361.0
323400;26410.0;1049.0;25361.0
323500;26388.0;1027.0;25361.0
323600;26410.0;1049.0;25361.0
323700;26290.0;1049.0;25241.0
323800;26410.0;1049.0;25361.0
323900;26286.0;1005.0;25281.0
324000;26548.0;1027.0;25521.0
324100;26428.0;1027.0;25401.0
324200;26435.0;994.0;25441.0
324300;26468.0;1027.0;25441.0
324400;26224.0;983.0;25241.0
324500;26479.0;1038.0;25441.0
324600;26446.0;1005.0;25441.0
324700;26413.0;972.0;25441.0
324800;26479.0;1038.0;25441.0
324900;26486.0;1005.0;25481.0
325000;26486.0;1005.0;25481.0
325100;26486.0;1005.0;25481.0
325200;26366.0;1005.0;25361.0
325300;26526.0;1005.0;25521.0
325400;26526.0;1005.0;25521.0
325500;26493.0;972.0;25521.0
325600;26449.0;928.0;25521.0
325700;26493.0;972.0;25521.0
325800;26526.0;1005.0;25521.0
325900;26566.0;1005.0;25561.0
326000;26686.0;1005.0;25681.0
326100;26566.0;1005.0;25561.0
326200;26715.0;994.0;25721.0
326300;26628.0;1027.0;25601.0
326400;26628.0;1027.0;25601.0
326500;26650.0;1049.0;25601.0
326600;26628.0;1027.0;25601.0
326700;26595.0;994.0;25601.0
326800;26606.0;1005.0;25601.0
326900;26526.0;1005.0;25521.0
327000;26591.0;950.0;25641.0
327100;26668.0;1027.0;25641.0
327200;26806.0;1005.0;25801.0
327300;26686.0;1005.0;25681.0
327400;26686.0;1005.0;25681.0
327500;26664.0;983.0;25681.0
327600;27064.0;983.0;26081.0
327700;26664.0;983.0;25681.0
327800;26824.0;983.0;25841.0
327900;26726.0;1005.0;25721.0
328000;26824.0;983.0;25841.0
328100;26704.0;983.0;25721.0
328200;26744.0;983.0;25761.0
328300;26755.0;994.0;25761.0
328400;26744.0;983.0;25761.0
328500;27253.0;972.0;26281.0
328600;27264.0;983.0;26281.0
328700;27166.0;1005.0;26161.0
328800;26926.0;1005.0;25921.0
328900;26806.0;1005.0;25801.0
329000;26806.0;1005.0;25801.0
329100;26926.0;1005.0;25921.0
329200;26868.0;1027.0;25841.0
329300;26988.0;1027.0;25961.0
329400;26835.0;994.0;25841.0
329500;26868.0;1027.0;25841.0
329600;26835.0;994.0;25841.0
329700;26824.0;983.0;25841.0
329800;26824.0;983.0;25841.0
329900;26908.0;1027.0;25881.0
330000;27006.0;1005.0;26001.0
330100;26886.0;1005.0;25881.0
330200;26948.0;1027.0;25921.0
330300;27033.0;1112.0;25921.0
330400;26392.0;1031.0;25361.0
330500;26952.0;1031.0;25921.0
330600;26952.0;1031.0;25921.0
330700;26952.0;1031.0;25921.0
330800;27112.0;1031.0;26081.0
330900;26965.0;1004.0;25961.0
331000;26992.0;1031.0;25961.0
331100;27085.0;1004.0;26081.0
331200;27050.0;1049.0;26001.0
331300;26912.0;1031.0;25881.0
331400;27032.0;1031.0;26001.0
331500;27050.0;1049.0;26001.0
331600;27068.0;1067.0;26001.0
331700;27050.0;1049.0;26001.0
331800;27192.0;1031.0;26161.0
331900;27027.0;986.0;26041.0
332000;27072.0;1031.0;26041.0
332100;27054.0;1013.0;26041.0
332200;27112.0;1031.0;26081.0
332300;27085.0;1004.0;26081.0
332400;26992.0;1031.0;25961.0
332500;27112.0;1031.0;26081.0
332600;27512.0;1031.0;26481.0
332700;27112.0;1031.0;26081.0
332800;27112.0;1031.0;26081.0
332900;27107.0;986.0;26121.0
333000;27272.0;1031.0;26241.0
333100;27152.0;1031.0;26121.0
333200;27384.0;1103.0;26281.0
333300;27204.0;1043.0;26161.0
333400;27204.0;1043.0;26161.0
333500;27216.0;1055.0;26161.0
333600;27330.0;1049.0;26281.0
333700;27336.0;1055.0;26281.0
333800;27216.0;1055.0;26161.0
333900;27638.0;1037.0;26601.0
334000;27256.0;1055.0;26201.0
334100;27262.0;1061.0;26201.0
334200;27272.0;1031.0;26241.0
334300;27284.0;1043.0;26241.0
334400;27284.0;1043.0;26241.0
334500;27302.0;1061.0;26241.0
334600;27284.0;1043.0;26241.0
334700;27296.0;1055.0;26241.0
334800;27296.0;1055.0;26241.0
334900;27228.0;1067.0;26161.0
335000;27324.0;1043.0;26281.0
335100;27456.0;1055.0;26401.0
335200;27478.0;1037.0;26441.0
335300;27256.0;1055.0;26201.0
335400;27764.0;1043.0;26721.0
335500;27364.0;1043.0;26321.0
335600;27364.0;1043.0;26321.0
335700;27364.0;1043.0;26321.0
335800;27364.0;1043.0;26321.0
335900;27404.0;1043.0;26361.0
336000;27416.0;1055.0;26361.0
336100;27588.0;1107.0;26481.0
336200;27472.0;1071.0;26401.0
336300;27472.0;1071.0;26401.0
336400;27472.0;1071.0;26401.0
336500;27464.0;1063.0;26401.0
336600;27320.0;1079.0;26241.0
336700;27600.0;1079.0;26521.0
336800;27064.0;1063.0;26001.0
336900;27624.0;1063.0;26561.0
337000;27412.0;1091.0;26321.0
337100;27512.0;1071.0;26441.0
337200;27376.0;1055.0;26321.0
337300;27424.0;1063.0;26361.0
337400;27412.0;1051.0;26361.0
337500;27432.0;1071.0;26361.0
337600;27544.0;1063.0;26481.0
337700;27536.0;1055.0;26481.0
337800;27544.0;1063.0;26481.0
337900;27584.0;1063.0;26521.0
338000;27584.0;1063.0;26521.0
338100;27464.0;1063.0;26401.0
338200;27624.0;1063.0;26561.0
338300;27616.0;1055.0;26561.0
338400;27616.0;1055.0;26561.0
338500;27616.0;1055.0;26561.0
338600;27616.0;1055.0;26561.0
338700;27620.0;1059.0;26561.0
338800;27620.0;1059.0;26561.0
338900;27656.0;1055.0;26601.0
339000;27652.0;1051.0;26601.0
339100;27660.0;1059.0;26601.0
339200;27688.0;1047.0;26641.0
339300;27688.0;1047.0;26641.0
339400;27700.0;1059.0;26641.0
339500;27568.0;1047.0;26521.0
339600;27688.0;1047.0;26641.0
339700;27688.0;1047.0;26641.0
339800;27688.0;1047.0;26641.0
339900;27728.0;1047.0;26681.0
340000;27600.0;1039.0;26561.0
340100;27728.0;1047.0;26681.0
340200;27768.0;1047.0;26721.0
340300;27776.0;1055.0;26721.0
340400;27768.0;1047.0;26721.0
340500;27768.0;1047.0;26721.0
340600;27768.0;1047.0;26721.0
340700;27648.0;1047.0;26601.0
340800;27764.0;1043.0;26721.0
340900;27808.0;1047.0;26761.0
341000;27680.0;1039.0;26641.0
341100;27808.0;1047.0;26761.0
341200;27864.0;1063.0;26801.0
341300;27864.0;1063.0;26801.0
341400;27856.0;1055.0;26801.0
341500;27976.0;1055.0;26921.0
341600;27848.0;1047.0;26801.0
341700;27856.0;1055.0;26801.0
341800;27856.0;1055.0;26801.0
341900;27896.0;1055.0;26841.0
342000;27896.0;1055.0;26841.0
342100;28012.0;1051.0;26961.0
342200;27932.0;1051.0;26881.0
342300;27944.0;1063.0;26881.0
342400;27824.0;1063.0;26761.0
342500;27944.0;1063.0;26881.0
342600;27824.0;1063.0;26761.0
342700;27944.0;1063.0;26881.0
342800;27944.0;1063.0;26881.0
342900;27984.0;1063.0;26921.0
343000;27988.0;1067.0;26921.0
343100;28004.0;1083.0;26921.0
343200;27917.5;996.5;26921.0
343300;27931.0;1090.0;26841.0
343400;28025.5;1064.5;26961.0
343500;28042.5;1081.5;26961.0
343600;28051.0;1090.0;26961.0
343700;27931.0;1090.0;26841.0
343800;28051.0;1090.0;26961.0
343900;28108.0;1107.0;27001.0
344000;27668.0;1107.0;26561.0
344100;28228.0;1107.0;27121.0
344200;28148.0;1107.0;27041.0
344300;28148.0;1107.0;27041.0
344400;28148.0;1107.0;27041.0
344500;28148.0;1107.0;27041.0
344600;27725.0;1124.0;26601.0
344700;28131.0;1090.0;27041.0
344800;28131.0;1090.0;27041.0
344900;27731.0;1090.0;26641.0
345000;28171.0;1090.0;27081.0
345100;28308.0;1107.0;27201.0
345200;28211.0;1090.0;27121.0
345300;28091.0;1090.0;27001.0
345400;28211.0;1090.0;27121.0
345500;28011.0;1090.0;26921.0
345600;28091.0;1090.0;27001.0
345700;28228.0;1107.0;27121.0
345800;28228.0;1107.0;27121.0
345900;28268.0;1107.0;27161.0
346000;28268.0;1107.0;27161.0
346100;28268.0;1107.0;27161.0
346200;28411.0;1090.0;27321.0
346300;28342.0;1141.0;27201.0
346400;28213.5;1132.5;27081.0
346500;28291.0;1090.0;27201.0
346600;28265.5;1064.5;27201.0
346700;28291.0;1090.0;27201.0
346800;28451.0;1090.0;27361.0
346900;28331.0;1090.0;27241.0
347000;28280.0;1039.0;27241.0
347100;28348.0;1107.0;27241.0
347200;28405.0;1124.0;27281.0
347300;28405.0;1124.0;27281.0
347400;28388.0;1107.0;27281.0
347500;28388.0;1107.0;27281.0
347600;28371.0;1090.0;27281.0
347700;28388.0;1107.0;27281.0
347800;28388.0;1107.0;27281.0
347900;28388.0;1107.0;27281.0
348000;28470.5;1149.5;27321.0
348100;28445.0;1124.0;27321.0
348200;28485.0;1124.0;27361.0
348300;28468.0;1107.0;27361.0
348400;28451.0;1090.0;27361.0
348500;28451.0;1090.0;27361.0
348600;28502.0;1141.0;27361.0
348700;28348.0;1107.0;27241.0
348800;28451.0;1090.0;27361.0
348900;28611.0;1090.0;27521.0
349000;28371.0;1090.0;27281.0
349100;28491.0;1090.0;27401.0
349200;28405.0;1124.0;27281.0
349300;28531.0;1090.0;27441.0
349400;28497.0;1056.0;27441.0
349500;28497.0;1056.0;27441.0
349600;28497.0;1056.0;27441.0
349700;28402.5;1081.5;27321.0
349800;28385.5;1064.5;27321.0
349900;28537.0;1056.0;27481.0
350000;28357.5;996.5;27361.0
350100;28520.0;1039.0;27481.0
350200;28560.0;1039.0;27521.0
350300;28440.0;1039.0;27401.0
350400;28560.0;1039.0;27521.0
350500;28560.0;1039.0;27521.0
350600;28960.0;1039.0;27921.0
350700;28560.0;1039.0;27521.0
350800;28560.0;1039.0;27521.0
350900;28617.0;1056.0;27561.0
351000;28617.0;1056.0;27561.0
351100;28617.0;1056.0;27561.0
351200;28657.0;1056.0;27601.0
351300;28657.0;1056.0;27601.0
351400;28777.0;1056.0;27721.0
351500;28794.0;1073.0;27721.0
351600;28657.0;1056.0;27601.0
351700;28674.0;1073.0;27601.0
351800;28674.0;1073.0;27601.0
351900;28876.5;1115.5;27761.0
352000;28594.0;1073.0;27521.0
352100;28722.5;1081.5;27641.0
352200;28571.0;1090.0;27481.0
352300;29171.0;1090.0;28081.0
352400;28754.0;1073.0;27681.0
352500;28754.0;1073.0;27681.0
352600;28754.0;1073.0;27681.0
352700;28874.0;1073.0;27801.0
352800;28634.0;1073.0;27561.0
352900;28777.0;1056.0;27721.0
353000;28777.0;1056.0;27721.0
353100;28777.0;1056.0;27721.0
353200;28834.0;1073.0;27761.0
353300;28817.0;1056.0;27761.0
353400;28817.0;1056.0;27761.0
353500;28817.0;1056.0;27761.0
353600;28402.5;1081.5;27321.0
353700;28817.0;1056.0;27761.0
353800;28417.0;1056.0;27361.0
353900;28857.0;1056.0;27801.0
354000;28737.0;1056.0;27681.0
354100;28994.0;1073.0;27921.0
354200;28914.0;1073.0;27841.0
354300;28914.0;1073.0;27841.0
354400;28888.5;1047.5;27841.0
354500;28914.0;1073.0;27841.0
354600;29042.5;1081.5;27961.0
354700;28931.0;1090.0;27841.0
354800;29091.0;1090.0;28001.0
354900;28971.0;1090.0;27881.0
355000;28954.0;1073.0;27881.0
355100;28988.0;1107.0;27881.0
355200;29011.0;1090.0;27921.0
355300;28994.0;1073.0;27921.0
355400;29011.0;1090.0;27921.0
355500;28994.0;1073.0;27921.0
355600;29011.0;1090.0;27921.0
355700;29131.0;1090.0;28041.0
355800;28994.0;1073.0;27921.0
355900;29002.5;1081.5;27921.0
356000;29034.0;1073.0;27961.0
356100;29034.0;1073.0;27961.0
356200;29177.0;1056.0;28121.0
356300;29057.0;1056.0;28001.0
356400;28954.0;1073.0;27881.0
356500;29048.5;1047.5;28001.0
356600;29194.0;1073.0;28121.0
356700;29091.0;1090.0;28001.0
356800;29091.0;1090.0;28001.0
356900;29131.0;1090.0;28041.0
357000;29131.0;1090.0;28041.0
357100;29011.0;1090.0;27921.0
357200;29308.0;1107.0;28201.0
357300;29205.0;1124.0;28081.0
357400;29068.0;1107.0;27961.0
357500;29308.0;1107.0;28201.0
357600;29171.0;1090.0;28081.0
357700;29171.0;1090.0;28081.0
357800;29188.0;1107.0;28081.0
357900;29388.0;1107.0;28281.0
358000;29160.0;1039.0;28121.0
358100;29253.5;1132.5;28121.0
358200;29082.5;1081.5;28001.0
358300;29091.0;1090.0;28001.0
358400;29251.0;1090.0;28161.0
358500;29251.0;1090.0;28161.0
358600;29371.0;1090.0;28281.0
358700;29360.0;1039.0;28321.0
358800;29268.0;1107.0;28161.0
358900;29308.0;1107.0;28201.0
359000;28954.0;1073.0;27881.0
359100;29291.0;1090.0;28201.0
359200;29331.0;1090.0;28241.0
359300;29356.5;1115.5;28241.0
359400;29331.0;1090.0;28241.0
359500;29331.0;1090.0;28241.0
359600;29228.0;1107.0;28121.0
359700;29356.5;1115.5;28241.0
359800;29331.0;1090.0;28241.0
359900;29388.0;1107.0;28281.0
360000;29465.5;1064.5;28401.0
360100;29516.5;1115.5;28401.0
360200;29394.0;1073.0;28321.0
360300;29265.5;1064.5;28201.0
360400;29505.5;1064.5;28441.0
360500;29411.0;1090.0;28321.0
360600;29411.0;1090.0;28321.0
360700;29514.0;1073.0;28441.0
360800;29274.0;1073.0;28201.0
360900;29434.0;1073.0;28361.0
361000;29442.5;1081.5;28361.0
361100;29588.0;1107.0;28481.0
361200;29474.0;1073.0;28401.0
361300;29874.0;1073.0;28801.0
361400;29474.0;1073.0;28401.0
361500;29474.0;1073.0;28401.0
361600;29095.0;1134.0;27961.0
361700;29614.5;1093.5;28521.0
361800;29490.0;1089.0;28401.0
361900;29530.0;1089.0;28441.0
362000;29539.0;1098.0;28441.0
362100;29659.0;1098.0;28561.0
362200;29588.0;1107.0;28481.0
362300;29579.0;1098.0;28481.0
362400;29579.0;1098.0;28481.0
362500;29139.0;1098.0;28041.0
362600;29601.5;1120.5;28481.0
362700;29570.0;1089.0;28481.0
362800;29570.0;1089.0;28481.0
362900;29610.0;1089.0;28521.0
363000;29619.0;1098.0;28521.0
363100;29730.0;1089.0;28641.0
363200;29785.0;1104.0;28681.0
363300;29665.0;1104.0;28561.0
363400;29550.0;1109.0;28441.0
363500;29670.0;1109.0;28561.0
363600;29550.0;1109.0;28441.0
363700;29668.0;1107.0;28561.0
363800;29670.0;1109.0;28561.0
363900;29710.0;1109.0;28601.0
364000;29710.0;1109.0;28601.0
364100;29710.0;1109.0;28601.0
364200;29710.0;1109.0;28601.0
364300;29750.0;1109.0;28641.0
364400;29750.0;1109.0;28641.0
364500;29630.0;1109.0;28521.0
364600;29750.0;1109.0;28641.0
364700;29870.0;1109.0;28761.0
364800;29750.0;1109.0;28641.0
364900;29749.0;1108.0;28641.0
365000;29790.5;1109.5;28681.0
365100;29790.5;1109.5;28681.0
365200;29830.5;1109.5;28721.0
365300;29830.0;1109.0;28721.0
365400;29389.0;1108.0;28281.0
365500;29949.0;1108.0;28841.0
365600;29829.0;1108.0;28721.0
365700;29812.0;1091.0;28721.0
365800;29994.5;1113.5;28881.0
365900;29882.0;1121.0;28761.0
366000;29874.5;1113.5;28761.0
366100;29994.5;1113.5;28881.0
366200;29917.0;1116.0;28801.0
366300;29917.0;1116.0;28801.0
366400;29917.0;1116.0;28801.0
366500;29922.0;1121.0;28801.0
366600;29927.0;1126.0;28801.0
366700;29924.5;1123.5;28801.0
366800;29762.0;1121.0;28641.0
366900;29962.0;1121.0;28841.0
367000;29962.0;1121.0;28841.0
367100;29964.5;1123.5;28841.0
367200;30032.0;1151.0;28881.0
367300;30032.0;1151.0;28881.0
367400;30032.0;1151.0;28881.0
367500;30152.0;1151.0;29001.0
367600;30032.0;1151.0;28881.0
367700;30032.0;1151.0;28881.0
367800;30029.5;1148.5;28881.0
367900;30064.5;1143.5;28921.0
368000;30084.5;1163.5;28921.0
368100;30067.0;1146.0;28921.0
368200;29954.5;1153.5;28801.0
368300;30107.0;1146.0;28961.0
368400;30102.0;1141.0;28961.0
368500;30112.0;1151.0;28961.0
368600;30102.0;1141.0;28961.0
368700;30107.0;1146.0;28961.0
368800;30152.0;1151.0;29001.0
368900;30154.5;1153.5;29001.0
369000;29980.0;1099.0;28881.0
369100;30142.0;1141.0;29001.0
369200;30149.0;1148.0;29001.0
369300;30309.0;1148.0;29161.0
369400;30210.0;1169.0;29041.0
369500;30210.0;1169.0;29041.0
369600;30196.0;1155.0;29041.0
369700;30288.0;1127.0;29161.0
369800;30210.0;1169.0;29041.0
369900;30130.0;1169.0;28961.0
370000;30250.0;1169.0;29081.0
370100;30250.0;1169.0;29081.0
370200;30290.0;1169.0;29121.0
370300;30290.0;1169.0;29121.0
370400;30290.0;1169.0;29121.0
370500;30215.5;1214.5;29001.0
370600;30299.5;1178.5;29121.0
370700;30308.5;1187.5;29121.0
370800;30423.5;1142.5;29281.0
370900;30344.0;1183.0;29161.0
371000;30339.5;1178.5;29161.0
371100;30335.0;1174.0;29161.0
371200;30375.0;1174.0;29201.0
371300;30384.0;1183.0;29201.0
371400;30384.0;1183.0;29201.0
371500;30384.0;1183.0;29201.0
371600;30384.0;1183.0;29201.0
371700;30384.0;1183.0;29201.0
371800;30384.0;1183.0;29201.0
371900;30410.5;1169.5;29241.0
372000;30544.0;1183.0;29361.0
372100;30424.0;1183.0;29241.0
372200;30464.0;1183.0;29281.0
372300;30024.0;1183.0;28841.0
372400;30473.0;1192.0;29281.0
372500;30473.0;1192.0;29281.0
372600;30464.0;1183.0;29281.0
372700;30464.0;1183.0;29281.0
372800;30624.0;1183.0;29441.0
372900;30504.0;1183.0;29321.0
373000;30504.0;1183.0;29321.0
373100;30931.0;1210.0;29721.0
373200;30411.0;1210.0;29201.0
373300;30553.0;1192.0;29361.0
373400;30544.0;1183.0;29361.0
373500;30544.0;1183.0;29361.0
373600;30544.0;1183.0;29361.0
373700;30655.0;1174.0;29481.0
373800;30544.0;1183.0;29361.0
373900;30602.0;1201.0;29401.0
374000;30593.0;1192.0;29401.0
374100;30713.0;1192.0;29521.0
374200;30464.0;1183.0;29281.0
374300;30646.5;1205.5;29441.0
374400;30624.0;1183.0;29441.0
374500;30633.0;1192.0;29441.0
374600;30504.0;1183.0;29321.0
374700;30633.0;1192.0;29441.0
374800;30615.0;1174.0;29441.0
374900;30664.0;1183.0;29481.0
375000;30664.0;1183.0;29481.0
375100;30664.0;1183.0;29481.0
375200;30704.0;1183.0;29521.0
375300;30704.0;1183.0;29521.0
375400;30695.0;1174.0;29521.0
375500;30704.0;1183.0;29521.0
375600;30704.0;1183.0;29521.0
375700;30584.0;1183.0;29401.0
375800;30704.0;1183.0;29521.0
375900;30864.0;1183.0;29681.0
376000;30864.0;1183.0;29681.0
376100;30744.0;1183.0;29561.0
376200;30775.0;1174.0;29601.0
376300;30917.5;1196.5;29721.0
376400;30793.0;1192.0;29601.0
376500;30775.0;1174.0;29601.0
376600;30784.0;1183.0;29601.0
376700;30224.0;1183.0;29041.0
376800;30815.0;1174.0;29641.0
376900;30810.5;1169.5;29641.0
377000;30824.0;1183.0;29641.0
377100;30824.0;1183.0;29641.0
377200;30846.0;1165.0;29681.0
377300;30855.0;1174.0;29681.0
377400;30855.0;1174.0;29681.0
377500;30855.0;1174.0;29681.0
377600;30864.0;1183.0;29681.0
377700;30970.5;1169.5;29801.0
377800;30984.0;1183.0;29801.0
377900;30904.0;1183.0;29721.0
378000;30904.0;1183.0;29721.0
378100;30904.0;1183.0;29721.0
378200;30890.5;1169.5;29721.0
378300;30953.0;1192.0;29761.0
378400;31095.5;1214.5;29881.0
378500;31055.0;1174.0;29881.0
378600;30935.0;1174.0;29761.0
378700;30935.0;1174.0;29761.0
378800;30935.0;1174.0;29761.0
378900;31086.0;1165.0;29921.0
379000;31104.0;1183.0;29921.0
379100;30997.5;1196.5;29801.0
379200;31033.0;1192.0;29841.0
379300;31144.0;1183.0;29961.0
379400;31024.0;1183.0;29841.0
379500;31024.0;1183.0;29841.0
379600;31024.0;1183.0;29841.0
379700;31024.0;1183.0;29841.0
379800;30904.0;1183.0;29721.0
379900;31046.0;1165.0;29881.0
380000;30944.0;1183.0;29761.0
380100;31055.0;1174.0;29881.0
380200;31215.0;1174.0;30041.0
380300;30966.0;1165.0;29801.0
380400;31086.0;1165.0;29921.0
380500;30979.5;1178.5;29801.0
380600;31224.0;1183.0;30041.0
380700;31099.5;1178.5;29921.0
380800;31104.0;1183.0;29921.0
380900;31104.0;1183.0;29921.0
381000;31135.0;1174.0;29961.0
381100;31153.0;1192.0;29961.0
381200;31304.0;1183.0;30121.0
381300;31313.0;1192.0;30121.0
381400;31304.0;1183.0;30121.0
381500;31304.0;1183.0;30121.0
381600;31193.0;1192.0;30001.0
381700;31224.5;1223.5;30001.0
381800;31335.0;1174.0;30161.0
381900;31215.0;1174.0;30041.0
382000;31224.0;1183.0;30041.0
382100;31335.0;1174.0;30161.0
382200;31615.0;1174.0;30441.0
382300;31255.0;1174.0;30081.0
382400;31366.0;1165.0;30201.0
382500;31246.0;1165.0;30081.0
382600;31246.0;1165.0;30081.0
382700;31268.5;1187.5;30081.0
382800;31264.0;1183.0;30081.0
382900;31286.0;1165.0;30121.0
383000;31286.0;1165.0;30121.0
383100;31686.0;1165.0;30521.0
383200;31326.0;1165.0;30161.0
383300;31326.0;1165.0;30161.0
383400;31326.0;1165.0;30161.0
383500;31455.0;1174.0;30281.0
383600;31238.0;1197.0;30041.0
383700;31340.0;1179.0;30161.0
383800;31500.0;1179.0;30321.0
383900;31372.0;1171.0;30201.0
384000;31370.0;1169.0;30201.0
384100;31372.0;1171.0;30201.0
384200;31416.0;1175.0;30241.0
384300;31422.0;1181.0;30241.0
384400;31424.0;1183.0;30241.0
384500;31420.0;1179.0;30241.0
384600;31422.0;1181.0;30241.0
384700;31300.0;1179.0;30121.0
384800;31316.0;1195.0;30121.0
384900;31456.0;1175.0;30281.0
385000;31336.0;1175.0;30161.0
385100;31460.0;1179.0;30281.0
385200;31496.0;1175.0;30321.0
385300;31616.0;1175.0;30441.0
385400;31616.0;1175.0;30441.0
385500;31492.0;1171.0;30321.0
385600;31508.0;1187.0;30321.0
385700;31496.0;1175.0;30321.0
385800;31496.0;1175.0;30321.0
385900;31520.0;1159.0;30361.0
386000;31536.0;1175.0;30361.0
386100;31536.0;1175.0;30361.0
386200;31576.0;1175.0;30401.0
386300;31456.0;1175.0;30281.0
386400;31456.0;1175.0;30281.0
386500;31590.0;1189.0;30401.0
386600;31572.0;1171.0;30401.0
386700;31568.0;1167.0;30401.0
386800;31568.0;1167.0;30401.0
386900;31572.0;1171.0;30401.0
387000;31618.0;1177.0;30441.0
387100;31506.0;1185.0;30321.0
387200;31610.0;1169.0;30441.0
387300;31656.0;1175.0;30481.0
387400;31656.0;1175.0;30481.0
387500;31656.0;1175.0;30481.0
387600;31652.0;1171.0;30481.0
387700;31652.0;1171.0;30481.0
387800;31816.0;1175.0;30641.0
387900;31580.0;1179.0;30401.0
388000;31696.0;1175.0;30521.0
388100;31824.0;1183.0;30641.0
388200;31696.0;1175.0;30521.0
388300;31742.0;1181.0;30561.0
388400;31616.0;1175.0;30441.0
388500;31536.0;1175.0;30361.0
388600;31742.0;1181.0;30561.0
388700;31862.0;1181.0;30681.0
388800;31742.0;1181.0;30561.0
388900;31656.0;1175.0;30481.0
389000;31776.0;1175.0;30601.0
389100;31776.0;1175.0;30601.0
389200;31818.0;1177.0;30641.0
389300;31818.0;1177.0;30641.0
389400;31932.0;1171.0;30761.0
389500;31812.0;1171.0;30641.0
389600;31820.0;1179.0;30641.0
389700;31816.0;1175.0;30641.0
389800;31816.0;1175.0;30641.0
389900;31850.0;1169.0;30681.0
390000;31850.0;1169.0;30681.0
390100;31856.0;1175.0;30681.0
390200;31730.0;1169.0;30561.0
390300;31896.0;1175.0;30721.0
390400;31896.0;1175.0;30721.0
390500;31772.0;1171.0;30601.0
390600;31892.0;1171.0;30721.0
390700;31888.0;1167.0;30721.0
390800;31904.0;1183.0;30721.0
390900;32048.0;1167.0;30881.0
391000;31930.0;1169.0;30761.0
391100;31932.0;1171.0;30761.0
391200;31930.0;1169.0;30761.0
391300;32096.0;1175.0;30921.0
391400;32096.0;1175.0;30921.0
391500;31980.0;1179.0;30801.0
391600;31976.0;1175.0;30801.0
391700;31984.0;1183.0;30801.0
391800;31980.0;1179.0;30801.0
391900;32016.0;1175.0;30841.0
392000;32020.0;1179.0;30841.0
392100;32016.0;1175.0;30841.0
392200;32060.0;1179.0;30881.0
392300;32180.0;1179.0;31001.0
392400;31944.0;1183.0;30761.0
392500;32062.0;1181.0;30881.0
392600;32182.0;1181.0;31001.0
392700;31944.0;1183.0;30761.0
392800;32224.0;1183.0;31041.0
392900;32104.0;1183.0;30921.0
393000;32104.0;1183.0;30921.0
393100;31984.0;1183.0;30801.0
393200;32260.0;1179.0;31081.0
393300;32140.0;1179.0;30961.0
393400;32144.0;1183.0;30961.0
393500;32150.0;1189.0;30961.0
393600;32270.0;1189.0;31081.0
393700;32140.0;1179.0;30961.0
393800;32144.0;1183.0;30961.0
393900;32184.0;1183.0;31001.0
394000;32178.0;1177.0;31001.0
394100;32184.0;1183.0;31001.0
394200;32220.0;1179.0;31041.0
394300;32100.0;1179.0;30921.0
394400;32100.0;1179.0;30921.0
394500;32220.0;1179.0;31041.0
394600;32224.0;1183.0;31041.0
394700;32185.0;1144.0;31041.0
394800;32216.5;1175.5;31041.0
394900;32270.5;1229.5;31041.0
395000;32430.0;1189.0;31241.0
395100;32430.0;1189.0;31241.0
395200;32310.0;1189.0;31121.0
395300;32194.5;1193.5;31001.0
395400;32305.5;1184.5;31121.0
395500;32421.0;1180.0;31241.0
395600;32301.0;1180.0;31121.0
395700;32181.0;1180.0;31001.0
395800;32194.5;1193.5;31001.0
395900;32176.5;1175.5;31001.0
396000;32350.0;1189.0;31161.0
396100;32341.0;1180.0;31161.0
396200;32341.0;1180.0;31161.0
396300;32390.0;1189.0;31201.0
396400;32390.0;1189.0;31201.0
396500;32390.0;1189.0;31201.0
396600;32390.0;1189.0;31201.0
396700;32385.5;1184.5;31201.0
396800;32394.5;1193.5;31201.0
396900;32430.0;1189.0;31241.0
397000;32430.0;1189.0;31241.0
397100;32430.0;1189.0;31241.0
397200;32448.0;1207.0;31241.0
397300;32470.0;1189.0;31281.0
397400;32470.0;1189.0;31281.0
397500;32590.0;1189.0;31401.0
397600;32501.5;1220.5;31281.0
397700;32599.0;1198.0;31401.0
397800;32479.0;1198.0;31281.0
397900;32519.0;1198.0;31321.0
398000;32408.0;1207.0;31201.0
398100;32630.0;1189.0;31441.0
398200;32554.5;1193.5;31361.0
398300;32545.5;1184.5;31361.0
398400;32545.5;1184.5;31361.0
398500;32559.0;1198.0;31361.0
398600;32568.0;1207.0;31361.0
398700;32595.0;1234.0;31361.0
398800;32475.0;1234.0;31241.0
398900;32728.0;1207.0;31521.0
399000;32719.0;1198.0;31521.0
399100;32599.0;1198.0;31401.0
399200;32479.0;1198.0;31281.0
399300;32519.0;1198.0;31321.0
399400;32621.0;1180.0;31441.0
399500;32630.0;1189.0;31441.0
399600;32625.5;1184.5;31441.0
399700;32523.5;1202.5;31321.0
399800;32630.0;1189.0;31441.0
399900;32670.0;1189.0;31481.0
400000;32683.5;1202.5;31481.0
400100;32679.0;1198.0;31481.0
400200;32559.0;1198.0;31361.0
400300;32705.5;1184.5;31521.0
400400;32719.0;1198.0;31521.0
400500;32630.5;1229.5;31401.0
400600;32714.5;1193.5;31521.0
400700;32710.0;1189.0;31521.0
400800;32719.0;1198.0;31521.0
400900;32759.0;1198.0;31561.0
401000;32319.0;1198.0;31121.0
401100;32319.0;1198.0;31121.0
401200;32763.5;1202.5;31561.0
401300;32808.0;1207.0;31601.0
401400;32831.0;1230.0;31601.0
401500;33231.0;1230.0;32001.0
401600;32813.0;1212.0;31601.0
401700;32813.0;1212.0;31601.0
401800;32969.0;1208.0;31761.0
401900;32969.0;1208.0;31761.0
402000;32849.0;1208.0;31641.0
402100;32845.0;1204.0;31641.0
402200;32841.0;1200.0;31641.0
402300;32885.0;1204.0;31681.0
402400;32885.0;1204.0;31681.0
402500;32885.0;1204.0;31681.0
402600;32885.0;1204.0;31681.0
402700;32769.0;1208.0;31561.0
402800;32929.0;1208.0;31721.0
402900;32929.0;1208.0;31721.0
403000;32929.0;1208.0;31721.0
403100;32923.0;1202.0;31721.0
403200;32923.0;1202.0;31721.0
403300;32803.0;1202.0;31601.0
403400;32969.0;1208.0;31761.0
403500;32767.0;1206.0;31561.0
403600;32965.0;1204.0;31761.0
403700;32973.0;1212.0;31761.0
403800;33007.0;1206.0;31801.0
403900;33005.0;1204.0;31801.0
404000;32999.0;1198.0;31801.0
404100;33009.0;1208.0;31801.0
404200;33133.0;1212.0;31921.0
404300;33167.0;1206.0;31961.0
404400;32929.0;1208.0;31721.0
404500;33045.0;1204.0;31841.0
404600;33049.0;1208.0;31841.0
404700;33047.0;1206.0;31841.0
404800;33207.0;1206.0;32001.0
404900;33081.0;1200.0;31881.0
405000;32969.0;1208.0;31761.0
405100;33081.0;1200.0;31881.0
405200;33077.0;1196.0;31881.0
405300;33117.0;1196.0;31921.0
405400;33113.0;1192.0;31921.0
405500;33123.0;1202.0;31921.0
405600;33241.0;1200.0;32041.0
405700;33121.0;1200.0;31921.0
405800;33159.0;1198.0;31961.0
405900;33161.0;1200.0;31961.0
406000;33161.0;1200.0;31961.0
406100;32721.0;1200.0;31521.0
406200;33161.0;1200.0;31961.0
406300;33035.0;1194.0;31841.0
406400;33081.0;1200.0;31881.0
406500;33201.0;1200.0;32001.0
406600;33321.0;1200.0;32121.0
406700;33365.0;1204.0;32161.0
406800;33251.0;1210.0;32041.0
406900;33245.0;1204.0;32041.0
407000;32805.0;1204.0;31601.0
407100;32801.0;1200.0;31601.0
407200;33129.0;1208.0;31921.0
407300;33091.0;1210.0;31881.0
407400;33285.0;1204.0;32081.0
407500;33401.0;1200.0;32201.0
407600;33285.0;1204.0;32081.0
407700;33285.0;1204.0;32081.0
407800;33441.0;1200.0;32241.0
407900;33445.0;1204.0;32241.0
408000;33445.0;1204.0;32241.0
408100;33325.0;1204.0;32121.0
408200;33325.0;1204.0;32121.0
408300;33205.0;1204.0;32001.0
408400;33369.0;1208.0;32161.0
408500;33365.0;1204.0;32161.0
408600;33369.0;1208.0;32161.0
408700;33365.0;1204.0;32161.0
408800;33369.0;1208.0;32161.0
408900;33369.0;1208.0;32161.0
409000;33405.0;1204.0;32201.0
409100;33401.0;1200.0;32201.0
409200;33360.0;1159.0;32201.0
409300;33564.0;1203.0;32361.0
409400;33466.0;1225.0;32241.0
409500;33379.0;1138.0;32241.0
409600;33496.0;1255.0;32241.0
409700;33331.0;1210.0;32121.0
409800;33500.0;1219.0;32281.0
409900;33527.0;1246.0;32281.0
410000;33563.0;1282.0;32281.0
410100;33407.0;1246.0;32161.0
410200;33545.0;1264.0;32281.0
410300;33443.0;1282.0;32161.0
410400;33443.0;1282.0;32161.0
410500;33585.0;1264.0;32321.0
410600;33621.0;1300.0;32321.0
410700;33549.0;1228.0;32321.0
410800;33709.0;1228.0;32481.0
410900;33634.0;1273.0;32361.0
411000;33607.0;1246.0;32361.0
411100;33607.0;1246.0;32361.0
411200;33727.0;1246.0;32481.0
411300;33647.0;1246.0;32401.0
411400;33674.0;1273.0;32401.0
411500;33647.0;1246.0;32401.0
411600;33647.0;1246.0;32401.0
411700;33527.0;1246.0;32281.0
411800;33585.0;1264.0;32321.0
411900;33705.0;1264.0;32441.0
412000;33651.0;1210.0;32441.0
412100;33687.0;1246.0;32441.0
412200;33549.0;1228.0;32321.0
412300;33709.0;1228.0;32481.0
412400;33691.0;1210.0;32481.0
412500;33673.0;1192.0;32481.0
412600;33571.0;1210.0;32361.0
412700;33749.0;1228.0;32521.0
412800;33749.0;1228.0;32521.0
412900;33767.0;1246.0;32521.0
413000;33767.0;1246.0;32521.0
413100;33767.0;1246.0;32521.0
413200;33731.0;1210.0;32521.0
413300;33945.0;1264.0;32681.0
413400;33807.0;1246.0;32561.0
413500;33909.0;1228.0;32681.0
413600;33651.0;1210.0;32441.0
413700;33669.0;1228.0;32441.0
413800;33829.0;1228.0;32601.0
413900;33829.0;1228.0;32601.0
414000;34012.0;1291.0;32721.0
414100;33967.0;1246.0;32721.0
414200;33838.0;1237.0;32601.0
414300;34007.0;1246.0;32761.0
414400;33998.0;1237.0;32761.0
414500;34007.0;1246.0;32761.0
414600;33860.0;1219.0;32641.0
414700;33927.0;1246.0;32681.0
414800;34029.0;1228.0;32801.0
414900;33927.0;1246.0;32681.0
415000;33927.0;1246.0;32681.0
415100;33927.0;1246.0;32681.0
415200;34065.0;1264.0;32801.0
415300;33967.0;1246.0;32721.0
415400;33976.0;1255.0;32721.0
415500;33967.0;1246.0;32721.0
415600;33967.0;1246.0;32721.0
415700;33967.0;1246.0;32721.0
415800;34127.0;1246.0;32881.0
415900;34154.0;1273.0;32881.0
416000;33980.0;1219.0;32761.0
416100;34007.0;1246.0;32761.0
416200;34007.0;1246.0;32761.0
416300;34047.0;1246.0;32801.0
416400;33927.0;1246.0;32681.0
416500;33909.0;1228.0;32681.0
416600;34047.0;1246.0;32801.0
416700;34105.0;1264.0;32841.0
416800;33949.0;1228.0;32721.0
416900;33967.0;1246.0;32721.0
417000;34123.0;1282.0;32841.0
417100;34105.0;1264.0;32841.0
417200;34225.0;1264.0;32961.0
417300;34163.0;1282.0;32881.0
417400;34025.0;1264.0;32761.0
417500;34145.0;1264.0;32881.0
417600;34145.0;1264.0;32881.0
417700;34091.0;1210.0;32881.0
417800;34131.0;1210.0;32921.0
417900;34203.0;1282.0;32921.0
418000;34221.0;1300.0;32921.0
418100;34221.0;1300.0;32921.0
418200;34083.0;1282.0;32801.0
418300;34083.0;1282.0;32801.0
418400;34243.0;1282.0;32961.0
418500;34243.0;1282.0;32961.0
418600;34261.0;1300.0;32961.0
418700;34252.0;1291.0;32961.0
418800;34265.0;1264.0;33001.0
418900;34439.0;1318.0;33121.0
419000;34265.0;1264.0;33001.0
419100;34301.0;1300.0;33001.0
419200;34301.0;1300.0;33001.0
419300;34305.0;1264.0;33041.0
419400;34305.0;1264.0;33041.0
419500;34287.0;1246.0;33041.0
419600;34305.0;1264.0;33041.0
419700;34305.0;1264.0;33041.0
419800;34345.0;1264.0;33081.0
419900;34345.0;1264.0;33081.0
420000;34327.0;1246.0;33081.0
420100;34372.0;1291.0;33081.0
420200;34225.0;1264.0;32961.0
420300;34385.0;1264.0;33121.0
420400;34385.0;1264.0;33121.0
420500;34358.0;1237.0;33121.0
420600;34385.0;1264.0;33121.0
420700;34265.0;1264.0;33001.0
420800;34305.0;1264.0;33041.0
420900;34407.0;1246.0;33161.0
421000;34407.0;1246.0;33161.0
421100;34407.0;1246.0;33161.0
421200;34251.0;1210.0;33041.0
421300;34492.0;1291.0;33201.0
421400;34949.0;1228.0;33721.0
421500;34447.0;1246.0;33201.0
421600;34447.0;1246.0;33201.0
421700;34411.0;1210.0;33201.0
421800;34496.0;1255.0;33241.0
421900;34469.0;1228.0;33241.0
422000;34496.0;1255.0;33241.0
422100;34496.0;1255.0;33241.0
422200;34469.0;1228.0;33241.0
422300;34527.0;1246.0;33281.0
422400;34446.0;1165.0;33281.0
422500;34482.0;1201.0;33281.0
422600;34509.0;1228.0;33281.0
422700;34527.0;1246.0;33281.0
422800;34429.0;1228.0;33201.0
422900;34669.0;1228.0;33441.0
423000;34549.0;1228.0;33321.0
423100;34549.0;1228.0;33321.0
423200;34549.0;1228.0;33321.0
423300;34517.0;1156.0;33361.0
423400;34709.0;1228.0;33481.0
423500;34589.0;1228.0;33361.0
423600;34709.0;1228.0;33481.0
423700;34571.0;1210.0;33361.0
423800;34731.0;1210.0;33521.0
423900;34547.5;1266.5;33281.0
424000;34667.5;1266.5;33401.0
424100;34732.5;1211.5;33521.0
424200;34607.0;1206.0;33401.0
424300;34756.0;1195.0;33561.0
424400;34581.0;1140.0;33441.0
424500;34636.0;1195.0;33441.0
424600;34636.0;1195.0;33441.0
424700;34636.0;1195.0;33441.0
424800;34687.0;1206.0;33481.0
424900;34687.0;1206.0;33481.0
425000;34567.0;1206.0;33361.0
425100;34807.0;1206.0;33601.0
425200;34676.0;1195.0;33481.0
425300;35236.0;1195.0;34041.0
425400;34710.5;1189.5;33521.0
425500;34732.5;1211.5;33521.0
425600;34716.0;1195.0;33521.0
425700;34756.0;1195.0;33561.0
425800;34652.5;1211.5;33441.0
425900;34756.0;1195.0;33561.0
426000;34778.0;1217.0;33561.0
426100;34778.0;1217.0;33561.0
426200;34636.0;1195.0;33441.0
426300;34785.0;1184.0;33601.0
426400;34796.0;1195.0;33601.0
426500;34676.0;1195.0;33481.0
426600;34796.0;1195.0;33601.0
426700;34818.0;1217.0;33601.0
426800;34727.0;1206.0;33521.0
426900;34956.0;1195.0;33761.0
427000;34836.0;1195.0;33641.0
427100;34716.0;1195.0;33521.0
427200;34847.0;1206.0;33641.0
427300;34887.0;1206.0;33681.0
427400;35265.0;1184.0;34081.0
427500;35276.0;1195.0;34081.0
427600;34876.0;1195.0;33681.0
427700;34876.0;1195.0;33681.0
427800;34752.0;1151.0;33601.0
427900;34910.5;1189.5;33721.0
428000;34948.5;1227.5;33721.0
428100;34930.5;1209.5;33721.0
428200;34932.0;1211.0;33721.0
428300;34815.0;1214.0;33601.0
428400;34815.0;1214.0;33601.0
428500;34819.5;1218.5;33601.0
428600;34979.5;1218.5;33761.0
428700;34972.0;1211.0;33761.0
428800;35021.0;1220.0;33801.0
428900;35012.0;1211.0;33801.0
429000;35016.5;1215.5;33801.0
429100;35012.0;1211.0;33801.0
429200;35012.0;1211.0;33801.0
429300;35040.0;1199.0;33841.0
429400;35049.0;1208.0;33841.0
429500;35052.0;1211.0;33841.0
429600;35055.0;1214.0;33841.0
429700;35049.0;1208.0;33841.0
429800;35089.0;1208.0;33881.0
429900;35089.0;1208.0;33881.0
430000;35105.5;1224.5;33881.0
430100;35101.0;1220.0;33881.0
430200;35101.0;1220.0;33881.0
430300;35138.0;1217.0;33921.0
430400;35018.0;1217.0;33801.0
430500;35141.0;1220.0;33921.0
430600;35144.0;1223.0;33921.0
430700;35136.5;1215.5;33921.0
430800;35184.0;1223.0;33961.0
430900;35187.0;1226.0;33961.0
431000;35184.0;1223.0;33961.0
431100;35184.0;1223.0;33961.0
431200;35182.5;1221.5;33961.0
431300;35068.5;1227.5;33841.0
431400;35228.5;1227.5;34001.0
431500;35344.0;1223.0;34121.0
431600;35225.5;1224.5;34001.0
431700;35225.5;1224.5;34001.0
431800;35261.0;1220.0;34041.0
431900;35381.0;1220.0;34161.0
432000;35268.5;1227.5;34041.0
432100;35424.0;1223.0;34201.0
432200;35144.0;1223.0;33921.0
432300;35301.0;1220.0;34081.0
432400;35298.0;1217.0;34081.0
432500;35181.0;1220.0;33961.0
432600;35185.5;1224.5;33961.0
432700;35341.0;1220.0;34121.0
432800;35341.0;1220.0;34121.0
432900;35341.0;1220.0;34121.0
433000;34899.5;1218.5;33681.0
433100;34904.0;1223.0;33681.0
433200;35464.0;1223.0;34241.0
433300;35370.5;1209.5;34161.0
433400;35264.0;1223.0;34041.0
433500;35384.0;1223.0;34161.0
433600;35387.0;1226.0;34161.0
433700;35264.0;1223.0;34041.0
433800;35424.0;1223.0;34201.0
433900;35421.0;1220.0;34201.0
434000;35416.5;1215.5;34201.0
434100;35430.0;1229.0;34201.0
434200;35427.0;1226.0;34201.0
434300;35467.0;1226.0;34241.0
434400;35470.0;1229.0;34241.0
434500;35350.0;1229.0;34121.0
434600;35467.0;1226.0;34241.0
434700;35467.0;1226.0;34241.0
434800;35508.5;1227.5;34281.0
434900;35504.0;1223.0;34281.0
435000;35504.0;1223.0;34281.0
435100;35507.0;1226.0;34281.0
435200;35507.0;1226.0;34281.0
435300;35510.0;1229.0;34281.0
435400;35547.0;1226.0;34321.0
435500;35667.0;1226.0;34441.0
435600;35547.0;1226.0;34321.0
435700;35541.0;1220.0;34321.0
435800;35590.0;1229.0;34361.0
435900;35585.5;1224.5;34361.0
436000;35587.0;1226.0;34361.0
436100;35987.0;1226.0;34761.0
436200;35465.5;1224.5;34241.0
436300;35627.0;1226.0;34401.0
436400;35627.0;1226.0;34401.0
436500;35747.0;1226.0;34521.0
436600;35630.0;1229.0;34401.0
436700;35621.0;1220.0;34401.0
436800;35667.0;1226.0;34441.0
436900;35562.0;1241.0;34321.0
437000;35667.0;1226.0;34441.0
437100;35662.5;1221.5;34441.0
437200;35544.0;1223.0;34321.0
437300;35544.0;1223.0;34321.0
437400;35588.5;1227.5;34361.0
437500;35704.0;1223.0;34481.0
437600;35579.5;1218.5;34361.0
437700;35864.0;1223.0;34641.0
437800;35745.5;1224.5;34521.0
437900;35741.0;1220.0;34521.0
438000;35741.0;1220.0;34521.0
438100;35861.0;1220.0;34641.0
438200;35741.0;1220.0;34521.0
438300;35781.0;1220.0;34561.0
438400;35778.0;1217.0;34561.0
438500;36178.0;1217.0;34961.0
438600;35778.0;1217.0;34561.0
438700;35778.0;1217.0;34561.0
438800;35707.0;1226.0;34481.0
438900;35698.0;1217.0;34481.0
439000;35938.0;1217.0;34721.0
439100;35818.0;1217.0;34601.0
439200;35818.0;1217.0;34601.0
439300;35862.5;1221.5;34641.0
439400;35858.0;1217.0;34641.0
439500;35978.0;1217.0;34761.0
439600;35862.5;1221.5;34641.0
439700;35856.5;1215.5;34641.0
439800;35893.5;1212.5;34681.0
439900;35898.0;1217.0;34681.0
440000;35898.0;1217.0;34681.0
440100;35898.0;1217.0;34681.0
440200;35898.0;1217.0;34681.0
440300;35938.0;1217.0;34721.0
440400;35938.0;1217.0;34721.0
440500;35938.0;1217.0;34721.0
440600;35941.0;1220.0;34721.0
440700;35941.0;1220.0;34721.0
440800;35935.0;1214.0;34721.0
440900;35855.0;1214.0;34641.0
441000;35985.5;1224.5;34761.0
441100;35979.5;1218.5;34761.0
441200;35975.0;1214.0;34761.0
441300;36141.0;1220.0;34921.0
441400;35898.0;1217.0;34681.0
441500;36018.0;1217.0;34801.0
441600;36015.0;1214.0;34801.0
441700;36178.0;1217.0;34961.0
441800;36058.0;1217.0;34841.0
441900;36054.0;1213.0;34841.0
442000;36080.0;1239.0;34841.0
442100;36060.0;1219.0;34841.0
442200;36060.0;1219.0;34841.0
442300;36116.0;1235.0;34881.0
442400;36116.0;1235.0;34881.0
442500;36122.0;1241.0;34881.0
442600;35994.0;1233.0;34761.0
442700;36280.0;1239.0;35041.0
442800;36038.0;1237.0;34801.0
442900;36164.0;1243.0;34921.0
443000;36160.0;1239.0;34921.0
443100;36156.0;1235.0;34921.0
443200;36152.0;1231.0;34921.0
443300;36152.0;1231.0;34921.0
443400;36316.0;1235.0;35081.0
443500;36196.0;1235.0;34961.0
443600;36316.0;1235.0;35081.0
443700;36196.0;1235.0;34961.0
443800;36236.0;1235.0;35001.0
443900;36236.0;1235.0;35001.0
444000;36106.0;1225.0;34881.0
444100;36407.0;1246.0;35161.0
444200;36650.0;1249.0;35401.0
444300;36290.0;1249.0;35041.0
444400;36290.0;1249.0;35041.0
444500;36290.0;1249.0;35041.0
444600;36284.0;1243.0;35041.0
444700;36290.0;1249.0;35041.0
444800;36336.0;1255.0;35081.0
444900;36336.0;1255.0;35081.0
445000;36330.0;1249.0;35081.0
445100;36210.0;1249.0;34961.0
445200;36324.0;1243.0;35081.0
445300;36364.0;1243.0;35121.0
445400;36364.0;1243.0;35121.0
445500;36370.0;1249.0;35121.0
445600;36364.0;1243.0;35121.0
445700;36364.0;1243.0;35121.0
445800;36404.0;1243.0;35161.0
445900;36410.0;1249.0;35161.0
446000;36401.0;1240.0;35161.0
446100;36404.0;1243.0;35161.0
446200;36404.0;1243.0;35161.0
446300;36426.0;1225.0;35201.0
446400;36444.0;1243.0;35201.0
446500;36315.0;1234.0;35081.0
446600;36453.0;1252.0;35201.0
446700;36444.0;1243.0;35201.0
446800;36484.0;1243.0;35241.0
446900;36478.0;1237.0;35241.0
447000;36478.0;1237.0;35241.0
447100;36373.0;1252.0;35121.0
447200;36493.0;1252.0;35241.0
447300;36653.0;1252.0;35401.0
447400;36404.0;1243.0;35161.0
447500;36524.0;1243.0;35281.0
447600;36533.0;1252.0;35281.0
447700;36524.0;1243.0;35281.0
447800;36558.0;1237.0;35321.0
447900;36450.0;1249.0;35201.0
448000;36693.0;1252.0;35441.0
448100;36581.5;1260.5;35321.0
448200;36697.0;1256.0;35441.0
448300;36738.0;1257.0;35481.0
448400;36618.0;1257.0;35361.0
448500;36618.0;1257.0;35361.0
448600;37017.0;1256.0;35761.0
448700;36617.5;1256.5;35361.0
448800;36617.0;1256.0;35361.0
448900;36656.0;1255.0;35401.0
449000;36659.0;1258.0;35401.0
449100;36658.0;1257.0;35401.0
449200;36658.0;1257.0;35401.0
449300;36698.0;1257.0;35441.0
449400;36701.5;1260.5;35441.0
449500;36698.0;1257.0;35441.0
449600;36578.0;1257.0;35321.0
449700;36697.0;1256.0;35441.0
449800;36738.5;1257.5;35481.0
449900;36618.0;1257.0;35361.0
450000;36738.0;1257.0;35481.0
450100;36739.5;1258.5;35481.0
450200;36859.5;1258.5;35601.0
450300;36899.0;1258.0;35641.0
450400;36779.0;1258.0;35521.0
450500;36779.0;1258.0;35521.0
450600;36899.0;1258.0;35641.0
450700;36779.0;1258.0;35521.0
450800;36821.5;1260.5;35561.0
450900;36937.0;1256.0;35681.0
451000;36698.0;1257.0;35441.0
451100;36819.5;1258.5;35561.0
451200;36819.0;1258.0;35561.0
451300;36859.0;1258.0;35601.0
451400;36858.0;1257.0;35601.0
451500;36858.5;1257.5;35601.0
451600;36861.5;1260.5;35601.0
451700;36860.0;1259.0;35601.0
451800;37019.0;1258.0;35761.0
451900;36899.0;1258.0;35641.0
452000;36900.5;1259.5;35641.0
452100;37020.5;1259.5;35761.0
452200;36779.5;1258.5;35521.0
452300;36937.5;1256.5;35681.0
452400;36938.0;1257.0;35681.0
452500;36937.0;1256.0;35681.0
452600;37058.0;1257.0;35801.0
452700;36938.0;1257.0;35681.0
452800;36978.0;1257.0;35721.0
452900;37098.0;1257.0;35841.0
453000;37499.5;1258.5;36241.0
453100;36979.5;1258.5;35721.0
453200;36980.0;1259.0;35721.0
453300;37020.0;1259.0;35761.0
453400;37021.0;1260.0;35761.0
453500;37020.0;1259.0;35761.0
453600;37021.0;1260.0;35761.0
453700;36995.0;1234.0;35761.0
453800;36519.0;1278.0;35241.0
453900;37079.0;1278.0;35801.0
454000;36983.0;1302.0;35681.0
454100;37063.0;1262.0;35801.0
454200;37183.0;1262.0;35921.0
454300;37191.0;1270.0;35921.0
454400;36991.0;1270.0;35721.0
454500;37003.0;1282.0;35721.0
454600;37111.0;1270.0;35841.0
454700;37111.0;1270.0;35841.0
454800;37143.0;1262.0;35881.0
454900;37267.0;1266.0;36001.0
455000;37151.0;1270.0;35881.0
455100;37271.0;1270.0;36001.0
455200;37151.0;1270.0;35881.0
455300;37215.0;1294.0;35921.0
455400;37191.0;1270.0;35921.0
455500;37191.0;1270.0;35921.0
455600;37191.0;1270.0;35921.0
455700;37199.0;1278.0;35921.0
455800;37239.0;1278.0;35961.0
455900;37121.0;1280.0;35841.0
456000;37249.0;1288.0;35961.0
456100;37251.0;1290.0;35961.0
456200;37251.0;1290.0;35961.0
456300;37291.0;1290.0;36001.0
456400;37414.0;1293.0;36121.0
456500;37294.0;1293.0;36001.0
456600;37291.0;1290.0;36001.0
456700;37291.0;1290.0;36001.0
456800;37332.0;1291.0;36041.0
456900;37329.0;1288.0;36041.0
457000;37326.0;1285.0;36041.0
457100;37329.0;1288.0;36041.0
457200;37329.0;1288.0;36041.0
457300;37331.0;1290.0;36041.0
457400;37369.0;1288.0;36081.0
457500;37369.0;1288.0;36081.0
457600;37769.0;1288.0;36481.0
457700;37369.0;1288.0;36081.0
457800;37409.0;1288.0;36121.0
457900;37406.0;1285.0;36121.0
458000;37409.0;1288.0;36121.0
458100;37409.0;1288.0;36121.0
458200;37289.0;1288.0;36001.0
458300;37570.0;1289.0;36281.0
458400;37449.0;1288.0;36161.0
458500;37452.0;1291.0;36161.0
458600;37449.0;1288.0;36161.0
458700;37451.0;1290.0;36161.0
458800;37492.0;1291.0;36201.0
458900;37489.0;1288.0;36201.0
459000;37489.0;1288.0;36201.0
459100;37486.0;1285.0;36201.0
459200;37491.0;1290.0;36201.0
459300;37639.0;1278.0;36361.0
459400;37648.0;1287.0;36361.0
459500;37408.0;1287.0;36121.0
459600;37527.0;1286.0;36241.0
459700;37527.0;1286.0;36241.0
459800;37570.0;1289.0;36281.0
459900;37570.0;1289.0;36281.0
460000;37569.0;1288.0;36281.0
460100;37567.0;1286.0;36281.0
460200;37689.0;1288.0;36401.0
460300;37609.0;1288.0;36321.0
460400;37609.0;1288.0;36321.0
460500;37610.0;1289.0;36321.0
460600;37609.0;1288.0;36321.0
460700;37491.0;1290.0;36201.0
460800;37526.0;1285.0;36241.0
460900;37646.0;1285.0;36361.0
461000;37646.0;1285.0;36361.0
461100;37651.0;1290.0;36361.0
461200;37650.0;1289.0;36361.0
461300;37687.0;1286.0;36401.0
461400;37687.0;1286.0;36401.0
461500;37687.0;1286.0;36401.0
461600;37567.0;1286.0;36281.0
461700;37687.0;1286.0;36401.0
461800;37847.0;1286.0;36561.0
461900;37721.0;1280.0;36441.0
462000;37727.0;1286.0;36441.0
462100;37720.0;1279.0;36441.0
462200;37727.0;1286.0;36441.0
462300;37727.0;1286.0;36441.0
462400;37753.0;1272.0;36481.0
462500;37779.0;1298.0;36481.0
462600;38059.0;1298.0;36761.0
462700;38053.0;1292.0;36761.0
462800;37711.0;1310.0;36401.0
462900;37695.0;1294.0;36401.0
463000;37819.0;1298.0;36521.0
463100;37943.0;1302.0;36641.0
463200;37939.0;1298.0;36641.0
463300;37855.0;1294.0;36561.0
463400;37979.0;1298.0;36681.0
463500;37739.0;1298.0;36441.0
463600;37859.0;1298.0;36561.0
463700;37857.0;1296.0;36561.0
463800;37875.0;1314.0;36561.0
463900;37795.0;1314.0;36481.0
464000;37911.0;1310.0;36601.0
464100;38031.0;1310.0;36721.0
464200;37917.0;1316.0;36601.0
464300;37797.0;1316.0;36481.0
464400;37835.0;1314.0;36521.0
464500;37831.0;1310.0;36521.0
464600;37951.0;1310.0;36641.0
464700;37949.0;1308.0;36641.0
464800;37995.0;1314.0;36681.0
464900;38115.0;1314.0;36801.0
465000;37995.0;1314.0;36681.0
465100;37991.0;1310.0;36681.0
465200;38129.0;1328.0;36801.0
465300;38035.0;1314.0;36721.0
465400;38035.0;1314.0;36721.0
465500;38035.0;1314.0;36721.0
465600;37907.0;1306.0;36601.0
465700;37907.0;1306.0;36601.0
465800;38191.0;1310.0;36881.0
465900;38079.0;1318.0;36761.0
466000;37639.0;1318.0;36321.0
466100;37959.0;1318.0;36641.0
466200;38199.0;1318.0;36881.0
466300;38079.0;1318.0;36761.0
466400;38119.0;1318.0;36801.0
466500;37999.0;1318.0;36681.0
466600;38119.0;1318.0;36801.0
466700;38119.0;1318.0;36801.0
466800;38039.0;1318.0;36721.0
466900;38159.0;1318.0;36841.0
467000;38159.0;1318.0;36841.0
467100;38159.0;1318.0;36841.0
467200;38159.0;1318.0;36841.0
467300;38199.0;1318.0;36881.0
467400;38199.0;1318.0;36881.0
467500;38199.0;1318.0;36881.0
467600;38199.0;1318.0;36881.0
467700;38199.0;1318.0;36881.0
467800;38080.5;1279.5;36801.0
467900;38250.0;1329.0;36921.0
468000;38239.0;1318.0;36921.0
468100;38255.5;1334.5;36921.0
468200;38244.5;1323.5;36921.0
468300;38340.5;1379.5;36961.0
468400;38309.0;1348.0;36961.0
468500;38305.5;1344.5;36961.0
468600;38709.0;1348.0;37361.0
468700;38469.0;1348.0;37121.0
468800;38490.0;1369.0;37121.0
468900;38352.5;1351.5;37001.0
469000;38342.0;1341.0;37001.0
469100;38342.0;1341.0;37001.0
469200;38342.0;1341.0;37001.0
469300;38211.5;1330.5;36881.0
469400;38211.5;1330.5;36881.0
469500;38495.0;1334.0;37161.0
469600;38371.5;1330.5;37041.0
469700;38382.0;1341.0;37041.0
469800;38436.0;1355.0;37081.0
469900;38295.0;1334.0;36961.0
470000;38411.5;1330.5;37081.0
470100;38295.0;1334.0;36961.0
470200;38415.0;1334.0;37081.0
470300;38455.0;1334.0;37121.0
470400;38455.0;1334.0;37121.0
470500;38444.5;1323.5;37121.0
470600;38465.5;1344.5;37121.0
470700;38455.0;1334.0;37121.0
470800;38502.0;1341.0;37161.0
470900;38662.0;1341.0;37321.0
471000;38382.0;1341.0;37041.0
471100;38622.0;1341.0;37281.0
471200;38646.5;1365.5;37281.0
471300;38671.0;1350.0;37321.0
471400;38572.0;1371.0;37201.0
471500;38576.5;1375.5;37201.0
471600;38696.5;1375.5;37321.0
471700;38572.0;1371.0;37201.0
471800;38732.0;1371.0;37361.0
471900;38612.0;1371.0;37241.0
472000;38612.0;1371.0;37241.0
472100;38609.0;1368.0;37241.0
472200;38609.0;1368.0;37241.0
472300;38649.0;1368.0;37281.0
472400;38529.0;1368.0;37161.0
472500;38764.5;1363.5;37401.0
472600;38650.5;1369.5;37281.0
472700;38641.5;1360.5;37281.0
472800;38566.0;1365.0;37201.0
472900;38563.0;1362.0;37201.0
473000;39092.0;1371.0;37721.0
473100;38681.5;1360.5;37321.0
473200;38813.5;1372.5;37441.0
473300;38733.5;1372.5;37361.0
473400;38610.5;1369.5;37241.0
473500;38726.0;1365.0;37361.0
473600;38721.5;1360.5;37361.0
473700;38726.0;1365.0;37361.0
473800;39166.0;1365.0;37801.0
473900;38766.0;1365.0;37401.0
474000;39166.0;1365.0;37801.0
474100;38886.0;1365.0;37521.0
474200;38641.5;1360.5;37281.0
474300;38803.0;1362.0;37441.0
474400;38806.0;1365.0;37441.0
474500;38683.0;1362.0;37321.0
474600;38684.5;1363.5;37321.0
474700;38807.5;1366.5;37441.0
474800;38843.0;1362.0;37481.0
474900;38843.0;1362.0;37481.0
475000;38960.0;1359.0;37601.0
475100;38834.0;1353.0;37481.0
475200;38723.0;1362.0;37361.0
475300;39003.0;1362.0;37641.0
475400;39003.0;1362.0;37641.0
475500;38880.0;1359.0;37521.0
475600;38877.0;1356.0;37521.0
475700;38875.5;1354.5;37521.0
475800;38917.0;1356.0;37561.0
475900;38797.0;1356.0;37441.0
476000;38917.0;1356.0;37561.0
476100;38917.0;1356.0;37561.0
476200;39040.0;1359.0;37681.0
476300;38797.0;1356.0;37441.0
476400;38794.0;1353.0;37441.0
476500;38952.5;1351.5;37601.0
476600;38957.0;1356.0;37601.0
476700;39120.0;1359.0;37761.0
476800;39114.0;1353.0;37761.0
476900;38875.5;1354.5;37521.0
477000;38874.0;1353.0;37521.0
477100;38982.0;1341.0;37641.0
477200;38991.0;1350.0;37641.0
477300;38591.0;1350.0;37241.0
477400;39031.0;1350.0;37681.0
477500;39031.0;1350.0;37681.0
477600;39034.0;1353.0;37681.0
477700;39034.0;1353.0;37681.0
477800;39077.0;1356.0;37721.0
477900;39194.0;1353.0;37841.0
478000;39069.5;1348.5;37721.0
478100;39069.5;1348.5;37721.0
478200;39074.0;1353.0;37721.0
478300;39114.0;1353.0;37761.0
478400;39114.0;1353.0;37761.0
478500;38991.0;1350.0;37641.0
478600;39111.0;1350.0;37761.0
478700;38986.5;1345.5;37641.0
478800;39151.0;1350.0;37801.0
478900;39151.0;1350.0;37801.0
479000;39265.0;1344.0;37921.0
479100;39148.0;1347.0;37801.0
479200;39145.0;1344.0;37801.0
479300;39188.0;1347.0;37841.0
479400;39191.0;1350.0;37841.0
479500;39195.5;1354.5;37841.0
479600;39075.5;1354.5;37721.0
479700;39191.0;1350.0;37841.0
479800;39234.0;1353.0;37881.0
479900;39237.0;1356.0;37881.0
480000;39234.0;1353.0;37881.0
480100;39327.0;1326.0;38001.0
480200;39358.5;1357.5;38001.0
480300;39278.5;1357.5;37921.0
480400;39289.0;1368.0;37921.0
480500;39289.0;1368.0;37921.0
480600;39169.0;1368.0;37801.0
480700;39449.0;1368.0;38081.0
480800;39322.0;1361.0;37961.0
480900;39322.0;1361.0;37961.0
481000;39202.0;1361.0;37841.0
481100;39202.0;1361.0;37841.0
481200;39318.5;1357.5;37961.0
481300;39475.0;1354.0;38121.0
481400;39485.5;1364.5;38121.0
481500;39365.5;1364.5;38001.0
481600;39355.0;1354.0;38001.0
481700;39355.0;1354.0;38001.0
481800;39395.0;1354.0;38041.0
481900;39374.0;1333.0;38041.0
482000;39525.5;1364.5;38161.0
482100;39508.0;1347.0;38161.0
482200;39508.0;1347.0;38161.0
482300;39400.0;1319.0;38081.0
482400;39534.0;1333.0;38201.0
482500;39421.0;1340.0;38081.0
482600;39421.0;1340.0;38081.0
482700;39431.5;1350.5;38081.0
482800;39471.5;1350.5;38121.0
482900;39471.5;1350.5;38121.0
483000;39461.0;1340.0;38121.0
483100;39461.0;1340.0;38121.0
483200;39461.0;1340.0;38121.0
483300;39501.0;1340.0;38161.0
483400;39965.0;1284.0;38681.0
483500;39473.0;1312.0;38161.0
483600;39508.0;1347.0;38161.0
483700;39508.0;1347.0;38161.0
483800;39590.0;1389.0;38201.0
483900;39583.0;1382.0;38201.0
484000;39463.0;1382.0;38081.0
484100;39583.0;1382.0;38201.0
484200;39555.0;1354.0;38201.0
484300;39597.0;1396.0;38201.0
484400;39555.0;1354.0;38201.0
484500;39555.0;1354.0;38201.0
484600;39609.0;1368.0;38241.0
484700;39658.0;1417.0;38241.0
484800;39649.0;1368.0;38281.0
484900;39635.0;1354.0;38281.0
485000;39642.0;1361.0;38281.0
485100;39642.0;1361.0;38281.0
485200;39663.0;1382.0;38281.0
485300;39703.0;1382.0;38321.0
485400;39703.0;1382.0;38321.0
485500;39689.0;1368.0;38321.0
485600;39555.0;1354.0;38201.0
485700;39689.0;1368.0;38321.0
485800;39729.0;1368.0;38361.0
485900;39729.0;1368.0;38361.0
486000;39289.0;1368.0;37921.0
486100;39729.0;1368.0;38361.0
486200;40115.0;1354.0;38761.0
486300;39748.0;1347.0;38401.0
486400;39889.0;1368.0;38521.0
486500;39663.0;1382.0;38281.0
486600;39783.0;1382.0;38401.0
486700;39734.0;1333.0;38401.0
486800;39703.0;1382.0;38321.0
486900;39703.0;1382.0;38321.0
487000;39809.0;1368.0;38441.0
487100;39717.0;1396.0;38321.0
487200;39957.0;1396.0;38561.0
487300;39877.0;1396.0;38481.0
487400;39877.0;1396.0;38481.0
487500;39884.0;1403.0;38481.0
487600;39891.0;1410.0;38481.0
487700;39863.0;1382.0;38481.0
487800;39783.0;1382.0;38401.0
487900;39931.0;1410.0;38521.0
488000;39931.0;1410.0;38521.0
488100;40051.0;1410.0;38641.0
488200;39931.0;1410.0;38521.0
488300;39811.0;1410.0;38401.0
488400;39901.0;1340.0;38561.0
488500;39823.0;1382.0;38441.0
488600;39964.0;1403.0;38561.0
488700;39964.0;1403.0;38561.0
488800;39983.0;1382.0;38601.0
488900;39997.0;1396.0;38601.0
489000;40011.0;1410.0;38601.0
489100;39928.0;1327.0;38601.0
489200;39917.0;1316.0;38601.0
489300;40067.0;1426.0;38641.0
489400;40089.0;1448.0;38641.0
489500;40209.0;1448.0;38761.0
489600;40100.0;1459.0;38641.0
489700;40122.0;1481.0;38641.0
489800;40162.0;1481.0;38681.0
489900;40249.0;1448.0;38801.0
490000;40107.0;1426.0;38681.0
490100;40085.0;1404.0;38681.0
490200;40107.0;1426.0;38681.0
490300;40267.0;1426.0;38841.0
490400;40147.0;1426.0;38721.0
490500;40147.0;1426.0;38721.0
490600;40202.0;1481.0;38721.0
490700;40147.0;1426.0;38721.0
490800;40187.0;1426.0;38761.0
490900;40187.0;1426.0;38761.0
491000;40209.0;1448.0;38761.0
491100;40187.0;1426.0;38761.0
491200;40209.0;1448.0;38761.0
491300;40347.0;1426.0;38921.0
491400;40271.0;1470.0;38801.0
491500;40249.0;1448.0;38801.0
491600;40227.0;1426.0;38801.0
491700;40205.0;1404.0;38801.0
491800;40267.0;1426.0;38841.0
491900;40267.0;1426.0;38841.0
492000;39849.0;1448.0;38401.0
492100;40289.0;1448.0;38841.0
492200;40311.0;1470.0;38841.0
492300;40195.0;1514.0;38681.0
492400;40329.0;1448.0;38881.0
492500;40449.0;1448.0;39001.0
492600;40482.0;1481.0;39001.0
492700;40318.0;1437.0;38881.0
492800;40489.0;1448.0;39041.0
492900;40369.0;1448.0;38921.0
493000;40227.0;1426.0;38801.0
493100;40347.0;1426.0;38921.0
493200;40325.0;1404.0;38921.0
493300;40343.0;1382.0;38961.0
493400;40267.0;1426.0;38841.0
493500;39827.0;1426.0;38401.0
493600;40387.0;1426.0;38961.0
493700;40376.0;1415.0;38961.0
493800;40558.0;1437.0;39121.0
493900;40393.0;1512.0;38881.0
494000;40459.0;1458.0;39001.0
494100;40459.0;1458.0;39001.0
494200;40459.0;1458.0;39001.0
494300;40499.0;1458.0;39041.0
494400;40499.0;1458.0;39041.0
494500;40487.0;1446.0;39041.0
494600;40379.0;1458.0;38921.0
494700;40523.0;1482.0;39041.0
494800;40659.0;1458.0;39201.0
494900;40539.0;1458.0;39081.0
495000;40539.0;1458.0;39081.0
495100;40939.0;1458.0;39481.0
495200;40539.0;1458.0;39081.0
495300;40699.0;1458.0;39241.0
495400;40465.0;1464.0;39001.0
495500;40579.0;1458.0;39121.0
495600;40597.0;1476.0;39121.0
495700;40471.0;1470.0;39001.0
495800;40661.0;1500.0;39161.0
495900;40499.0;1458.0;39041.0
496000;40499.0;1458.0;39041.0
496100;40619.0;1458.0;39161.0
496200;40529.0;1488.0;39041.0
496300;40671.0;1470.0;39201.0
496400;40671.0;1470.0;39201.0
496500;40647.0;1446.0;39201.0
496600;40611.0;1410.0;39201.0
496700;40647.0;1446.0;39201.0
496800;40687.0;1446.0;39241.0
496900;40681.0;1440.0;39241.0
497000;40687.0;1446.0;39241.0
497100;40555.0;1434.0;39121.0
497200;40567.0;1446.0;39121.0
497300;40555.0;1434.0;39121.0
497400;40739.0;1458.0;39281.0
497500;40607.0;1446.0;39161.0
497600;40847.0;1446.0;39401.0
497700;40727.0;1446.0;39281.0
497800;40767.0;1446.0;39321.0
497900;40821.0;1500.0;39321.0
498000;40767.0;1446.0;39321.0
498100;40749.0;1428.0;39321.0
498200;40767.0;1446.0;39321.0
498300;40807.0;1446.0;39361.0
498400;40783.0;1422.0;39361.0
498500;40813.0;1452.0;39361.0
498600;40795.0;1434.0;39361.0
498700;40795.0;1434.0;39361.0
498800;40868.0;1467.0;39401.0
498900;40850.0;1449.0;39401.0
499000;40841.0;1440.0;39401.0
499100;40841.0;1440.0;39401.0
499200;40841.0;1440.0;39401.0
499300;40841.0;1440.0;39401.0
499400;41004.0;1443.0;39561.0
499500;40893.0;1452.0;39441.0
499600;40881.0;1440.0;39441.0
499700;41041.0;1440.0;39601.0
499800;40921.0;1440.0;39481.0
499900;40921.0;1440.0;39481.0
500000;41318.0;1437.0;39881.0
500100;40933.0;1452.0;39481.0
500200;40801.0;1440.0;39361.0
500300;40952.0;1431.0;39521.0
500400;40952.0;1431.0;39521.0
500500;40952.0;1431.0;39521.0
500600;41081.0;1440.0;39641.0
500700;40961.0;1440.0;39521.0
500800;41001.0;1440.0;39561.0
500900;41121.0;1440.0;39681.0
501000;41001.0;1440.0;39561.0
501100;41001.0;1440.0;39561.0
501200;40995.0;1434.0;39561.0
501300;41441.0;1440.0;40001.0
501400;41035.0;1434.0;39601.0
501500;40975.0;1374.0;39601.0
501600;41055.0;1454.0;39601.0
501700;41215.0;1454.0;39761.0
501800;41095.0;1454.0;39641.0
501900;41026.0;1505.0;39521.0
502000;41091.0;1450.0;39641.0
502100;41101.0;1460.0;39641.0
502200;41101.0;1460.0;39641.0
502300;41126.0;1445.0;39681.0
502400;41131.0;1450.0;39681.0
502500;41011.0;1450.0;39561.0
502600;41251.0;1450.0;39801.0
502700;41141.0;1460.0;39681.0
502800;41176.0;1455.0;39721.0
502900;41061.0;1460.0;39601.0
503000;41181.0;1460.0;39721.0
503100;41106.0;1385.0;39721.0
503200;41205.0;1484.0;39721.0
503300;41272.0;1511.0;39761.0
503400;41365.0;1484.0;39881.0
503500;41245.0;1484.0;39761.0
503600;41263.0;1502.0;39761.0
503700;41263.0;1502.0;39761.0
503800;41183.0;1502.0;39681.0
503900;41183.0;1502.0;39681.0
504000;41303.0;1502.0;39801.0
504100;41303.0;1502.0;39801.0
504200;41321.0;1520.0;39801.0
504300;41321.0;1520.0;39801.0
504400;41334.0;1493.0;39841.0
504500;41334.0;1493.0;39841.0
504600;41334.0;1493.0;39841.0
504700;41361.0;1520.0;39841.0
504800;41401.0;1520.0;39881.0
504900;41401.0;1520.0;39881.0
505000;41383.0;1502.0;39881.0
505100;40961.0;1520.0;39441.0
505200;41521.0;1520.0;40001.0
505300;41561.0;1520.0;40041.0
505400;41441.0;1520.0;39921.0
505500;41468.0;1547.0;39921.0
505600;41339.0;1538.0;39801.0
505700;41321.0;1520.0;39801.0
505800;41499.0;1538.0;39961.0
505900;41601.0;1520.0;40081.0
506000;41481.0;1520.0;39961.0
506100;41601.0;1520.0;40081.0
506200;41592.0;1511.0;40081.0
506300;41566.0;1565.0;40001.0
506400;41539.0;1538.0;40001.0
506500;41419.0;1538.0;39881.0
506600;41539.0;1538.0;40001.0
506700;41539.0;1538.0;40001.0
506800;41539.0;1538.0;40001.0
506900;41561.0;1520.0;40041.0
507000;41579.0;1538.0;40041.0
507100;41579.0;1538.0;40041.0
507200;41579.0;1538.0;40041.0
507300;41646.0;1565.0;40081.0
507400;41592.0;1511.0;40081.0
507500;41481.0;1520.0;39961.0
507600;41508.0;1547.0;39961.0
507700;41601.0;1520.0;40081.0
507800;41641.0;1520.0;40121.0
507900;41513.0;1392.0;40121.0
508000;41519.5;1518.5;40001.0
508100;41674.0;1553.0;40121.0
508200;41674.0;1553.0;40121.0
508300;41714.0;1553.0;40161.0
508400;41714.0;1553.0;40161.0
508500;41714.0;1553.0;40161.0
508600;41748.5;1587.5;40161.0
508700;41714.0;1553.0;40161.0
508800;41908.5;1587.5;40321.0
508900;41874.0;1553.0;40321.0
509000;41754.0;1553.0;40201.0
509100;41634.0;1553.0;40081.0
509200;41668.5;1587.5;40081.0
509300;41714.5;1633.5;40081.0
509400;41794.0;1553.0;40241.0
509500;41960.0;1599.0;40361.0
509600;41817.0;1576.0;40241.0
509700;42000.0;1599.0;40401.0
509800;41880.0;1599.0;40281.0
509900;41880.0;1599.0;40281.0
510000;41880.0;1599.0;40281.0
510100;41880.0;1599.0;40281.0
510200;41903.0;1622.0;40281.0
510300;41943.0;1622.0;40321.0
510400;41862.5;1541.5;40321.0
510500;41943.0;1622.0;40321.0
510600;41874.0;1553.0;40321.0
510700;41920.0;1599.0;40321.0
510800;41983.0;1622.0;40361.0
510900;41983.0;1622.0;40361.0
511000;42006.0;1645.0;40361.0
511100;41783.0;1622.0;40161.0
511200;41783.0;1622.0;40161.0
511300;41863.0;1622.0;40241.0
511400;42023.0;1622.0;40401.0
511500;42046.0;1645.0;40401.0
511600;42046.0;1645.0;40401.0
511700;42046.0;1645.0;40401.0
511800;42080.5;1679.5;40401.0
511900;42109.0;1668.0;40441.0
512000;42086.0;1645.0;40441.0
512100;42086.0;1645.0;40441.0
512200;42051.5;1610.5;40441.0
512300;42103.0;1622.0;40481.0
512400;42126.0;1645.0;40481.0
512500;42091.5;1610.5;40481.0
512600;42091.5;1610.5;40481.0
512700;42103.0;1622.0;40481.0
512800;42143.0;1622.0;40521.0
512900;42030.0;1509.0;40521.0
513000;42060.0;1659.0;40401.0
513100;42360.0;1719.0;40641.0
513200;42210.0;1689.0;40521.0
513300;42250.0;1689.0;40561.0
513400;42220.0;1659.0;40561.0
513500;42220.0;1659.0;40561.0
513600;42070.0;1629.0;40441.0
513700;42380.0;1659.0;40721.0
513800;42260.0;1659.0;40601.0
513900;42140.0;1659.0;40481.0
514000;42380.0;1659.0;40721.0
514100;42110.0;1629.0;40481.0
514200;42110.0;1629.0;40481.0
514300;42080.0;1599.0;40481.0
514400;42195.0;1674.0;40521.0
514500;42270.0;1629.0;40641.0
514600;42165.0;1524.0;40641.0
514700;42270.0;1629.0;40641.0
514800;42310.0;1629.0;40681.0
514900;42340.0;1659.0;40681.0
515000;42280.0;1599.0;40681.0
515100;42400.0;1599.0;40801.0
515200;42280.0;1599.0;40681.0
515300;42350.0;1629.0;40721.0
515400;42335.0;1614.0;40721.0
515500;42275.0;1674.0;40601.0
515600;42350.0;1629.0;40721.0
515700;42390.0;1629.0;40761.0
515800;42390.0;1629.0;40761.0
515900;42435.0;1674.0;40761.0
516000;42360.0;1599.0;40761.0
516100;42390.0;1629.0;40761.0
516200;42315.0;1554.0;40761.0
516300;42355.0;1554.0;40801.0
516400;42490.0;1689.0;40801.0
516500;42460.0;1659.0;40801.0
516600;42310.0;1629.0;40681.0
516700;42475.0;1674.0;40801.0
516800;42350.0;1629.0;40721.0
516900;42635.0;1674.0;40961.0
517000;42590.0;1629.0;40961.0
517100;42560.0;1599.0;40961.0
517200;42410.0;1569.0;40841.0
517300;42350.0;1629.0;40721.0
517400;42395.0;1674.0;40721.0
517500;42555.0;1674.0;40881.0
517600;42510.0;1629.0;40881.0
517700;42510.0;1629.0;40881.0
517800;42460.0;1659.0;40801.0
517900;42490.0;1689.0;40801.0
518000;42490.0;1689.0;40801.0
518100;42580.0;1659.0;40921.0
518200;42460.0;1659.0;40801.0
518300;42460.0;1659.0;40801.0
518400;42590.0;1629.0;40961.0
518500;42575.0;1614.0;40961.0
518600;42620.0;1659.0;40961.0
518700;42620.0;1659.0;40961.0
518800;42690.0;1689.0;41001.0
518900;42690.0;1689.0;41001.0
519000;42660.0;1659.0;41001.0
519100;42690.0;1689.0;41001.0
519200;42600.0;1719.0;40881.0
519300;42730.0;1689.0;41041.0
519400;42730.0;1689.0;41041.0
519500;42730.0;1689.0;41041.0
519600;42745.0;1704.0;41041.0
519700;42800.0;1719.0;41081.0
519800;42330.0;1689.0;40641.0
519900;42770.0;1689.0;41081.0
520000;42800.0;1719.0;41081.0
520100;42770.0;1689.0;41081.0
520200;42815.0;1734.0;41081.0
520300;42650.0;1689.0;40961.0
520400;42690.0;1689.0;41001.0
520500;42810.0;1689.0;41121.0
520600;42840.0;1719.0;41121.0
520700;43000.0;1719.0;41281.0
520800;42880.0;1719.0;41161.0
520900;43000.0;1719.0;41281.0
521000;42910.0;1749.0;41161.0
521100;42955.0;1674.0;41281.0
521200;42955.0;1674.0;41281.0
521300;42890.0;1689.0;41201.0
521400;42890.0;1689.0;41201.0
521500;42890.0;1689.0;41201.0
521600;42890.0;1689.0;41201.0
521700;42920.0;1719.0;41201.0
521800;42830.0;1629.0;41201.0
521900;42860.0;1659.0;41201.0
522000;42900.0;1659.0;41241.0
522100;42780.0;1659.0;41121.0
522200;42845.0;1484.0;41361.0
522300;42952.0;1671.0;41281.0
522400;43072.0;1671.0;41401.0
522500;42850.0;1569.0;41281.0
522600;43072.0;1671.0;41401.0
522700;42952.0;1671.0;41281.0
522800;42838.0;1637.0;41201.0
522900;43026.0;1705.0;41321.0
523000;42958.0;1637.0;41321.0
523100;42958.0;1637.0;41321.0
523200;42839.0;1518.0;41321.0
523300;42907.0;1586.0;41321.0
523400;42878.0;1637.0;41241.0
523500;42878.0;1637.0;41241.0
523600;42684.0;1443.0;41241.0
523700;43014.0;1653.0;41361.0
523800;42934.0;1653.0;41281.0
523900;43096.0;1695.0;41401.0
524000;43096.0;1695.0;41401.0
524100;43054.0;1653.0;41401.0
524200;42871.0;1590.0;41281.0
524300;43031.0;1590.0;41441.0
524400;43151.0;1590.0;41561.0
524500;43094.0;1653.0;41441.0
524600;43094.0;1653.0;41441.0
524700;43094.0;1653.0;41441.0
524800;43014.0;1653.0;41361.0
524900;43212.0;1611.0;41601.0
525000;43254.0;1653.0;41601.0
525100;43134.0;1653.0;41481.0
525200;43134.0;1653.0;41481.0
525300;43203.0;1842.0;41361.0
525400;43145.5;1824.5;41321.0
525500;43360.5;1719.5;41641.0
525600;43308.0;1667.0;41641.0
525700;43508.0;1667.0;41841.0
525800;43228.0;1667.0;41561.0
525900;43048.0;1487.0;41561.0
526000;43246.0;1685.0;41561.0
526100;43246.0;1685.0;41561.0
526200;43290.0;1729.0;41561.0
526300;43236.0;1795.0;41441.0
526400;43286.0;1685.0;41601.0
526500;43449.0;1848.0;41601.0
526600;43262.0;1661.0;41601.0
526700;43296.0;1695.0;41601.0
526800;43336.0;1695.0;41641.0
526900;43302.0;1661.0;41641.0
527000;43422.0;1661.0;41761.0
527100;43268.0;1627.0;41641.0
527200;43268.0;1627.0;41641.0
527300;43708.0;1627.0;42081.0
527400;43708.0;1627.0;42081.0
527500;43290.0;1729.0;41561.0
527600;43410.0;1729.0;41681.0
527700;43376.0;1695.0;41681.0
527800;43501.0;1780.0;41721.0
527900;43296.0;1695.0;41601.0
528000;43587.0;1746.0;41841.0
528100;43587.0;1746.0;41841.0
528200;43569.0;1848.0;41721.0
528300;43610.0;1729.0;41881.0
528400;43456.0;1695.0;41761.0
528500;43456.0;1695.0;41761.0
528600;43405.0;1644.0;41761.0
528700;43582.0;1661.0;41921.0
528800;43547.0;1746.0;41801.0
528900;43530.0;1729.0;41801.0
529000;43496.0;1695.0;41801.0
529100;43496.0;1695.0;41801.0
529200;43479.0;1678.0;41801.0
529300;43570.0;1729.0;41841.0
529400;43484.0;1763.0;41721.0
529500;43604.0;1763.0;41841.0
529600;43570.0;1729.0;41841.0
529700;43553.0;1712.0;41841.0
529800;43576.0;1695.0;41881.0
529900;43456.0;1695.0;41761.0
530000;43730.0;1729.0;42001.0
530100;43576.0;1695.0;41881.0
530200;43576.0;1695.0;41881.0
530300;43616.0;1695.0;41921.0
530400;43616.0;1695.0;41921.0
530500;43616.0;1695.0;41921.0
530600;43565.0;1644.0;41921.0
530700;43514.0;1593.0;41921.0
530800;43570.0;1729.0;41841.0
530900;43690.0;1729.0;41961.0
531000;43656.0;1695.0;41961.0
531100;43536.0;1695.0;41841.0
531200;43536.0;1695.0;41841.0
531300;43730.0;1729.0;42001.0
531400;43679.0;1678.0;42001.0
531500;43730.0;1729.0;42001.0
531600;43679.0;1678.0;42001.0
531700;43770.0;1729.0;42041.0
531800;43770.0;1729.0;42041.0
531900;43650.0;1729.0;41921.0
532000;43701.0;1780.0;41921.0
532100;43770.0;1729.0;42041.0
532200;43804.0;1763.0;42041.0
532300;43650.0;1729.0;41921.0
532400;43639.0;1678.0;41961.0
532500;43810.0;1729.0;42081.0
532600;43759.0;1678.0;42081.0
532700;43690.0;1729.0;41961.0
532800;43682.0;1561.0;42121.0
532900;43902.0;1781.0;42121.0
533000;43902.0;1781.0;42121.0
533100;43962.0;1841.0;42121.0
533200;43942.0;1821.0;42121.0
533300;44362.0;1801.0;42561.0
533400;43982.0;1821.0;42161.0
533500;43982.0;1821.0;42161.0
533600;43982.0;1821.0;42161.0
533700;44082.0;1921.0;42161.0
533800;43942.0;1781.0;42161.0
533900;44022.0;1821.0;42201.0
534000;44022.0;1821.0;42201.0
534100;44042.0;1961.0;42081.0
534200;44062.0;1861.0;42201.0
534300;44102.0;1861.0;42241.0
534400;44242.0;2001.0;42241.0
534500;44142.0;1901.0;42241.0
534600;44142.0;1901.0;42241.0
534700;44162.0;1921.0;42241.0
534800;44250.5;2089.5;42161.0
534900;44231.0;1950.0;42281.0
535000;44111.0;1950.0;42161.0
535100;44231.0;1950.0;42281.0
535200;44277.5;1996.5;42281.0
535300;44391.0;1950.0;42441.0
535400;44364.0;2043.0;42321.0
535500;44391.0;1950.0;42441.0
535600;44193.5;1872.5;42321.0
535700;44364.0;2043.0;42321.0
535800;44311.0;1950.0;42361.0
535900;44357.5;1996.5;42361.0
536000;44311.0;1950.0;42361.0
536100;44311.0;1950.0;42361.0
536200;44280.0;1919.0;42361.0
536300;44440.0;1919.0;42521.0
536400;44502.0;1981.0;42521.0
536500;44351.0;1950.0;42401.0
536600;44242.5;1841.5;42401.0
536700;44200.0;1919.0;42281.0
536800;44391.0;1950.0;42441.0
536900;44422.0;1981.0;42441.0
537000;44422.0;1981.0;42441.0
537100;44344.5;1903.5;42441.0
537200;44391.0;1950.0;42441.0
537300;44431.0;1950.0;42481.0
537400;44255.5;1934.5;42321.0
537500;44462.0;1981.0;42481.0
537600;44462.0;1981.0;42481.0
537700;44415.5;1934.5;42481.0
537800;44455.5;1934.5;42521.0
537900;44455.5;1934.5;42521.0
538000;44471.0;1950.0;42521.0
538100;44471.0;1950.0;42521.0
538200;44599.0;2078.0;42521.0
538300;44759.0;2078.0;42681.0
538400;44529.0;1968.0;42561.0
538500;44529.0;1968.0;42561.0
538600;44398.0;1837.0;42561.0
538700;44943.0;1982.0;42961.0
538800;44583.0;1982.0;42601.0
538900;44612.0;2011.0;42601.0
539000;44670.0;2069.0;42601.0
539100;44670.0;2069.0;42601.0
539200;44670.0;2069.0;42601.0
539300;44652.0;2011.0;42641.0
539400;44695.5;2054.5;42641.0
539500;44695.5;2054.5;42641.0
539600;44623.0;1982.0;42641.0
539700;44783.0;1982.0;42801.0
539800;44692.0;2011.0;42681.0
539900;44663.0;1982.0;42681.0
540000;44692.0;2011.0;42681.0
540100;44812.0;2011.0;42801.0
540200;44812.0;2011.0;42801.0
540300;44790.0;2069.0;42721.0
540400;44586.5;2025.5;42561.0
540500;44641.0;2040.0;42601.0
540600;44761.0;2040.0;42721.0
540700;44761.0;2040.0;42721.0
540800;44732.0;2011.0;42721.0
540900;44772.0;2011.0;42761.0
541000;44786.5;2025.5;42761.0
541100;44699.5;1938.5;42761.0
541200;44757.5;1996.5;42761.0
541300;44797.5;1996.5;42801.0
541400;45270.0;2069.0;43201.0
541500;44961.0;2040.0;42921.0
541600;45030.0;2069.0;42961.0
541700;44884.5;2083.5;42801.0
541800;44761.0;2040.0;42721.0
541900;44717.5;1996.5;42721.0
542000;44837.5;1996.5;42841.0
542100;45001.0;2040.0;42961.0
542200;44761.0;2040.0;42721.0
542300;45042.0;2161.0;42881.0
542400;45162.0;2161.0;43001.0
542500;44958.0;2077.0;42881.0
542600;44958.0;2077.0;42881.0
542700;44958.0;2077.0;42881.0
542800;45019.0;2098.0;42921.0
542900;45095.0;2014.0;43081.0
543000;44998.0;2077.0;42921.0
543100;45118.0;2077.0;43041.0
543200;45118.0;2077.0;43041.0
543300;45038.0;2077.0;42961.0
543400;45038.0;2077.0;42961.0
543500;45038.0;2077.0;42961.0
543600;45038.0;2077.0;42961.0
543700;45069.5;2108.5;42961.0
543800;45078.0;2077.0;43001.0
543900;45198.0;2077.0;43121.0
544000;45099.0;2098.0;43001.0
544100;45099.0;2098.0;43001.0
544200;45219.0;2098.0;43121.0
544300;45139.0;2098.0;43041.0
544400;45139.0;2098.0;43041.0
544500;45139.0;2098.0;43041.0
544600;45139.0;2098.0;43041.0
544700;45539.0;2098.0;43441.0
544800;45179.0;2098.0;43081.0
544900;45179.0;2098.0;43081.0
545000;45179.0;2098.0;43081.0
545100;45158.0;2077.0;43081.0
545200;45147.5;2066.5;43081.0
545300;45339.0;2098.0;43241.0
545400;45514.0;1993.0;43521.0
545500;45339.0;2098.0;43241.0
545600;45208.5;2087.5;43121.0
545700;45198.0;2077.0;43121.0
545800;45259.0;2098.0;43161.0
545900;45729.0;2168.0;43561.0
546000;45238.0;2077.0;43161.0
546100;45252.0;2091.0;43161.0
546200;45252.0;2091.0;43161.0
546300;45320.0;2119.0;43201.0
546400;45320.0;2119.0;43201.0
546500;45193.0;2112.0;43081.0
546600;45278.0;2077.0;43201.0
546700;45172.0;2091.0;43081.0
546800;45473.0;2112.0;43361.0
546900;45346.0;2105.0;43241.0
547000;45226.0;2105.0;43121.0
547100;45226.0;2105.0;43121.0
547200;45346.0;2105.0;43241.0
547300;45372.0;2091.0;43281.0
547400;45400.0;2119.0;43281.0
547500;45372.0;2091.0;43281.0
547600;45386.0;2105.0;43281.0
547700;45386.0;2105.0;43281.0
547800;45426.0;2105.0;43321.0
547900;45426.0;2105.0;43321.0
548000;44972.0;2091.0;42881.0
548100;45426.0;2105.0;43321.0
548200;45426.0;2105.0;43321.0
548300;45452.0;2091.0;43361.0
548400;45600.0;2119.0;43481.0
548500;45458.0;2097.0;43361.0
548600;45342.0;2101.0;43241.0
548700;45462.0;2101.0;43361.0
548800;45502.0;2101.0;43401.0
548900;45908.0;2107.0;43801.0
549000;45502.0;2101.0;43401.0
549100;45386.0;2105.0;43281.0
549200;45498.0;2097.0;43401.0
549300;45538.0;2097.0;43441.0
549400;45374.0;2093.0;43281.0
549500;45538.0;2097.0;43441.0
549600;45534.0;2093.0;43441.0
549700;45538.0;2097.0;43441.0
549800;45578.0;2097.0;43481.0
549900;45578.0;2097.0;43481.0
550000;45574.0;2093.0;43481.0
550100;45578.0;2097.0;43481.0
550200;45573.0;2092.0;43481.0
550300;45624.0;2103.0;43521.0
550400;45622.0;2101.0;43521.0
550500;45622.0;2101.0;43521.0
550600;45622.0;2101.0;43521.0
550700;45622.0;2101.0;43521.0
550800;45664.0;2103.0;43561.0
550900;45664.0;2103.0;43561.0
551000;45664.0;2103.0;43561.0
551100;45667.0;2106.0;43561.0
551200;45784.0;2103.0;43681.0
551300;45704.0;2103.0;43601.0
551400;45664.0;2103.0;43561.0
551500;45144.0;2103.0;43041.0
551600;45544.0;2103.0;43441.0
551700;45704.0;2103.0;43601.0
551800;45857.0;2096.0;43761.0
551900;45864.0;2103.0;43761.0
552000;45866.0;2105.0;43761.0
552100;45742.0;2101.0;43641.0
552200;45744.0;2103.0;43641.0
552300;45904.0;2103.0;43801.0
552400;45907.0;2106.0;43801.0
552500;45906.0;2105.0;43801.0
552600;45875.0;2074.0;43801.0
552700;45680.0;2119.0;43561.0
552800;45960.0;2119.0;43841.0
552900;45831.0;2110.0;43721.0
553000;45831.0;2110.0;43721.0
553100;45831.0;2110.0;43721.0
553200;45706.5;2105.5;43601.0
553300;45889.0;2128.0;43761.0
553400;45889.0;2128.0;43761.0
553500;45889.0;2128.0;43761.0
553600;45889.0;2128.0;43761.0
553700;45898.0;2137.0;43761.0
553800;45938.0;2137.0;43801.0
553900;45809.0;2128.0;43681.0
554000;45871.0;2070.0;43801.0
554100;45913.0;2112.0;43801.0
554200;45814.0;2133.0;43681.0
554300;46066.0;2105.0;43961.0
554400;45960.0;2119.0;43841.0
554500;45840.0;2119.0;43721.0
554600;45520.0;2119.0;43401.0
554700;45918.0;2077.0;43841.0
554800;45880.0;2119.0;43761.0
554900;46014.0;2133.0;43881.0
555000;46120.0;2119.0;44001.0
555100;45986.0;2105.0;43881.0
555200;45986.0;2105.0;43881.0
555300;46026.0;2105.0;43921.0
555400;45998.0;2077.0;43921.0
555500;46019.0;2098.0;43921.0
555600;46033.0;2112.0;43921.0
555700;45586.0;2105.0;43481.0
555800;46193.0;2112.0;44081.0
555900;46052.0;2091.0;43961.0
556000;46066.0;2105.0;43961.0
556100;46052.0;2091.0;43961.0
556200;46038.0;2077.0;43961.0
556300;45946.0;2105.0;43841.0
556400;45946.0;2105.0;43841.0
556500;46120.0;2119.0;44001.0
556600;46120.0;2119.0;44001.0
556700;45666.0;2105.0;43561.0
556800;46160.0;2119.0;44041.0
556900;46160.0;2119.0;44041.0
557000;46146.0;2105.0;44041.0
557100;46160.0;2119.0;44041.0
557200;46174.0;2133.0;44041.0
557300;46160.0;2119.0;44041.0
557400;46214.0;2133.0;44081.0
557500;46235.0;2154.0;44081.0
557600;46094.0;2133.0;43961.0
557700;46094.0;2133.0;43961.0
557800;46160.0;2199.0;43961.0
557900;46392.0;2151.0;44241.0
558000;46400.0;2159.0;44241.0
558100;46304.0;2183.0;44121.0
558200;46272.0;2151.0;44121.0
558300;46320.0;2159.0;44161.0
558400;46320.0;2159.0;44161.0
558500;46320.0;2159.0;44161.0
558600;46320.0;2159.0;44161.0
558700;46480.0;2159.0;44321.0
558800;46760.0;2159.0;44601.0
558900;46752.0;2151.0;44601.0
559000;46352.0;2151.0;44201.0
559100;46244.0;2163.0;44081.0
559200;46360.0;2159.0;44201.0
559300;46400.0;2159.0;44241.0
559400;46400.0;2159.0;44241.0
559500;46280.0;2159.0;44121.0
559600;46400.0;2159.0;44241.0
559700;46560.0;2159.0;44401.0
559800;46304.0;2143.0;44161.0
559900;46432.0;2151.0;44281.0
560000;46432.0;2151.0;44281.0
560100;46432.0;2151.0;44281.0
560200;46312.0;2151.0;44161.0
560300;46472.0;2151.0;44321.0
560400;46472.0;2151.0;44321.0
560500;46352.0;2151.0;44201.0
560600;46316.0;2155.0;44161.0
560700;46368.0;2167.0;44201.0
560800;46484.0;2123.0;44361.0
560900;46520.0;2159.0;44361.0
561000;46508.0;2147.0;44361.0
561100;46072.0;2151.0;43921.0
561200;46520.0;2159.0;44361.0
561300;46128.0;2167.0;43961.0
561400;46688.0;2167.0;44521.0
561500;46584.0;2183.0;44401.0
561600;46560.0;2159.0;44401.0
561700;46568.0;2167.0;44401.0
561800;46720.0;2159.0;44561.0
561900;46700.0;2139.0;44561.0
562000;46600.0;2159.0;44441.0
562100;46616.0;2175.0;44441.0
562200;46728.0;2167.0;44561.0
562300;46476.0;2155.0;44321.0
562400;46768.0;2167.0;44601.0
562500;46768.0;2167.0;44601.0
562600;46636.0;2155.0;44481.0
562700;46656.0;2175.0;44481.0
562800;46688.0;2167.0;44521.0
562900;46704.0;2183.0;44521.0
563000;46684.0;2163.0;44521.0
563100;46696.0;2175.0;44521.0
563200;46688.0;2167.0;44521.0
563300;46728.0;2167.0;44561.0
563400;46740.0;2179.0;44561.0
563500;46640.0;2199.0;44441.0
563600;46736.0;2175.0;44561.0
563700;46736.0;2175.0;44561.0
563800;46776.0;2175.0;44601.0
563900;46776.0;2175.0;44601.0
564000;46776.0;2175.0;44601.0
564100;46656.0;2175.0;44481.0
564200;46896.0;2175.0;44721.0
564300;46820.0;2179.0;44641.0
564400;46816.0;2175.0;44641.0
564500;46696.0;2175.0;44521.0
564600;46696.0;2175.0;44521.0
564700;46792.0;2151.0;44641.0
564800;46976.0;2175.0;44801.0
564900;46324.0;2203.0;44121.0
565000;46868.0;2187.0;44681.0
565100;46724.0;2163.0;44561.0
565200;46968.0;2167.0;44801.0
565300;46888.0;2167.0;44721.0
565400;46888.0;2167.0;44721.0
565500;46888.0;2167.0;44721.0
565600;46888.0;2167.0;44721.0
565700;46888.0;2167.0;44721.0
565800;46920.0;2159.0;44761.0
565900;47036.0;2155.0;44881.0
566000;46936.0;2175.0;44761.0
566100;46496.0;2175.0;44321.0
566200;46920.0;2159.0;44761.0
566300;46960.0;2159.0;44801.0
566400;46972.0;2171.0;44801.0
566500;46960.0;2159.0;44801.0
566600;46840.0;2159.0;44681.0
566700;46960.0;2159.0;44801.0
566800;46976.0;2135.0;44841.0
566900;47000.0;2159.0;44841.0
567000;47000.0;2159.0;44841.0
567100;46872.0;2151.0;44721.0
567200;46992.0;2151.0;44841.0
567300;47160.0;2159.0;45001.0
567400;47048.0;2167.0;44881.0
567500;47032.0;2151.0;44881.0
567600;47188.0;2147.0;45041.0
567700;47040.0;2159.0;44881.0
567800;47044.0;2163.0;44881.0
567900;46960.0;2159.0;44801.0
568000;47080.0;2159.0;44921.0
568100;47092.0;2171.0;44921.0
568200;47080.0;2159.0;44921.0
568300;47120.0;2159.0;44961.0
568400;47120.0;2159.0;44961.0
568500;47000.0;2159.0;44841.0
568600;47120.0;2159.0;44961.0
568700;47120.0;2159.0;44961.0
568800;47160.0;2159.0;45001.0
568900;47168.0;2167.0;45001.0
569000;47164.0;2163.0;45001.0
569100;47168.0;2167.0;45001.0
569200;47172.0;2171.0;45001.0
569300;47200.0;2159.0;45041.0
569400;47200.0;2159.0;45041.0
569500;47184.0;2143.0;45041.0
569600;47360.0;2159.0;45201.0
569700;47200.0;2159.0;45041.0
569800;47240.0;2159.0;45081.0
569900;47248.0;2167.0;45081.0
570000;47240.0;2159.0;45081.0
570100;47240.0;2159.0;45081.0
570200;47232.0;2151.0;45081.0
570300;47400.0;2159.0;45241.0
570400;47280.0;2159.0;45121.0
570500;47288.0;2167.0;45121.0
570600;47280.0;2159.0;45121.0
570700;47288.0;2167.0;45121.0
570800;47328.0;2167.0;45161.0
570900;47328.0;2167.0;45161.0
571000;47324.0;2163.0;45161.0
571100;47324.0;2163.0;45161.0
571200;47324.0;2163.0;45161.0
571300;47376.0;2175.0;45201.0
571400;47376.0;2175.0;45201.0
571500;47384.0;2183.0;45201.0
571600;47256.0;2175.0;45081.0
571700;47372.0;2171.0;45201.0
571800;47288.0;2167.0;45121.0
571900;47296.0;2175.0;45121.0
572000;47416.0;2175.0;45241.0
572100;47416.0;2175.0;45241.0
572200;47416.0;2175.0;45241.0
572300;47472.0;2191.0;45281.0
572400;47456.0;2175.0;45281.0
572500;47344.0;2183.0;45161.0
572600;47456.0;2175.0;45281.0
572700;47464.0;2183.0;45281.0
572800;47624.0;2183.0;45441.0
572900;47496.0;2175.0;45321.0
573000;47496.0;2175.0;45321.0
573100;47492.0;2171.0;45321.0
573200;47528.0;2207.0;45321.0
573300;47532.0;2171.0;45361.0
573400;47536.0;2175.0;45361.0
573500;47096.0;2175.0;44921.0
573600;47540.0;2179.0;45361.0
573700;48096.0;2175.0;45921.0
573800;47568.0;2167.0;45401.0
573900;47688.0;2167.0;45521.0
574000;47688.0;2167.0;45521.0
574100;47568.0;2167.0;45401.0
574200;47568.0;2167.0;45401.0
574300;47600.0;2159.0;45441.0
574400;47600.0;2159.0;45441.0
574500;47500.0;2179.0;45321.0
574600;47500.0;2179.0;45321.0
574700;47488.0;2167.0;45321.0
574800;47760.0;2159.0;45601.0
574900;47640.0;2159.0;45481.0
575000;47640.0;2159.0;45481.0
575100;47640.0;2159.0;45481.0
575200;47656.0;2175.0;45481.0
575300;47648.0;2167.0;45481.0
575400;47520.0;2159.0;45361.0
575500;47580.0;2179.0;45401.0
575600;47696.0;2175.0;45521.0
575700;47864.0;2183.0;45681.0
575800;47620.0;2179.0;45441.0
575900;47740.0;2179.0;45561.0
576000;47728.0;2167.0;45561.0
576100;47604.0;2163.0;45441.0
576200;47724.0;2163.0;45561.0
576300;47896.0;2175.0;45721.0
576400;47896.0;2175.0;45721.0
576500;47336.0;2175.0;45161.0
576600;47336.0;2175.0;45161.0
576700;47916.0;2155.0;45761.0
576800;47816.0;2175.0;45641.0
576900;47816.0;2175.0;45641.0
577000;47824.0;2183.0;45641.0
577100;47824.0;2183.0;45641.0
577200;47696.0;2175.0;45521.0
577300;47864.0;2183.0;45681.0
577400;47876.0;2195.0;45681.0
577500;47864.0;2183.0;45681.0
577600;47856.0;2175.0;45681.0
577700;47864.0;2183.0;45681.0
577800;48016.0;2175.0;45841.0
577900;47772.0;2171.0;45601.0
578000;47784.0;2183.0;45601.0
578100;47792.0;2191.0;45601.0
578200;47904.0;2183.0;45721.0
578300;47504.0;2183.0;45321.0
578400;47970.0;2209.0;45761.0
578500;47828.0;2187.0;45641.0
578600;47790.0;2149.0;45641.0
578700;47960.0;2199.0;45761.0
578800;48000.0;2199.0;45801.0
578900;48120.0;2199.0;45921.0
579000;48160.0;2239.0;45921.0
579100;48010.0;2209.0;45801.0
579200;47880.0;2199.0;45681.0
579300;48052.5;2211.5;45841.0
579400;48050.0;2209.0;45841.0
579500;48052.5;2211.5;45841.0
579600;48205.0;2204.0;46001.0
579700;48050.0;2209.0;45841.0
579800;48085.0;2204.0;45881.0
579900;48085.0;2204.0;45881.0
580000;48085.0;2204.0;45881.0
580100;48085.0;2204.0;45881.0
580200;48085.0;2204.0;45881.0
580300;48085.0;2204.0;45881.0
580400;48125.0;2204.0;45921.0
580500;48010.0;2209.0;45801.0
580600;48130.0;2209.0;45921.0
580700;48165.0;2204.0;45961.0
580800;48182.5;2221.5;45961.0
580900;48190.5;2229.5;45961.0
581000;48189.5;2228.5;45961.0
581100;48189.5;2228.5;45961.0
581200;48187.0;2226.0;45961.0
581300;48227.0;2226.0;46001.0
581400;48228.0;2227.0;46001.0
581500;48348.0;2227.0;46121.0
581600;48228.0;2227.0;46001.0
581700;48225.5;2224.5;46001.0
581800;48268.0;2227.0;46041.0
581900;48148.0;2227.0;45921.0
582000;48268.0;2227.0;46041.0
582100;48067.0;2226.0;45841.0
582200;48269.0;2228.0;46041.0
582300;48309.0;2228.0;46081.0
582400;48147.0;2226.0;45921.0
582500;48307.0;2226.0;46081.0
582600;48468.0;2227.0;46241.0
582700;48308.0;2227.0;46081.0
582800;48348.0;2227.0;46121.0
582900;48348.0;2227.0;46121.0
583000;48347.0;2226.0;46121.0
583100;48346.0;2225.0;46121.0
583200;48198.0;2197.0;46001.0
583300;48533.0;2252.0;46281.0
583400;48378.0;2217.0;46161.0
583500;48418.0;2257.0;46161.0
583600;48413.0;2252.0;46161.0
583700;48413.0;2252.0;46161.0
583800;48453.0;2252.0;46201.0
583900;48453.0;2252.0;46201.0
584000;48443.0;2242.0;46201.0
584100;48463.0;2262.0;46201.0
584200;48433.0;2232.0;46201.0
584300;48433.0;2232.0;46201.0
584400;48463.0;2222.0;46241.0
584500;48463.0;2222.0;46241.0
584600;48353.0;2232.0;46121.0
584700;48473.0;2232.0;46241.0
584800;48523.0;2242.0;46281.0
584900;48503.0;2222.0;46281.0
585000;48518.0;2237.0;46281.0
585100;48438.0;2157.0;46281.0
585200;48528.0;2247.0;46281.0
585300;48568.0;2247.0;46321.0
585400;48575.5;2254.5;46321.0
585500;48583.0;2262.0;46321.0
585600;48568.0;2247.0;46321.0
585700;48583.0;2262.0;46321.0
585800;48623.0;2262.0;46361.0
585900;48408.0;2247.0;46161.0
586000;48638.0;2277.0;46361.0
586100;48638.0;2277.0;46361.0
586200;48623.0;2262.0;46361.0
586300;48623.0;2262.0;46361.0
586400;48488.0;2247.0;46241.0
586500;48663.0;2262.0;46401.0
586600;48663.0;2262.0;46401.0
586700;48543.0;2262.0;46281.0
586800;48703.0;2262.0;46441.0
586900;48703.0;2262.0;46441.0
587000;48703.0;2262.0;46441.0
587100;48703.0;2262.0;46441.0
587200;49088.0;2247.0;46841.0
587300;48743.0;2262.0;46481.0
587400;48743.0;2262.0;46481.0
587500;48623.0;2262.0;46361.0
587600;48608.0;2247.0;46361.0
587700;48743.0;2262.0;46481.0
587800;48783.0;2262.0;46521.0
587900;48805.5;2284.5;46521.0
588000;48918.0;2277.0;46641.0
588100;48663.0;2262.0;46401.0
588200;48783.0;2262.0;46521.0
588300;48663.0;2262.0;46401.0
588400;49223.0;2262.0;46961.0
588500;48845.5;2284.5;46561.0
588600;48845.5;2284.5;46561.0
588700;48975.5;2254.5;46721.0
588800;48848.0;2247.0;46601.0
588900;48848.0;2247.0;46601.0
589000;48885.5;2164.5;46721.0
589100;48849.5;2248.5;46601.0
589200;48807.5;2206.5;46601.0
589300;48847.5;2206.5;46641.0
589400;48921.0;2280.0;46641.0
589500;49020.0;2259.0;46761.0
589600;48963.0;2322.0;46641.0
589700;48900.0;2259.0;46641.0
589800;48961.0;2280.0;46681.0
589900;48940.0;2259.0;46681.0
590000;48940.0;2259.0;46681.0
590100;48919.0;2238.0;46681.0
590200;48940.0;2259.0;46681.0
590300;48917.0;2196.0;46721.0
590400;49121.0;2280.0;46841.0
590500;49100.0;2259.0;46841.0
590600;49001.0;2280.0;46721.0
590700;48881.0;2280.0;46601.0
590800;49093.5;2332.5;46761.0
590900;49161.0;2280.0;46881.0
591000;49041.0;2280.0;46761.0
591100;49041.0;2280.0;46761.0
591200;49009.5;2248.5;46761.0
591300;48921.0;2280.0;46641.0
591400;49081.0;2280.0;46801.0
591500;49081.0;2280.0;46801.0
591600;49081.0;2280.0;46801.0
591700;49081.0;2280.0;46801.0
591800;49241.0;2280.0;46961.0
591900;49089.5;2248.5;46841.0
592000;49079.0;2238.0;46841.0
592100;49079.0;2238.0;46841.0
592200;49100.0;2259.0;46841.0
592300;49140.0;2259.0;46881.0
592400;49140.0;2259.0;46881.0
592500;49249.5;2248.5;47001.0
592600;49171.5;2290.5;46881.0
592700;49255.5;2374.5;46881.0
592800;49201.0;2280.0;46921.0
592900;49232.5;2311.5;46921.0
593000;49301.5;2380.5;46921.0
593100;49178.0;2257.0;46921.0
593200;49223.5;2302.5;46921.0
593300;49257.0;2296.0;46961.0
593400;49257.0;2296.0;46961.0
593500;49137.0;2296.0;46841.0
593600;49257.0;2296.0;46961.0
593700;49257.0;2296.0;46961.0
593800;49177.0;2296.0;46881.0
593900;49310.0;2309.0;47001.0
594000;49349.0;2348.0;47001.0
594100;49336.0;2335.0;47001.0
594200;49323.0;2322.0;47001.0
594300;49248.5;2367.5;46881.0
594400;49350.0;2309.0;47041.0
594500;49350.0;2309.0;47041.0
594600;49330.5;2289.5;47041.0
594700;49337.0;2296.0;47041.0
594800;49337.0;2296.0;47041.0
594900;49337.0;2296.0;47041.0
595000;49377.0;2296.0;47081.0
595100;49377.0;2296.0;47081.0
595200;49390.0;2309.0;47081.0
595300;49204.0;2283.0;46921.0
595400;49404.0;2283.0;47121.0
595500;49537.0;2296.0;47241.0
595600;49397.5;2276.5;47121.0
595700;49371.5;2250.5;47121.0
595800;49444.0;2283.0;47161.0
595900;49444.0;2283.0;47161.0
596000;49431.0;2270.0;47161.0
596100;49444.0;2283.0;47161.0
596200;49337.0;2296.0;47041.0
596300;49484.0;2283.0;47201.0
596400;49471.0;2270.0;47201.0
596500;49383.5;2302.5;47081.0
596600;49503.5;2302.5;47201.0
596700;49484.0;2283.0;47201.0
596800;49644.0;2283.0;47361.0
596900;49644.0;2283.0;47361.0
597000;49504.5;2263.5;47241.0
597100;49248.5;2327.5;46921.0
597200;49399.5;2278.5;47121.0
597300;49559.5;2278.5;47281.0
597400;49721.5;2320.5;47401.0
597500;49559.5;2278.5;47281.0
597600;49563.0;2282.0;47281.0
597700;49563.0;2282.0;47281.0
597800;49476.0;2275.0;47201.0
597900;49596.0;2275.0;47321.0
598000;49596.0;2275.0;47321.0
598100;49599.5;2278.5;47321.0
598200;49709.0;2268.0;47441.0
598300;49622.0;2261.0;47361.0
598400;49629.0;2268.0;47361.0
598500;49629.0;2268.0;47361.0
598600;49637.0;2276.0;47361.0
598700;49808.0;2287.0;47521.0
598800;49677.0;2276.0;47401.0
598900;49677.0;2276.0;47401.0
599000;49677.0;2276.0;47401.0
599100;49677.0;2276.0;47401.0
599200;49693.5;2292.5;47401.0
599300;49568.0;2287.0;47281.0
599400;49766.5;2325.5;47441.0
599500;49733.5;2292.5;47441.0
599600;49717.0;2276.0;47441.0
599700;49717.0;2276.0;47441.0
599800;49757.0;2276.0;47481.0
599900;49740.5;2259.5;47481.0
600000;49757.0;2276.0;47481.0
600100;49757.0;2276.0;47481.0
600200;49746.0;2265.0;47481.0
600300;49757.0;2276.0;47481.0
600400;49797.0;2276.0;47521.0
600500;49797.0;2276.0;47521.0
600600;49797.0;2276.0;47521.0
600700;49797.0;2276.0;47521.0
600800;49859.0;2298.0;47561.0
600900;49831.5;2270.5;47561.0
601000;49859.0;2298.0;47561.0
601100;49859.0;2298.0;47561.0
601200;49820.5;2259.5;47561.0
601300;50012.0;2331.0;47681.0
601400;49772.0;2331.0;47441.0
601500;49899.0;2298.0;47601.0
601600;50075.5;2314.5;47761.0
601700;49722.5;2281.5;47441.0
601800;49722.5;2281.5;47441.0
601900;50048.0;2287.0;47761.0
602000;50048.0;2287.0;47761.0
602100;50048.0;2287.0;47761.0
602200;49922.5;2281.5;47641.0
602300;49819.0;2298.0;47521.0
602400;49995.5;2314.5;47681.0
602500;49968.0;2287.0;47681.0
602600;50139.0;2298.0;47841.0
602700;49986.0;2265.0;47721.0
602800;50019.0;2298.0;47721.0
602900;50063.0;2342.0;47721.0
603000;50030.0;2309.0;47721.0
603100;50030.0;2309.0;47721.0
603200;50030.0;2309.0;47721.0
603300;50177.5;2336.5;47841.0
603400;50092.0;2331.0;47761.0
603500;50064.5;2303.5;47761.0
603600;50202.5;2281.5;47921.0
603700;50121.0;2320.0;47801.0
603800;50110.0;2309.0;47801.0
603900;50110.0;2309.0;47801.0
604000;50230.0;2309.0;47921.0
604100;49990.0;2309.0;47681.0
604200;50050.5;2249.5;47801.0
604300;50253.0;2332.0;47921.0
604400;50173.0;2332.0;47841.0
604500;50173.0;2332.0;47841.0
604600;50150.5;2309.5;47841.0
604700;50213.0;2332.0;47881.0
604800;50348.0;2347.0;48001.0
604900;50198.0;2317.0;47881.0
605000;50198.0;2317.0;47881.0
605100;50198.0;2317.0;47881.0
605200;50228.0;2347.0;47881.0
605300;50198.0;2317.0;47881.0
605400;50253.0;2332.0;47921.0
605500;50260.5;2339.5;47921.0
605600;50238.0;2317.0;47921.0
605700;50420.5;2339.5;48081.0
605800;50278.0;2317.0;47961.0
605900;50413.0;2332.0;48081.0
606000;50255.5;2294.5;47961.0
606100;50278.0;2317.0;47961.0
606200;50278.0;2317.0;47961.0
606300;50278.0;2317.0;47961.0
606400;50318.0;2317.0;48001.0
606500;50318.0;2317.0;48001.0
606600;50493.0;2332.0;48161.0
606700;50238.0;2317.0;47921.0
606800;50238.0;2317.0;47921.0
606900;50215.5;2294.5;47921.0
607000;50238.0;2317.0;47921.0
607100;50358.0;2317.0;48041.0
607200;50358.0;2317.0;48041.0
607300;50358.0;2317.0;48041.0
607400;50398.0;2317.0;48081.0
607500;50540.5;2339.5;48201.0
607600;50398.0;2317.0;48081.0
607700;50340.5;2339.5;48001.0
607800;50580.5;2339.5;48241.0
607900;50423.0;2302.0;48121.0
608000;50438.0;2317.0;48121.0
608100;50438.0;2317.0;48121.0
608200;50385.5;2264.5;48121.0
608300;50423.0;2302.0;48121.0
608400;50418.0;2257.0;48161.0
608500;50328.0;2287.0;48041.0
608600;50303.0;2302.0;48001.0
608700;50600.5;2279.5;48321.0
608800;50795.0;2194.0;48601.0
608900;50510.5;2309.5;48201.0
609000;50468.5;2267.5;48201.0
609100;50552.5;2351.5;48201.0
609200;50359.0;2278.0;48081.0
609300;50500.0;2299.0;48201.0
609400;50639.0;2278.0;48361.0
609500;50498.0;2257.0;48241.0
609600;50519.0;2278.0;48241.0
609700;50428.5;2147.5;48281.0
609800;50550.0;2269.0;48281.0
609900;50523.0;2242.0;48281.0
610000;50697.0;2296.0;48401.0
610100;50670.0;2269.0;48401.0
610200;50697.0;2296.0;48401.0
610300;50577.0;2296.0;48281.0
610400;50630.5;2309.5;48321.0
610500;50644.0;2323.0;48321.0
610600;50644.0;2323.0;48321.0
610700;50657.0;2296.0;48361.0
610800;50657.0;2296.0;48361.0
610900;50657.0;2296.0;48361.0
611000;50576.0;2215.0;48361.0
611100;50630.0;2269.0;48361.0
611200;50630.0;2269.0;48361.0
611300;50684.0;2323.0;48361.0
611400;50657.0;2296.0;48361.0
611500;50710.5;2309.5;48401.0
611600;50870.5;2309.5;48561.0
611700;50617.0;2296.0;48321.0
611800;50789.5;2228.5;48561.0
611900;50683.0;2242.0;48441.0
612000;50575.0;2134.0;48441.0
612100;50683.0;2242.0;48441.0
612200;50803.0;2242.0;48561.0
612300;50243.0;2242.0;48001.0
612400;50683.0;2242.0;48441.0
612500;50802.5;2201.5;48601.0
612600;50723.0;2242.0;48481.0
612700;50763.0;2242.0;48521.0
612800;50763.0;2242.0;48521.0
612900;50763.0;2242.0;48521.0
613000;50763.0;2242.0;48521.0
613100;50763.0;2242.0;48521.0
613200;50883.0;2242.0;48641.0
613300;50763.0;2242.0;48521.0
613400;50763.0;2242.0;48521.0
613500;50870.5;2309.5;48561.0
613600;50803.0;2242.0;48561.0
613700;50803.0;2242.0;48561.0
613800;50803.0;2242.0;48561.0
613900;50843.0;2242.0;48601.0
614000;51003.0;2242.0;48761.0
614100;50843.0;2242.0;48601.0
614200;50750.0;2269.0;48481.0
614300;50870.0;2269.0;48601.0
614400;50750.0;2269.0;48481.0
614500;50910.0;2269.0;48641.0
614600;50937.0;2296.0;48641.0
614700;50977.0;2296.0;48681.0
614800;50950.0;2269.0;48681.0
614900;50857.0;2296.0;48561.0
615000;50977.0;2296.0;48681.0
615100;50977.0;2296.0;48681.0
615200;51017.5;2336.5;48681.0
615300;50977.0;2296.0;48681.0
615400;51096.5;2255.5;48841.0
615500;51017.0;2296.0;48721.0
615600;51177.0;2296.0;48881.0
615700;50910.0;2269.0;48641.0
615800;51030.0;2269.0;48761.0
615900;51190.0;2269.0;48921.0
616000;50976.0;2215.0;48761.0
616100;51123.0;2242.0;48881.0
616200;51123.0;2242.0;48881.0
616300;51177.0;2296.0;48881.0
616400;51070.0;2269.0;48801.0
616500;51163.0;2242.0;48921.0
616600;51029.5;2228.5;48801.0
616700;51203.0;2242.0;48961.0
616800;51110.0;2269.0;48841.0
616900;51203.0;2242.0;48961.0
617000;50990.0;2269.0;48721.0
617100;50963.0;2242.0;48721.0
617200;51510.0;2269.0;49241.0
617300;51110.0;2269.0;48841.0
617400;51270.0;2269.0;49001.0
617500;51270.0;2269.0;49001.0
617600;51123.0;2242.0;48881.0
617700;51310.0;2269.0;49041.0
617800;51163.0;2242.0;48921.0
617900;51256.0;2215.0;49041.0
618000;51217.0;2296.0;48921.0
618100;51163.0;2242.0;48921.0
618200;51217.0;2296.0;48921.0
618300;51190.0;2269.0;48921.0
618400;51377.0;2296.0;49081.0
618500;51123.5;2282.5;48841.0
618600;51137.0;2296.0;48841.0
618700;51115.0;2114.0;49001.0
618800;51427.0;2306.0;49121.0
618900;51307.0;2306.0;49001.0
619000;51307.0;2306.0;49001.0
619100;51307.0;2306.0;49001.0
619200;51355.0;2354.0;49001.0
619300;51291.0;2290.0;49001.0
619400;51219.0;2338.0;48881.0
619500;51411.0;2370.0;49041.0
619600;51347.0;2306.0;49041.0
619700;51331.0;2370.0;48961.0
619800;51371.0;2290.0;49081.0
619900;51539.0;2338.0;49201.0
620000;51419.0;2338.0;49081.0
620100;51419.0;2338.0;49081.0
620200;51539.0;2338.0;49201.0
620300;51419.0;2338.0;49081.0
620400;51579.0;2338.0;49241.0
620500;51579.0;2338.0;49241.0
620600;51443.0;2322.0;49121.0
620700;51363.0;2322.0;49041.0
620800;51931.0;2370.0;49561.0
620900;51963.0;2402.0;49561.0
621000;51531.0;2370.0;49161.0
621100;51563.0;2402.0;49161.0
621200;51563.0;2402.0;49161.0
621300;51563.0;2402.0;49161.0
621400;51603.0;2402.0;49201.0
621500;51635.0;2434.0;49201.0
621600;51723.0;2482.0;49241.0
621700;51723.0;2482.0;49241.0
621800;51723.0;2482.0;49241.0
621900;51675.0;2434.0;49241.0
622000;51707.0;2466.0;49241.0
622100;51611.0;2370.0;49241.0
622200;51643.0;2402.0;49241.0
622300;51675.0;2434.0;49241.0
622400;51787.0;2386.0;49401.0
622500;51715.0;2434.0;49281.0
622600;51715.0;2434.0;49281.0
622700;51771.0;2450.0;49321.0
622800;51891.0;2450.0;49441.0
622900;51723.0;2402.0;49321.0
623000;51707.0;2386.0;49321.0
623100;51691.0;2370.0;49321.0
623200;51843.0;2402.0;49441.0
623300;51843.0;2402.0;49441.0
623400;51723.0;2402.0;49321.0
623500;51763.0;2402.0;49361.0
623600;51763.0;2402.0;49361.0
623700;51763.0;2402.0;49361.0
623800;51867.0;2466.0;49401.0
623900;51771.0;2370.0;49401.0
624000;51891.0;2370.0;49521.0
624100;51771.0;2370.0;49401.0
624200;51891.0;2370.0;49521.0
624300;51771.0;2370.0;49401.0
624400;51539.0;2258.0;49281.0
624500;51843.0;2402.0;49441.0
624600;51779.0;2338.0;49441.0
624700;51819.0;2338.0;49481.0
624800;51699.0;2338.0;49361.0
624900;51787.0;2306.0;49481.0
625000;51667.0;2306.0;49361.0
625100;51739.0;2258.0;49481.0
625200;51755.0;2274.0;49481.0
625300;51755.0;2274.0;49481.0
625400;51795.0;2274.0;49521.0
625500;51795.0;2274.0;49521.0
625600;51955.0;2274.0;49681.0
625700;51803.0;2242.0;49561.0
625800;51835.0;2274.0;49561.0
625900;51747.0;2306.0;49441.0
626000;51678.5;2117.5;49561.0
626100;51845.0;2284.0;49561.0
626200;51725.0;2284.0;49441.0
626300;52285.0;2284.0;50001.0
626400;52005.0;2284.0;49721.0
626500;51885.0;2284.0;49601.0
626600;51829.5;2228.5;49601.0
626700;51925.0;2284.0;49641.0
626800;51925.0;2284.0;49641.0
626900;51925.0;2284.0;49641.0
627000;51842.0;2321.0;49521.0
627100;51962.0;2321.0;49641.0
627200;51925.0;2284.0;49641.0
627300;51943.5;2302.5;49641.0
627400;52503.5;2302.5;50201.0
627500;51965.0;2284.0;49681.0
627600;51965.0;2284.0;49681.0
627700;52005.0;2284.0;49721.0
627800;52005.0;2284.0;49721.0
627900;52125.0;2284.0;49841.0
628000;51922.0;2321.0;49601.0
628100;51922.0;2321.0;49601.0
628200;52042.0;2321.0;49721.0
628300;52042.0;2321.0;49721.0
628400;52082.0;2321.0;49761.0
628500;52063.5;2302.5;49761.0
628600;51925.0;2284.0;49641.0
628700;51965.0;2284.0;49681.0
628800;52122.0;2321.0;49801.0
628900;52205.0;2284.0;49921.0
629000;52085.0;2284.0;49801.0
629100;52085.0;2284.0;49801.0
629200;52122.0;2321.0;49801.0
629300;52048.0;2247.0;49801.0
629400;52002.0;2321.0;49681.0
629500;52042.0;2321.0;49721.0
629600;52162.0;2321.0;49841.0
629700;52082.0;2321.0;49761.0
629800;52202.0;2321.0;49881.0
629900;52322.0;2321.0;50001.0
630000;52322.0;2321.0;50001.0
630100;52322.0;2321.0;50001.0
630200;52266.5;2265.5;50001.0
630300;52340.5;2339.5;50001.0
630400;52279.0;2358.0;49921.0
630500;52242.0;2321.0;49921.0
630600;52242.0;2321.0;49921.0
630700;52282.0;2321.0;49961.0
630800;52442.0;2321.0;50121.0
630900;52282.0;2321.0;49961.0
631000;52143.5;2302.5;49841.0
631100;52439.0;2358.0;50081.0
631200;52199.0;2358.0;49841.0
631300;52439.0;2358.0;50081.0
631400;52322.0;2321.0;50001.0
631500;52303.5;2302.5;50001.0
631600;52359.0;2358.0;50001.0
631700;52251.0;2210.0;50041.0
631800;52399.0;2358.0;50041.0
631900;52399.0;2358.0;50041.0
632000;52463.5;2302.5;50161.0
632100;52362.0;2321.0;50041.0
632200;52343.5;2302.5;50041.0
632300;52399.0;2358.0;50041.0
632400;52439.0;2358.0;50081.0
632500;52282.0;2321.0;49961.0
632600;52291.0;2210.0;50081.0
632700;52442.0;2321.0;50121.0
632800;52516.0;2395.0;50121.0
632900;52571.5;2450.5;50121.0
633000;52242.0;2321.0;49921.0
633100;52479.0;2358.0;50121.0
633200;52479.0;2358.0;50121.0
633300;52322.0;2321.0;50001.0
633400;52482.0;2321.0;50161.0
633500;52202.0;2321.0;49881.0
633600;52482.0;2321.0;50161.0
633700;52291.0;2210.0;50081.0
633800;52503.5;2302.5;50201.0
633900;52439.0;2358.0;50081.0
634000;52476.0;2395.0;50081.0
634100;52596.0;2395.0;50201.0
634200;52614.5;2413.5;50201.0
634300;52476.0;2395.0;50081.0
634400;53036.0;2395.0;50641.0
634500;53036.0;2395.0;50641.0
634600;52636.0;2395.0;50241.0
634700;52599.0;2358.0;50241.0
634800;52796.0;2395.0;50401.0
634900;52796.0;2395.0;50401.0
635000;52676.0;2395.0;50281.0
635100;52639.0;2358.0;50281.0
635200;52657.5;2376.5;50281.0
635300;52676.0;2395.0;50281.0
635400;52716.0;2395.0;50321.0
635500;52716.0;2395.0;50321.0
635600;52679.0;2358.0;50321.0
635700;52700.5;2339.5;50361.0
635800;52700.5;2339.5;50361.0
635900;52774.5;2413.5;50361.0
636000;52876.0;2395.0;50481.0
636100;52599.0;2358.0;50241.0
636200;52682.0;2321.0;50361.0
636300;52839.0;2358.0;50481.0
636400;52599.0;2358.0;50241.0
636500;52759.0;2358.0;50401.0
636600;52759.0;2358.0;50401.0
636700;52956.0;2395.0;50561.0
636800;52660.5;2339.5;50321.0
636900;52836.0;2395.0;50441.0
637000;52734.5;2413.5;50321.0
637100;52919.0;2358.0;50561.0
637200;52956.0;2395.0;50561.0
637300;52873.0;2432.0;50441.0
637400;52913.0;2432.0;50481.0
637500;52913.0;2432.0;50481.0
637600;52913.0;2432.0;50481.0
637700;52842.0;2321.0;50521.0
637800;52990.0;2469.0;50521.0
637900;52934.5;2413.5;50521.0
638000;53147.0;2506.0;50641.0
638100;52990.0;2469.0;50521.0
638200;52990.0;2469.0;50521.0
638300;52934.5;2413.5;50521.0
638400;52990.0;2469.0;50521.0
638500;53057.5;2376.5;50681.0
638600;53153.0;2432.0;50721.0
638700;53033.0;2432.0;50601.0
638800;53033.0;2432.0;50601.0
638900;53033.0;2432.0;50601.0
639000;53033.0;2432.0;50601.0
639100;52913.0;2432.0;50481.0
639200;52807.0;2206.0;50601.0
639300;53060.0;2459.0;50601.0
639400;53266.0;2505.0;50761.0
639500;53003.0;2482.0;50521.0
639600;53100.0;2459.0;50641.0
639700;53140.0;2459.0;50681.0
639800;53066.0;2505.0;50561.0
639900;53186.0;2505.0;50681.0
640000;53140.0;2459.0;50681.0
640100;53140.0;2459.0;50681.0
640200;53140.0;2459.0;50681.0
640300;53094.0;2413.0;50681.0
640400;53180.0;2459.0;50721.0
640500;53386.0;2665.0;50721.0
640600;53367.0;2646.0;50721.0
640700;53255.0;2494.0;50761.0
640800;53293.0;2532.0;50761.0
640900;53293.0;2532.0;50761.0
641000;53192.0;2551.0;50641.0
641100;53154.0;2513.0;50641.0
641200;53274.0;2513.0;50761.0
641300;53312.0;2551.0;50761.0
641400;53173.0;2532.0;50641.0
641500;53714.0;2513.0;51201.0
641600;53276.0;2475.0;50801.0
641700;53196.0;2475.0;50721.0
641800;53316.0;2475.0;50841.0
641900;53436.0;2475.0;50961.0
642000;53354.0;2513.0;50841.0
642100;53354.0;2513.0;50841.0
642200;53493.0;2532.0;50961.0
642300;53474.0;2513.0;50961.0
642400;53394.0;2513.0;50881.0
642500;53394.0;2513.0;50881.0
642600;53394.0;2513.0;50881.0
642700;53095.0;2494.0;50601.0
642800;53396.0;2475.0;50921.0
642900;53396.0;2475.0;50921.0
643000;53339.0;2418.0;50921.0
643100;53491.0;2570.0;50921.0
643200;53263.0;2342.0;50921.0
643300;53358.0;2437.0;50921.0
643400;53398.0;2437.0;50961.0
643500;53398.0;2437.0;50961.0
643600;53240.0;2399.0;50841.0
643700;53240.0;2399.0;50841.0
643800;53495.0;2494.0;51001.0
643900;53558.0;2437.0;51121.0
644000;53438.0;2437.0;51001.0
644100;53438.0;2437.0;51001.0
644200;53419.0;2418.0;51001.0
644300;53438.0;2437.0;51001.0
644400;53478.0;2437.0;51041.0
644500;53478.0;2437.0;51041.0
644600;53478.0;2437.0;51041.0
644700;53417.0;2456.0;50961.0
644800;53556.0;2475.0;51081.0
644900;53556.0;2475.0;51081.0
645000;53754.0;2513.0;51241.0
645100;53518.0;2437.0;51081.0
645200;53480.0;2399.0;51081.0
645300;53556.0;2475.0;51081.0
645400;53596.0;2475.0;51121.0
645500;53691.0;2570.0;51121.0
645600;53520.0;2399.0;51121.0
645700;53560.0;2399.0;51161.0
645800;53560.0;2399.0;51161.0
645900;53617.0;2456.0;51161.0
646000;53535.0;2494.0;51041.0
646100;53560.0;2399.0;51161.0
646200;53579.0;2418.0;51161.0
646300;53478.0;2437.0;51041.0
646400;53638.0;2437.0;51201.0
646500;53638.0;2437.0;51201.0
646600;53543.0;2342.0;51201.0
646700;53539.0;2418.0;51121.0
646800;53716.0;2475.0;51241.0
646900;53798.0;2437.0;51361.0
647000;53716.0;2475.0;51241.0
647100;53558.0;2437.0;51121.0
647200;53836.0;2475.0;51361.0
647300;53754.0;2513.0;51241.0
647400;53718.0;2437.0;51281.0
647500;53598.0;2437.0;51161.0
647600;53718.0;2437.0;51281.0
647700;53777.0;2456.0;51321.0
647800;53676.0;2475.0;51201.0
647900;53796.0;2475.0;51321.0
648000;53796.0;2475.0;51321.0
648100;53758.0;2437.0;51321.0
648200;53758.0;2437.0;51321.0
648300;53956.0;2475.0;51481.0
648400;53722.0;2361.0;51361.0
648500;53678.0;2437.0;51241.0
648600;53838.0;2437.0;51401.0
648700;53838.0;2437.0;51401.0
648800;53857.0;2456.0;51401.0
648900;53781.0;2380.0;51401.0
649000;53838.0;2437.0;51401.0
649100;53800.0;2399.0;51401.0
649200;53800.0;2399.0;51401.0
649300;53762.0;2361.0;51401.0
649400;53935.0;2494.0;51441.0
649500;53840.0;2399.0;51441.0
649600;53840.0;2399.0;51441.0
649700;53760.0;2399.0;51361.0
649800;54000.0;2399.0;51601.0
649900;53880.0;2399.0;51481.0
650000;53842.0;2361.0;51481.0
650100;53823.0;2342.0;51481.0
650200;53680.0;2399.0;51281.0
650300;53918.0;2437.0;51481.0
650400;54002.0;2361.0;51641.0
650500;53888.0;2247.0;51641.0
650600;54099.0;2418.0;51681.0
650700;54042.0;2361.0;51681.0
650800;54175.0;2494.0;51681.0
650900;53764.0;2323.0;51441.0
651000;53846.0;2285.0;51561.0
651100;53922.0;2361.0;51561.0
651200;54082.0;2361.0;51721.0
651300;54362.0;2361.0;52001.0
651400;53981.0;2380.0;51601.0
651500;53829.0;2228.0;51601.0
651600;53829.0;2228.0;51601.0
651700;54002.0;2361.0;51641.0
651800;53882.0;2361.0;51521.0
651900;53783.0;2342.0;51441.0
652000;54021.0;2380.0;51641.0
652100;54021.0;2380.0;51641.0
652200;53926.0;2285.0;51641.0
652300;53964.0;2323.0;51641.0
652400;54042.0;2361.0;51681.0
652500;53922.0;2361.0;51561.0
652600;54004.0;2323.0;51681.0
652700;53867.0;2266.0;51601.0
652800;54006.0;2285.0;51721.0
652900;54063.0;2342.0;51721.0
653000;54006.0;2285.0;51721.0
653100;54126.0;2285.0;51841.0
653200;54126.0;2285.0;51841.0
653300;53968.0;2247.0;51721.0
653400;54046.0;2285.0;51761.0
653500;54103.0;2342.0;51761.0
653600;54046.0;2285.0;51761.0
653700;54086.0;2285.0;51801.0
653800;54086.0;2285.0;51801.0
653900;54124.0;2323.0;51801.0
654000;54086.0;2285.0;51801.0
654100;54168.0;2247.0;51921.0
654200;54086.0;2285.0;51801.0
654300;54048.0;2247.0;51801.0
654400;54189.0;2228.0;51961.0
654500;54126.0;2285.0;51841.0
654600;54006.0;2285.0;51721.0
654700;54046.0;2285.0;51761.0
654800;54166.0;2285.0;51881.0
654900;54166.0;2285.0;51881.0
655000;54204.0;2323.0;51881.0
655100;54166.0;2285.0;51881.0
655200;54166.0;2285.0;51881.0
655300;54128.0;2247.0;51881.0
655400;54206.0;2285.0;51921.0
655500;54206.0;2285.0;51921.0
655600;54366.0;2285.0;52081.0
655700;54126.0;2285.0;51841.0
655800;54328.0;2247.0;52081.0
655900;54246.0;2285.0;51961.0
656000;54208.0;2247.0;51961.0
656100;54170.0;2209.0;51961.0
656200;54208.0;2247.0;51961.0
656300;54208.0;2247.0;51961.0
656400;54248.0;2247.0;52001.0
656500;54248.0;2247.0;52001.0
656600;54267.0;2266.0;52001.0
656700;54250.0;2209.0;52041.0
656800;54326.0;2285.0;52041.0
656900;54288.0;2247.0;52041.0
657000;54326.0;2285.0;52041.0
657100;54288.0;2247.0;52041.0
657200;54288.0;2247.0;52041.0
657300;54187.0;2266.0;51921.0
657400;54271.0;2190.0;52081.0
657500;54366.0;2285.0;52081.0
657600;54246.0;2285.0;51961.0
657700;54368.0;2247.0;52121.0
657800;54406.0;2285.0;52121.0
657900;54406.0;2285.0;52121.0
658000;54444.0;2323.0;52121.0
658100;54368.0;2247.0;52121.0
658200;54368.0;2247.0;52121.0
658300;53928.0;2247.0;51681.0
658400;54408.0;2247.0;52161.0
658500;54370.0;2209.0;52161.0
658600;54503.0;2342.0;52161.0
658700;54568.0;2247.0;52321.0
658800;54448.0;2247.0;52201.0
658900;54429.0;2228.0;52201.0
659000;54410.0;2209.0;52201.0
659100;54410.0;2209.0;52201.0
659200;54252.0;2171.0;52081.0
659300;54334.0;2133.0;52201.0
659400;54418.0;2057.0;52361.0
659500;54431.0;2190.0;52241.0
659600;54355.0;2114.0;52241.0
659700;54395.0;2114.0;52281.0
659800;53854.0;2133.0;51721.0
659900;54414.0;2133.0;52281.0
660000;54471.0;2190.0;52281.0
660100;54452.0;2171.0;52281.0
660200;54414.0;2133.0;52281.0
660300;54414.0;2133.0;52281.0
660400;54454.0;2133.0;52321.0
660500;54296.0;2095.0;52201.0
660600;54416.0;2095.0;52321.0
660700;54494.0;2133.0;52361.0
660800;54374.0;2133.0;52241.0
660900;54456.0;2095.0;52361.0
661000;54456.0;2095.0;52361.0
661100;54418.0;2057.0;52361.0
661200;54298.0;2057.0;52241.0
661300;54418.0;2057.0;52361.0
661400;54418.0;2057.0;52361.0
661500;54496.0;2095.0;52401.0
661600;54591.0;2190.0;52401.0
661700;54656.0;2095.0;52561.0
661800;54536.0;2095.0;52441.0
661900;54536.0;2095.0;52441.0
662000;54479.0;2038.0;52441.0
662100;54675.0;2114.0;52561.0
662200;54536.0;2095.0;52441.0
662300;54580.0;2019.0;52561.0
662400;54595.0;2114.0;52481.0
662500;54576.0;2095.0;52481.0
662600;54538.0;2057.0;52481.0
662700;54736.0;2095.0;52641.0
662800;54578.0;2057.0;52521.0
662900;54578.0;2057.0;52521.0
663000;54578.0;2057.0;52521.0
663100;54401.0;2000.0;52401.0
663200;54578.0;2057.0;52521.0
663300;54540.0;2019.0;52521.0
663400;54458.0;2057.0;52401.0
663500;54618.0;2057.0;52561.0
663600;54618.0;2057.0;52561.0
663700;54620.0;2019.0;52601.0
663800;54835.0;2114.0;52721.0
663900;54620.0;2019.0;52601.0
664000;54778.0;2057.0;52721.0
664100;54620.0;2019.0;52601.0
664200;54620.0;2019.0;52601.0
664300;54658.0;2057.0;52601.0
664400;54844.5;2203.5;52641.0
664500;54658.5;2017.5;52641.0
664600;54705.0;2064.0;52641.0
664700;54625.0;2064.0;52561.0
664800;54683.0;2002.0;52681.0
664900;54834.0;2033.0;52801.0
665000;54787.5;1986.5;52801.0
665100;54652.0;1971.0;52681.0
665200;54683.0;2002.0;52681.0
665300;54683.0;2002.0;52681.0
665400;54843.0;2002.0;52841.0
665500;54723.0;2002.0;52721.0
665600;54754.0;2033.0;52721.0
665700;54794.0;2033.0;52761.0
665800;54763.0;2002.0;52761.0
665900;54883.0;2002.0;52881.0
666000;54763.0;2002.0;52761.0
666100;54763.0;2002.0;52761.0
666200;54581.0;1940.0;52641.0
666300;54612.0;1971.0;52641.0
666400;54923.0;2002.0;52921.0
666500;54772.0;1971.0;52801.0
666600;54772.0;1971.0;52801.0
666700;54812.0;1971.0;52841.0
666800;54661.0;1940.0;52721.0
666900;54692.0;1971.0;52721.0
667000;54614.5;1893.5;52721.0
667100;54874.0;2033.0;52841.0
667200;54843.0;2002.0;52841.0
667300;54754.0;2033.0;52721.0
667400;54754.0;2033.0;52721.0
667500;54914.0;2033.0;52881.0
667600;55089.5;2048.5;53041.0
667700;55074.0;2033.0;53041.0
667800;55354.0;2033.0;53321.0
667900;55074.0;2033.0;53041.0
668000;54954.0;2033.0;52921.0
668100;54803.0;2002.0;52801.0
668200;54923.0;2002.0;52921.0
668300;54865.0;2064.0;52801.0
668400;54994.0;2033.0;52961.0
668500;55056.0;2095.0;52961.0
668600;55009.5;2048.5;52961.0
668700;54976.0;2095.0;52881.0
668800;55127.0;2126.0;53001.0
668900;55096.0;2095.0;53001.0
669000;55049.5;2048.5;53001.0
669100;55049.5;2048.5;53001.0
669200;55096.0;2095.0;53001.0
669300;54960.5;2079.5;52881.0
669400;55151.5;2110.5;53041.0
669500;55167.0;2126.0;53041.0
669600;55136.0;2095.0;53041.0
669700;55176.0;2095.0;53081.0
669800;55207.0;2126.0;53081.0
669900;55087.0;2126.0;52961.0
670000;55207.0;2126.0;53081.0
670100;55207.0;2126.0;53081.0
670200;55238.0;2157.0;53081.0
670300;55238.0;2157.0;53081.0
670400;55398.0;2157.0;53241.0
670500;55133.5;2172.5;52961.0
670600;55247.0;2126.0;53121.0
670700;55256.0;2095.0;53161.0
670800;55256.0;2095.0;53161.0
670900;55287.0;2126.0;53161.0
671000;55333.5;2172.5;53161.0
671100;55318.0;2157.0;53161.0
671200;55318.0;2157.0;53161.0
671300;55318.0;2157.0;53161.0
671400;55358.0;2157.0;53201.0
671500;55229.0;2188.0;53041.0
671600;55389.0;2188.0;53201.0
671700;55429.0;2188.0;53241.0
671800;55398.0;2157.0;53241.0
671900;55518.0;2157.0;53361.0
672000;55382.5;2141.5;53241.0
672100;55398.0;2157.0;53241.0
672200;55320.5;2079.5;53241.0
672300;55429.0;2188.0;53241.0
672400;55247.0;2126.0;53121.0
672500;55438.0;2157.0;53281.0
672600;55469.0;2188.0;53281.0
672700;55509.0;2188.0;53321.0
672800;55509.0;2188.0;53321.0
672900;55509.0;2188.0;53321.0
673000;55069.0;2188.0;52881.0
673100;55540.0;2219.0;53321.0
673200;55571.0;2250.0;53321.0
673300;55540.0;2219.0;53321.0
673400;55611.0;2250.0;53361.0
673500;55420.0;2219.0;53201.0
673600;55980.0;2219.0;53761.0
673700;55620.0;2219.0;53401.0
673800;55604.5;2203.5;53401.0
673900;55620.0;2219.0;53401.0
674000;55620.0;2219.0;53401.0
674100;55527.0;2126.0;53401.0
674200;55527.0;2126.0;53401.0
674300;55651.0;2250.0;53401.0
674400;55768.5;2327.5;53441.0
674500;55660.0;2219.0;53441.0
674600;55536.0;2095.0;53441.0
674700;55629.0;2188.0;53441.0
674800;55700.0;2219.0;53481.0
674900;55746.5;2265.5;53481.0
675000;55789.0;2188.0;53601.0
675100;55622.5;2141.5;53481.0
675200;55700.0;2219.0;53481.0
675300;55669.0;2188.0;53481.0
675400;55693.5;2172.5;53521.0
675500;55518.0;2157.0;53361.0
675600;56238.0;2157.0;54081.0
675700;55718.0;2157.0;53561.0
675800;55687.0;2126.0;53561.0
675900;55749.0;2188.0;53561.0
676000;55702.5;2141.5;53561.0
676100;55718.0;2157.0;53561.0
676200;55702.5;2141.5;53561.0
676300;55656.0;2095.0;53561.0
676400;55866.5;2265.5;53601.0
676500;55758.0;2157.0;53601.0
676600;55576.0;2095.0;53481.0
676700;55736.0;2095.0;53641.0
676800;55767.0;2126.0;53641.0
676900;55887.0;2126.0;53761.0
677000;55798.0;2157.0;53641.0
677100;55798.0;2157.0;53641.0
677200;55678.0;2157.0;53521.0
677300;55751.5;2110.5;53641.0
677400;55807.0;2126.0;53681.0
677500;55807.0;2126.0;53681.0
677600;55998.0;2157.0;53841.0
677700;55967.0;2126.0;53841.0
677800;55680.5;2079.5;53601.0
677900;55800.5;2079.5;53721.0
678000;55936.0;2095.0;53841.0
678100;55816.0;2095.0;53721.0
678200;55905.0;2064.0;53841.0
678300;55680.5;2079.5;53601.0
678400;55696.0;2095.0;53601.0
678500;56000.5;2079.5;53921.0
678600;56000.5;2079.5;53921.0
678700;55776.0;2095.0;53681.0
678800;56016.0;2095.0;53921.0
678900;55927.0;2126.0;53801.0
679000;55927.0;2126.0;53801.0
679100;55942.5;2141.5;53801.0
679200;55865.0;2064.0;53801.0
679300;55830.5;1909.5;53921.0
679400;56034.0;2113.0;53921.0
679500;56034.0;2113.0;53921.0
679600;55954.0;2113.0;53841.0
679700;55763.0;2002.0;53761.0
679800;56003.0;2002.0;54001.0
679900;56114.0;2113.0;54001.0
680000;55994.0;2113.0;53881.0
680100;55994.0;2113.0;53881.0
680200;55994.0;2113.0;53881.0
680300;56031.0;2150.0;53881.0
680400;56071.0;2150.0;53921.0
680500;56034.0;2113.0;53921.0
680600;55951.0;2150.0;53801.0
680700;56111.0;2150.0;53961.0
680800;55981.5;2020.5;53961.0
680900;56074.0;2113.0;53961.0
681000;56074.0;2113.0;53961.0
681100;56074.0;2113.0;53961.0
681200;56074.0;2113.0;53961.0
681300;56074.0;2113.0;53961.0
681400;56114.0;2113.0;54001.0
681500;56040.0;2039.0;54001.0
681600;55938.5;2057.5;53881.0
681700;56098.5;2057.5;54041.0
681800;56154.0;2113.0;54041.0
681900;56265.0;2224.0;54041.0
682000;56071.0;2150.0;53921.0
682100;56154.0;2113.0;54041.0
682200;56034.0;2113.0;53921.0
682300;56135.5;2094.5;54041.0
682400;56175.5;2094.5;54081.0
682500;56194.0;2113.0;54081.0
682600;56037.0;2076.0;53961.0
682700;56271.0;2150.0;54121.0
682800;56671.0;2150.0;54521.0
682900;56391.0;2150.0;54241.0
683000;56271.0;2150.0;54121.0
683100;56271.0;2150.0;54121.0
683200;56391.0;2150.0;54241.0
683300;56271.0;2150.0;54121.0
683400;56308.0;2187.0;54121.0
683500;56311.0;2150.0;54161.0
683600;56191.0;2150.0;54041.0
683700;56351.0;2150.0;54201.0
683800;56351.0;2150.0;54201.0
683900;56871.0;2150.0;54721.0
684000;56194.0;2113.0;54081.0
684100;56415.5;2094.5;54321.0
684200;56351.0;2150.0;54201.0
684300;56332.5;2131.5;54201.0
684400;56354.0;2113.0;54241.0
684500;56317.0;2076.0;54241.0
684600;56354.0;2113.0;54241.0
684700;56477.0;2076.0;54401.0
684800;56412.5;2131.5;54281.0
684900;56357.0;2076.0;54281.0
685000;56357.0;2076.0;54281.0
685100;56237.0;2076.0;54161.0
685200;56357.0;2076.0;54281.0
685300;56237.0;2076.0;54161.0
685400;56360.0;2039.0;54321.0
685500;56397.0;2076.0;54321.0
685600;56378.5;2057.5;54321.0
685700;56474.0;2113.0;54361.0
685800;56474.0;2113.0;54361.0
685900;56511.0;2150.0;54361.0
686000;56474.0;2113.0;54361.0
686100;56474.0;2113.0;54361.0
686200;56511.0;2150.0;54361.0
686300;56474.0;2113.0;54361.0
686400;56074.0;2113.0;53961.0
686500;56317.0;2076.0;54241.0
686600;56514.0;2113.0;54401.0
686700;56554.0;2113.0;54441.0
686800;56554.0;2113.0;54441.0
686900;56591.0;2150.0;54441.0
687000;56535.5;2094.5;54441.0
687100;56609.5;2168.5;54441.0
687200;56489.5;2168.5;54321.0
687300;56360.0;2039.0;54321.0
687400;56557.0;2076.0;54481.0
687500;56557.0;2076.0;54481.0
687600;56523.0;2002.0;54521.0
687700;56671.0;2150.0;54521.0
687800;56809.5;2168.5;54641.0
687900;56634.0;2113.0;54521.0
688000;56754.0;2113.0;54641.0
688100;56809.5;2168.5;54641.0
688200;56791.0;2150.0;54641.0
688300;56532.5;2131.5;54401.0
688400;56514.0;2113.0;54401.0
688500;56234.0;2113.0;54121.0
688600;56563.0;2002.0;54561.0
688700;56677.0;2076.0;54601.0
688800;56714.0;2113.0;54601.0
688900;56631.0;2150.0;54481.0
689000;56594.0;2113.0;54481.0
689100;56732.5;2131.5;54601.0
689200;56677.0;2076.0;54601.0
689300;56714.0;2113.0;54601.0
689400;56911.0;2150.0;54761.0
689500;56754.0;2113.0;54641.0
689600;56502.0;1861.0;54641.0
689700;56612.5;1931.5;54681.0
689800;56657.0;2096.0;54561.0
689900;56657.0;2096.0;54561.0
690000;56777.0;2096.0;54681.0
690100;56850.0;2049.0;54801.0
690200;56730.0;2049.0;54681.0
690300;56850.0;2049.0;54801.0
690400;56516.0;1955.0;54561.0
690500;56676.0;1955.0;54721.0
690600;57123.0;2002.0;55121.0
690700;57043.0;2002.0;55041.0
690800;56810.0;2049.0;54761.0
690900;56763.0;2002.0;54761.0
691000;56883.0;2002.0;54881.0
691100;56810.0;2049.0;54761.0
691200;56323.0;2002.0;54321.0
691300;56763.0;2002.0;54761.0
691400;56829.0;1908.0;54921.0
691500;56756.0;1955.0;54801.0
691600;56826.5;2025.5;54801.0
691700;56756.0;1955.0;54801.0
691800;56869.0;1908.0;54961.0
691900;56843.0;2002.0;54841.0
692000;56986.5;2025.5;54961.0
692100;57196.0;1955.0;55241.0
692200;56676.0;1955.0;54721.0
692300;56890.0;2049.0;54841.0
692400;56605.5;1884.5;54721.0
692500;56793.5;2072.5;54721.0
692600;56676.0;1955.0;54721.0
692700;56829.0;1908.0;54921.0
692800;56876.0;1955.0;54921.0
692900;56996.0;1955.0;55041.0
693000;56876.0;1955.0;54921.0
693100;56829.0;1908.0;54921.0
693200;56876.0;1955.0;54921.0
693300;57019.5;1978.5;55041.0
693400;57010.0;2049.0;54961.0
693500;56916.0;1955.0;54961.0
693600;56963.0;2002.0;54961.0
693700;56953.5;2072.5;54881.0
693800;57024.0;2143.0;54881.0
693900;57050.0;2049.0;55001.0
694000;57170.0;2049.0;55121.0
694100;57050.0;2049.0;55001.0
694200;57050.0;2049.0;55001.0
694300;57167.5;2166.5;55001.0
694400;57610.0;2049.0;55561.0
694500;57090.0;2049.0;55041.0
694600;57090.0;2049.0;55041.0
694700;57297.0;2096.0;55201.0
694800;57130.0;2049.0;55081.0
694900;57106.5;2025.5;55081.0
695000;57177.0;2096.0;55081.0
695100;57297.0;2096.0;55201.0
695200;57130.0;2049.0;55081.0
695300;56989.0;1908.0;55081.0
695400;57130.0;2049.0;55081.0
695500;57010.0;2049.0;54961.0
695600;57170.0;2049.0;55121.0
695700;57090.0;2049.0;55041.0
695800;57257.0;2096.0;55161.0
695900;57186.5;2025.5;55161.0
696000;57398.0;2237.0;55161.0
696100;57257.0;2096.0;55161.0
696200;57304.0;2143.0;55161.0
696300;57304.0;2143.0;55161.0
696400;57344.0;2143.0;55201.0
696500;57457.0;2096.0;55361.0
696600;57297.0;2096.0;55201.0
696700;57360.5;2119.5;55241.0
696800;57290.0;2049.0;55241.0
696900;57290.0;2049.0;55241.0
697000;57290.0;2049.0;55241.0
697100;57290.0;2049.0;55241.0
697200;57410.0;2049.0;55361.0
697300;57219.5;1978.5;55241.0
697400;57450.0;2049.0;55401.0
697500;57170.0;2049.0;55121.0
697600;57327.5;2166.5;55161.0
697700;57210.0;2049.0;55161.0
697800;57323.0;2002.0;55321.0
697900;57323.0;2002.0;55321.0
698000;57370.0;2049.0;55321.0
698100;57511.0;2190.0;55321.0
698200;57250.0;2049.0;55201.0
698300;57370.0;2049.0;55321.0
698400;57203.0;2002.0;55201.0
698500;57316.0;1955.0;55361.0
698600;57196.0;1955.0;55241.0
698700;57356.0;1955.0;55401.0
698800;57236.0;1955.0;55281.0
698900;57283.0;2002.0;55281.0
699000;57356.0;1955.0;55401.0
699100;57356.0;1955.0;55401.0
699200;57447.5;2166.5;55281.0
699300;57236.0;1955.0;55281.0
699400;57231.5;1790.5;55441.0
699500;57189.0;1908.0;55281.0
699600;57142.0;1861.0;55281.0
699700;57224.5;1743.5;55481.0
699800;57224.5;1743.5;55481.0
699900;57386.5;2025.5;55361.0
700000;57386.5;2025.5;55361.0
700100;57389.0;1908.0;55481.0
700200;57389.0;1908.0;55481.0
700300;57269.0;1908.0;55361.0
700400;57499.5;1978.5;55521.0
700500;57429.0;1908.0;55521.0
700600;57429.0;1908.0;55521.0
700700;57469.0;1908.0;55561.0
700800;57328.0;1767.0;55561.0
700900;57469.0;1908.0;55561.0
701000;56841.0;1720.0;55121.0
701100;57302.0;1861.0;55441.0
701200;57396.0;1955.0;55441.0
701300;57516.0;1955.0;55561.0
701400;57396.0;1955.0;55441.0
701500;57509.0;1908.0;55601.0
701600;57579.5;1978.5;55601.0
701700;57549.0;1908.0;55641.0
701800;57476.0;1955.0;55521.0
701900;57572.5;1931.5;55641.0
702000;57431.5;1790.5;55641.0
702100;57925.5;1884.5;56041.0
702200;57203.0;2002.0;55201.0
702300;57476.0;1955.0;55521.0
702400;57476.0;1955.0;55521.0
702500;57546.5;2025.5;55521.0
702600;57636.0;1955.0;55681.0
702700;57676.0;1955.0;55721.0
702800;57723.0;2002.0;55721.0
702900;57723.0;2002.0;55721.0
703000;57770.0;2049.0;55721.0
703100;57723.0;2002.0;55721.0
703200;57793.5;2072.5;55721.0
703300;57817.0;2096.0;55721.0
703400;58000.5;2119.5;55881.0
703500;57970.0;2049.0;55921.0
703600;57810.0;2049.0;55761.0
703700;57920.5;2119.5;55801.0
703800;57850.0;2049.0;55801.0
703900;57591.5;1790.5;55801.0
704000;57850.0;2049.0;55801.0
704100;57850.0;2049.0;55801.0
704200;58111.0;2190.0;55921.0
704300;57850.0;2049.0;55801.0
704400;57589.0;1908.0;55681.0
704500;57659.5;1978.5;55681.0
704600;58290.0;2049.0;56241.0
704700;57930.0;2049.0;55881.0
704800;58000.5;2119.5;55881.0
704900;57930.0;2049.0;55881.0
705000;57906.5;2025.5;55881.0
705100;57930.0;2049.0;55881.0
705200;57930.0;2049.0;55881.0
705300;57979.5;1978.5;56001.0
705400;57970.0;2049.0;55921.0
705500;57739.5;1978.5;55761.0
705600;57970.0;2049.0;55921.0
705700;57410.0;2049.0;55361.0
705800;57843.0;2002.0;55841.0
705900;58010.0;2049.0;55961.0
706000;58010.0;2049.0;55961.0
706100;58057.0;2096.0;55961.0
706200;58033.5;2072.5;55961.0
706300;57963.0;2002.0;55961.0
706400;58003.0;2002.0;56001.0
706500;58163.0;2002.0;56161.0
706600;58163.0;2002.0;56161.0
706700;58043.0;2002.0;56041.0
706800;57876.0;1955.0;55921.0
706900;58116.0;1955.0;56161.0
707000;57876.0;1955.0;55921.0
707100;57949.0;1908.0;56041.0
707200;57876.0;1955.0;55921.0
707300;57949.0;1908.0;56041.0
707400;58036.0;1955.0;56081.0
707500;57970.0;2049.0;55921.0
707600;57923.0;2002.0;55921.0
707700;58146.5;2025.5;56121.0
707800;58026.5;2025.5;56001.0
707900;57979.5;1978.5;56001.0
708000;57956.0;1955.0;56001.0
708100;58026.5;2025.5;56001.0
708200;58076.0;1955.0;56121.0
708300;58076.0;1955.0;56121.0
708400;58116.0;1955.0;56161.0
708500;58116.0;1955.0;56161.0
708600;58092.5;1931.5;56161.0
708700;58276.0;1955.0;56321.0
708800;58276.0;1955.0;56321.0
708900;58203.0;2002.0;56201.0
709000;58085.5;1884.5;56201.0
709100;57989.0;1908.0;56081.0
709200;58062.0;1861.0;56201.0
709300;58182.0;1861.0;56321.0
709400;58427.5;2186.5;56241.0
709500;58547.5;2186.5;56361.0
709600;58099.5;1858.5;56241.0
709700;58040.0;1879.0;56161.0
709800;58354.0;2073.0;56281.0
709900;58090.0;1929.0;56161.0
710000;58426.0;2025.0;56401.0
710100;58306.0;2025.0;56281.0
710200;58226.0;1945.0;56281.0
710300;58146.0;1865.0;56281.0
710400;58314.0;1993.0;56321.0
710500;58458.0;1977.0;56481.0
710600;58130.0;1929.0;56201.0
710700;58442.0;1961.0;56481.0
710800;58322.0;1961.0;56361.0
710900;58538.0;2057.0;56481.0
711000;58306.0;1945.0;56361.0
711100;58322.0;1961.0;56361.0
711200;58322.0;1961.0;56361.0
711300;58322.0;1961.0;56361.0
711400;58482.0;1961.0;56521.0
711500;58394.0;1993.0;56401.0
711600;57978.0;1697.0;56281.0
711700;58510.0;1949.0;56561.0
711800;58390.0;1949.0;56441.0
711900;58390.0;1949.0;56441.0
712000;58390.0;1949.0;56441.0
712100;58270.0;1949.0;56321.0
712200;58327.0;1886.0;56441.0
712300;58390.0;1949.0;56441.0
712400;58451.0;1970.0;56481.0
712500;58451.0;1970.0;56481.0
712600;58430.0;1949.0;56481.0
712700;58470.0;1949.0;56521.0
712800;58527.0;1886.0;56641.0
712900;58287.0;1886.0;56401.0
713000;58449.0;1928.0;56521.0
713100;58428.0;1907.0;56521.0
713200;58590.0;1949.0;56641.0
713300;58512.0;1991.0;56521.0
713400;58696.0;2135.0;56561.0
713500;58520.0;1959.0;56561.0
713600;58488.0;1927.0;56561.0
713700;58218.0;1737.0;56481.0
713800;58470.0;1989.0;56481.0
713900;58590.0;1989.0;56601.0
714000;58647.0;1926.0;56721.0
714100;58548.0;1947.0;56601.0
714200;58668.0;1947.0;56721.0
714300;58668.0;1947.0;56721.0
714400;58588.0;1947.0;56641.0
714500;58386.0;1905.0;56481.0
714600;58588.0;1947.0;56641.0
714700;58670.0;1989.0;56681.0
714800;58649.0;1968.0;56681.0
714900;58397.0;1716.0;56681.0
715000;58308.0;1947.0;56361.0
715100;58748.0;1947.0;56801.0
715200;58550.0;1989.0;56561.0
715300;58697.0;2136.0;56561.0
715400;58668.0;1947.0;56721.0
715500;58605.0;1884.0;56721.0
715600;58786.0;1905.0;56881.0
715700;58687.0;1926.0;56761.0
715800;58708.0;1947.0;56761.0
715900;58750.0;1989.0;56761.0
716000;58729.0;1968.0;56761.0
716100;58729.0;1968.0;56761.0
716200;58666.0;1905.0;56761.0
716300;58708.0;1947.0;56761.0
716400;58750.0;2109.0;56641.0
716500;58712.0;1911.0;56801.0
716600;58872.0;1911.0;56961.0
716700;58716.0;1875.0;56841.0
716800;58806.0;1965.0;56841.0
716900;58716.0;1875.0;56841.0
717000;58872.0;1911.0;56961.0
717100;58668.0;1947.0;56721.0
717200;58506.0;1785.0;56721.0
717300;58698.0;1857.0;56841.0
717400;58632.0;1911.0;56721.0
717500;58952.0;1911.0;57041.0
717600;58796.0;1875.0;56921.0
717700;58814.0;1893.0;56921.0
717800;58706.0;1785.0;56921.0
717900;59028.0;1947.0;57081.0
718000;58904.0;1983.0;56921.0
718100;58802.0;2001.0;56801.0
718200;58832.0;1911.0;56921.0
718300;58712.0;1911.0;56801.0
718400;58908.0;1947.0;56961.0
718500;58908.0;1947.0;56961.0
718600;58908.0;1947.0;56961.0
718700;58948.0;1947.0;57001.0
718800;58948.0;1947.0;57001.0
718900;59032.0;1911.0;57121.0
719000;58732.0;1731.0;57001.0
719100;58738.0;1857.0;56881.0
719200;58804.0;1803.0;57001.0
719300;58876.0;1875.0;57001.0
719400;58916.0;1875.0;57041.0
719500;58952.0;1911.0;57041.0
719600;59112.0;1911.0;57201.0
719700;58992.0;1911.0;57081.0
719800;58908.0;1947.0;56961.0
719900;59112.0;1911.0;57201.0
720000;59028.0;1947.0;57081.0
720100;59064.0;1983.0;57081.0
720200;58992.0;1911.0;57081.0
720300;58974.0;1893.0;57081.0
720400;59068.0;1947.0;57121.0
720500;59032.0;1911.0;57121.0
720600;58912.0;1911.0;57001.0
720700;58988.0;1947.0;57041.0
720800;58988.0;1947.0;57041.0
720900;58988.0;1947.0;57041.0
721000;59036.0;1875.0;57161.0
721100;59192.0;1911.0;57281.0
721200;58668.0;2067.0;56601.0
721300;58996.0;1955.0;57041.0
721400;59086.0;1885.0;57201.0
721500;59128.0;1927.0;57201.0
721600;59288.0;1927.0;57361.0
721700;59168.0;1927.0;57241.0
721800;59048.0;1927.0;57121.0
721900;59076.0;1955.0;57121.0
722000;59168.0;1927.0;57241.0
722100;59196.0;1955.0;57241.0
722200;59316.0;1955.0;57361.0
722300;59756.0;1955.0;57801.0
722400;59236.0;1955.0;57281.0
722500;59236.0;1955.0;57281.0
722600;59236.0;1955.0;57281.0
722700;59276.0;1955.0;57321.0
722800;59377.5;2056.5;57321.0
722900;59184.0;1983.0;57201.0
723000;59293.5;1972.5;57321.0
723100;59262.0;1941.0;57321.0
723200;59262.0;1941.0;57321.0
723300;59262.0;1941.0;57321.0
723400;59302.0;1941.0;57361.0
723500;59302.0;1941.0;57361.0
723600;59281.0;1920.0;57361.0
723700;59342.0;1941.0;57401.0
723800;59222.0;1941.0;57281.0
723900;59384.0;1983.0;57401.0
724000;59321.0;1920.0;57401.0
724100;59321.0;1920.0;57401.0
724200;59243.0;1962.0;57281.0
724300;59394.5;1993.5;57401.0
724400;59350.5;1909.5;57441.0
724500;59350.5;1909.5;57441.0
724600;59350.5;1909.5;57441.0
724700;59302.0;1941.0;57361.0
724800;59413.0;1812.0;57601.0
724900;59438.0;1957.0;57481.0
725000;59438.0;1957.0;57481.0
725100;59481.5;2000.5;57481.0
725200;59467.0;1986.0;57481.0
725300;59467.0;1986.0;57481.0
725400;59507.0;1986.0;57521.0
725500;59638.0;1957.0;57681.0
725600;59667.0;1986.0;57681.0
725700;59547.0;1986.0;57561.0
725800;59532.5;1971.5;57561.0
725900;59605.0;2044.0;57561.0
726000;59576.0;2015.0;57561.0
726100;59136.0;2015.0;57121.0
726200;59576.0;2015.0;57561.0
726300;59576.0;2015.0;57561.0
726400;59485.0;2044.0;57441.0
726500;59834.0;2073.0;57761.0
726600;59616.0;2015.0;57601.0
726700;59772.0;2131.0;57641.0
726800;59685.0;2044.0;57641.0
726900;59550.5;2029.5;57521.0
727000;59565.0;2044.0;57521.0
727100;59685.0;2044.0;57641.0
727200;59714.0;2073.0;57641.0
727300;59594.0;2073.0;57521.0
727400;59710.5;2029.5;57681.0
727500;59550.5;2029.5;57521.0
727600;59826.5;2145.5;57681.0
727700;59808.5;2087.5;57721.0
727800;59914.0;2073.0;57841.0
727900;59765.0;2044.0;57721.0
728000;59674.0;2073.0;57601.0
728100;59808.5;2087.5;57721.0
728200;59895.5;2174.5;57721.0
728300;59972.0;2131.0;57841.0
728400;59892.0;2131.0;57761.0
728500;59892.0;2131.0;57761.0
728600;59863.0;2102.0;57761.0
728700;59812.0;2131.0;57681.0
728800;59859.5;2058.5;57801.0
728900;59874.0;2073.0;57801.0
729000;59845.0;2044.0;57801.0
729100;59845.0;2044.0;57801.0
729200;59903.0;2102.0;57801.0
729300;59783.0;2102.0;57681.0
729400;59943.0;2102.0;57841.0
729500;59928.5;2087.5;57841.0
729600;59943.0;2102.0;57841.0
729700;59986.5;2145.5;57841.0
729800;60012.0;2131.0;57881.0
729900;59983.0;2102.0;57881.0
730000;59983.0;2102.0;57881.0
730100;59954.0;2073.0;57881.0
730200;59834.0;2073.0;57761.0
730300;59877.5;2116.5;57761.0
730400;59994.0;2073.0;57921.0
730500;59950.5;2029.5;57921.0
730600;59979.5;2058.5;57921.0
730700;60135.5;2174.5;57961.0
730800;60034.0;2073.0;57961.0
730900;60125.0;2044.0;58081.0
731000;60153.0;2192.0;57961.0
731100;60063.0;2102.0;57961.0
731200;60043.0;2082.0;57961.0
731300;60033.0;2072.0;57961.0
731400;60083.0;2082.0;58001.0
731500;60033.0;2032.0;58001.0
731600;60013.0;2132.0;57881.0
731700;60143.0;2102.0;58041.0
731800;60143.0;2102.0;58041.0
731900;60143.0;2102.0;58041.0
732000;60263.0;2102.0;58161.0
732100;60023.0;2102.0;57921.0
732200;60063.0;2022.0;58041.0
732300;60323.0;2002.0;58321.0
732400;60213.0;2132.0;58081.0
732500;60203.0;2122.0;58081.0
732600;60183.0;2102.0;58081.0
732700;60223.0;2102.0;58121.0
732800;60293.0;2172.0;58121.0
732900;60243.0;2122.0;58121.0
733000;60243.0;2122.0;58121.0
733100;60213.0;2092.0;58121.0
733200;60243.0;2122.0;58121.0
733300;60243.0;2122.0;58121.0
733400;60283.0;2122.0;58161.0
733500;60283.0;2122.0;58161.0
733600;60283.0;2122.0;58161.0
733700;60315.5;1994.5;58321.0
733800;60344.0;2143.0;58201.0
733900;60224.0;2143.0;58081.0
734000;60371.0;2170.0;58201.0
734100;60317.0;2116.0;58201.0
734200;60197.0;2116.0;58081.0
734300;60317.0;2116.0;58201.0
734400;60477.0;2116.0;58361.0
734500;60224.0;2143.0;58081.0
734600;60384.0;2143.0;58241.0
734700;60530.5;2129.5;58401.0
734800;60424.0;2143.0;58281.0
734900;60451.0;2170.0;58281.0
735000;60344.5;2183.5;58161.0
735100;59864.0;2143.0;57721.0
735200;60304.0;2143.0;58161.0
735300;60277.0;2116.0;58161.0
735400;60437.0;2116.0;58321.0
735500;60437.0;2116.0;58321.0
735600;60410.0;2089.0;58321.0
735700;60450.0;2089.0;58361.0
735800;60477.0;2116.0;58361.0
735900;60330.0;2089.0;58241.0
736000;60450.0;2089.0;58361.0
736100;60477.0;2116.0;58361.0
736200;60450.0;2089.0;58361.0
736300;60450.0;2089.0;58361.0
736400;60530.5;2129.5;58401.0
736500;60490.0;2089.0;58401.0
736600;60490.0;2089.0;58401.0
736700;60530.0;2089.0;58441.0
736800;60516.5;2075.5;58441.0
736900;60516.5;2075.5;58441.0
737000;60503.0;2062.0;58441.0
737100;60690.5;2129.5;58561.0
737200;60690.5;2129.5;58561.0
737300;60570.5;2129.5;58441.0
737400;60570.0;2089.0;58481.0
737500;60970.0;2089.0;58881.0
737600;60143.5;2102.5;58041.0
737700;60463.0;2062.0;58401.0
737800;60730.0;2089.0;58641.0
737900;60623.5;2102.5;58521.0
738000;60556.0;2035.0;58521.0
738100;60542.5;2021.5;58521.0
738200;60556.0;2035.0;58521.0
738300;60583.0;2062.0;58521.0
738400;60783.5;2102.5;58681.0
738500;60636.5;2075.5;58561.0
738600;60650.0;2089.0;58561.0
738700;60570.0;2089.0;58481.0
738800;60156.0;2035.0;58121.0
738900;60771.0;2170.0;58601.0
739000;60690.0;2089.0;58601.0
739100;60690.0;2089.0;58601.0
739200;60690.0;2089.0;58601.0
739300;60649.5;2048.5;58601.0
739400;60730.0;2089.0;58641.0
739500;60543.0;2062.0;58481.0
739600;60757.0;2116.0;58641.0
739700;60770.0;2089.0;58681.0
739800;60851.0;2170.0;58681.0
739900;61210.5;2129.5;59081.0
740000;60797.0;2116.0;58681.0
740100;60797.0;2116.0;58681.0
740200;60957.0;2116.0;58841.0
740300;60770.0;2089.0;58681.0
740400;60810.0;2089.0;58721.0
740500;60921.0;2200.0;58721.0
740600;60892.5;2171.5;58721.0
740700;60932.5;2171.5;58761.0
740800;60967.0;2086.0;58881.0
740900;60866.0;2105.0;58761.0
741000;60995.5;2114.5;58881.0
741100;61005.0;2124.0;58881.0
741200;60894.5;2133.5;58761.0
741300;60866.0;2105.0;58761.0
741400;60915.5;2114.5;58801.0
741500;60915.5;2114.5;58801.0
741600;60906.0;2105.0;58801.0
741700;60946.0;2105.0;58841.0
741800;60965.0;2124.0;58841.0
741900;60927.0;2086.0;58841.0
742000;60525.0;2124.0;58401.0
742100;60544.0;2143.0;58401.0
742200;61094.5;2133.5;58961.0
742300;60965.0;2124.0;58841.0
742400;61005.0;2124.0;58881.0
742500;60845.0;2124.0;58721.0
742600;61024.0;2143.0;58881.0
742700;61184.0;2143.0;59041.0
742800;61035.5;2114.5;58921.0
742900;61064.0;2143.0;58921.0
743000;61064.0;2143.0;58921.0
743100;61102.0;2181.0;58921.0
743200;61102.0;2181.0;58921.0
743300;61045.0;2124.0;58921.0
743400;61085.0;2124.0;58961.0
743500;61085.0;2124.0;58961.0
743600;61085.0;2124.0;58961.0
743700;61125.0;2124.0;59001.0
743800;61125.0;2124.0;59001.0
743900;61125.0;2124.0;59001.0
744000;61144.0;2143.0;59001.0
744100;61144.0;2143.0;59001.0
744200;61163.0;2162.0;59001.0
744300;61144.0;2143.0;59001.0
744400;61172.5;2171.5;59001.0
744500;61344.0;2143.0;59201.0
744600;61184.0;2143.0;59041.0
744700;61224.0;2143.0;59081.0
744800;61344.0;2143.0;59201.0
744900;61252.5;2171.5;59081.0
745000;61224.0;2143.0;59081.0
745100;61344.0;2143.0;59201.0
745200;61224.0;2143.0;59081.0
745300;61205.0;2124.0;59081.0
745400;61245.0;2124.0;59121.0
745500;61273.5;2152.5;59121.0
745600;61245.0;2124.0;59121.0
745700;61323.0;2162.0;59161.0
745800;61395.5;2114.5;59281.0
745900;61304.0;2143.0;59161.0
746000;61247.0;2086.0;59161.0
746100;61304.0;2143.0;59161.0
746200;61184.0;2143.0;59041.0
746300;61203.0;2162.0;59041.0
746400;61429.5;2228.5;59201.0
746500;61363.0;2162.0;59201.0
746600;61542.0;2181.0;59361.0
746700;61403.0;2162.0;59241.0
746800;61403.0;2162.0;59241.0
746900;61431.5;2190.5;59241.0
747000;61403.0;2162.0;59241.0
747100;61403.0;2162.0;59241.0
747200;61302.0;2181.0;59121.0
747300;61422.0;2181.0;59241.0
747400;61462.0;2181.0;59281.0
747500;61254.5;2133.5;59121.0
747600;61481.0;2200.0;59281.0
747700;61521.0;2200.0;59321.0
747800;61521.0;2200.0;59321.0
747900;61641.0;2200.0;59441.0
748000;61521.0;2200.0;59321.0
748100;61492.5;2171.5;59321.0
748200;61382.0;2181.0;59201.0
748300;61245.0;2124.0;59121.0
748400;61542.0;2181.0;59361.0
748500;61561.0;2200.0;59361.0
748600;61561.0;2200.0;59361.0
748700;61639.0;2238.0;59401.0
748800;61582.0;2181.0;59401.0
748900;61626.0;2105.0;59521.0
749000;61683.0;2162.0;59521.0
749100;61683.0;2162.0;59521.0
749200;61563.0;2162.0;59401.0
749300;61563.0;2162.0;59401.0
749400;61622.0;2181.0;59441.0
749500;61612.5;2171.5;59441.0
749600;61612.5;2171.5;59441.0
749700;61662.0;2181.0;59481.0
749800;61662.0;2181.0;59481.0
749900;61700.0;2219.0;59481.0
750000;61481.0;2200.0;59281.0
750100;61700.0;2219.0;59481.0
750200;61716.0;2235.0;59481.0
750300;61609.5;2248.5;59361.0
750400;61783.0;2262.0;59521.0
750500;61783.0;2262.0;59521.0
750600;61622.0;2101.0;59521.0
750700;61998.0;2277.0;59721.0
750800;61838.0;2277.0;59561.0
750900;61838.0;2277.0;59561.0
751000;61838.0;2277.0;59561.0
751100;61718.0;2277.0;59441.0
751200;61902.0;2341.0;59561.0
751300;61398.0;2277.0;59121.0
751400;61718.0;2117.0;59601.0
751500;62006.0;2245.0;59761.0
751600;61846.0;2245.0;59601.0
751700;61886.0;2245.0;59641.0
751800;61766.0;2245.0;59521.0
751900;61766.0;2245.0;59521.0
752000;61538.0;2017.0;59521.0
752100;62024.0;2263.0;59761.0
752200;61965.5;2324.5;59641.0
752300;61924.5;2283.5;59641.0
752400;62005.5;2324.5;59681.0
752500;62005.5;2324.5;59681.0
752600;61923.5;2242.5;59681.0
752700;61984.0;2263.0;59721.0
752800;61984.0;2263.0;59721.0
752900;61984.0;2263.0;59721.0
753000;61864.0;2263.0;59601.0
753100;62137.0;2416.0;59721.0
753200;62057.0;2336.0;59721.0
753300;61993.0;2272.0;59721.0
753400;61841.0;2240.0;59601.0
753500;62001.0;2240.0;59761.0
753600;62001.0;2240.0;59761.0
753700;61825.0;2144.0;59681.0
753800;61945.0;2144.0;59801.0
753900;62209.0;2288.0;59921.0
754000;62145.0;2224.0;59921.0
754100;62073.0;2272.0;59801.0
754200;62073.0;2272.0;59801.0
754300;61953.0;2272.0;59681.0
754400;62233.0;2272.0;59961.0
754500;62113.0;2272.0;59841.0
754600;62113.0;2272.0;59841.0
754700;62153.0;2272.0;59881.0
754800;62153.0;2272.0;59881.0
754900;62153.0;2272.0;59881.0
755000;62121.0;2240.0;59881.0
755100;62121.0;2240.0;59881.0
755200;62153.0;2272.0;59881.0
755300;62105.0;2224.0;59881.0
755400;62193.0;2272.0;59921.0
755500;62145.0;2224.0;59921.0
755600;62241.0;2320.0;59921.0
755700;62233.0;2272.0;59961.0
755800;62353.0;2272.0;60081.0
755900;62385.0;2304.0;60081.0
756000;61761.0;2240.0;59521.0
756100;62321.0;2240.0;60081.0
756200;62353.0;2272.0;60081.0
756300;62097.0;2256.0;59841.0
756400;62505.0;2384.0;60121.0
756500;62337.0;2336.0;60001.0
756600;62305.0;2304.0;60001.0
756700;62225.0;2304.0;59921.0
756800;62345.0;2304.0;60041.0
756900;62345.0;2304.0;60041.0
757000;62345.0;2304.0;60041.0
757100;62345.0;2304.0;60041.0
757200;62345.0;2304.0;60041.0
757300;62233.0;2192.0;60041.0
757400;62465.0;2384.0;60081.0
757500;62385.0;2304.0;60081.0
757600;62289.0;2208.0;60081.0
757700;62457.0;2336.0;60121.0
757800;62337.0;2336.0;60001.0
757900;62545.0;2304.0;60241.0
758000;62425.0;2304.0;60121.0
758100;62351.5;2430.5;59921.0
758200;62550.0;2309.0;60241.0
758300;62283.0;2282.0;60001.0
758400;62617.0;2336.0;60281.0
758500;62362.0;2201.0;60161.0
758600;62242.0;2201.0;60041.0
758700;62510.0;2309.0;60201.0
758800;62496.5;2295.5;60201.0
758900;62537.0;2336.0;60201.0
759000;62390.0;2309.0;60081.0
759100;62510.0;2309.0;60201.0
759200;62510.0;2309.0;60201.0
759300;62510.0;2309.0;60201.0
759400;62550.0;2309.0;60241.0
759500;62563.5;2322.5;60241.0
759600;62430.0;2309.0;60121.0
759700;62590.0;2309.0;60281.0
759800;62590.0;2309.0;60281.0
759900;62590.0;2309.0;60281.0
760000;62710.0;2309.0;60401.0
760100;62710.0;2309.0;60401.0
760200;62710.0;2309.0;60401.0
760300;62443.0;2282.0;60161.0
760400;62603.0;2282.0;60321.0
760500;62603.0;2282.0;60321.0
760600;62483.0;2282.0;60201.0
760700;62643.0;2282.0;60361.0
760800;62697.0;2336.0;60361.0
760900;62670.0;2309.0;60361.0
761000;62790.0;2309.0;60481.0
761100;62724.0;2363.0;60361.0
761200;62697.0;2336.0;60361.0
761300;62670.0;2309.0;60361.0
761400;62629.0;2228.0;60401.0
761500;62737.0;2336.0;60401.0
761600;62737.0;2336.0;60401.0
761700;62723.0;2282.0;60441.0
761800;62150.0;2309.0;59841.0
761900;62217.5;2376.5;59841.0
762000;62150.0;2309.0;59841.0
762100;62723.0;2282.0;60441.0
762200;62750.0;2309.0;60441.0
762300;62657.0;2336.0;60321.0
762400;62630.0;2309.0;60321.0
762500;62790.0;2309.0;60481.0
762600;62350.0;2309.0;60041.0
762700;62350.0;2309.0;60041.0
762800;62803.0;2282.0;60521.0
762900;62857.0;2336.0;60521.0
763000;62884.0;2363.0;60521.0
763100;62897.5;2376.5;60521.0
763200;62857.0;2336.0;60521.0
763300;62737.0;2336.0;60401.0
763400;62870.0;2309.0;60561.0
763500;63030.0;2309.0;60721.0
763600;63003.0;2282.0;60721.0
763700;62856.0;2255.0;60601.0
763800;62910.0;2309.0;60601.0
763900;62923.5;2322.5;60601.0
764000;62883.0;2282.0;60601.0
764100;62883.0;2282.0;60601.0
764200;62763.0;2282.0;60481.0
764300;62803.5;2322.5;60481.0
764400;62923.0;2282.0;60641.0
764500;62923.0;2282.0;60641.0
764600;62923.0;2282.0;60641.0
764700;63003.5;2322.5;60681.0
764800;62963.0;2282.0;60681.0
764900;62922.5;2241.5;60681.0
765000;62963.0;2282.0;60681.0
765100;62963.0;2282.0;60681.0
765200;62843.0;2282.0;60561.0
765300;62963.0;2282.0;60681.0
765400;62843.0;2282.0;60561.0
765500;63043.5;2322.5;60721.0
765600;63003.0;2282.0;60721.0
765700;63043.0;2282.0;60761.0
765800;63043.0;2282.0;60761.0
765900;63043.0;2282.0;60761.0
766000;63590.0;2309.0;61281.0
766100;63070.0;2309.0;60761.0
766200;63070.0;2309.0;60761.0
766300;62977.0;2336.0;60641.0
766400;63110.0;2309.0;60801.0
766500;63270.0;2309.0;60961.0
766600;62990.0;2309.0;60681.0
766700;63177.0;2336.0;60841.0
766800;63177.0;2336.0;60841.0
766900;63150.0;2309.0;60841.0
767000;63150.0;2309.0;60841.0
767100;63150.0;2309.0;60841.0
767200;63150.0;2309.0;60841.0
767300;63150.0;2309.0;60841.0
767400;63150.0;2309.0;60841.0
767500;62989.5;2268.5;60721.0
767600;63190.0;2309.0;60881.0
767700;63203.5;2322.5;60881.0
767800;63230.0;2309.0;60921.0
767900;63230.0;2309.0;60921.0
768000;63230.0;2309.0;60921.0
768100;63230.0;2309.0;60921.0
768200;63350.0;2309.0;61041.0
768300;63203.0;2282.0;60921.0
768400;63270.0;2309.0;60961.0
768500;63093.0;2132.0;60961.0
768600;63253.0;2292.0;60961.0
768700;63293.0;2292.0;61001.0
768800;63293.0;2292.0;61001.0
768900;63461.0;2340.0;61121.0
769000;63341.0;2340.0;61001.0
769100;63413.0;2292.0;61121.0
769200;63325.0;2324.0;61001.0
769300;63341.0;2340.0;61001.0
769400;63397.0;2356.0;61041.0
769500;63365.0;2324.0;61041.0
769600;63397.0;2356.0;61041.0
769700;63421.0;2340.0;61081.0
769800;63437.0;2356.0;61081.0
769900;63437.0;2356.0;61081.0
770000;63453.0;2372.0;61081.0
770100;63405.0;2324.0;61081.0
770200;63405.0;2324.0;61081.0
770300;63453.0;2372.0;61081.0
770400;63285.0;2324.0;60961.0
770500;63477.0;2356.0;61121.0
770600;63637.0;2356.0;61281.0
770700;63397.0;2356.0;61041.0
770800;63549.0;2388.0;61161.0
770900;63581.0;2420.0;61161.0
771000;63709.0;2388.0;61321.0
771100;63549.0;2388.0;61161.0
771200;63429.0;2388.0;61041.0
771300;63565.0;2404.0;61161.0
771400;63605.0;2404.0;61201.0
771500;63621.0;2420.0;61201.0
771600;63501.0;2420.0;61081.0
771700;63781.0;2420.0;61361.0
771800;63882.0;2521.0;61361.0
771900;63647.0;2406.0;61241.0
772000;63550.0;2429.0;61121.0
772100;63515.5;2394.5;61121.0
772200;63670.0;2429.0;61241.0
772300;63635.5;2394.5;61241.0
772400;63795.5;2394.5;61401.0
772500;63550.0;2429.0;61121.0
772600;63555.5;2394.5;61161.0
772700;63727.0;2406.0;61321.0
772800;63750.0;2429.0;61321.0
772900;63750.0;2429.0;61321.0
773000;63727.0;2406.0;61321.0
773100;63727.0;2406.0;61321.0
773200;63750.0;2429.0;61321.0
773300;63761.5;2440.5;61321.0
773400;63858.0;2497.0;61361.0
773500;63783.0;2422.0;61361.0
773600;63760.5;2399.5;61361.0
773700;63783.0;2422.0;61361.0
773800;63343.0;2422.0;60921.0
773900;63823.0;2422.0;61401.0
774000;63823.0;2422.0;61401.0
774100;63928.0;2407.0;61521.0
774200;63965.5;2444.5;61521.0
774300;63838.0;2437.0;61401.0
774400;63870.5;2429.5;61441.0
774500;63848.0;2407.0;61441.0
774600;63855.5;2414.5;61441.0
774700;63888.0;2407.0;61481.0
774800;63888.0;2407.0;61481.0
774900;63888.0;2407.0;61481.0
775000;63783.0;2302.0;61481.0
775100;63903.0;2422.0;61481.0
775200;63915.0;2434.0;61481.0
775300;63915.0;2434.0;61481.0
775400;63843.0;2482.0;61361.0
775500;64379.0;2458.0;61921.0
775600;63859.0;2458.0;61401.0
775700;63899.0;2458.0;61441.0
775800;64019.0;2458.0;61561.0
775900;64019.0;2458.0;61561.0
776000;64179.0;2458.0;61721.0
776100;64031.0;2470.0;61561.0
776200;64019.0;2458.0;61561.0
776300;64139.0;2458.0;61681.0
776400;63899.0;2458.0;61441.0
776500;63899.0;2458.0;61441.0
776600;64119.0;2518.0;61601.0
776700;64159.0;2518.0;61641.0
776800;64111.0;2470.0;61641.0
776900;64111.0;2470.0;61641.0
777000;64063.0;2422.0;61641.0
777100;64123.0;2482.0;61641.0
777200;63955.0;2434.0;61521.0
777300;64195.0;2434.0;61761.0
777400;64195.0;2434.0;61761.0
777500;64091.0;2410.0;61681.0
777600;64091.0;2410.0;61681.0
777700;64115.0;2434.0;61681.0
777800;64107.0;2386.0;61721.0
777900;64107.0;2386.0;61721.0
778000;64107.0;2386.0;61721.0
778100;64227.0;2386.0;61841.0
778200;64107.0;2386.0;61721.0
778300;64203.0;2362.0;61841.0
778400;64123.0;2362.0;61761.0
778500;64123.0;2362.0;61761.0
778600;64163.0;2362.0;61801.0
778700;64139.0;2338.0;61801.0
778800;64139.0;2338.0;61801.0
778900;64139.0;2338.0;61801.0
779000;64283.0;2362.0;61921.0
779100;64163.0;2362.0;61801.0
779200;64163.0;2362.0;61801.0
779300;64043.0;2362.0;61681.0
779400;64227.0;2386.0;61841.0
779500;64363.0;2362.0;62001.0
779600;64203.0;2362.0;61841.0
779700;64120.0;2239.0;61881.0
779800;63965.0;2404.0;61561.0
779900;64285.0;2404.0;61881.0
780000;64165.0;2404.0;61761.0
780100;64345.0;2464.0;61881.0
780200;64345.0;2464.0;61881.0
780300;64085.0;2404.0;61681.0
780400;64055.0;2374.0;61681.0
780500;64370.0;2449.0;61921.0
780600;64205.0;2404.0;61801.0
780700;64485.0;2404.0;62081.0
780800;64395.0;2434.0;61961.0
780900;64275.0;2434.0;61841.0
781000;64485.0;2404.0;62081.0
781100;64855.0;2494.0;62361.0
781200;64455.0;2494.0;61961.0
781300;64245.0;2404.0;61841.0
781400;64390.0;2389.0;62001.0
781500;64435.0;2434.0;62001.0
781600;64375.0;2374.0;62001.0
781700;64295.0;2374.0;61921.0
781800;64325.0;2404.0;61921.0
781900;64595.0;2434.0;62161.0
782000;64505.0;2464.0;62041.0
782100;64475.0;2434.0;62041.0
782200;64475.0;2434.0;62041.0
782300;64300.0;2259.0;62041.0
782400;64493.0;2412.0;62081.0
782500;64544.0;2463.0;62081.0
782600;64425.0;2344.0;62081.0
782700;64499.0;2378.0;62121.0
782800;64499.0;2378.0;62121.0
782900;64550.0;2429.0;62121.0
783000;64653.0;2412.0;62241.0
783100;64499.0;2378.0;62121.0
783200;64499.0;2378.0;62121.0
783300;64499.0;2378.0;62121.0
783400;64133.0;2412.0;61721.0
783500;64218.0;2497.0;61721.0
783600;64419.0;2378.0;62041.0
783700;64493.0;2412.0;62081.0
783800;64630.0;2429.0;62201.0
783900;64443.0;2242.0;62201.0
784000;64613.0;2412.0;62201.0
784100;64562.0;2361.0;62201.0
784200;64613.0;2412.0;62201.0
784300;64613.0;2412.0;62201.0
784400;64704.0;2463.0;62241.0
784500;64619.0;2378.0;62241.0
784600;64636.0;2395.0;62241.0
784700;64727.0;2446.0;62281.0
784800;64511.0;2230.0;62281.0
784900;64663.0;2382.0;62281.0
785000;64701.0;2420.0;62281.0
785100;64701.0;2420.0;62281.0
785200;64821.0;2420.0;62401.0
785300;64701.0;2420.0;62281.0
785400;64741.0;2420.0;62321.0
785500;64703.0;2382.0;62321.0
785600;64741.0;2420.0;62321.0
785700;64781.0;2420.0;62361.0
785800;64781.0;2420.0;62361.0
785900;64781.0;2420.0;62361.0
786000;64819.0;2458.0;62361.0
786100;64699.0;2458.0;62241.0
786200;64699.0;2458.0;62241.0
786300;64699.0;2458.0;62241.0
786400;64859.0;2458.0;62401.0
786500;64859.0;2458.0;62401.0
786600;65019.0;2458.0;62561.0
786700;64899.0;2458.0;62441.0
786800;64899.0;2458.0;62441.0
786900;64899.0;2458.0;62441.0
787000;65299.0;2458.0;62841.0
787100;64899.0;2458.0;62441.0
787200;64779.0;2458.0;62321.0
787300;64899.0;2458.0;62441.0
787400;64899.0;2458.0;62441.0
787500;64899.0;2458.0;62441.0
787600;65061.0;2420.0;62641.0
787700;64903.0;2382.0;62521.0
787800;64998.0;2477.0;62521.0
787900;64979.0;2458.0;62521.0
788000;64960.0;2439.0;62521.0
788100;64960.0;2439.0;62521.0
788200;64859.0;2458.0;62401.0
788300;64941.0;2420.0;62521.0
788400;65158.0;2477.0;62681.0
788500;65217.0;2496.0;62721.0
788600;64962.0;2401.0;62561.0
788700;65021.0;2420.0;62601.0
788800;65021.0;2420.0;62601.0
788900;65021.0;2420.0;62601.0
789000;65021.0;2420.0;62601.0
789100;65021.0;2420.0;62601.0
789200;65141.0;2420.0;62721.0
789300;65021.0;2420.0;62601.0
789400;65061.0;2420.0;62641.0
789500;65061.0;2420.0;62641.0
789600;65099.0;2458.0;62641.0
789700;65099.0;2458.0;62641.0
789800;65221.0;2420.0;62801.0
789900;65101.0;2420.0;62681.0
790000;65101.0;2420.0;62681.0
790100;65101.0;2420.0;62681.0
790200;65101.0;2420.0;62681.0
790300;65183.0;2382.0;62801.0
790400;65141.0;2420.0;62721.0
790500;65084.0;2363.0;62721.0
790600;65141.0;2420.0;62721.0
790700;65219.0;2458.0;62761.0
790800;65181.0;2420.0;62761.0
790900;65181.0;2420.0;62761.0
791000;65181.0;2420.0;62761.0
791100;65301.0;2420.0;62881.0
791200;65181.0;2420.0;62761.0
791300;65061.0;2420.0;62641.0
791400;65183.0;2382.0;62801.0
791500;65221.0;2420.0;62801.0
791600;65221.0;2420.0;62801.0
791700;65419.0;2458.0;62961.0
791800;65299.0;2458.0;62841.0
791900;65141.0;2420.0;62721.0
792000;65261.0;2420.0;62841.0
792100;65109.0;2268.0;62841.0
792200;65261.0;2420.0;62841.0
792300;65261.0;2420.0;62841.0
792400;65301.0;2420.0;62881.0
792500;65301.0;2420.0;62881.0
792600;65301.0;2420.0;62881.0
792700;65379.0;2458.0;62921.0
792800;65303.0;2382.0;62921.0
792900;65303.0;2382.0;62921.0
793000;65341.0;2420.0;62921.0
793100;65164.0;2363.0;62801.0
793200;65221.0;2420.0;62801.0
793300;65398.0;2477.0;62921.0
793400;65381.0;2420.0;62961.0
793500;65381.0;2420.0;62961.0
793600;65495.0;2534.0;62961.0
793700;65535.0;2534.0;63001.0
793800;65459.0;2458.0;63001.0
793900;65421.0;2420.0;63001.0
794000;65135.0;2134.0;63001.0
794100;65436.0;2435.0;63001.0
794200;65436.0;2435.0;63001.0
794300;65436.0;2435.0;63001.0
794400;65476.0;2435.0;63041.0
794500;65316.0;2435.0;62881.0
794600;65476.0;2435.0;63041.0
794700;65516.0;2435.0;63081.0
794800;65559.0;2478.0;63081.0
794900;65559.0;2478.0;63081.0
795000;65417.5;2456.5;62961.0
795100;65559.0;2478.0;63081.0
795200;65709.5;2628.5;63081.0
795300;65516.0;2435.0;63081.0
795400;65396.0;2435.0;62961.0
795500;65513.0;2392.0;63121.0
795600;65534.5;2413.5;63121.0
795700;65694.5;2413.5;63281.0
795800;65519.0;2478.0;63041.0
795900;65682.0;2521.0;63161.0
796000;65519.0;2478.0;63041.0
796100;66082.0;2521.0;63561.0
796200;65632.5;2671.5;62961.0
796300;65574.5;2413.5;63161.0
796400;65679.0;2478.0;63201.0
796500;65679.0;2478.0;63201.0
796600;66239.0;2478.0;63761.0
796700;65599.0;2478.0;63121.0
796800;65676.0;2435.0;63241.0
796900;65556.0;2435.0;63121.0
797000;65676.0;2435.0;63241.0
797100;65676.0;2435.0;63241.0
797200;65753.0;2392.0;63361.0
797300;65633.0;2392.0;63241.0
797400;65716.0;2435.0;63281.0
797500;65716.0;2435.0;63281.0
797600;65716.0;2435.0;63281.0
797700;65713.0;2392.0;63321.0
797800;65833.0;2392.0;63441.0
797900;65756.0;2435.0;63321.0
798000;65691.5;2370.5;63321.0
798100;65470.0;2349.0;63121.0
798200;65648.5;2327.5;63321.0
798300;65833.0;2392.0;63441.0
798400;65713.0;2392.0;63321.0
798500;65528.5;2327.5;63201.0
798600;65753.0;2392.0;63361.0
798700;65673.0;2392.0;63281.0
798800;65750.0;2349.0;63401.0
798900;65836.0;2435.0;63401.0
799000;65793.0;2392.0;63401.0
799100;65836.0;2435.0;63401.0
799200;65848.5;2327.5;63521.0
799300;65728.5;2327.5;63401.0
799400;65854.5;2413.5;63441.0
799500;65919.0;2478.0;63441.0
799600;65919.0;2478.0;63441.0
799700;65873.0;2392.0;63481.0
799800;66036.0;2435.0;63601.0
799900;65916.0;2435.0;63481.0
800000;65916.0;2435.0;63481.0
800100;65971.5;2370.5;63601.0
800200;65980.5;2499.5;63481.0
800300;65722.5;2241.5;63481.0
800400;65913.0;2392.0;63521.0
800500;66073.0;2392.0;63681.0
800600;66073.0;2392.0;63681.0
800700;65833.0;2392.0;63441.0
800800;66116.0;2435.0;63681.0
800900;66073.0;2392.0;63681.0
801000;66137.5;2456.5;63681.0
801100;65876.5;2155.5;63721.0
801200;65953.0;2392.0;63561.0
801300;65953.0;2392.0;63561.0
801400;65996.0;2435.0;63561.0
801500;66088.5;2327.5;63761.0
801600;65993.0;2392.0;63601.0
801700;65990.0;2349.0;63641.0
801800;66033.0;2392.0;63641.0
801900;66033.0;2392.0;63641.0
802000;65762.5;2241.5;63521.0
802100;66097.5;2456.5;63641.0
802200;66196.0;2435.0;63761.0
802300;66076.0;2435.0;63641.0
802400;65775.0;2134.0;63641.0
802500;65975.0;2134.0;63841.0
802600;65740.5;2499.5;63241.0
802700;66156.0;2435.0;63721.0
802800;66122.0;2521.0;63601.0
802900;66199.0;2478.0;63721.0
803000;66199.0;2478.0;63721.0
803100;66199.0;2478.0;63721.0
803200;66199.0;2478.0;63721.0
803300;66307.0;2306.0;64001.0
803400;65999.0;2478.0;63521.0
803500;66239.0;2478.0;63761.0
803600;66239.0;2478.0;63761.0
803700;66399.0;2478.0;63921.0
803800;66279.0;2478.0;63801.0
803900;66279.0;2478.0;63801.0
804000;66279.0;2478.0;63801.0
804100;66279.0;2478.0;63801.0
804200;66279.0;2478.0;63801.0
804300;66159.0;2478.0;63681.0
804400;66279.0;2478.0;63801.0
804500;66383.5;2542.5;63841.0
804600;66423.5;2542.5;63881.0
804700;66479.0;2478.0;64001.0
804800;66239.0;2478.0;63761.0
804900;66359.0;2478.0;63881.0
805000;66759.0;2478.0;64281.0
805100;66359.0;2478.0;63881.0
805200;66294.5;2413.5;63881.0
805300;66359.0;2478.0;63881.0
805400;66002.5;2241.5;63761.0
805500;66399.0;2478.0;63921.0
805600;66439.0;2478.0;63961.0
805700;66374.5;2413.5;63961.0
805800;66602.0;2521.0;64081.0
805900;66602.0;2521.0;64081.0
806000;66439.0;2478.0;63961.0
806100;66482.0;2521.0;63961.0
806200;66362.0;2521.0;63841.0
806300;66602.0;2521.0;64081.0
806400;66522.0;2521.0;64001.0
806500;66405.0;2564.0;63841.0
806600;66405.0;2564.0;63841.0
806700;66562.0;2521.0;64041.0
806800;66605.0;2564.0;64041.0
806900;66605.0;2564.0;64041.0
807000;66765.0;2564.0;64201.0
807100;66562.0;2521.0;64041.0
807200;66420.5;2499.5;63921.0
807300;66682.0;2521.0;64161.0
807400;66605.0;2564.0;64041.0
807500;66645.0;2564.0;64081.0
807600;66525.0;2564.0;63961.0
807700;66565.0;2564.0;64001.0
807800;66685.0;2564.0;64121.0
807900;66672.5;2671.5;64001.0
808000;66826.5;2585.5;64241.0
808100;66556.0;2435.0;64121.0
808200;66676.0;2435.0;64241.0
808300;66436.0;2435.0;64001.0
808400;66931.0;2650.0;64281.0
808500;66811.0;2650.0;64161.0
808600;66691.0;2650.0;64041.0
808700;66636.0;2435.0;64201.0
808800;66786.5;2585.5;64201.0
808900;67014.0;2693.0;64321.0
809000;66894.0;2693.0;64201.0
809100;66774.0;2693.0;64081.0
809200;66894.0;2693.0;64201.0
809300;67014.0;2693.0;64321.0
809400;66774.0;2693.0;64081.0
809500;67041.5;2800.5;64241.0
809600;66931.0;2650.0;64281.0
809700;66931.0;2650.0;64281.0
809800;67051.0;2650.0;64401.0
809900;67051.0;2650.0;64401.0
810000;66974.0;2693.0;64281.0
810100;66974.0;2693.0;64281.0
810200;67017.0;2736.0;64281.0
810300;66974.0;2693.0;64281.0
810400;66974.0;2693.0;64281.0
810500;67078.5;2757.5;64321.0
810600;66958.5;2757.5;64201.0
810700;67054.0;2693.0;64361.0
810800;66531.0;2650.0;63881.0
810900;67131.0;2650.0;64481.0
811000;66968.0;2607.0;64361.0
811100;67002.0;2521.0;64481.0
811200;66989.5;2628.5;64361.0
811300;67054.0;2693.0;64361.0
811400;67011.0;2650.0;64361.0
811500;66891.0;2650.0;64241.0
811600;67048.0;2607.0;64441.0
811700;67048.0;2607.0;64441.0
811800;67091.0;2650.0;64441.0
811900;66971.0;2650.0;64321.0
812000;66971.0;2650.0;64321.0
812100;67091.0;2650.0;64441.0
812200;67091.0;2650.0;64441.0
812300;66651.0;2650.0;64001.0
812400;67134.0;2693.0;64441.0
812500;67291.0;2650.0;64641.0
812600;67691.0;2650.0;65041.0
812700;67171.0;2650.0;64521.0
812800;67331.0;2650.0;64681.0
812900;67051.0;2650.0;64401.0
813000;67171.0;2650.0;64521.0
813100;67171.0;2650.0;64521.0
813200;67094.0;2693.0;64401.0
813300;67051.0;2650.0;64401.0
813400;67051.0;2650.0;64401.0
813500;66706.5;2585.5;64121.0
813600;67208.0;2607.0;64601.0
813700;67251.0;2650.0;64601.0
813800;67036.0;2435.0;64601.0
813900;67251.0;2650.0;64601.0
814000;67251.0;2650.0;64601.0
814100;67371.0;2650.0;64721.0
814200;67251.0;2650.0;64601.0
814300;67251.0;2650.0;64601.0
814400;67131.0;2650.0;64481.0
814500;67291.0;2650.0;64641.0
814600;67235.5;2714.5;64521.0
814700;67395.5;2714.5;64681.0
814800;67374.0;2693.0;64681.0
814900;67374.0;2693.0;64681.0
815000;67331.0;2650.0;64681.0
815100;67331.0;2650.0;64681.0
815200;67288.0;2607.0;64681.0
815300;67331.0;2650.0;64681.0
815400;67266.5;2585.5;64681.0
815500;67331.0;2650.0;64681.0
815600;67411.0;2650.0;64761.0
815700;67389.5;2628.5;64761.0
815800;67368.0;2607.0;64761.0
815900;67682.0;2521.0;65161.0
816000;67205.0;2564.0;64641.0
816100;67205.0;2564.0;64641.0
816200;67454.0;2693.0;64761.0
816300;67368.0;2607.0;64761.0
816400;67368.0;2607.0;64761.0
816500;67568.0;2607.0;64961.0
816600;67491.0;2650.0;64841.0
816700;67491.0;2650.0;64841.0
816800;67448.0;2607.0;64841.0
816900;67675.5;2714.5;64961.0
817000;67448.0;2607.0;64841.0
817100;67491.0;2650.0;64841.0
817200;67482.0;2521.0;64961.0
817300;67611.0;2650.0;64961.0
817400;67651.0;2650.0;65001.0
817500;67531.0;2650.0;64881.0
817600;67614.0;2693.0;64921.0
817700;67494.0;2693.0;64801.0
817800;67537.0;2736.0;64801.0
817900;67571.0;2650.0;64921.0
818000;67691.0;2650.0;65041.0
818100;67635.5;2714.5;64921.0
818200;67614.0;2693.0;64921.0
818300;67777.0;2736.0;65041.0
818400;67817.0;2736.0;65081.0
818500;67857.0;2736.0;65121.0
818600;67737.0;2736.0;65001.0
818700;67737.0;2736.0;65001.0
818800;67737.0;2736.0;65001.0
818900;67801.5;2800.5;65001.0
819000;67780.0;2779.0;65001.0
819100;68007.5;2886.5;65121.0
819200;67887.5;2886.5;65001.0
819300;67737.0;2736.0;65001.0
819400;67617.0;2736.0;64881.0
819500;67660.0;2779.0;64881.0
819600;67817.0;2736.0;65081.0
819700;67860.0;2779.0;65081.0
819800;67860.0;2779.0;65081.0
819900;67817.0;2736.0;65081.0
820000;67752.5;2671.5;65081.0
820100;67817.0;2736.0;65081.0
820200;67894.0;2693.0;65201.0
820300;67817.0;2736.0;65081.0
820400;67817.0;2736.0;65081.0
820500;67814.0;2693.0;65121.0
820600;67854.0;2693.0;65161.0
820700;67811.0;2650.0;65161.0
820800;67734.0;2693.0;65041.0
820900;67811.0;2650.0;65161.0
821000;67823.5;2542.5;65281.0
821100;67854.0;2693.0;65161.0
821200;67854.0;2693.0;65161.0
821300;67918.5;2757.5;65161.0
821400;67854.0;2693.0;65161.0
821500;67894.0;2693.0;65201.0
821600;67709.5;2628.5;65081.0
821700;68041.5;2800.5;65241.0
821800;68054.0;2693.0;65361.0
821900;67891.0;2650.0;65241.0
822000;67826.5;2585.5;65241.0
822100;67891.0;2650.0;65241.0
822200;67934.0;2693.0;65241.0
822300;67869.5;2628.5;65241.0
822400;67848.0;2607.0;65241.0
822500;68331.0;2650.0;65681.0
822600;67768.0;2607.0;65161.0
822700;67971.0;2650.0;65321.0
822800;68026.5;2585.5;65441.0
822900;67971.0;2650.0;65321.0
823000;67971.0;2650.0;65321.0
823100;67928.0;2607.0;65321.0
823200;67842.0;2521.0;65321.0
823300;67980.0;2779.0;65201.0
823400;68035.5;2714.5;65321.0
823500;68346.5;2585.5;65761.0
823600;68368.0;2607.0;65761.0
823700;68432.5;2671.5;65761.0
823800;68171.0;2650.0;65521.0
823900;68137.0;2736.0;65401.0
824000;67952.5;2671.5;65281.0
824100;67900.5;2499.5;65401.0
824200;68214.0;2693.0;65521.0
824300;68051.0;2650.0;65401.0
824400;68051.0;2650.0;65401.0
824500;68091.0;2650.0;65441.0
824600;68294.0;2693.0;65601.0
824700;68109.5;2628.5;65481.0
824800;67989.5;2628.5;65361.0
824900;68054.0;2693.0;65361.0
825000;68097.0;2736.0;65361.0
825100;68174.0;2693.0;65481.0
825200;68614.0;2693.0;65921.0
825300;68174.0;2693.0;65481.0
825400;68291.0;2650.0;65641.0
825500;68171.0;2650.0;65521.0
825600;68611.0;2650.0;65961.0
825700;68589.5;2628.5;65961.0
825800;68189.5;2628.5;65561.0
825900;68417.0;2736.0;65681.0
826000;68254.0;2693.0;65561.0
826100;68134.0;2693.0;65441.0
826200;68177.0;2736.0;65441.0
826300;68232.5;2671.5;65561.0
826400;68177.0;2736.0;65441.0
826500;68134.0;2693.0;65441.0
826600;68174.0;2693.0;65481.0
826700;68377.0;2736.0;65641.0
826800;68192.5;2671.5;65521.0
826900;68497.0;2736.0;65761.0
827000;68497.0;2736.0;65761.0
827100;68257.0;2736.0;65521.0
827200;68377.0;2736.0;65641.0
827300;68420.0;2779.0;65641.0
827400;68377.0;2736.0;65641.0
827500;68266.5;2585.5;65681.0
827600;68457.0;2736.0;65721.0
827700;68521.5;2800.5;65721.0
827800;68500.0;2779.0;65721.0
827900;68500.0;2779.0;65721.0
828000;68500.0;2779.0;65721.0
828100;68414.0;2693.0;65721.0
828200;68457.0;2736.0;65721.0
828300;68414.0;2693.0;65721.0
828400;68457.0;2736.0;65721.0
828500;68454.0;2693.0;65761.0
828600;68580.0;2779.0;65801.0
828700;68374.0;2693.0;65681.0
828800;68494.0;2693.0;65801.0
828900;68494.0;2693.0;65801.0
829000;68494.0;2693.0;65801.0
829100;68451.0;2650.0;65801.0
829200;68451.0;2650.0;65801.0
829300;68571.0;2650.0;65921.0
829400;68451.0;2650.0;65801.0
829500;68534.0;2693.0;65841.0
829600;68574.0;2693.0;65881.0
829700;68531.0;2650.0;65881.0
829800;68411.0;2650.0;65761.0
829900;68811.0;2650.0;66161.0
830000;68509.5;2628.5;65881.0
830100;68651.0;2650.0;66001.0
830200;68651.0;2650.0;66001.0
830300;68531.0;2650.0;65881.0
830400;68411.0;2650.0;65761.0
830500;68411.0;2650.0;65761.0
830600;68632.5;2671.5;65961.0
830700;68589.5;2628.5;65961.0
830800;68684.5;2843.5;65841.0
830900;68697.0;2736.0;65961.0
831000;68817.0;2736.0;66081.0
831100;68697.0;2736.0;65961.0
831200;68697.0;2736.0;65961.0
831300;68632.5;2671.5;65961.0
831400;68654.0;2693.0;65961.0
831500;68565.0;2564.0;66001.0
831600;68734.0;2693.0;66041.0
831700;68657.0;2736.0;65921.0
831800;68614.0;2693.0;65921.0
831900;68614.0;2693.0;65921.0
832000;68798.5;2757.5;66041.0
832100;68605.0;2564.0;66041.0
832200;68777.0;2736.0;66041.0
832300;68777.0;2736.0;66041.0
832400;68798.5;2757.5;66041.0
832500;68903.0;2822.0;66081.0
832600;69020.0;2779.0;66241.0
832700;69084.5;2843.5;66241.0
832800;68891.0;2650.0;66241.0
832900;68943.0;2822.0;66121.0
833000;68943.0;2822.0;66121.0
833100;68823.0;2822.0;66001.0
833200;69127.5;2886.5;66241.0
833300;68823.0;2822.0;66001.0
833400;68823.0;2822.0;66001.0
833500;68983.0;2822.0;66161.0
833600;69100.0;2779.0;66321.0
833700;69500.0;2779.0;66721.0
833800;69143.0;2822.0;66321.0
833900;69202.5;3001.5;66201.0
834000;69205.5;2884.5;66321.0
834100;69066.0;2865.0;66201.0
834200;69066.0;2865.0;66201.0
834300;69066.0;2865.0;66201.0
834400;69066.0;2865.0;66201.0
834500;68946.0;2865.0;66081.0
834600;69185.0;2904.0;66281.0
834700;69204.5;2923.5;66281.0
834800;69146.0;2865.0;66281.0
834900;69185.0;2904.0;66281.0
835000;69065.0;2904.0;66161.0
835100;69045.5;2884.5;66161.0
835200;68978.0;2697.0;66281.0
835300;69193.0;2912.0;66281.0
835400;69193.0;2912.0;66281.0
835500;69457.5;2976.5;66481.0
835600;69273.0;2912.0;66361.0
835700;69273.0;2912.0;66361.0
835800;69230.0;2869.0;66361.0
835900;69045.5;2804.5;66241.0
836000;69230.0;2869.0;66361.0
836100;69273.0;2912.0;66361.0
836200;69230.0;2869.0;66361.0
836300;69230.0;2869.0;66361.0
836400;69248.5;2847.5;66401.0
836500;69356.0;2955.0;66401.0
836600;69310.0;2869.0;66441.0
836700;69310.0;2869.0;66441.0
836800;69190.0;2869.0;66321.0
836900;69537.5;2976.5;66561.0
837000;69190.0;2869.0;66321.0
837100;69310.0;2869.0;66441.0
837200;69172.0;2611.0;66561.0
837300;69387.0;2826.0;66561.0
837400;69427.0;2826.0;66601.0
837500;69307.0;2826.0;66481.0
837600;69347.0;2826.0;66521.0
837700;69347.0;2826.0;66521.0
837800;69270.0;2869.0;66401.0
837900;69282.5;2761.5;66521.0
838000;69175.0;2654.0;66521.0
838100;69347.0;2826.0;66521.0
838200;69347.0;2826.0;66521.0
838300;69227.0;2826.0;66401.0
838400;69347.0;2826.0;66521.0
838500;69387.0;2826.0;66561.0
838600;69301.0;2740.0;66561.0
838700;69341.0;2740.0;66601.0
838800;69547.0;2826.0;66721.0
838900;69427.0;2826.0;66601.0
839000;69427.0;2826.0;66601.0
839100;69427.0;2826.0;66601.0
839200;69319.5;2718.5;66601.0
839300;69448.5;2847.5;66601.0
839400;69384.0;2783.0;66601.0
839500;69467.0;2826.0;66641.0
839600;69304.0;2783.0;66521.0
839700;69408.5;2847.5;66561.0
839800;69538.0;2977.0;66561.0
839900;69514.0;2833.0;66681.0
840000;69478.0;2797.0;66681.0
840100;69478.0;2797.0;66681.0
840200;69532.0;2851.0;66681.0
840300;69496.0;2815.0;66681.0
840400;69478.0;2797.0;66681.0
840500;69626.0;2905.0;66721.0
840600;69398.0;2797.0;66601.0
840700;69558.0;2797.0;66761.0
840800;69558.0;2797.0;66761.0
840900;68998.0;2797.0;66201.0
841000;69540.0;2779.0;66761.0
841100;69312.0;2551.0;66761.0
841200;69593.0;2712.0;66881.0
841300;69496.0;2735.0;66761.0
841400;69542.0;2781.0;66761.0
841500;69542.0;2781.0;66761.0
841600;69508.0;2827.0;66681.0
841700;69668.0;2827.0;66841.0
841800;69668.0;2827.0;66841.0
841900;69622.0;2781.0;66841.0
842000;69645.0;2804.0;66841.0
842100;69422.0;2781.0;66641.0
842200;69668.0;2827.0;66841.0
842300;69788.0;2827.0;66961.0
842400;69668.0;2827.0;66841.0
842500;69708.0;2827.0;66881.0
842600;69748.0;2827.0;66921.0
842700;69817.0;2896.0;66921.0
842800;69628.0;2827.0;66801.0
842900;69748.0;2827.0;66921.0
843000;69610.0;2689.0;66921.0
843100;69868.0;2827.0;67041.0
843200;69868.0;2827.0;67041.0
843300;69776.0;2735.0;67041.0
843400;69679.0;2758.0;66921.0
843500;69788.0;2827.0;66961.0
843600;69828.0;2827.0;67001.0
843700;69897.0;2896.0;67001.0
843800;69828.0;2827.0;67001.0
843900;69759.0;2758.0;67001.0
844000;69759.0;2758.0;67001.0
844100;69988.0;2827.0;67161.0
844200;69828.0;2827.0;67001.0
844300;70268.0;2827.0;67441.0
844400;69828.0;2827.0;67001.0
844500;69868.0;2827.0;67041.0
844600;69908.0;2827.0;67081.0
844700;69908.0;2827.0;67081.0
844800;69428.0;2827.0;66601.0
844900;69908.0;2827.0;67081.0
845000;69788.0;2827.0;66961.0
845100;69719.0;2758.0;66961.0
845200;69908.0;2827.0;67081.0
845300;69908.0;2827.0;67081.0
845400;69468.0;2827.0;66641.0
845500;69719.0;2758.0;66961.0
845600;69827.0;2666.0;67161.0
845700;69988.0;2827.0;67161.0
845800;70154.0;2873.0;67281.0
845900;69988.0;2827.0;67161.0
846000;69988.0;2827.0;67161.0
846100;70200.0;3039.0;67161.0
846200;70000.0;2839.0;67161.0
846300;69810.0;2649.0;67161.0
846400;70052.0;2891.0;67161.0
846500;69964.0;2803.0;67161.0
846600;70154.0;2913.0;67241.0
846700;70274.0;2913.0;67361.0
846800;70088.0;2847.0;67241.0
846900;70132.0;2891.0;67241.0
847000;70132.0;2891.0;67241.0
847100;69946.0;2825.0;67121.0
847200;70088.0;2847.0;67241.0
847300;70088.0;2847.0;67241.0
847400;70248.0;2847.0;67401.0
847500;70012.0;2891.0;67121.0
847600;70146.0;2825.0;67321.0
847700;70048.0;2847.0;67201.0
847800;70212.0;2891.0;67321.0
847900;70092.0;2891.0;67201.0
848000;70278.0;2957.0;67321.0
848100;70332.0;2891.0;67441.0
848200;70092.0;2891.0;67201.0
848300;70564.0;2803.0;67761.0
848400;70124.0;2803.0;67321.0
848500;70124.0;2803.0;67321.0
848600;70314.0;2913.0;67401.0
848700;70248.0;2847.0;67401.0
848800;70368.0;2847.0;67521.0
848900;70336.0;2935.0;67401.0
849000;70368.0;2847.0;67521.0
849100;70292.0;2891.0;67401.0
849200;70292.0;2891.0;67401.0
849300;70292.0;2891.0;67401.0
849400;70292.0;2891.0;67401.0
849500;70288.0;2847.0;67441.0
849600;70212.0;2891.0;67321.0
849700;70372.0;2891.0;67481.0
849800;70372.0;2891.0;67481.0
849900;70492.0;2891.0;67601.0
850000;70536.0;2935.0;67601.0
850100;70296.0;2935.0;67361.0
850200;70230.0;2869.0;67361.0
850300;70682.0;3081.0;67601.0
850400;70392.0;2911.0;67481.0
850500;70392.0;2911.0;67481.0
850600;70540.0;2979.0;67561.0
850700;70472.0;2911.0;67561.0
850800;70472.0;2911.0;67561.0
850900;70472.0;2911.0;67561.0
851000;70592.0;2911.0;67681.0
851100;70386.0;2945.0;67441.0
851200;70386.0;2945.0;67441.0
851300;70352.0;2911.0;67441.0
851400;70352.0;2911.0;67441.0
851500;70512.0;2911.0;67601.0
851600;70672.0;2911.0;67761.0
851700;70586.0;2945.0;67641.0
851800;70552.0;2911.0;67641.0
851900;70552.0;2911.0;67641.0
852000;70552.0;2911.0;67641.0
852100;70757.0;2996.0;67761.0
852200;70586.0;2945.0;67641.0
852300;70552.0;2911.0;67641.0
852400;70654.0;3013.0;67641.0
852500;70432.0;2911.0;67521.0
852600;70632.0;2911.0;67721.0
852700;70632.0;2911.0;67721.0
852800;70598.0;2877.0;67721.0
852900;70598.0;2877.0;67721.0
853000;70632.0;2911.0;67721.0
853100;70564.0;2843.0;67721.0
853200;70547.0;2826.0;67721.0
853300;70564.0;2843.0;67721.0
853400;70564.0;2843.0;67721.0
853500;70410.0;2809.0;67601.0
853600;70593.0;2792.0;67801.0
853700;70747.0;2826.0;67921.0
853800;70524.0;2843.0;67681.0
853900;70661.0;2860.0;67801.0
854000;70592.0;2911.0;67681.0
854100;70678.0;2877.0;67801.0
854200;70456.0;2775.0;67681.0
854300;70678.0;2877.0;67801.0
854400;70940.0;2979.0;67961.0
854500;70827.0;2826.0;68001.0
854600;70878.0;2877.0;68001.0
854700;70724.0;2843.0;67881.0
854800;70758.0;2877.0;67881.0
854900;70724.0;2843.0;67881.0
855000;70895.0;2894.0;68001.0
855100;70707.0;2826.0;67881.0
855200;70810.0;2809.0;68001.0
855300;70656.0;2775.0;67881.0
855400;70724.0;2843.0;67881.0
855500;70536.0;2615.0;67921.0
855600;70576.0;2615.0;67961.0
855700;70744.0;2783.0;67961.0
855800;70744.0;2783.0;67961.0
855900;70660.0;2699.0;67961.0
856000;70639.0;2678.0;67961.0
856100;70780.0;2699.0;68081.0
856200;70723.0;2762.0;67961.0
856300;70660.0;2699.0;67961.0
856400;70820.0;2699.0;68121.0
856500;70700.0;2699.0;68001.0
856600;70740.0;2699.0;68041.0
856700;70761.0;2720.0;68041.0
856800;70740.0;2699.0;68041.0
856900;70740.0;2699.0;68041.0
857000;70782.0;2741.0;68041.0
857100;70902.0;2741.0;68161.0
857200;70782.0;2741.0;68041.0
857300;70656.0;2615.0;68041.0
857400;70782.0;2741.0;68041.0
857500;70824.0;2783.0;68041.0
857600;70662.0;2741.0;67921.0
857700;70862.0;2741.0;68121.0
857800;70799.0;2678.0;68121.0
857900;70799.0;2678.0;68121.0
858000;70919.0;2678.0;68241.0
858100;70940.0;2699.0;68241.0
858200;70940.0;2699.0;68241.0
858300;70757.0;2636.0;68121.0
858400;70820.0;2699.0;68121.0
858500;70860.0;2699.0;68161.0
858600;70900.0;2699.0;68201.0
858700;70732.0;2531.0;68201.0
858800;70900.0;2699.0;68201.0
858900;70858.0;2657.0;68201.0
859000;70942.0;2741.0;68201.0
859100;70879.0;2678.0;68201.0
859200;70900.0;2699.0;68201.0
859300;70822.0;2741.0;68081.0
859400;71060.0;2699.0;68361.0
859500;71060.0;2699.0;68361.0
859600;71102.0;2741.0;68361.0
859700;70902.0;2741.0;68161.0
859800;71064.0;2783.0;68281.0
859900;71184.0;2783.0;68401.0
860000;71100.0;2699.0;68401.0
860100;70980.0;2699.0;68281.0
860200;70980.0;2699.0;68281.0
860300;70540.0;2699.0;67841.0
860400;71224.0;2783.0;68441.0
860500;71020.0;2699.0;68321.0
860600;71060.0;2699.0;68361.0
860700;71060.0;2699.0;68361.0
860800;71102.0;2741.0;68361.0
860900;71060.0;2699.0;68361.0
861000;70620.0;2699.0;67921.0
861100;71060.0;2699.0;68361.0
861200;71039.0;2678.0;68361.0
861300;71144.0;2783.0;68361.0
861400;71102.0;2741.0;68361.0
861500;71205.0;2804.0;68401.0
861600;70930.0;2489.0;68441.0
861700;71182.0;2741.0;68441.0
861800;71182.0;2741.0;68441.0
861900;71332.0;2891.0;68441.0
862000;71152.0;2711.0;68441.0
862100;71152.0;2711.0;68441.0
862200;71116.0;2675.0;68441.0
862300;71116.0;2675.0;68441.0
862400;70760.0;2439.0;68321.0
862500;71067.5;2746.5;68321.0
862600;71206.0;2685.0;68521.0
862700;71247.0;2726.0;68521.0
862800;71165.0;2644.0;68521.0
862900;71165.0;2644.0;68521.0
863000;71165.0;2644.0;68521.0
863100;71124.0;2603.0;68521.0
863200;71400.0;2439.0;68961.0
863300;71124.0;2603.0;68521.0
863400;71206.0;2685.0;68521.0
863500;71086.0;2685.0;68401.0
863600;70979.5;2418.5;68561.0
863700;71164.0;2603.0;68561.0
863800;71245.0;2644.0;68601.0
863900;71245.0;2644.0;68601.0
864000;71166.0;2685.0;68481.0
864100;71166.0;2685.0;68481.0
864200;71002.0;2521.0;68481.0
864300;70846.0;2685.0;68161.0
864400;71286.0;2685.0;68601.0
864500;71166.0;2685.0;68481.0
864600;71202.0;2521.0;68681.0
864700;71181.5;2500.5;68681.0
864800;71325.0;2644.0;68681.0
864900;71325.0;2644.0;68681.0
865000;71325.0;2644.0;68681.0
865100;71445.0;2644.0;68801.0
865200;71263.5;2582.5;68681.0
865300;71366.0;2685.0;68681.0
865400;71366.0;2685.0;68681.0
865500;71307.5;2746.5;68561.0
865600;71446.0;2685.0;68761.0
865700;71487.0;2726.0;68761.0
865800;71487.0;2726.0;68761.0
865900;71668.5;2787.5;68881.0
866000;71548.5;2787.5;68761.0
866100;71487.0;2726.0;68761.0
866200;71367.0;2726.0;68641.0
866300;71607.0;2726.0;68881.0
866400;71367.0;2726.0;68641.0
866500;71527.0;2726.0;68801.0
866600;71505.5;2664.5;68841.0
866700;71649.0;2808.0;68841.0
866800;71686.0;2685.0;69001.0
866900;71605.0;2644.0;68961.0
867000;71526.0;2685.0;68841.0
867100;71300.5;2459.5;68841.0
867200;71285.0;2644.0;68641.0
867300;71326.0;2685.0;68641.0
867400;71406.0;2685.0;68721.0
867500;71607.0;2726.0;68881.0
867600;71606.0;2685.0;68921.0
867700;71726.0;2685.0;69041.0
867800;71565.0;2644.0;68921.0
867900;71524.0;2603.0;68921.0
868000;71524.0;2603.0;68921.0
868100;71790.0;2869.0;68921.0
868200;71450.0;2529.0;68921.0
868300;71620.0;2699.0;68921.0
868400;71671.0;2750.0;68921.0
868500;71660.0;2699.0;68961.0
868600;71820.0;2699.0;69121.0
868700;71700.0;2699.0;69001.0
868800;71700.0;2699.0;69001.0
868900;71700.0;2699.0;69001.0
869000;71734.0;2733.0;69001.0
869100;71734.0;2733.0;69001.0
869200;71734.0;2733.0;69001.0
869300;71614.0;2733.0;68881.0
869400;71631.0;2750.0;68881.0
869500;71740.0;2699.0;69041.0
869600;71780.0;2699.0;69081.0
869700;71780.0;2699.0;69081.0
869800;71882.0;2801.0;69081.0
869900;71882.0;2801.0;69081.0
870000;71780.0;2699.0;69081.0
870100;71780.0;2699.0;69081.0
870200;71866.0;2665.0;69201.0
870300;71780.0;2699.0;69081.0
870400;71746.0;2665.0;69081.0
870500;71997.0;2716.0;69281.0
870600;71860.0;2699.0;69161.0
870700;71945.0;2784.0;69161.0
870800;71894.0;2733.0;69161.0
870900;71894.0;2733.0;69161.0
871000;71860.0;2699.0;69161.0
871100;71826.0;2665.0;69161.0
871200;71706.0;2665.0;69041.0
871300;71826.0;2665.0;69161.0
871400;71952.0;2631.0;69321.0
871500;71900.0;2699.0;69201.0
871600;71780.0;2699.0;69081.0
871700;71820.0;2699.0;69121.0
871800;71923.0;2682.0;69241.0
871900;72026.0;2665.0;69361.0
872000;71820.0;2699.0;69121.0
872100;72009.0;2648.0;69361.0
872200;71940.0;2699.0;69241.0
872300;71940.0;2699.0;69241.0
872400;71837.0;2716.0;69121.0
872500;71820.0;2699.0;69121.0
872600;72140.0;2699.0;69441.0
872700;72020.0;2699.0;69321.0
872800;72105.0;2784.0;69321.0
872900;71969.0;2648.0;69321.0
873000;72020.0;2699.0;69321.0
873100;72054.0;2733.0;69321.0
873200;72174.0;2733.0;69441.0
873300;71934.0;2733.0;69201.0
873400;72163.0;2682.0;69481.0
873500;72145.0;2784.0;69361.0
873600;72134.0;2733.0;69401.0
873700;72134.0;2733.0;69401.0
873800;72185.0;2784.0;69401.0
873900;72134.0;2733.0;69401.0
874000;72134.0;2733.0;69401.0
874100;72134.0;2733.0;69401.0
874200;72134.0;2733.0;69401.0
874300;72134.0;2733.0;69401.0
874400;72134.0;2733.0;69401.0
874500;72140.0;2699.0;69441.0
874600;72163.0;2682.0;69481.0
874700;72129.0;2648.0;69481.0
874800;71666.0;2665.0;69001.0
874900;72026.0;2665.0;69361.0
875000;72146.0;2665.0;69481.0
875100;72163.0;2682.0;69481.0
875200;72146.0;2665.0;69481.0
875300;72026.0;2665.0;69361.0
875400;72146.0;2665.0;69481.0
875500;72186.0;2665.0;69521.0
875600;72134.0;2733.0;69401.0
875700;72277.0;2716.0;69561.0
875800;72226.0;2665.0;69561.0
875900;72354.5;2793.5;69561.0
876000;72353.0;2672.0;69681.0
876100;72233.0;2672.0;69561.0
876200;72273.5;2712.5;69561.0
876300;72380.0;2699.0;69681.0
876400;72233.0;2672.0;69561.0
876500;72433.0;2672.0;69761.0
876600;72433.0;2672.0;69761.0
876700;72433.0;2672.0;69761.0
876800;72419.5;2658.5;69761.0
876900;72419.5;2658.5;69761.0
877000;72220.0;2699.0;69521.0
877100;72380.5;2739.5;69641.0
877200;72340.0;2699.0;69641.0
877300;72460.0;2699.0;69761.0
877400;72340.0;2699.0;69641.0
877500;72447.5;2806.5;69641.0
877600;72544.0;2703.0;69841.0
877700;72544.0;2703.0;69841.0
877800;72544.0;2703.0;69841.0
877900;72424.0;2703.0;69721.0
878000;71984.0;2703.0;69281.0
878100;72304.0;2703.0;69601.0
878200;72447.0;2726.0;69721.0
878300;72327.0;2726.0;69601.0
878400;72441.0;2680.0;69761.0
878500;72395.0;2634.0;69761.0
878600;72504.0;2703.0;69801.0
878700;72527.0;2726.0;69801.0
878800;72384.0;2703.0;69681.0
878900;72492.5;2691.5;69801.0
879000;72504.0;2703.0;69801.0
879100;72368.0;2567.0;69801.0
879200;72518.0;2717.0;69801.0
879300;72518.0;2717.0;69801.0
879400;72398.0;2717.0;69681.0
879500;72748.0;2747.0;70001.0
879600;72468.0;2747.0;69721.0
879700;72403.0;2642.0;69761.0
879800;72568.0;2687.0;69881.0
879900;72658.0;2777.0;69881.0
880000;72628.0;2747.0;69881.0
880100;72658.0;2777.0;69881.0
880200;72748.0;2747.0;70001.0
880300;72628.0;2747.0;69881.0
880400;72598.0;2717.0;69881.0
880500;72668.0;2747.0;69921.0
880600;72708.0;2747.0;69961.0
880700;72798.0;2717.0;70081.0
880800;72708.0;2747.0;69961.0
880900;72738.0;2777.0;69961.0
881000;72588.0;2747.0;69841.0
881100;72708.0;2747.0;69961.0
881200;73118.0;2717.0;70401.0
881300;72843.0;2762.0;70081.0
881400;72801.0;2840.0;69961.0
881500;72576.0;2735.0;69841.0
881600;72776.0;2735.0;70041.0
881700;72776.0;2735.0;70041.0
881800;72776.0;2735.0;70041.0
881900;72896.0;2735.0;70161.0
882000;72797.0;2756.0;70041.0
882100;72656.0;2735.0;69921.0
882200;72776.0;2735.0;70041.0
882300;72776.0;2735.0;70041.0
882400;72776.0;2735.0;70041.0
882500;72805.5;2724.5;70081.0
882600;72826.5;2745.5;70081.0
882700;72669.0;2548.0;70121.0
882800;72808.5;2687.5;70121.0
882900;72855.0;2734.0;70121.0
883000;72368.5;2687.5;69681.0
883100;72975.0;2734.0;70241.0
883200;72735.0;2734.0;70001.0
883300;72735.0;2734.0;70001.0
883400;72735.0;2734.0;70001.0
883500;72833.0;2672.0;70161.0
883600;72873.0;2672.0;70201.0
883700;72904.0;2703.0;70201.0
883800;72935.0;2734.0;70201.0
883900;73024.0;2703.0;70321.0
884000;72919.5;2718.5;70201.0
884100;72904.0;2703.0;70201.0
884200;72935.0;2734.0;70201.0
884300;72993.0;2672.0;70321.0
884400;73017.5;2656.5;70361.0
884500;72944.0;2703.0;70241.0
884600;72937.5;2656.5;70281.0
884700;72953.0;2672.0;70281.0
884800;72984.0;2703.0;70281.0
884900;73104.0;2703.0;70401.0
885000;72953.0;2672.0;70281.0
885100;72953.0;2672.0;70281.0
885200;72953.0;2672.0;70281.0
885300;72953.0;2672.0;70281.0
885400;72953.0;2672.0;70281.0
885500;72962.0;2641.0;70321.0
885600;72826.5;2625.5;70201.0
885700;73033.0;2672.0;70361.0
885800;73033.0;2672.0;70361.0
885900;73095.0;2734.0;70361.0
886000;73568.5;2687.5;70881.0
886100;72986.5;2625.5;70361.0
886200;72913.0;2672.0;70241.0
886300;72924.5;2563.5;70361.0
886400;73193.0;2672.0;70521.0
886500;73073.0;2672.0;70401.0
886600;72931.0;2490.0;70441.0
886700;73131.0;2690.0;70441.0
886800;73171.0;2730.0;70441.0
886900;73131.0;2690.0;70441.0
887000;73671.0;2830.0;70841.0
887100;72991.0;2750.0;70241.0
887200;73131.0;2690.0;70441.0
887300;73091.0;2650.0;70441.0
887400;73171.0;2730.0;70441.0
887500;73211.0;2730.0;70481.0
887600;73399.5;2878.5;70521.0
887700;73260.0;2739.0;70521.0
887800;73260.0;2739.0;70521.0
887900;73229.0;2708.0;70521.0
888000;73182.5;2661.5;70521.0
888100;73078.0;2677.0;70401.0
888200;73198.0;2677.0;70521.0
888300;73105.0;2584.0;70521.0
888400;72985.0;2584.0;70401.0
888500;73238.0;2677.0;70561.0
888600;73278.0;2677.0;70601.0
888700;73398.0;2677.0;70721.0
888800;73340.0;2739.0;70601.0
888900;73278.0;2677.0;70601.0
889000;73278.0;2677.0;70601.0
889100;73262.5;2661.5;70601.0
889200;73204.5;2723.5;70481.0
889300;73309.0;2708.0;70601.0
889400;73278.0;2677.0;70601.0
889500;73524.5;2723.5;70801.0
889600;73342.5;2661.5;70681.0
889700;73540.0;2739.0;70801.0
889800;73404.5;2723.5;70681.0
889900;73342.5;2661.5;70681.0
890000;73389.0;2708.0;70681.0
890100;73389.0;2708.0;70681.0
890200;73358.0;2677.0;70681.0
890300;73509.0;2708.0;70801.0
890400;73342.5;2661.5;70681.0
890500;73203.5;2522.5;70681.0
890600;73487.0;2726.0;70761.0
890700;73524.0;2763.0;70761.0
890800;73607.0;2726.0;70881.0
890900;73625.5;2744.5;70881.0
891000;73524.0;2763.0;70761.0
891100;73524.0;2763.0;70761.0
891200;73644.0;2763.0;70881.0
891300;73524.0;2763.0;70761.0
891400;73982.5;2781.5;71201.0
891500;73564.0;2763.0;70801.0
891600;73641.0;2800.0;70841.0
891700;73604.0;2763.0;70841.0
891800;73604.0;2763.0;70841.0
891900;73484.0;2763.0;70721.0
892000;73678.0;2837.0;70841.0
892100;73761.0;2800.0;70961.0
892200;73745.5;2744.5;71001.0
892300;73604.0;2763.0;70841.0
892400;73681.0;2800.0;70881.0
892500;73681.0;2800.0;70881.0
892600;73721.0;2800.0;70921.0
892700;73721.0;2800.0;70921.0
892800;73684.0;2763.0;70921.0
892900;74241.0;2800.0;71441.0
893000;73665.5;2744.5;70921.0
893100;73721.0;2800.0;70921.0
893200;73721.0;2800.0;70921.0
893300;73601.0;2800.0;70801.0
893400;73721.0;2800.0;70921.0
893500;73761.0;2800.0;70961.0
893600;73921.0;2800.0;71121.0
893700;74099.5;2818.5;71281.0
893800;73782.5;2781.5;71001.0
893900;73856.5;2855.5;71001.0
894000;73856.5;2855.5;71001.0
894100;73875.0;2874.0;71001.0
894200;73755.0;2874.0;70881.0
894300;73745.5;2744.5;71001.0
894400;73875.0;2874.0;71001.0
894500;73952.0;2911.0;71041.0
894600;73973.5;2892.5;71081.0
894700;73955.0;2874.0;71081.0
894800;73881.0;2800.0;71081.0
894900;73768.0;3007.0;70761.0
895000;73608.0;2847.0;70761.0
895100;73712.0;2751.0;70961.0
895200;73776.0;2815.0;70961.0
895300;73832.0;2751.0;71081.0
895400;73976.0;2895.0;71081.0
895500;73968.0;2847.0;71121.0
895600;73800.0;2799.0;71001.0
895700;74008.0;2847.0;71161.0
895800;73840.0;2799.0;71041.0
895900;73888.0;2847.0;71041.0
896000;73888.0;2847.0;71041.0
896100;73976.0;2815.0;71161.0
896200;73888.0;2847.0;71041.0
896300;73944.0;2783.0;71161.0
896400;73840.0;2799.0;71041.0
896500;74016.0;2815.0;71201.0
896600;74192.0;2831.0;71361.0
896700;74224.0;2863.0;71361.0
896800;74088.0;2847.0;71241.0
896900;74088.0;2847.0;71241.0
897000;74088.0;2847.0;71241.0
897100;74088.0;2847.0;71241.0
897200;74152.0;2911.0;71241.0
897300;74120.0;2879.0;71241.0
897400;74088.0;2847.0;71241.0
897500;74128.0;2847.0;71281.0
897600;74216.0;2895.0;71321.0
897700;74200.0;2879.0;71321.0
897800;74168.0;2847.0;71321.0
897900;74168.0;2847.0;71321.0
898000;74048.0;2847.0;71201.0
898100;73608.0;2847.0;70761.0
898200;74344.5;3023.5;71321.0
898300;74087.0;2886.0;71201.0
898400;74232.0;2911.0;71321.0
898500;74197.0;2836.0;71361.0
898600;74087.0;2886.0;71201.0
898700;74262.0;2861.0;71401.0
898800;74287.0;2886.0;71401.0
898900;74432.0;2911.0;71521.0
899000;74167.0;2886.0;71281.0
899100;74324.5;2923.5;71401.0
899200;74457.0;2936.0;71521.0
899300;74287.0;2886.0;71401.0
899400;74287.0;2886.0;71401.0
899500;74327.0;2886.0;71441.0
899600;74327.0;2886.0;71441.0
899700;74329.5;2848.5;71481.0
899800;74367.0;2886.0;71481.0
899900;74487.0;2886.0;71601.0
900000;74084.5;2723.5;71361.0
900100;74397.0;2916.0;71481.0
900200;74344.5;2863.5;71481.0
900300;74449.5;2968.5;71481.0
900400;74397.0;2916.0;71481.0
900500;73997.0;2916.0;71081.0
900600;74477.0;2916.0;71561.0
900700;74477.0;2916.0;71561.0
900800;74477.0;2916.0;71561.0
900900;74442.0;2881.0;71561.0
901000;74089.5;2968.5;71121.0
901100;74649.5;2968.5;71681.0
901200;74477.0;2916.0;71561.0
901300;74562.0;2881.0;71681.0
901400;74512.0;2951.0;71561.0
901500;74650.0;3049.0;71601.0
901600;74566.0;2965.0;71601.0
901700;75006.0;2965.0;72041.0
901800;74042.0;2881.0;71161.0
901900;74570.0;3049.0;71521.0
902000;74606.0;2965.0;71641.0
902100;74613.0;2972.0;71641.0
902200;74613.0;2972.0;71641.0
902300;74754.0;2993.0;71761.0
902400;74773.0;2972.0;71801.0
902500;74653.0;2972.0;71681.0
902600;74728.0;3007.0;71721.0
902700;74714.0;2993.0;71721.0
902800;74700.0;2979.0;71721.0
902900;74742.0;3021.0;71721.0
903000;74728.0;3007.0;71721.0
903100;74707.0;2986.0;71721.0
903200;74707.0;2986.0;71721.0
903300;74749.0;3028.0;71721.0
903400;74707.0;2986.0;71721.0
903500;74768.0;3007.0;71761.0
903600;74787.0;2986.0;71801.0
903700;74843.0;3042.0;71801.0
903800;74794.0;2993.0;71801.0
903900;74794.0;2993.0;71801.0
904000;75187.0;2986.0;72201.0
904100;74808.0;3007.0;71801.0
904200;74822.0;3021.0;71801.0
904300;74787.0;2986.0;71801.0
904400;74794.0;2993.0;71801.0
904500;74848.0;3007.0;71841.0
904600;74888.0;3007.0;71881.0
904700;74768.0;3007.0;71761.0
904800;74923.0;3042.0;71881.0
904900;74860.0;2979.0;71881.0
905000;74782.0;3021.0;71761.0
905100;74768.0;3007.0;71761.0
905200;74888.0;3007.0;71881.0
905300;74888.0;3007.0;71881.0
905400;74888.0;3007.0;71881.0
905500;74928.0;3007.0;71921.0
905600;74968.0;3007.0;71961.0
905700;74996.0;3035.0;71961.0
905800;74968.0;3007.0;71961.0
905900;74982.0;3021.0;71961.0
906000;74982.0;3021.0;71961.0
906100;74862.0;3021.0;71841.0
906200;74968.0;3007.0;71961.0
906300;74996.0;3035.0;71961.0
906400;74982.0;3021.0;71961.0
906500;75436.0;3035.0;72401.0
906600;75055.0;3014.0;72041.0
906700;75148.0;2947.0;72201.0
906800;74998.0;2957.0;72041.0
906900;75108.0;3067.0;72041.0
907000;75108.0;3067.0;72041.0
907100;75108.0;3067.0;72041.0
907200;75088.0;3047.0;72041.0
907300;75108.0;3067.0;72041.0
907400;75108.0;3067.0;72041.0
907500;75168.0;3087.0;72081.0
907600;75208.0;3087.0;72121.0
907700;75208.0;3087.0;72121.0
907800;75208.0;3087.0;72121.0
907900;75258.0;3137.0;72121.0
908000;75228.0;3107.0;72121.0
908100;75228.0;3107.0;72121.0
908200;75208.0;3087.0;72121.0
908300;75228.0;3107.0;72121.0
908400;75228.0;3107.0;72121.0
908500;75228.0;3107.0;72121.0
908600;75338.0;3137.0;72201.0
908700;75308.0;3107.0;72201.0
908800;75208.0;3127.0;72081.0
908900;75318.0;3117.0;72201.0
909000;75308.0;3107.0;72201.0
909100;75428.0;3107.0;72321.0
909200;75288.0;3087.0;72201.0
909300;75308.0;3107.0;72201.0
909400;75328.0;3127.0;72201.0
909500;75388.0;3147.0;72241.0
909600;75428.0;3147.0;72281.0
909700;75378.0;3097.0;72281.0
909800;75268.0;3107.0;72161.0
909900;75368.0;3087.0;72281.0
910000;75448.0;3167.0;72281.0
910100;75460.5;3179.5;72281.0
910200;75393.0;3112.0;72281.0
910300;75378.0;3097.0;72281.0
910400;75415.5;3134.5;72281.0
910500;75470.5;3149.5;72321.0
910600;75608.0;3127.0;72481.0
910700;75353.0;3112.0;72241.0
910800;75578.0;3097.0;72481.0
910900;75353.0;3112.0;72241.0
911000;75473.0;3112.0;72361.0
911100;75473.0;3112.0;72361.0
911200;75450.5;3089.5;72361.0
911300;75338.0;3097.0;72241.0
911400;75458.0;3097.0;72361.0
911500;75323.0;3082.0;72241.0
911600;75545.5;3104.5;72441.0
911700;75553.0;3112.0;72441.0
911800;75425.5;3104.5;72321.0
911900;75568.0;3127.0;72441.0
912000;75863.0;3142.0;72721.0
912100;75568.0;3127.0;72441.0
912200;75568.0;3127.0;72441.0
912300;75703.0;3142.0;72561.0
912400;75743.0;3142.0;72601.0
912500;75455.5;3134.5;72321.0
912600;75663.0;3142.0;72521.0
912700;75783.0;3142.0;72641.0
912800;75663.0;3142.0;72521.0
912900;75678.0;3157.0;72521.0
913000;75798.0;3157.0;72641.0
913100;75721.0;3200.0;72521.0
913200;75721.0;3200.0;72521.0
913300;75677.0;3156.0;72521.0
913400;75697.0;3176.0;72521.0
913500;75725.0;3164.0;72561.0
913600;75765.0;3164.0;72601.0
913700;75653.0;3172.0;72481.0
913800;75765.0;3164.0;72601.0
913900;75765.0;3164.0;72601.0
914000;75877.0;3156.0;72721.0
914100;75773.0;3172.0;72601.0
914200;75765.0;3164.0;72601.0
914300;75765.0;3164.0;72601.0
914400;75765.0;3164.0;72601.0
914500;75813.0;3172.0;72641.0
914600;76253.0;3172.0;73081.0
914700;75725.0;3164.0;72561.0
914800;75725.0;3164.0;72561.0
914900;75845.0;3164.0;72681.0
915000;75853.0;3172.0;72681.0
915100;75837.0;3156.0;72681.0
915200;75965.0;3164.0;72801.0
915300;75775.0;3094.0;72681.0
915400;75425.0;3184.0;72241.0
915500;75905.0;3184.0;72721.0
915600;75972.0;3211.0;72761.0
915700;75843.0;3202.0;72641.0
915800;75981.0;3220.0;72761.0
915900;76083.0;3202.0;72881.0
916000;75981.0;3220.0;72761.0
916100;76083.0;3202.0;72881.0
916200;75963.0;3202.0;72761.0
916300;75927.0;3166.0;72761.0
916400;75963.0;3202.0;72761.0
916500;76145.0;3184.0;72961.0
916600;76025.0;3184.0;72841.0
916700;76025.0;3184.0;72841.0
916800;76043.0;3202.0;72841.0
916900;76127.0;3166.0;72961.0
917000;76007.0;3166.0;72841.0
917100;76007.0;3166.0;72841.0
917200;76061.0;3220.0;72841.0
917300;75887.0;3166.0;72721.0
917400;76007.0;3166.0;72841.0
917500;75933.0;3052.0;72881.0
917600;76223.0;3182.0;73041.0
917700;76103.0;3182.0;72921.0
917800;76103.0;3182.0;72921.0
917900;76103.0;3182.0;72921.0
918000;76077.0;3156.0;72921.0
918100;76051.0;3130.0;72921.0
918200;76077.0;3156.0;72921.0
918300;76077.0;3156.0;72921.0
918400;76116.0;3195.0;72921.0
918500;76103.0;3182.0;72921.0
918600;76170.0;3169.0;73001.0
918700;76183.0;3182.0;73001.0
918800;76373.0;2972.0;73401.0
918900;76237.0;3236.0;73001.0
919000;76237.0;3236.0;73001.0
919100;76357.0;3236.0;73121.0
919200;76237.0;3236.0;73001.0
919300;76204.0;3203.0;73001.0
919400;76253.5;3252.5;73001.0
919500;76084.0;3203.0;72881.0
919600;76383.0;3302.0;73081.0
919700;76284.0;3203.0;73081.0
919800;76152.0;3071.0;73081.0
919900;76152.0;3071.0;73081.0
920000;76317.0;3236.0;73081.0
920100;76197.0;3236.0;72961.0
920200;76197.0;3236.0;72961.0
920300;76197.0;3236.0;72961.0
920400;76416.0;3335.0;73081.0
920500;76357.0;3236.0;73121.0
920600;76258.0;3137.0;73121.0
920700;76357.0;3236.0;73121.0
920800;76397.0;3236.0;73161.0
920900;76517.0;3236.0;73281.0
921000;76397.0;3236.0;73161.0
921100;76364.0;3203.0;73161.0
921200;76397.0;3236.0;73161.0
921300;76397.0;3236.0;73161.0
921400;76397.0;3236.0;73161.0
921500;76371.0;3170.0;73201.0
921600;76389.0;3308.0;73081.0
921700;76393.0;3152.0;73241.0
921800;76429.0;3188.0;73241.0
921900;76549.0;3188.0;73361.0
922000;76429.0;3188.0;73241.0
922100;76853.0;3212.0;73641.0
922200;76429.0;3188.0;73241.0
922300;76285.0;3164.0;73121.0
922400;76477.0;3236.0;73241.0
922500;76429.0;3188.0;73241.0
922600;76485.0;3164.0;73321.0
922700;76533.0;3212.0;73321.0
922800;76629.0;3188.0;73441.0
922900;76509.0;3188.0;73321.0
923000;76473.0;3152.0;73321.0
923100;76509.0;3188.0;73321.0
923200;76485.0;3164.0;73321.0
923300;76545.0;3224.0;73321.0
923400;76389.0;3188.0;73201.0
923500;76389.0;3188.0;73201.0
923600;76709.0;3188.0;73521.0
923700;76469.0;3188.0;73281.0
923800;76679.0;3278.0;73401.0
923900;76616.0;3215.0;73401.0
924000;76609.0;3208.0;73401.0
924100;76049.0;3208.0;72841.0
924200;76503.0;3222.0;73281.0
924300;76623.0;3222.0;73401.0
924400;76581.0;3180.0;73401.0
924500;76635.0;3194.0;73441.0
924600;76675.0;3194.0;73481.0
924700;76675.0;3194.0;73481.0
924800;76555.0;3194.0;73361.0
924900;76795.0;3194.0;73601.0
925000;76689.0;3208.0;73481.0
925100;76675.0;3194.0;73481.0
925200;76675.0;3194.0;73481.0
925300;76675.0;3194.0;73481.0
925400;76541.0;3180.0;73361.0
925500;76701.0;3180.0;73521.0
925600;76875.0;3194.0;73681.0
925700;76795.0;3234.0;73561.0
925800;76775.0;3214.0;73561.0
925900;76771.0;3210.0;73561.0
926000;76771.0;3210.0;73561.0
926100;76845.0;3164.0;73681.0
926200;76795.0;3234.0;73561.0
926300;76894.0;3213.0;73681.0
926400;76781.0;3220.0;73561.0
926500;76849.0;3248.0;73601.0
926600;76889.0;3248.0;73641.0
926700;76875.0;3234.0;73641.0
926800;76741.0;3220.0;73521.0
926900;76875.0;3234.0;73641.0
927000;76741.0;3220.0;73521.0
927100;76741.0;3220.0;73521.0
927200;77301.0;3220.0;74081.0
927300;76861.0;3220.0;73641.0
927400;76833.0;3192.0;73641.0
927500;76866.0;3185.0;73681.0
927600;76927.0;3206.0;73721.0
927700;76913.0;3192.0;73721.0
927800;76927.0;3206.0;73721.0
927900;76927.0;3206.0;73721.0
928000;76807.0;3206.0;73601.0
928100;76927.0;3206.0;73721.0
928200;76927.0;3206.0;73721.0
928300;77047.0;3206.0;73841.0
928400;76913.0;3192.0;73721.0
928500;76981.0;3220.0;73761.0
928600;77021.0;3220.0;73801.0
928700;77035.0;3234.0;73801.0
928800;76887.0;3206.0;73681.0
928900;76901.0;3220.0;73681.0
929000;77007.0;3206.0;73801.0
929100;77007.0;3206.0;73801.0
929200;76993.0;3192.0;73801.0
929300;77007.0;3206.0;73801.0
929400;77146.0;3185.0;73961.0
929500;76901.0;3220.0;73681.0
929600;77073.0;3192.0;73881.0
929700;77073.0;3192.0;73881.0
929800;77073.0;3192.0;73881.0
929900;77494.0;3213.0;74281.0
930000;76953.0;3192.0;73761.0
930100;77087.0;3206.0;73881.0
930200;76887.0;3206.0;73681.0
930300;77087.0;3206.0;73881.0
930400;77073.0;3192.0;73881.0
930500;77113.0;3192.0;73921.0
930600;77167.0;3206.0;73961.0
930700;77266.0;3185.0;74081.0
930800;77287.0;3206.0;74081.0
930900;77153.0;3192.0;73961.0
931000;77329.0;3248.0;74081.0
931100;77287.0;3206.0;74081.0
931200;77047.0;3206.0;73841.0
931300;77033.0;3192.0;73841.0
931400;77181.0;3220.0;73961.0
931500;77221.0;3220.0;74001.0
931600;77261.0;3220.0;74041.0
931700;77261.0;3220.0;74041.0
931800;77247.0;3206.0;74041.0
931900;77247.0;3206.0;74041.0
932000;77268.0;3227.0;74041.0
932100;77247.0;3206.0;74041.0
932200;77360.0;3199.0;74161.0
932300;77233.0;3192.0;74041.0
932400;77247.0;3206.0;74041.0
932500;77308.0;3227.0;74081.0
932600;77461.0;3220.0;74241.0
932700;77348.0;3227.0;74121.0
932800;77313.0;3192.0;74121.0
932900;77327.0;3206.0;74121.0
933000;77341.0;3220.0;74121.0
933100;77341.0;3220.0;74121.0
933200;77271.0;3150.0;74121.0
933300;77327.0;3206.0;74121.0
933400;77179.0;3178.0;74001.0
933500;77381.0;3220.0;74161.0
933600;77421.0;3220.0;74201.0
933700;77421.0;3220.0;74201.0
933800;77442.0;3241.0;74201.0
933900;77421.0;3220.0;74201.0
934000;77421.0;3220.0;74201.0
934100;77541.0;3220.0;74321.0
934200;77541.0;3220.0;74321.0
934300;76981.0;3220.0;73761.0
934400;77473.0;3272.0;74201.0
934500;77313.0;3232.0;74081.0
934600;77521.0;3240.0;74281.0
934700;77513.0;3232.0;74281.0
934800;77381.0;3220.0;74161.0
934900;77513.0;3232.0;74281.0
935000;77505.0;3224.0;74281.0
935100;77513.0;3232.0;74281.0
935200;77513.0;3232.0;74281.0
935300;77505.0;3224.0;74281.0
935400;77513.0;3232.0;74281.0
935500;77561.0;3240.0;74321.0
935600;77721.0;3240.0;74481.0
935700;77441.0;3240.0;74201.0
935800;77473.0;3232.0;74241.0
935900;77593.0;3232.0;74361.0
936000;77161.0;3240.0;73921.0
936100;77593.0;3232.0;74361.0
936200;77585.0;3224.0;74361.0
936300;77585.0;3224.0;74361.0
936400;77461.0;3220.0;74241.0
936500;77785.0;3224.0;74561.0
936600;77185.0;3224.0;73961.0
936700;77625.0;3224.0;74401.0
936800;77793.0;3232.0;74561.0
936900;77785.0;3224.0;74561.0
937000;77649.0;3208.0;74441.0
937100;77657.0;3216.0;74441.0
937200;77657.0;3216.0;74441.0
937300;77457.0;3216.0;74241.0
937400;77537.0;3216.0;74321.0
937500;77697.0;3216.0;74481.0
937600;77577.0;3216.0;74361.0
937700;77745.0;3224.0;74521.0
937800;77746.0;3225.0;74521.0
937900;77756.0;3235.0;74521.0
938000;77758.0;3237.0;74521.0
938100;77759.0;3238.0;74521.0
938200;77757.0;3236.0;74521.0
938300;77755.0;3234.0;74521.0
938400;77752.0;3231.0;74521.0
938500;77635.0;3234.0;74401.0
938600;77835.0;3234.0;74601.0
938700;77835.0;3234.0;74601.0
938800;77956.0;3235.0;74721.0
938900;77836.0;3235.0;74601.0
939000;77835.0;3234.0;74601.0
939100;77955.0;3234.0;74721.0
939200;77835.0;3234.0;74601.0
939300;77835.0;3234.0;74601.0
939400;77837.0;3236.0;74601.0
939500;78035.0;3234.0;74801.0
939600;78037.0;3236.0;74801.0
939700;78041.0;3240.0;74801.0
939800;77925.0;3244.0;74681.0
939900;78035.0;3234.0;74801.0
940000;77894.0;3213.0;74681.0
940100;78049.0;3248.0;74801.0
940200;77798.5;3237.5;74561.0
940300;77929.0;3248.0;74681.0
940400;77932.5;3251.5;74681.0
940500;77969.0;3248.0;74721.0
940600;78002.0;3241.0;74761.0
940700;78122.0;3241.0;74881.0
940800;77988.0;3227.0;74761.0
940900;77995.0;3234.0;74761.0
941000;78002.0;3241.0;74761.0
941100;78002.0;3241.0;74761.0
941200;77991.5;3230.5;74761.0
941300;77991.5;3230.5;74761.0
941400;77995.0;3234.0;74761.0
941500;78035.0;3234.0;74801.0
941600;77925.5;3244.5;74681.0
941700;78064.5;3223.5;74841.0
941800;78075.0;3234.0;74841.0
941900;78010.0;3169.0;74841.0
942000;78095.0;3254.0;74841.0
942100;78095.0;3254.0;74841.0
942200;78095.0;3254.0;74841.0
942300;78095.0;3254.0;74841.0
942400;78272.0;3271.0;75001.0
942500;78152.0;3271.0;74881.0
942600;78192.0;3271.0;74921.0
942700;77712.0;3271.0;74441.0
942800;78592.0;3271.0;75321.0
942900;78329.0;3288.0;75041.0
943000;78209.0;3288.0;74921.0
943100;78209.0;3288.0;74921.0
943200;78377.5;3296.5;75081.0
943300;78209.0;3288.0;74921.0
943400;78192.0;3271.0;74921.0
943500;78232.0;3271.0;74961.0
943600;78272.0;3271.0;75001.0
943700;78255.0;3254.0;75001.0
943800;78238.0;3237.0;75001.0
943900;78255.0;3254.0;75001.0
944000;78255.0;3254.0;75001.0
944100;78238.0;3237.0;75001.0
944200;78238.0;3237.0;75001.0
944300;78238.0;3237.0;75001.0
944400;78238.0;3237.0;75001.0
944500;78278.0;3237.0;75041.0
944600;78318.0;3237.0;75081.0
944700;78318.0;3237.0;75081.0
944800;78318.0;3237.0;75081.0
944900;78301.0;3220.0;75081.0
945000;78318.0;3237.0;75081.0
945100;78609.0;3128.0;75481.0
945200;78309.0;3228.0;75081.0
945300;78359.0;3278.0;75081.0
945400;78774.0;3253.0;75521.0
945500;78571.5;3290.5;75281.0
945600;78534.0;3253.0;75281.0
945700;78634.0;3353.0;75281.0
945800;78389.0;3228.0;75161.0
945900;78401.5;3240.5;75161.0
946000;78439.0;3278.0;75161.0
946100;78476.5;3315.5;75161.0
946200;78439.0;3278.0;75161.0
946300;78439.0;3278.0;75161.0
946400;78439.0;3278.0;75161.0
946500;78479.0;3278.0;75201.0
946600;78494.0;3253.0;75241.0
946700;78589.0;3228.0;75361.0
946800;78531.5;3290.5;75241.0
946900;78386.5;3265.5;75121.0
947000;78626.5;3265.5;75361.0
947100;78614.0;3253.0;75361.0
947200;78494.0;3253.0;75241.0
947300;78654.0;3253.0;75401.0
947400;78629.0;3228.0;75401.0
947500;78584.0;3303.0;75281.0
947600;78574.0;3253.0;75321.0
947700;78725.0;3404.0;75321.0
947800;78611.0;3290.0;75321.0
947900;78152.0;3271.0;74881.0
948000;78592.0;3271.0;75321.0
948100;78592.0;3271.0;75321.0
948200;78750.0;3309.0;75441.0
948300;78630.0;3309.0;75321.0
948400;78592.0;3271.0;75321.0
948500;78670.0;3309.0;75361.0
948600;78691.0;3290.0;75401.0
948700;78691.0;3290.0;75401.0
948800;79072.0;3271.0;75801.0
948900;79091.0;3290.0;75801.0
949000;78672.0;3271.0;75401.0
949100;78672.0;3271.0;75401.0
949200;78691.0;3290.0;75401.0
949300;78718.0;3317.0;75401.0
949400;78673.0;3272.0;75401.0
949500;78737.0;3296.0;75441.0
949600;78903.5;3302.5;75601.0
949700;78902.0;3301.0;75601.0
949800;78783.0;3302.0;75481.0
949900;78663.0;3302.0;75361.0
950000;78662.0;3301.0;75361.0
950100;78783.0;3302.0;75481.0
950200;78902.0;3301.0;75601.0
950300;78783.0;3302.0;75481.0
950400;78663.0;3302.0;75361.0
950500;78823.0;3302.0;75521.0
950600;78823.0;3302.0;75521.0
950700;78864.5;3303.5;75561.0
950800;78863.0;3302.0;75561.0
950900;78864.5;3303.5;75561.0
951000;78984.0;3303.0;75681.0
951100;78961.0;3280.0;75681.0
951200;78841.0;3280.0;75561.0
951300;78876.0;3315.0;75561.0
951400;79046.5;3325.5;75721.0
951500;79076.0;3315.0;75761.0
951600;78956.0;3315.0;75641.0
951700;79076.0;3315.0;75761.0
951800;79065.5;3304.5;75761.0
951900;78836.0;3315.0;75521.0
952000;79072.5;3311.5;75761.0
952100;78963.0;3322.0;75641.0
952200;78963.0;3322.0;75641.0
952300;79109.0;3308.0;75801.0
952400;78836.0;3315.0;75521.0
952500;78996.0;3315.0;75681.0
952600;79036.0;3315.0;75721.0
952700;79036.0;3315.0;75721.0
952800;79053.5;3332.5;75721.0
952900;79053.5;3332.5;75721.0
953000;79166.5;3325.5;75841.0
953100;78962.0;3241.0;75721.0
953200;79187.0;3346.0;75841.0
953300;79082.0;3361.0;75721.0
953400;79052.0;3331.0;75721.0
953500;79092.0;3331.0;75761.0
953600;79274.5;3353.5;75921.0
953700;79267.0;3346.0;75921.0
953800;79012.0;3331.0;75681.0
953900;79186.0;3385.0;75801.0
954000;79158.0;3357.0;75801.0
954100;79158.0;3357.0;75801.0
954200;79154.0;3353.0;75801.0
954300;79190.0;3389.0;75801.0
954400;79146.0;3345.0;75801.0
954500;78878.0;3357.0;75521.0
954600;78878.0;3357.0;75521.0
954700;78866.0;3345.0;75521.0
954800;79338.0;3337.0;76001.0
954900;79338.0;3337.0;76001.0
955000;79214.0;3333.0;75881.0
955100;79198.0;3317.0;75881.0
955200;79230.0;3349.0;75881.0
955300;79094.0;3333.0;75761.0
955400;79226.0;3345.0;75881.0
955500;79254.0;3333.0;75921.0
955600;79334.0;3373.0;75961.0
955700;79306.0;3345.0;75961.0
955800;79314.0;3353.0;75961.0
955900;78874.0;3353.0;75521.0
956000;79310.0;3349.0;75961.0
956100;79318.0;3357.0;75961.0
956200;79322.0;3361.0;75961.0
956300;79322.0;3361.0;75961.0
956400;79482.0;3361.0;76121.0
956500;79362.0;3361.0;76001.0
956600;79242.0;3361.0;75881.0
956700;79350.0;3349.0;76001.0
956800;79421.0;3380.0;76041.0
956900;79417.5;3376.5;76041.0
957000;79416.0;3375.0;76041.0
957100;79416.0;3375.0;76041.0
957200;79415.0;3374.0;76041.0
957300;79417.0;3376.0;76041.0
957400;78977.0;3376.0;75601.0
957500;79458.0;3377.0;76081.0
957600;79336.5;3375.5;75961.0
957700;79337.0;3376.0;75961.0
957800;79377.0;3376.0;76001.0
957900;79497.0;3376.0;76121.0
958000;79496.0;3375.0;76121.0
958100;79496.0;3375.0;76121.0
958200;79496.0;3375.0;76121.0
958300;79497.0;3376.0;76121.0
958400;79497.0;3376.0;76121.0
958500;79658.5;3377.5;76281.0
958600;79577.0;3376.0;76201.0
958700;79578.0;3377.0;76201.0
958800;79458.0;3377.0;76081.0
958900;79699.5;3378.5;76321.0
959000;79579.0;3378.0;76201.0
959100;79980.0;3379.0;76601.0
959200;79459.0;3378.0;76081.0
959300;79579.5;3378.5;76201.0
959400;79578.0;3377.0;76201.0
959500;79618.0;3377.0;76241.0
959600;79780.5;3379.5;76401.0
959700;79500.5;3379.5;76121.0
959800;79538.0;3377.0;76161.0
959900;79654.0;3373.0;76281.0
960000;79656.0;3375.0;76281.0
960100;79657.0;3376.0;76281.0
960200;79657.0;3376.0;76281.0
960300;79817.0;3376.0;76441.0
960400;79817.0;3376.0;76441.0
960500;79698.0;3377.0;76321.0
960600;79739.0;3378.0;76361.0
960700;79739.0;3378.0;76361.0
960800;79738.0;3377.0;76361.0
960900;79538.0;3377.0;76161.0
961000;79738.0;3377.0;76361.0
961100;79731.0;3370.0;76361.0
961200;79731.0;3370.0;76361.0
961300;79906.0;3385.0;76521.0
961400;79635.0;3394.0;76241.0
961500;79783.0;3382.0;76401.0
961600;79827.5;3386.5;76441.0
961700;79938.5;3377.5;76561.0
961800;79818.5;3377.5;76441.0
961900;79824.5;3383.5;76441.0
962000;79827.5;3386.5;76441.0
962100;79823.0;3382.0;76441.0
962200;79823.0;3382.0;76441.0
962300;79823.0;3382.0;76441.0
962400;79823.0;3382.0;76441.0
962500;79838.0;3397.0;76441.0
962600;79906.0;3385.0;76521.0
962700;79906.0;3385.0;76521.0
962800;79906.0;3385.0;76521.0
962900;79903.0;3382.0;76521.0
963000;79906.0;3385.0;76521.0
963100;79786.0;3385.0;76401.0
963200;79903.0;3382.0;76521.0
963300;79906.0;3385.0;76521.0
963400;79904.5;3383.5;76521.0
963500;79789.0;3388.0;76401.0
963600;79989.0;3388.0;76601.0
963700;80387.5;3386.5;77001.0
963800;79992.0;3391.0;76601.0
963900;79992.0;3391.0;76601.0
964000;79992.0;3391.0;76601.0
964100;80112.0;3391.0;76721.0
964200;80109.0;3388.0;76721.0
964300;79432.0;3391.0;76041.0
964400;79992.0;3391.0;76601.0
964500;80187.5;3386.5;76801.0
964600;80069.0;3388.0;76681.0
964700;80069.0;3388.0;76681.0
964800;80064.5;3383.5;76681.0
964900;80064.5;3383.5;76681.0
965000;79949.0;3388.0;76561.0
965100;80073.5;3392.5;76681.0
965200;80078.0;3397.0;76681.0
965300;80073.5;3392.5;76681.0
965400;80229.0;3388.0;76841.0
965500;80107.5;3386.5;76721.0
965600;80261.5;3380.5;76881.0
965700;80147.5;3386.5;76761.0
965800;80156.5;3395.5;76761.0
965900;80152.0;3391.0;76761.0
966000;80156.5;3395.5;76761.0
966100;80152.0;3391.0;76761.0
966200;80152.0;3391.0;76761.0
966300;80042.5;3401.5;76641.0
966400;80152.0;3391.0;76761.0
966500;80192.0;3391.0;76801.0
966600;80235.0;3394.0;76841.0
966700;80238.0;3397.0;76841.0
966800;80236.5;3395.5;76841.0
966900;80355.0;3394.0;76961.0
967000;80236.5;3395.5;76841.0
967100;80232.0;3391.0;76841.0
967200;80352.0;3391.0;76961.0
967300;80232.0;3391.0;76841.0
967400;80232.0;3391.0;76841.0
967500;80275.0;3394.0;76881.0
967600;80156.5;3395.5;76761.0
967700;80152.0;3391.0;76761.0
967800;80312.0;3391.0;76921.0
967900;80832.0;3391.0;77441.0
968000;80312.0;3391.0;76921.0
968100;80312.0;3391.0;76921.0
968200;80312.0;3391.0;76921.0
968300;80192.0;3391.0;76801.0
968400;80192.0;3391.0;76801.0
968500;80352.0;3391.0;76961.0
968600;80392.0;3391.0;77001.0
968700;80392.0;3391.0;77001.0
968800;80396.5;3395.5;77001.0
968900;80392.0;3391.0;77001.0
969000;80391.0;3390.0;77001.0
969100;80393.0;3392.0;77001.0
969200;80413.0;3412.0;77001.0
969300;80413.0;3412.0;77001.0
969400;80453.0;3412.0;77041.0
969500;80613.0;3412.0;77201.0
969600;80609.0;3408.0;77201.0
969700;80329.0;3408.0;76921.0
969800;80451.0;3370.0;77081.0
969900;80621.0;3420.0;77201.0
970000;80061.0;3420.0;76641.0
970100;80506.0;3425.0;77081.0
970200;80501.0;3420.0;77081.0
970300;80371.0;3410.0;76961.0
970400;80651.0;3410.0;77241.0
970500;80551.0;3430.0;77121.0
970600;80526.0;3405.0;77121.0
970700;80971.0;3410.0;77561.0
970800;80581.0;3420.0;77161.0
970900;80581.0;3420.0;77161.0
971000;80701.0;3420.0;77281.0
971100;80591.0;3430.0;77161.0
971200;80711.0;3430.0;77281.0
971300;80591.0;3430.0;77161.0
971400;80591.0;3430.0;77161.0
971500;80791.0;3430.0;77361.0
971600;80791.0;3430.0;77361.0
971700;80656.0;3415.0;77241.0
971800;80686.0;3445.0;77241.0
971900;80656.0;3415.0;77241.0
972000;80671.0;3430.0;77241.0
972100;80771.0;3410.0;77361.0
972200;80781.0;3420.0;77361.0
972300;80671.0;3430.0;77241.0
972400;80541.0;3420.0;77121.0
972500;80716.0;3435.0;77281.0
972600;80861.0;3420.0;77441.0
972700;81171.0;3450.0;77721.0
972800;80851.0;3410.0;77441.0
972900;80741.0;3420.0;77321.0
973000;80751.0;3430.0;77321.0
973100;80741.0;3420.0;77321.0
973200;80741.0;3420.0;77321.0
973300;80726.0;3405.0;77321.0
973400;80606.0;3405.0;77201.0
973500;80766.0;3405.0;77361.0
973600;80811.0;3410.0;77401.0
973700;80651.0;3410.0;77241.0
973800;80972.0;3451.0;77521.0
973900;80822.0;3421.0;77401.0
974000;80705.0;3424.0;77281.0
974100;80816.0;3415.0;77401.0
974200;80825.0;3424.0;77401.0
974300;80256.0;3415.0;76841.0
974400;80819.0;3418.0;77401.0
974500;80705.0;3424.0;77281.0
974600;80899.0;3418.0;77481.0
974700;80899.0;3418.0;77481.0
974800;80773.0;3412.0;77361.0
974900;80773.0;3412.0;77361.0
975000;81013.0;3412.0;77601.0
975100;80893.0;3412.0;77481.0
975200;80893.0;3412.0;77481.0
975300;80764.0;3403.0;77361.0
975400;80893.0;3412.0;77481.0
975500;80933.0;3412.0;77521.0
975600;80973.0;3412.0;77561.0
975700;80973.0;3412.0;77561.0
975800;80973.0;3412.0;77561.0
975900;80973.0;3412.0;77561.0
976000;80964.0;3403.0;77561.0
976100;80973.0;3412.0;77561.0
976200;80973.0;3412.0;77561.0
976300;80973.0;3412.0;77561.0
976400;80973.0;3412.0;77561.0
976500;81013.0;3412.0;77601.0
976600;81053.0;3412.0;77641.0
976700;81056.0;3415.0;77641.0
976800;81056.0;3415.0;77641.0
976900;80933.0;3412.0;77521.0
977000;81053.0;3412.0;77641.0
977100;81053.0;3412.0;77641.0
977200;80613.0;3412.0;77201.0
977300;80997.5;3356.5;77641.0
977400;81057.5;3416.5;77641.0
977500;81165.0;3484.0;77681.0
977600;81175.0;3454.0;77721.0
977700;81322.5;3481.5;77841.0
977800;81185.0;3464.0;77721.0
977900;81190.0;3469.0;77721.0
978000;81182.5;3461.5;77721.0
978100;81180.0;3459.0;77721.0
978200;81060.0;3459.0;77601.0
978300;81345.0;3464.0;77881.0
978400;81620.0;3459.0;78161.0
978500;81620.0;3459.0;78161.0
978600;81260.0;3459.0;77801.0
978700;81265.0;3464.0;77801.0
978800;81270.0;3469.0;77801.0
978900;81270.0;3469.0;77801.0
979000;81257.5;3456.5;77801.0
979100;81265.0;3464.0;77801.0
979200;81265.0;3464.0;77801.0
979300;81262.5;3461.5;77801.0
979400;81265.0;3464.0;77801.0
979500;81305.0;3464.0;77841.0
979600;81345.0;3464.0;77881.0
979700;81340.0;3459.0;77881.0
979800;81460.0;3459.0;78001.0
979900;81340.0;3459.0;77881.0
980000;81342.5;3461.5;77881.0
980100;81340.0;3459.0;77881.0
980200;81340.0;3459.0;77881.0
980300;81505.0;3464.0;78041.0
980400;81225.0;3464.0;77761.0
980500;81225.0;3464.0;77761.0
980600;81385.0;3464.0;77921.0
980700;81265.0;3464.0;77801.0
980800;81425.0;3464.0;77961.0
980900;81417.5;3456.5;77961.0
981000;81420.0;3459.0;77961.0
981100;81425.0;3464.0;77961.0
981200;81420.0;3459.0;77961.0
981300;81420.0;3459.0;77961.0
981400;81300.0;3459.0;77841.0
981500;81460.0;3459.0;78001.0
981600;81495.0;3454.0;78041.0
981700;81487.5;3446.5;78041.0
981800;81610.0;3449.0;78161.0
981900;81612.5;3451.5;78161.0
982000;81615.0;3454.0;78161.0
982100;81495.0;3454.0;78041.0
982200;81490.0;3449.0;78041.0
982300;81380.0;3459.0;77921.0
982400;81655.0;3454.0;78201.0
982500;81695.0;3454.0;78241.0
982600;81575.0;3454.0;78121.0
982700;81572.5;3451.5;78121.0
982800;81580.0;3459.0;78121.0
982900;81700.0;3459.0;78241.0
983000;81580.0;3459.0;78121.0
983100;81580.0;3459.0;78121.0
983200;81580.0;3459.0;78121.0
983300;81592.5;3471.5;78121.0
983400;81585.0;3464.0;78121.0
983500;81632.5;3471.5;78161.0
983600;81672.5;3471.5;78201.0
983700;81665.0;3464.0;78201.0
983800;81782.5;3461.5;78321.0
983900;81785.0;3464.0;78321.0
984000;81780.0;3459.0;78321.0
984100;81790.0;3469.0;78321.0
984200;81680.0;3479.0;78201.0
984300;81457.5;3456.5;78001.0
984400;81465.0;3464.0;78001.0
984500;81496.0;3415.0;78081.0
984600;81761.0;3480.0;78281.0
984700;81761.0;3480.0;78281.0
984800;81761.0;3480.0;78281.0
984900;81774.0;3493.0;78281.0
985000;81201.0;3480.0;77721.0
985100;81894.0;3493.0;78401.0
985200;81748.0;3467.0;78281.0
985300;81735.0;3454.0;78281.0
985400;81702.5;3421.5;78281.0
985500;81801.0;3480.0;78321.0
985600;81828.0;3467.0;78361.0
985700;81882.0;3521.0;78361.0
985800;81846.0;3485.0;78361.0
985900;81846.0;3485.0;78361.0
986000;81966.0;3485.0;78481.0
986100;81390.0;3469.0;77921.0
986200;81726.0;3485.0;78241.0
986300;81850.0;3489.0;78361.0
986400;81838.0;3477.0;78361.0
986500;81878.0;3477.0;78401.0
986600;81910.0;3469.0;78441.0
986700;81754.0;3473.0;78281.0
986800;81750.0;3469.0;78281.0
986900;81910.0;3469.0;78441.0
987000;81918.0;3477.0;78441.0
987100;82038.0;3477.0;78561.0
987200;82046.0;3485.0;78561.0
987300;81918.0;3477.0;78441.0
987400;81906.0;3465.0;78441.0
987500;82102.0;3461.0;78641.0
987600;81990.0;3469.0;78521.0
987700;81990.0;3469.0;78521.0
987800;81870.0;3469.0;78401.0
987900;81998.0;3477.0;78521.0
988000;81990.0;3469.0;78521.0
988100;82002.0;3481.0;78521.0
988200;81990.0;3469.0;78521.0
988300;82430.0;3469.0;78961.0
988400;81990.0;3469.0;78521.0
988500;82038.0;3477.0;78561.0
988600;82062.0;3461.0;78601.0
988700;82118.0;3397.0;78721.0
988800;82198.0;3477.0;78721.0
988900;82102.0;3501.0;78601.0
989000;82094.0;3493.0;78601.0
989100;82094.0;3493.0;78601.0
989200;82094.0;3493.0;78601.0
989300;82078.0;3477.0;78601.0
989400;82094.0;3493.0;78601.0
989500;82134.0;3493.0;78641.0
989600;82174.0;3493.0;78681.0
989700;82174.0;3493.0;78681.0
989800;82078.0;3517.0;78561.0
989900;82198.0;3517.0;78681.0
990000;82158.0;3477.0;78681.0
990100;82126.0;3445.0;78681.0
990200;82190.0;3509.0;78681.0
990300;82190.0;3509.0;78681.0
990400;82238.0;3557.0;78681.0
990500;82246.0;3525.0;78721.0
990600;82286.0;3525.0;78761.0
990700;82286.0;3525.0;78761.0
990800;82286.0;3525.0;78761.0
990900;82286.0;3525.0;78761.0
991000;82302.0;3541.0;78761.0
991100;82302.0;3541.0;78761.0
991200;82302.0;3541.0;78761.0
991300;82326.0;3565.0;78761.0
991400;82462.0;3541.0;78921.0
991500;82366.0;3565.0;78801.0
991600;82358.0;3517.0;78841.0
991700;82510.0;3549.0;78961.0
991800;82382.0;3541.0;78841.0
991900;82366.0;3525.0;78841.0
992000;82502.0;3541.0;78961.0
992100;82382.0;3541.0;78841.0
992200;82398.0;3557.0;78841.0
992300;82366.0;3525.0;78841.0
992400;82342.0;3501.0;78841.0
992500;82406.0;3525.0;78881.0
992600;82414.0;3533.0;78881.0
992700;82438.0;3517.0;78921.0
992800;82462.0;3541.0;78921.0
992900;82582.0;3541.0;79041.0
993000;82566.0;3525.0;79041.0
993100;82302.0;3501.0;78801.0
993200;82213.0;3412.0;78801.0
993300;82636.0;3555.0;79081.0
993400;82463.0;3542.0;78921.0
993500;82356.0;3555.0;78801.0
993600;82530.0;3529.0;79001.0
993700;82650.0;3529.0;79121.0
993800;82530.0;3529.0;79001.0
993900;82530.0;3529.0;79001.0
994000;82371.0;3490.0;78881.0
994100;82611.0;3490.0;79121.0
994200;82504.0;3503.0;79001.0
994300;82504.0;3503.0;79001.0
994400;82504.0;3503.0;79001.0
994500;82743.0;3542.0;79201.0
994600;82730.0;3529.0;79201.0
994700;82584.0;3503.0;79081.0
994800;82610.0;3529.0;79081.0
994900;82610.0;3529.0;79081.0
995000;82610.0;3529.0;79081.0
995100;82756.0;3555.0;79201.0
995200;82610.0;3529.0;79081.0
995300;82610.0;3529.0;79081.0
995400;82450.0;3529.0;78921.0
995500;82650.0;3529.0;79121.0
995600;82810.0;3529.0;79281.0
995700;82690.0;3529.0;79161.0
995800;82690.0;3529.0;79161.0
995900;82810.0;3529.0;79281.0
996000;82784.0;3503.0;79281.0
996100;82690.0;3529.0;79161.0
996200;82690.0;3529.0;79161.0
996300;82143.0;3542.0;78601.0
996400;82104.0;3503.0;78601.0
996500;82890.0;3529.0;79361.0
996600;82744.0;3503.0;79241.0
996700;82744.0;3503.0;79241.0
996800;82744.0;3503.0;79241.0
996900;82783.0;3542.0;79241.0
997000;82663.0;3542.0;79121.0
997100;82783.0;3542.0;79241.0
997200;82744.0;3503.0;79241.0
997300;82718.0;3477.0;79241.0
997400;82826.0;3425.0;79401.0
997500;82810.0;3529.0;79281.0
997600;82784.0;3503.0;79281.0
997700;82889.0;3568.0;79321.0
997800;82850.0;3529.0;79321.0
997900;82850.0;3529.0;79321.0
998000;82730.0;3529.0;79201.0
998100;82863.0;3542.0;79321.0
998200;82704.0;3503.0;79201.0
998300;82863.0;3542.0;79321.0
998400;82798.0;3477.0;79321.0
998500;83050.0;3529.0;79521.0
998600;82770.0;3529.0;79241.0
998700;82956.0;3555.0;79401.0
998800;83021.0;3620.0;79401.0
998900;82930.0;3529.0;79401.0
999000;83024.0;3503.0;79521.0
999100;82904.0;3503.0;79401.0
999200;82904.0;3503.0;79401.0
999300;82865.0;3464.0;79401.0
999400;82918.0;3477.0;79441.0
999500;82970.0;3529.0;79441.0
999600;83010.0;3529.0;79481.0
999700;83010.0;3529.0;79481.0
999800;83010.0;3529.0;79481.0
999900;83010.0;3529.0;79481.0
