timestamp;total;ASH_COATED_OSMIUM;INTARIAN_PEPPER_ROOT
0;-187.5;0.0;-187.5
100;-273.0;0.0;-273.0
200;-327.0;0.0;-327.0
300;-436.5;0.0;-436.5
400;-618.0;-24.0;-594.0
500;-587.0;16.0;-603.0
600;-519.0;8.0;-527.0
700;-511.0;16.0;-527.0
800;-523.0;4.0;-527.0
900;-625.0;16.0;-641.0
1000;-625.0;16.0;-641.0
1100;-523.0;4.0;-527.0
1200;-503.0;24.0;-527.0
1300;-523.0;4.0;-527.0
1400;-511.0;16.0;-527.0
1500;-483.0;44.0;-527.0
1600;-433.0;18.0;-451.0
1700;-461.0;28.0;-489.0
1800;-417.0;34.0;-451.0
1900;-417.0;34.0;-451.0
2000;-427.0;24.0;-451.0
2100;-427.0;24.0;-451.0
2200;-427.0;24.0;-451.0
2300;-427.0;24.0;-451.0
2400;-429.0;22.0;-451.0
2500;-381.0;32.0;-413.0
2600;-347.0;28.0;-375.0
2700;-727.0;28.0;-755.0
2800;-351.0;24.0;-375.0
2900;-5.0;28.0;-33.0
3000;-469.0;20.0;-489.0
3100;-359.0;16.0;-375.0
3200;-351.0;24.0;-375.0
3300;-351.0;24.0;-375.0
3400;-351.0;24.0;-375.0
3500;-313.0;24.0;-337.0
3600;-292.0;45.0;-337.0
3700;-254.0;45.0;-299.0
3800;-285.5;13.5;-299.0
3900;-254.0;45.0;-299.0
4000;-268.0;31.0;-299.0
4100;-275.0;24.0;-299.0
4200;-133.0;52.0;-185.0
4300;-247.0;52.0;-299.0
4400;-247.0;52.0;-299.0
4500;-133.0;52.0;-185.0
4600;-285.0;52.0;-337.0
4700;-162.0;61.0;-223.0
4800;-314.0;61.0;-375.0
4900;-157.5;65.5;-223.0
5000;-259.0;52.0;-311.0
5100;-139.0;52.0;-191.0
5200;-139.0;52.0;-191.0
5300;-139.0;52.0;-191.0
5400;-157.0;34.0;-191.0
5500;-188.0;43.0;-231.0
5600;-68.0;43.0;-111.0
5700;-468.0;43.0;-511.0
5800;-450.0;61.0;-511.0
5900;61.0;52.0;9.0
6000;-72.5;38.5;-111.0
6100;-72.5;38.5;-111.0
6200;-179.0;52.0;-231.0
6300;-59.0;52.0;-111.0
6400;-59.0;52.0;-111.0
6500;-19.0;52.0;-71.0
6600;-108.0;43.0;-151.0
6700;12.0;43.0;-31.0
6800;-108.0;43.0;-151.0
6900;-130.5;20.5;-151.0
7000;3.0;34.0;-31.0
7100;12.0;43.0;-31.0
7200;12.0;43.0;-31.0
7300;12.0;43.0;-31.0
7400;3.0;34.0;-31.0
7500;-37.0;34.0;-71.0
7600;2.0;73.0;-71.0
7700;-18.0;53.0;-71.0
7800;-18.0;53.0;-71.0
7900;98.0;49.0;49.0
8000;226.0;57.0;169.0
8100;106.0;57.0;49.0
8200;106.0;57.0;49.0
8300;108.0;59.0;49.0
8400;148.0;59.0;89.0
8500;142.0;53.0;89.0
8600;182.0;53.0;129.0
8700;182.0;53.0;129.0
8800;58.0;49.0;9.0
8900;194.0;65.0;129.0
9000;184.0;55.0;129.0
9100;182.0;53.0;129.0
9200;182.0;53.0;129.0
9300;102.0;53.0;49.0
9400;72.0;23.0;49.0
9500;322.0;73.0;249.0
9600;374.0;125.0;249.0
9700;390.0;141.0;249.0
9800;318.0;109.0;209.0
9900;334.0;125.0;209.0
10000;290.0;201.0;89.0
10100;410.0;201.0;209.0
10200;350.0;141.0;209.0
10300;470.0;141.0;329.0
10400;362.0;153.0;209.0
10500;322.0;153.0;169.0
10600;358.0;189.0;169.0
10700;843.0;194.0;649.0
10800;344.0;175.0;169.0
10900;464.0;175.0;289.0
11000;527.0;118.0;409.0
11100;287.0;118.0;169.0
11200;287.0;118.0;169.0
11300;483.0;194.0;289.0
11400;483.0;194.0;289.0
11500;542.0;213.0;329.0
11600;572.5;203.5;369.0
11700;563.0;194.0;369.0
11800;563.0;194.0;369.0
11900;563.0;194.0;369.0
12000;563.0;194.0;369.0
12100;634.0;265.0;369.0
12200;598.0;229.0;369.0
12300;598.0;229.0;369.0
12400;598.0;229.0;369.0
12500;638.0;229.0;409.0
12600;278.0;229.0;49.0
12700;522.0;193.0;329.0
12800;654.0;205.0;449.0
12900;558.0;229.0;329.0
13000;678.0;229.0;449.0
13100;822.0;253.0;569.0
13200;654.0;205.0;449.0
13300;678.0;229.0;449.0
13400;678.0;229.0;449.0
13500;718.0;229.0;489.0
13600;758.0;229.0;529.0
13700;758.0;229.0;529.0
13800;758.0;229.0;529.0
13900;1142.0;253.0;889.0
14000;782.0;253.0;529.0
14100;854.0;325.0;529.0
14200;746.0;217.0;529.0
14300;782.0;253.0;529.0
14400;610.0;241.0;369.0
14500;774.0;205.0;569.0
14600;978.0;289.0;689.0
14700;870.0;181.0;689.0
14800;910.0;301.0;609.0
14900;886.0;277.0;609.0
15000;826.0;217.0;609.0
15100;1031.0;422.0;609.0
15200;1010.0;401.0;609.0
15300;1024.0;415.0;609.0
15400;1003.0;394.0;609.0
15500;1010.0;441.0;569.0
15600;1116.0;427.0;689.0
15700;1114.0;425.0;689.0
15800;1106.0;417.0;689.0
15900;1118.0;429.0;689.0
16000;1230.0;421.0;809.0
16100;1120.0;431.0;689.0
16200;1116.0;427.0;689.0
16300;1110.0;421.0;689.0
16400;1110.0;421.0;689.0
16500;1156.0;427.0;729.0
16600;1190.0;421.0;769.0
16700;1194.0;425.0;769.0
16800;1194.0;425.0;769.0
16900;1192.0;423.0;769.0
17000;1192.0;423.0;769.0
17100;1314.0;425.0;889.0
17200;1198.0;429.0;769.0
17300;1198.0;429.0;769.0
17400;838.0;429.0;409.0
17500;1234.0;425.0;809.0
17600;1278.0;429.0;849.0
17700;1278.0;429.0;849.0
17800;1282.0;433.0;849.0
17900;1278.0;429.0;849.0
18000;1278.0;429.0;849.0
18100;1278.0;429.0;849.0
18200;1274.0;425.0;849.0
18300;1274.0;425.0;849.0
18400;1272.0;423.0;849.0
18500;1360.0;471.0;889.0
18600;1362.0;473.0;889.0
18700;1484.0;475.0;1009.0
18800;1404.0;475.0;929.0
18900;1410.0;481.0;929.0
19000;1406.0;477.0;929.0
19100;1404.0;475.0;929.0
19200;1402.0;473.0;929.0
19300;1401.0;472.0;929.0
19400;1525.0;476.0;1049.0
19500;1444.0;475.0;969.0
19600;1564.0;475.0;1089.0
19700;1564.0;475.0;1089.0
19800;1480.0;471.0;1009.0
19900;1494.0;485.0;1009.0
20000;1494.0;485.0;1009.0
20100;1494.0;485.0;1009.0
20200;1494.0;485.0;1009.0
20300;1615.0;486.0;1129.0
20400;1492.0;483.0;1009.0
20500;1532.0;483.0;1049.0
20600;1574.0;485.0;1089.0
20700;1570.0;481.0;1089.0
20800;1572.0;483.0;1089.0
20900;1452.0;483.0;969.0
21000;1692.0;483.0;1209.0
21100;1569.0;480.0;1089.0
21200;1572.0;483.0;1089.0
21300;1572.0;483.0;1089.0
21400;1574.0;485.0;1089.0
21500;1618.0;489.0;1129.0
21600;1655.0;486.0;1169.0
21700;1652.0;483.0;1169.0
21800;1652.0;483.0;1169.0
21900;1652.0;483.0;1169.0
22000;1648.0;479.0;1169.0
22100;1650.0;481.0;1169.0
22200;1768.0;479.0;1289.0
22300;1551.0;462.0;1089.0
22400;1778.0;489.0;1289.0
22500;1778.0;489.0;1289.0
22600;1738.0;489.0;1249.0
22700;1756.0;507.0;1249.0
22800;1738.0;489.0;1249.0
22900;1738.0;489.0;1249.0
23000;1618.0;489.0;1129.0
23100;1218.0;489.0;729.0
23200;1567.0;438.0;1129.0
23300;1739.0;490.0;1249.0
23400;1771.5;522.5;1249.0
23500;1731.5;522.5;1209.0
23600;1825.5;496.5;1329.0
23700;1819.0;490.0;1329.0
23800;1819.0;490.0;1329.0
23900;1860.0;531.0;1329.0
24000;1860.0;531.0;1329.0
24100;1860.0;531.0;1329.0
24200;1740.0;531.0;1209.0
24300;1905.0;576.0;1329.0
24400;1722.0;393.0;1329.0
24500;1987.0;618.0;1369.0
24600;2003.0;594.0;1409.0
24700;2036.0;627.0;1409.0
24800;1916.0;627.0;1289.0
24900;2036.0;627.0;1409.0
25000;2036.0;627.0;1409.0
25100;2297.0;768.0;1529.0
25200;2209.5;680.5;1529.0
25300;2052.0;643.0;1409.0
25400;2117.0;668.0;1449.0
25500;1637.0;668.0;969.0
25600;2169.5;680.5;1489.0
25700;2132.0;643.0;1489.0
25800;2107.0;618.0;1489.0
25900;2182.0;693.0;1489.0
26000;2277.0;668.0;1609.0
26100;2277.0;668.0;1609.0
26200;2277.0;668.0;1609.0
26300;2289.5;680.5;1609.0
26400;2052.0;643.0;1409.0
26500;2252.0;643.0;1609.0
26600;2199.5;630.5;1569.0
26700;2212.0;643.0;1569.0
26800;2030.0;461.0;1569.0
26900;2129.0;560.0;1569.0
27000;2108.0;659.0;1449.0
27100;2108.0;659.0;1449.0
27200;2261.0;692.0;1569.0
27300;2148.0;659.0;1489.0
27400;2228.0;659.0;1569.0
27500;2228.0;659.0;1569.0
27600;2421.0;692.0;1729.0
27700;2341.0;692.0;1649.0
27800;2341.0;692.0;1649.0
27900;2341.0;692.0;1649.0
28000;2341.0;692.0;1649.0
28100;2461.0;692.0;1769.0
28200;2341.0;692.0;1649.0
28300;2341.0;692.0;1649.0
28400;2341.0;692.0;1649.0
28500;2381.0;692.0;1689.0
28600;2454.0;725.0;1729.0
28700;2454.0;725.0;1729.0
28800;2487.0;758.0;1729.0
28900;2607.0;758.0;1849.0
29000;2487.0;758.0;1729.0
29100;2487.0;758.0;1729.0
29200;2487.0;758.0;1729.0
29300;2454.0;725.0;1729.0
29400;2487.0;758.0;1729.0
29500;2477.5;708.5;1769.0
29600;2614.0;725.0;1889.0
29700;2534.0;725.0;1809.0
29800;2534.0;725.0;1809.0
29900;2534.0;725.0;1809.0
30000;2374.0;725.0;1649.0
30100;2534.0;725.0;1809.0
30200;2348.0;659.0;1689.0
30300;2501.0;692.0;1809.0
30400;2548.0;739.0;1809.0
30500;2557.0;708.0;1849.0
30600;2612.5;723.5;1889.0
30700;2477.0;708.0;1769.0
30800;2717.0;708.0;2009.0
30900;2763.5;754.5;2009.0
31000;2717.0;708.0;2009.0
31100;2597.0;708.0;1889.0
31200;2597.0;708.0;1889.0
31300;2597.0;708.0;1889.0
31400;2717.0;708.0;2009.0
31500;2575.0;646.0;1929.0
31600;2788.0;739.0;2049.0
31700;2557.0;708.0;1849.0
31800;2510.5;661.5;1849.0
31900;2526.0;677.0;1849.0
32000;2677.0;708.0;1969.0
32100;2677.0;708.0;1969.0
32200;2677.0;708.0;1969.0
32300;2708.0;739.0;1969.0
32400;2661.5;692.5;1969.0
32500;3126.0;677.0;2449.0
32600;2637.0;708.0;1929.0
32700;2606.0;677.0;1929.0
32800;2785.0;736.0;2049.0
32900;2750.0;701.0;2049.0
33000;2662.5;613.5;2049.0
33100;2630.0;701.0;1929.0
33200;2785.0;736.0;2049.0
33300;3145.0;736.0;2409.0
33400;2870.0;701.0;2169.0
33500;2870.0;701.0;2169.0
33600;2665.0;736.0;1929.0
33700;2830.0;701.0;2129.0
33800;2917.5;788.5;2129.0
33900;2745.0;736.0;2009.0
34000;2949.0;820.0;2129.0
34100;2949.0;820.0;2129.0
34200;2949.0;820.0;2129.0
34300;2869.0;820.0;2049.0
34400;2989.0;820.0;2169.0
34500;3045.0;876.0;2169.0
34600;3085.0;876.0;2209.0
34700;3085.0;876.0;2209.0
34800;3085.0;876.0;2209.0
34900;3085.0;876.0;2209.0
35000;3085.0;876.0;2209.0
35100;3205.0;876.0;2329.0
35200;3241.0;912.0;2329.0
35300;2951.0;822.0;2129.0
35400;3125.0;876.0;2249.0
35500;3089.0;840.0;2249.0
35600;3009.0;840.0;2169.0
35700;3525.0;876.0;2649.0
35800;2765.0;876.0;1889.0
35900;3201.0;912.0;2289.0
36000;3129.0;840.0;2289.0
36100;3201.0;912.0;2289.0
36200;3201.0;912.0;2289.0
36300;3201.0;912.0;2289.0
36400;3357.0;948.0;2409.0
36500;3301.0;972.0;2329.0
36600;3155.0;906.0;2249.0
36700;3275.0;906.0;2369.0
36800;3291.5;922.5;2369.0
36900;3308.0;939.0;2369.0
37000;3291.5;922.5;2369.0
37100;3188.0;939.0;2249.0
37200;3188.0;939.0;2249.0
37300;3195.0;906.0;2289.0
37400;3308.0;939.0;2369.0
37500;3397.5;988.5;2409.0
37600;3437.5;988.5;2449.0
37700;3501.0;972.0;2529.0
37800;3686.5;1117.5;2569.0
37900;3337.0;1008.0;2329.0
38000;3457.0;1008.0;2449.0
38100;3282.5;993.5;2289.0
38200;3413.5;964.5;2449.0
38300;3413.5;964.5;2449.0
38400;3118.0;1029.0;2089.0
38500;3092.0;1003.0;2089.0
38600;3638.0;1029.0;2609.0
38700;3532.0;1003.0;2529.0
38800;3558.0;1029.0;2529.0
38900;3493.0;964.0;2529.0
39000;3373.0;964.0;2409.0
39100;3574.0;1045.0;2529.0
39200;3574.0;1045.0;2529.0
39300;3554.0;1025.0;2529.0
39400;3574.0;1045.0;2529.0
39500;3574.0;1045.0;2529.0
39600;3654.0;1045.0;2609.0
39700;3654.0;1045.0;2609.0
39800;3654.0;1045.0;2609.0
39900;3710.5;1101.5;2609.0
40000;3717.0;1108.0;2609.0
40100;3717.0;1108.0;2609.0
40200;3824.0;1095.0;2729.0
40300;3717.0;1108.0;2609.0
40400;3697.5;1088.5;2609.0
40500;3664.0;1095.0;2569.0
40600;3784.0;1095.0;2689.0
40700;3864.0;1095.0;2769.0
40800;3784.0;1095.0;2689.0
40900;3897.5;1088.5;2809.0
41000;3651.0;1082.0;2569.0
41100;3771.0;1082.0;2689.0
41200;3771.0;1082.0;2689.0
41300;3771.0;1082.0;2689.0
41400;3771.0;1082.0;2689.0
41500;3806.0;1117.0;2689.0
41600;3878.0;1109.0;2769.0
41700;4234.0;1105.0;3129.0
41800;3914.0;1145.0;2769.0
41900;3746.0;1097.0;2649.0
42000;3470.0;1101.0;2369.0
42100;3878.0;1109.0;2769.0
42200;3758.0;1109.0;2649.0
42300;3786.0;1097.0;2689.0
42400;3866.0;1097.0;2769.0
42500;3894.0;1125.0;2769.0
42600;3830.0;1101.0;2729.0
42700;3822.0;1093.0;2729.0
42800;4078.0;1109.0;2969.0
42900;3950.0;1101.0;2849.0
43000;3406.0;1077.0;2329.0
43100;3958.0;1109.0;2849.0
43200;3966.0;1117.0;2849.0
43300;4086.0;1117.0;2969.0
43400;3958.0;1109.0;2849.0
43500;3998.0;1109.0;2889.0
43600;4026.0;1097.0;2929.0
43700;4038.0;1109.0;2929.0
43800;4038.0;1109.0;2929.0
43900;4038.0;1109.0;2929.0
44000;4038.0;1109.0;2929.0
44100;4038.0;1109.0;2929.0
44200;3958.0;1029.0;2929.0
44300;4190.0;1141.0;3049.0
44400;3814.0;1125.0;2689.0
44500;4094.0;1125.0;2969.0
44600;4038.0;1149.0;2889.0
44700;3750.0;1141.0;2609.0
44800;3630.0;1021.0;2609.0
44900;4150.0;1141.0;3009.0
45000;4150.0;1141.0;3009.0
45100;4150.0;1141.0;3009.0
45200;4027.0;1018.0;3009.0
45300;4027.0;1018.0;3009.0
45400;4192.0;1183.0;3009.0
45500;4232.0;1183.0;3049.0
45600;4232.0;1183.0;3049.0
45700;4272.0;1183.0;3089.0
45800;4362.0;1153.0;3209.0
45900;4287.0;1198.0;3089.0
46000;4287.0;1198.0;3089.0
46100;4197.0;1108.0;3089.0
46200;4242.0;1153.0;3089.0
46300;4137.0;1048.0;3089.0
46400;4212.0;1123.0;3089.0
46500;4436.5;1307.5;3129.0
46600;4321.0;1192.0;3129.0
46700;4241.0;1192.0;3049.0
46800;3961.0;1192.0;2769.0
46900;4340.0;1171.0;3169.0
47000;4167.5;1118.5;3049.0
47100;4413.5;1244.5;3169.0
47200;4361.0;1192.0;3169.0
47300;4424.0;1255.0;3169.0
47400;4361.0;1192.0;3169.0
47500;4401.0;1192.0;3209.0
47600;4462.0;1213.0;3249.0
47700;4542.0;1213.0;3329.0
47800;4462.0;1213.0;3249.0
47900;4342.0;1213.0;3129.0
48000;4582.0;1213.0;3369.0
48100;4921.0;1192.0;3729.0
48200;4430.5;1181.5;3249.0
48300;4462.0;1213.0;3249.0
48400;4382.0;1213.0;3169.0
48500;4544.0;1255.0;3289.0
48600;4563.0;1234.0;3329.0
48700;4563.0;1234.0;3329.0
48800;4563.0;1234.0;3329.0
48900;4563.0;1234.0;3329.0
49000;4563.0;1234.0;3329.0
49100;4563.0;1234.0;3329.0
49200;4422.0;1213.0;3209.0
49300;4563.0;1234.0;3329.0
49400;4746.0;1297.0;3449.0
49500;4618.0;1249.0;3369.0
49600;4658.0;1249.0;3409.0
49700;4720.0;1231.0;3489.0
49800;4720.0;1231.0;3489.0
49900;4720.0;1231.0;3489.0
50000;4628.0;1219.0;3409.0
50100;4766.0;1237.0;3529.0
50200;4652.0;1243.0;3409.0
50300;4616.0;1207.0;3409.0
50400;4748.0;1219.0;3529.0
50500;4668.0;1219.0;3449.0
50600;4576.0;1207.0;3369.0
50700;4708.0;1219.0;3489.0
50800;4696.0;1207.0;3489.0
50900;4744.5;1255.5;3489.0
51000;4795.5;1306.5;3489.0
51100;4727.5;1238.5;3489.0
51200;4822.0;1213.0;3609.0
51300;4759.0;1230.0;3529.0
51400;4761.5;1272.5;3489.0
51500;4759.0;1230.0;3529.0
51600;4670.5;1221.5;3449.0
51700;4799.0;1230.0;3569.0
51800;4824.5;1255.5;3569.0
51900;4679.0;1230.0;3449.0
52000;4782.0;1213.0;3569.0
52100;4799.0;1230.0;3569.0
52200;4799.0;1230.0;3569.0
52300;4799.0;1230.0;3569.0
52400;4816.0;1247.0;3569.0
52500;4799.0;1230.0;3569.0
52600;4879.0;1230.0;3649.0
52700;4879.0;1230.0;3649.0
52800;4742.0;1213.0;3529.0
52900;4999.0;1230.0;3769.0
53000;4879.0;1230.0;3649.0
53100;4921.5;1272.5;3649.0
53200;4862.0;1213.0;3649.0
53300;4862.0;1213.0;3649.0
53400;4862.0;1213.0;3649.0
53500;4885.0;1196.0;3689.0
53600;4559.0;1230.0;3329.0
53700;4805.0;1196.0;3609.0
53800;4833.0;1104.0;3729.0
53900;5078.0;1229.0;3849.0
54000;4838.0;1229.0;3609.0
54100;4838.0;1229.0;3609.0
54200;5040.5;1191.5;3849.0
54300;4933.0;1204.0;3729.0
54400;4970.5;1241.5;3729.0
54500;5040.5;1191.5;3849.0
54600;5131.5;1242.5;3889.0
54700;5144.5;1335.5;3809.0
54800;5202.5;1273.5;3929.0
54900;5098.0;1289.0;3809.0
55000;5264.5;1335.5;3929.0
55100;5098.0;1289.0;3809.0
55200;5098.0;1289.0;3809.0
55300;5098.0;1289.0;3809.0
55400;5067.0;1258.0;3809.0
55500;5107.0;1258.0;3849.0
55600;5147.0;1258.0;3889.0
55700;5267.0;1258.0;4009.0
55800;5147.0;1258.0;3889.0
55900;5178.0;1289.0;3889.0
56000;5131.5;1242.5;3889.0
56100;5224.5;1335.5;3889.0
56200;5224.5;1335.5;3889.0
56300;5264.5;1335.5;3929.0
56400;5005.0;1196.0;3809.0
56500;5005.0;1196.0;3809.0
56600;5320.0;1351.0;3969.0
56700;5289.0;1320.0;3969.0
56800;5273.5;1304.5;3969.0
56900;5424.5;1335.5;4089.0
57000;5200.0;1351.0;3849.0
57100;5320.0;1351.0;3969.0
57200;5320.0;1351.0;3969.0
57300;5320.0;1351.0;3969.0
57400;5351.0;1382.0;3969.0
57500;5360.0;1351.0;4009.0
57600;5329.0;1320.0;4009.0
57700;5431.0;1382.0;4049.0
57800;5249.0;1320.0;3929.0
57900;5369.0;1320.0;4049.0
58000;5369.0;1320.0;4049.0
58100;5307.0;1138.0;4169.0
58200;5367.0;1318.0;4049.0
58300;5327.0;1278.0;4049.0
58400;5408.0;1359.0;4049.0
58500;5383.5;1294.5;4089.0
58600;5488.0;1359.0;4129.0
58700;5488.0;1359.0;4129.0
58800;5552.5;1423.5;4129.0
58900;5445.0;1316.0;4129.0
59000;5531.0;1402.0;4129.0
59100;5531.0;1402.0;4129.0
59200;5998.5;1509.5;4489.0
59300;5531.0;1402.0;4129.0
59400;5531.0;1402.0;4129.0
59500;5585.0;1416.0;4169.0
59600;5625.0;1416.0;4209.0
59700;5420.0;1211.0;4209.0
59800;5625.0;1416.0;4209.0
59900;5625.0;1416.0;4209.0
60000;5464.0;1375.0;4089.0
60100;5584.0;1375.0;4209.0
60200;5505.0;1416.0;4089.0
60300;5765.5;1436.5;4329.0
60400;5584.0;1375.0;4209.0
60500;5685.5;1436.5;4249.0
60600;5564.5;1395.5;4169.0
60700;5705.0;1416.0;4289.0
60800;5886.5;1477.5;4409.0
60900;5746.0;1457.0;4289.0
61000;5664.0;1375.0;4289.0
61100;5705.0;1416.0;4289.0
61200;5766.5;1477.5;4289.0
61300;5746.0;1457.0;4289.0
61400;5825.0;1416.0;4409.0
61500;5745.0;1416.0;4329.0
61600;5539.0;1170.0;4369.0
61700;5846.5;1477.5;4369.0
61800;5966.5;1477.5;4489.0
61900;5864.0;1375.0;4489.0
62000;5868.0;1499.0;4369.0
62100;5815.5;1446.5;4369.0
62200;5815.5;1446.5;4369.0
62300;5885.5;1516.5;4369.0
62400;5953.0;1464.0;4489.0
62500;5925.5;1516.5;4409.0
62600;5948.0;1499.0;4449.0
62700;5965.5;1516.5;4449.0
62800;5913.0;1464.0;4449.0
62900;5948.0;1499.0;4449.0
63000;5948.0;1499.0;4449.0
63100;6033.0;1464.0;4569.0
63200;5913.0;1464.0;4449.0
63300;5878.0;1429.0;4449.0
63400;6035.5;1586.5;4449.0
63500;6155.5;1586.5;4569.0
63600;6115.5;1586.5;4529.0
63700;5972.0;1443.0;4529.0
63800;5972.0;1443.0;4529.0
63900;6055.0;1406.0;4649.0
64000;5935.0;1406.0;4529.0
64100;5898.0;1369.0;4529.0
64200;5815.0;1406.0;4409.0
64300;5498.0;1369.0;4129.0
64400;5935.0;1406.0;4529.0
64500;5975.0;1406.0;4569.0
64600;6015.0;1406.0;4609.0
64700;6015.0;1406.0;4609.0
64800;5895.0;1406.0;4489.0
64900;6043.0;1434.0;4609.0
65000;6043.0;1434.0;4609.0
65100;5993.5;1384.5;4609.0
65200;6043.0;1434.0;4609.0
65300;6057.0;1448.0;4609.0
65400;6057.0;1448.0;4609.0
65500;5804.5;1235.5;4569.0
65600;6161.0;1472.0;4689.0
65700;6204.0;1515.0;4689.0
65800;6161.0;1472.0;4689.0
65900;6225.5;1536.5;4689.0
66000;6225.5;1536.5;4689.0
66100;6247.0;1558.0;4689.0
66200;6139.5;1450.5;4689.0
66300;6324.0;1515.0;4809.0
66400;6081.0;1472.0;4609.0
66500;6244.0;1515.0;4729.0
66600;6284.0;1515.0;4769.0
66700;6284.0;1515.0;4769.0
66800;6327.0;1558.0;4769.0
66900;6241.0;1472.0;4769.0
67000;6241.0;1472.0;4769.0
67100;6241.0;1472.0;4769.0
67200;6207.0;1558.0;4649.0
67300;6207.0;1558.0;4649.0
67400;6241.0;1472.0;4769.0
67500;6281.0;1472.0;4809.0
67600;6641.0;1472.0;5169.0
67700;6321.0;1472.0;4849.0
67800;6398.0;1429.0;4969.0
67900;6256.5;1407.5;4849.0
68000;6256.5;1407.5;4849.0
68100;6244.0;1515.0;4729.0
68200;6364.0;1515.0;4849.0
68300;6364.0;1515.0;4849.0
68400;6364.0;1515.0;4849.0
68500;6404.0;1515.0;4889.0
68600;6447.0;1558.0;4889.0
68700;6530.0;1601.0;4929.0
68800;6487.0;1558.0;4929.0
68900;6487.0;1558.0;4929.0
69000;6487.0;1558.0;4929.0
69100;6607.0;1558.0;5049.0
69200;6487.0;1558.0;4929.0
69300;6401.0;1472.0;4929.0
69400;6444.0;1515.0;4929.0
69500;6505.5;1536.5;4969.0
69600;6524.0;1515.0;5009.0
69700;6567.0;1558.0;5009.0
69800;6567.0;1558.0;5009.0
69900;6447.0;1558.0;4889.0
70000;6231.5;1622.5;4609.0
70100;6567.0;1558.0;5009.0
70200;6567.0;1558.0;5009.0
70300;6567.0;1558.0;5009.0
70400;6751.5;1622.5;5129.0
70500;6671.5;1622.5;5049.0
70600;6570.0;1601.0;4969.0
70700;6604.0;1515.0;5089.0
70800;6647.0;1558.0;5089.0
70900;6647.0;1558.0;5089.0
71000;6647.0;1558.0;5089.0
71100;6647.0;1558.0;5089.0
71200;6475.0;1386.0;5089.0
71300;6647.0;1558.0;5089.0
71400;6690.0;1601.0;5089.0
71500;6330.0;1601.0;4729.0
71600;6850.0;1601.0;5249.0
71700;6650.0;1601.0;5049.0
71800;6693.0;1644.0;5049.0
71900;6684.0;1515.0;5169.0
72000;6727.0;1558.0;5169.0
72100;6671.5;1622.5;5049.0
72200;6770.0;1601.0;5169.0
72300;6413.5;1364.5;5049.0
72400;6770.0;1601.0;5169.0
72500;6767.0;1558.0;5209.0
72600;6687.0;1558.0;5129.0
72700;6970.0;1601.0;5369.0
72800;6656.5;1407.5;5249.0
72900;6850.0;1601.0;5249.0
73000;6893.0;1644.0;5249.0
73100;6450.0;1601.0;4849.0
73200;6450.0;1601.0;4849.0
73300;6850.0;1601.0;5249.0
73400;7077.5;1708.5;5369.0
73500;6890.0;1601.0;5289.0
73600;7010.0;1601.0;5409.0
73700;6810.0;1601.0;5209.0
73800;6973.0;1644.0;5329.0
73900;6844.0;1515.0;5329.0
74000;6758.0;1429.0;5329.0
74100;6973.0;1644.0;5329.0
74200;7016.0;1687.0;5329.0
74300;7016.0;1687.0;5329.0
74400;6930.0;1601.0;5329.0
74500;6948.5;1579.5;5369.0
74600;7053.0;1644.0;5409.0
74700;7096.0;1687.0;5409.0
74800;6988.5;1579.5;5409.0
74900;6933.0;1644.0;5289.0
75000;7053.0;1644.0;5409.0
75100;7053.0;1644.0;5409.0
75200;7074.5;1665.5;5409.0
75300;7096.0;1687.0;5409.0
75400;7031.5;1622.5;5409.0
75500;7136.0;1687.0;5449.0
75600;7136.0;1687.0;5449.0
75700;7296.0;1687.0;5609.0
75800;7176.0;1687.0;5489.0
75900;7176.0;1687.0;5489.0
76000;7296.0;1687.0;5609.0
76100;7360.5;1751.5;5609.0
76200;6991.5;1622.5;5369.0
76300;7218.0;1729.0;5489.0
76400;7144.5;1655.5;5489.0
76500;7319.5;1870.5;5449.0
76600;7378.0;1809.0;5569.0
76700;7738.0;1809.0;5929.0
76800;7316.5;1747.5;5569.0
76900;7498.0;1809.0;5689.0
77000;7419.0;1850.0;5569.0
77100;7275.5;1706.5;5569.0
77200;7378.0;1809.0;5569.0
77300;7460.0;1891.0;5569.0
77400;7498.0;1809.0;5689.0
77500;7377.0;1768.0;5609.0
77600;7377.0;1768.0;5609.0
77700;7417.0;1768.0;5649.0
77800;7092.0;1563.0;5529.0
77900;7417.0;1768.0;5649.0
78000;7417.0;1768.0;5649.0
78100;7578.0;1809.0;5769.0
78200;7537.0;1768.0;5769.0
78300;7458.0;1809.0;5649.0
78400;7296.0;1727.0;5569.0
78500;7375.0;1686.0;5689.0
78600;7456.0;1727.0;5729.0
78700;7456.0;1727.0;5729.0
78800;7456.0;1727.0;5729.0
78900;7456.0;1727.0;5729.0
79000;7599.5;1870.5;5729.0
79100;7497.0;1768.0;5729.0
79200;7456.0;1727.0;5729.0
79300;7497.0;1768.0;5729.0
79400;7456.0;1727.0;5729.0
79500;7496.0;1727.0;5769.0
79600;7638.5;1829.5;5809.0
79700;7577.0;1768.0;5809.0
79800;7697.0;1768.0;5929.0
79900;7577.0;1768.0;5809.0
80000;7577.0;1768.0;5809.0
80100;7635.5;1706.5;5929.0
80200;7577.0;1768.0;5809.0
80300;7668.5;1979.5;5689.0
80400;7622.0;1813.0;5809.0
80500;7797.5;1868.5;5929.0
80600;7665.0;1776.0;5889.0
80700;7502.0;1813.0;5689.0
80800;7502.0;1813.0;5689.0
80900;7739.0;1850.0;5889.0
81000;7702.0;1813.0;5889.0
81100;7702.0;1813.0;5889.0
81200;7702.0;1813.0;5889.0
81300;7739.0;1850.0;5889.0
81400;7822.0;1813.0;6009.0
81500;7668.0;1739.0;5929.0
81600;7708.0;1739.0;5969.0
81700;7643.5;1794.5;5849.0
81800;7745.0;1776.0;5969.0
81900;7745.0;1776.0;5969.0
82000;7551.0;1702.0;5849.0
82100;8031.0;1702.0;6329.0
82200;7708.0;1739.0;5969.0
82300;7809.5;1720.5;6089.0
82400;7745.0;1776.0;5969.0
82500;7785.0;1776.0;6009.0
82600;7705.0;1776.0;5929.0
82700;7825.0;1776.0;6049.0
82800;7769.5;1720.5;6049.0
82900;7788.0;1739.0;6049.0
83000;8148.0;1739.0;6409.0
83100;7788.0;1739.0;6049.0
83200;7825.0;1776.0;6049.0
83300;7769.5;1720.5;6049.0
83400;7871.0;1702.0;6169.0
83500;7865.0;1776.0;6089.0
83600;7896.0;1887.0;6009.0
83700;8039.0;1790.0;6249.0
83800;8021.5;1772.5;6249.0
83900;7901.5;1772.5;6129.0
84000;7954.0;1825.0;6129.0
84100;8314.0;1825.0;6489.0
84200;8109.0;1860.0;6249.0
84300;7954.0;1825.0;6129.0
84400;8556.5;1947.5;6609.0
84500;8469.0;1860.0;6609.0
84600;8069.0;1860.0;6209.0
84700;8069.0;1860.0;6209.0
84800;8464.0;1895.0;6569.0
84900;7984.0;1895.0;6089.0
85000;8104.0;1895.0;6209.0
85100;8101.5;1772.5;6329.0
85200;8034.0;1825.0;6209.0
85300;8034.0;1825.0;6209.0
85400;8189.0;1860.0;6329.0
85500;8518.0;1909.0;6609.0
85600;8219.0;1930.0;6289.0
85700;8219.0;1930.0;6289.0
85800;8339.0;1930.0;6409.0
85900;8254.0;1965.0;6289.0
86000;8254.0;1965.0;6289.0
86100;8298.0;2009.0;6289.0
86200;8298.0;2009.0;6289.0
86300;8254.0;1965.0;6289.0
86400;8298.0;2009.0;6289.0
86500;8338.0;2009.0;6329.0
86600;8414.0;1965.0;6449.0
86700;8290.0;1921.0;6369.0
86800;8224.0;1855.0;6369.0
86900;8290.0;1921.0;6369.0
87000;8290.0;1921.0;6369.0
87100;8378.0;2009.0;6369.0
87200;8334.0;1965.0;6369.0
87300;8290.0;1921.0;6369.0
87400;8454.0;1965.0;6489.0
87500;8374.0;1965.0;6409.0
87600;8492.0;2163.0;6329.0
87700;8534.0;1965.0;6569.0
87800;8499.0;2170.0;6329.0
87900;8305.0;1976.0;6329.0
88000;8633.0;2064.0;6569.0
88100;8513.0;2064.0;6449.0
88200;8349.0;2020.0;6329.0
88300;8603.0;2034.0;6569.0
88400;8298.0;1929.0;6369.0
88500;8401.0;1992.0;6409.0
88600;8601.0;1992.0;6609.0
88700;8704.0;2055.0;6649.0
88800;8620.0;1971.0;6649.0
88900;8641.0;1992.0;6649.0
89000;8296.0;1887.0;6409.0
89100;8605.0;2076.0;6529.0
89200;8485.0;2076.0;6409.0
89300;8416.0;1887.0;6529.0
89400;8683.0;2034.0;6649.0
89500;8603.0;2034.0;6569.0
89600;8706.0;2097.0;6609.0
89700;8643.0;2034.0;6609.0
89800;8763.0;2034.0;6729.0
89900;8643.0;2034.0;6609.0
90000;8685.0;2076.0;6609.0
90100;8607.0;2118.0;6489.0
90200;8593.0;2104.0;6489.0
90300;8713.0;2104.0;6609.0
90400;8865.0;2136.0;6729.0
90500;8785.0;2136.0;6649.0
90600;8705.0;2136.0;6569.0
90700;9010.0;2201.0;6809.0
90800;8863.0;2174.0;6689.0
90900;8935.0;2246.0;6689.0
91000;8899.0;2210.0;6689.0
91100;9127.0;2318.0;6809.0
91200;9055.0;2246.0;6809.0
91300;8935.0;2246.0;6689.0
91400;8983.0;2174.0;6809.0
91500;8859.0;2210.0;6649.0
91600;8961.0;2192.0;6769.0
91700;8543.0;2174.0;6369.0
91800;8943.0;2174.0;6769.0
91900;8943.0;2174.0;6769.0
92000;8943.0;2174.0;6769.0
92100;8979.0;2210.0;6769.0
92200;9099.0;2210.0;6889.0
92300;9117.0;2228.0;6889.0
92400;9135.0;2246.0;6889.0
92500;9135.0;2246.0;6889.0
92600;9415.0;2246.0;7169.0
92700;8975.0;2246.0;6729.0
92800;9059.0;2210.0;6849.0
92900;8939.0;2210.0;6729.0
93000;9221.0;2372.0;6849.0
93100;9095.0;2246.0;6849.0
93200;9067.0;2218.0;6849.0
93300;9011.0;2162.0;6849.0
93400;9067.0;2218.0;6849.0
93500;9079.0;2190.0;6889.0
93600;9199.0;2190.0;7009.0
93700;9119.0;2190.0;6929.0
93800;9147.0;2218.0;6929.0
93900;9147.0;2218.0;6929.0
94000;9147.0;2218.0;6929.0
94100;9119.0;2190.0;6929.0
94200;9119.0;2190.0;6929.0
94300;9267.0;2218.0;7049.0
94400;9119.0;2190.0;6929.0
94500;9075.0;2106.0;6969.0
94600;9209.0;2120.0;7089.0
94700;9171.0;2162.0;7009.0
94800;9143.0;2134.0;7009.0
94900;9115.0;2106.0;7009.0
95000;9263.0;2134.0;7129.0
95100;8715.0;2106.0;6609.0
95200;9157.0;2148.0;7009.0
95300;9115.0;2106.0;7009.0
95400;9035.0;2106.0;6929.0
95500;9155.0;2106.0;7049.0
95600;9167.0;2078.0;7089.0
95700;9167.0;2078.0;7089.0
95800;9343.0;2134.0;7209.0
95900;9283.0;2074.0;7209.0
96000;9188.0;2099.0;7089.0
96100;9188.0;2099.0;7089.0
96200;9188.0;2099.0;7089.0
96300;9370.5;2161.5;7209.0
96400;9200.5;2111.5;7089.0
96500;9228.0;2099.0;7129.0
96600;9268.0;2099.0;7169.0
96700;9280.5;2111.5;7169.0
96800;9255.5;2086.5;7169.0
96900;9315.5;2146.5;7169.0
97000;9338.0;2169.0;7169.0
97100;9338.0;2169.0;7169.0
97200;9338.0;2169.0;7169.0
97300;9293.0;2124.0;7169.0
97400;9008.0;2199.0;6809.0
97500;9313.0;2184.0;7129.0
97600;9455.5;2206.5;7249.0
97700;9313.0;2184.0;7129.0
97800;9418.0;2169.0;7249.0
97900;9433.0;2184.0;7249.0
98000;9433.0;2184.0;7249.0
98100;9538.0;2169.0;7369.0
98200;9418.0;2169.0;7249.0
98300;9418.0;2169.0;7249.0
98400;9433.0;2184.0;7249.0
98500;9393.0;2184.0;7209.0
98600;9490.5;2161.5;7329.0
98700;9392.0;2063.0;7329.0
98800;9525.0;2196.0;7329.0
98900;9553.5;2224.5;7329.0
99000;9544.0;2215.0;7329.0
99100;9449.0;2120.0;7329.0
99200;9525.0;2196.0;7329.0
99300;9496.5;2167.5;7329.0
99400;9525.0;2196.0;7329.0
99500;9546.0;2177.0;7369.0
99600;9466.0;2177.0;7289.0
99700;9586.0;2177.0;7409.0
99800;9466.0;2177.0;7289.0
99900;9586.0;2177.0;7409.0
100000;9586.0;2177.0;7409.0
100100;9380.5;2091.5;7289.0
100200;9687.0;2158.0;7529.0
100300;9466.0;2177.0;7289.0
100400;9548.0;2139.0;7409.0
100500;9607.0;2158.0;7449.0
100600;9628.0;2139.0;7489.0
100700;9767.0;2158.0;7609.0
100800;9666.0;2177.0;7489.0
100900;9757.5;2148.5;7609.0
101000;9675.5;2186.5;7489.0
101100;9647.0;2158.0;7489.0
101200;9546.0;2177.0;7369.0
101300;9647.0;2158.0;7489.0
101400;9675.5;2186.5;7489.0
101500;9687.0;2158.0;7529.0
101600;9727.0;2158.0;7569.0
101700;9727.0;2158.0;7569.0
101800;9727.0;2158.0;7569.0
101900;9847.0;2158.0;7689.0
102000;9885.0;2196.0;7689.0
102100;9727.0;2158.0;7569.0
102200;9651.0;2082.0;7569.0
102300;9727.0;2158.0;7569.0
102400;9795.5;2186.5;7609.0
102500;9786.0;2177.0;7609.0
102600;9753.5;2224.5;7529.0
102700;9854.5;2205.5;7649.0
102800;9864.0;2215.0;7649.0
102900;9845.0;2196.0;7649.0
103000;9845.0;2196.0;7649.0
103100;9826.0;2177.0;7649.0
103200;9854.5;2205.5;7649.0
103300;9769.0;2120.0;7649.0
103400;9807.0;2158.0;7649.0
103500;9866.0;2177.0;7689.0
103600;9906.0;2177.0;7729.0
103700;9786.0;2177.0;7609.0
103800;9906.0;2177.0;7729.0
103900;9925.0;2196.0;7729.0
104000;9925.0;2196.0;7729.0
104100;9972.5;2243.5;7729.0
104200;9944.0;2215.0;7729.0
104300;9824.0;2215.0;7609.0
104400;9845.0;2196.0;7649.0
104500;9965.0;2196.0;7769.0
104600;9986.0;2177.0;7809.0
104700;10005.0;2196.0;7809.0
104800;10005.0;2196.0;7809.0
104900;10005.0;2196.0;7809.0
105000;9885.0;2196.0;7689.0
105100;9885.0;2196.0;7689.0
105200;10005.0;2196.0;7809.0
105300;10024.0;2215.0;7809.0
105400;10024.0;2215.0;7809.0
105500;10035.5;2186.5;7849.0
105600;10094.5;2205.5;7889.0
105700;10104.0;2215.0;7889.0
105800;10104.0;2215.0;7889.0
105900;10156.0;2267.0;7889.0
106000;10135.0;2246.0;7889.0
106100;10156.0;2267.0;7889.0
106200;10255.0;2246.0;8009.0
106300;10121.0;2232.0;7889.0
106400;10128.0;2239.0;7889.0
106500;10175.0;2246.0;7929.0
106600;10295.0;2246.0;8049.0
106700;10321.0;2232.0;8089.0
106800;10215.0;2246.0;7969.0
106900;10095.0;2246.0;7849.0
107000;10187.0;2218.0;7969.0
107100;10081.0;2232.0;7849.0
107200;10102.0;2253.0;7849.0
107300;10222.0;2253.0;7969.0
107400;10239.0;2270.0;7969.0
107500;10376.0;2287.0;8089.0
107600;10319.0;2270.0;8049.0
107700;10336.0;2287.0;8049.0
107800;10336.0;2287.0;8049.0
107900;10439.0;2270.0;8169.0
108000;10310.5;2261.5;8049.0
108100;10456.0;2287.0;8169.0
108200;10319.0;2270.0;8049.0
108300;10302.0;2253.0;8049.0
108400;10310.5;2261.5;8049.0
108500;10359.0;2270.0;8089.0
108600;10479.0;2270.0;8209.0
108700;10519.0;2270.0;8249.0
108800;10879.0;2270.0;8609.0
108900;10904.5;2295.5;8609.0
109000;10887.5;2278.5;8609.0
109100;10519.0;2270.0;8249.0
109200;10296.0;2287.0;8009.0
109300;10416.0;2287.0;8129.0
109400;10776.0;2287.0;8489.0
109500;10502.0;2253.0;8249.0
109600;10502.0;2253.0;8249.0
109700;10411.0;2202.0;8209.0
109800;10453.5;2244.5;8209.0
109900;10462.0;2253.0;8209.0
110000;10445.0;2236.0;8209.0
110100;10462.0;2253.0;8209.0
110200;10582.0;2253.0;8329.0
110300;10487.5;2278.5;8209.0
110400;10399.0;2270.0;8129.0
110500;10519.0;2270.0;8249.0
110600;10559.0;2270.0;8289.0
110700;10559.0;2270.0;8289.0
110800;10447.5;2278.5;8169.0
110900;10542.0;2253.0;8289.0
111000;10533.5;2244.5;8289.0
111100;10559.0;2270.0;8289.0
111200;10559.0;2270.0;8289.0
111300;10919.0;2270.0;8649.0
111400;10559.0;2270.0;8289.0
111500;10633.0;2304.0;8329.0
111600;10674.0;2305.0;8369.0
111700;10674.0;2305.0;8369.0
111800;10674.0;2305.0;8369.0
111900;10696.0;2327.0;8369.0
112000;10718.0;2349.0;8369.0
112100;10718.0;2349.0;8369.0
112200;10718.0;2349.0;8369.0
112300;10696.0;2327.0;8369.0
112400;10736.0;2327.0;8409.0
112500;10670.0;2261.0;8409.0
112600;10776.0;2327.0;8449.0
112700;10710.0;2261.0;8449.0
112800;10896.0;2327.0;8569.0
112900;10776.0;2327.0;8449.0
113000;10798.0;2349.0;8449.0
113100;10798.0;2349.0;8449.0
113200;10754.0;2305.0;8449.0
113300;10754.0;2305.0;8449.0
113400;10754.0;2305.0;8449.0
113500;10874.0;2305.0;8569.0
113600;10834.0;2305.0;8529.0
113700;10834.0;2305.0;8529.0
113800;10834.0;2305.0;8529.0
113900;10954.0;2305.0;8649.0
114000;10834.0;2305.0;8529.0
114100;10954.0;2305.0;8649.0
114200;10867.0;2338.0;8529.0
114300;10801.0;2272.0;8529.0
114400;10801.0;2272.0;8529.0
114500;10874.0;2305.0;8569.0
114600;10972.0;2283.0;8689.0
114700;11033.0;2304.0;8729.0
114800;10913.0;2304.0;8609.0
114900;10793.0;2304.0;8489.0
115000;10793.0;2304.0;8489.0
115100;10890.0;2401.0;8489.0
115200;10906.0;2297.0;8609.0
115300;10930.0;2321.0;8609.0
115400;10906.0;2297.0;8609.0
115500;10930.0;2281.0;8649.0
115600;11018.0;2249.0;8769.0
115700;11082.0;2273.0;8809.0
115800;11002.0;2313.0;8689.0
115900;11002.0;2313.0;8689.0
116000;10986.0;2297.0;8689.0
116100;11026.0;2337.0;8689.0
116200;11134.0;2325.0;8809.0
116300;11086.0;2397.0;8689.0
116400;11074.0;2385.0;8689.0
116500;10890.0;2361.0;8529.0
116600;11058.0;2409.0;8649.0
116700;11070.0;2421.0;8649.0
116800;11154.0;2385.0;8769.0
116900;11154.0;2385.0;8769.0
117000;11154.0;2385.0;8769.0
117100;11154.0;2385.0;8769.0
117200;11190.0;2421.0;8769.0
117300;11178.0;2409.0;8769.0
117400;11154.0;2385.0;8769.0
117500;11146.0;2337.0;8809.0
117600;11362.0;2433.0;8929.0
117700;11290.0;2361.0;8929.0
117800;11210.0;2361.0;8849.0
117900;11234.0;2385.0;8849.0
118000;11234.0;2385.0;8849.0
118100;11234.0;2385.0;8849.0
118200;11234.0;2385.0;8849.0
118300;11234.0;2385.0;8849.0
118400;11234.0;2385.0;8849.0
118500;11354.0;2385.0;8969.0
118600;11230.0;2421.0;8809.0
118700;11326.0;2397.0;8929.0
118800;11314.0;2385.0;8929.0
118900;11314.0;2385.0;8929.0
119000;11434.0;2385.0;9049.0
119100;11404.0;2475.0;8929.0
119200;11284.0;2475.0;8809.0
119300;11327.0;2398.0;8929.0
119400;11327.0;2398.0;8929.0
119500;11308.0;2419.0;8889.0
119600;11428.0;2419.0;9009.0
119700;11428.0;2419.0;9009.0
119800;11449.0;2440.0;9009.0
119900;11449.0;2440.0;9009.0
120000;11328.0;2319.0;9009.0
120100;11424.0;2415.0;9009.0
120200;11448.0;2439.0;9009.0
120300;11400.0;2391.0;9009.0
120400;11424.0;2415.0;9009.0
120500;11488.0;2439.0;9049.0
120600;11440.0;2391.0;9049.0
120700;11480.0;2391.0;9089.0
120800;11480.0;2391.0;9089.0
120900;11504.0;2415.0;9089.0
121000;11468.0;2379.0;9089.0
121100;11408.0;2319.0;9089.0
121200;11480.0;2391.0;9089.0
121300;11504.0;2415.0;9089.0
121400;11468.0;2379.0;9089.0
121500;11440.5;2391.5;9049.0
121600;11469.0;2420.0;9049.0
121700;11589.0;2420.0;9169.0
121800;11469.0;2420.0;9049.0
121900;11589.0;2420.0;9169.0
122000;11659.0;2490.0;9169.0
122100;11641.0;2472.0;9169.0
122200;11659.0;2490.0;9169.0
122300;11694.0;2525.0;9169.0
122400;11614.0;2525.0;9089.0
122500;11654.0;2525.0;9129.0
122600;11729.5;2480.5;9249.0
122700;11814.0;2565.0;9249.0
122800;11788.0;2539.0;9249.0
122900;11401.0;2552.0;8849.0
123000;11788.0;2539.0;9249.0
123100;11801.0;2552.0;9249.0
123200;11801.0;2552.0;9249.0
123300;11788.0;2539.0;9249.0
123400;11775.0;2526.0;9249.0
123500;11815.0;2526.0;9289.0
123600;11855.0;2526.0;9329.0
123700;11855.0;2526.0;9329.0
123800;11855.0;2526.0;9329.0
123900;11735.0;2526.0;9209.0
124000;11900.5;2571.5;9329.0
124100;11780.5;2571.5;9209.0
124200;11855.0;2526.0;9329.0
124300;11855.0;2526.0;9329.0
124400;11929.5;2480.5;9449.0
124500;11909.0;2540.0;9369.0
124600;11949.0;2540.0;9409.0
124700;12061.5;2532.5;9529.0
124800;11949.0;2540.0;9409.0
124900;11964.0;2555.0;9409.0
125000;11789.0;2540.0;9249.0
125100;11829.0;2540.0;9289.0
125200;11949.0;2540.0;9409.0
125300;11949.0;2540.0;9409.0
125400;11934.0;2525.0;9409.0
125500;11974.0;2525.0;9449.0
125600;12014.0;2525.0;9489.0
125700;12134.0;2525.0;9609.0
125800;12014.0;2525.0;9489.0
125900;12014.0;2525.0;9489.0
126000;12051.5;2562.5;9489.0
126100;11991.5;2502.5;9489.0
126200;12014.0;2525.0;9489.0
126300;12014.0;2525.0;9489.0
126400;12056.0;2567.0;9489.0
126500;12165.0;2636.0;9529.0
126600;12258.0;2609.0;9649.0
126700;12191.5;2622.5;9569.0
126800;11969.0;2400.0;9569.0
126900;11969.0;2400.0;9569.0
127000;12161.0;2592.0;9569.0
127100;12161.0;2592.0;9569.0
127200;12193.0;2624.0;9569.0
127300;12225.0;2656.0;9569.0
127400;12225.0;2656.0;9569.0
127500;11952.0;2423.0;9529.0
127600;12261.0;2612.0;9649.0
127700;12261.0;2612.0;9649.0
127800;12355.0;2586.0;9769.0
127900;12275.0;2626.0;9649.0
128000;12315.0;2666.0;9649.0
128100;12235.0;2586.0;9649.0
128200;12295.0;2646.0;9649.0
128300;12215.0;2566.0;9649.0
128400;12275.0;2626.0;9649.0
128500;12355.0;2666.0;9689.0
128600;12395.0;2666.0;9729.0
128700;12355.0;2626.0;9729.0
128800;12435.0;2586.0;9849.0
128900;12355.0;2626.0;9729.0
129000;12355.0;2626.0;9729.0
129100;12475.0;2626.0;9849.0
129200;12455.0;2726.0;9729.0
129300;12275.0;2546.0;9729.0
129400;12315.0;2586.0;9729.0
129500;12455.0;2686.0;9769.0
129600;11935.0;2646.0;9289.0
129700;12435.0;2626.0;9809.0
129800;12395.0;2586.0;9809.0
129900;12614.5;2805.5;9809.0
130000;12413.0;2604.0;9809.0
130100;12413.0;2604.0;9809.0
130200;12444.0;2635.0;9809.0
130300;12058.0;2649.0;9409.0
130400;12392.5;2663.5;9729.0
130500;12549.0;2620.0;9929.0
130600;12480.0;2591.0;9889.0
130700;12538.0;2649.0;9889.0
130800;12538.0;2649.0;9889.0
130900;12538.0;2649.0;9889.0
131000;12538.0;2649.0;9889.0
131100;12509.0;2620.0;9889.0
131200;12418.0;2649.0;9769.0
131300;12567.0;2678.0;9889.0
131400;12552.0;2663.0;9889.0
131500;12619.0;2690.0;9929.0
131600;12659.0;2690.0;9969.0
131700;12659.0;2690.0;9969.0
131800;12659.0;2690.0;9969.0
131900;12659.0;2690.0;9969.0
132000;12699.5;2730.5;9969.0
132100;12659.0;2690.0;9969.0
132200;12659.0;2690.0;9969.0
132300;12659.0;2690.0;9969.0
132400;12629.0;2540.0;10089.0
132500;12757.0;2668.0;10089.0
132600;12749.0;2700.0;10049.0
132700;12749.0;2700.0;10049.0
132800;12901.0;2732.0;10169.0
132900;12613.0;2684.0;9929.0
133000;13077.0;2668.0;10409.0
133100;12717.0;2668.0;10049.0
133200;12749.0;2700.0;10049.0
133300;12597.0;2668.0;9929.0
133400;12749.0;2700.0;10049.0
133500;12789.0;2700.0;10089.0
133600;12829.0;2700.0;10129.0
133700;12741.0;2732.0;10009.0
133800;12949.0;2700.0;10249.0
133900;12669.0;2540.0;10129.0
134000;12861.0;2732.0;10129.0
134100;12965.0;2716.0;10249.0
134200;12845.0;2716.0;10129.0
134300;12861.0;2732.0;10129.0
134400;12781.0;2732.0;10049.0
134500;12949.0;2700.0;10249.0
134600;12973.0;2764.0;10209.0
134700;13005.0;2796.0;10209.0
134800;12941.0;2732.0;10209.0
134900;12973.0;2764.0;10209.0
135000;12973.0;2764.0;10209.0
135100;12941.0;2732.0;10209.0
135200;13061.0;2732.0;10329.0
135300;12957.0;2748.0;10209.0
135400;13061.0;2732.0;10329.0
135500;13341.0;2732.0;10609.0
135600;12925.0;2636.0;10289.0
135700;12973.0;2684.0;10289.0
135800;13021.0;2732.0;10289.0
135900;13021.0;2732.0;10289.0
136000;12973.0;2684.0;10289.0
136100;12973.0;2684.0;10289.0
136200;12901.0;2732.0;10169.0
136300;13037.0;2748.0;10289.0
136400;12989.0;2780.0;10209.0
136500;13157.0;2828.0;10329.0
136600;13101.0;2732.0;10369.0
136700;13069.0;2700.0;10369.0
136800;12949.0;2700.0;10249.0
136900;13069.0;2700.0;10369.0
137000;13157.0;2668.0;10489.0
137100;12917.0;2668.0;10249.0
137200;13037.0;2668.0;10369.0
137300;13069.0;2700.0;10369.0
137400;13221.0;2732.0;10489.0
137500;13141.0;2732.0;10409.0
137600;13309.0;2780.0;10529.0
137700;13357.0;2788.0;10569.0
137800;13150.0;2701.0;10449.0
137900;13222.5;2773.5;10449.0
138000;13059.0;2730.0;10329.0
138100;13328.0;2759.0;10569.0
138200;13299.0;2730.0;10569.0
138300;13255.5;2686.5;10569.0
138400;13179.0;2730.0;10449.0
138500;13270.0;2701.0;10569.0
138600;13259.0;2730.0;10529.0
138700;13259.0;2730.0;10529.0
138800;13273.5;2744.5;10529.0
138900;13288.0;2759.0;10529.0
139000;13182.5;2773.5;10409.0
139100;13302.5;2773.5;10529.0
139200;13288.0;2759.0;10529.0
139300;13317.0;2788.0;10529.0
139400;13278.0;2829.0;10449.0
139500;13339.5;2770.5;10569.0
139600;13459.5;2770.5;10689.0
139700;13438.0;2829.0;10609.0
139800;13597.0;2868.0;10729.0
139900;13477.0;2868.0;10609.0
140000;13636.0;2907.0;10729.0
140100;13516.0;2907.0;10609.0
140200;13555.0;2946.0;10609.0
140300;13516.0;2907.0;10609.0
140400;13655.5;2926.5;10729.0
140500;13497.5;2848.5;10649.0
140600;13617.5;2848.5;10769.0
140700;13635.0;2946.0;10689.0
140800;13654.5;2965.5;10689.0
140900;13716.0;2907.0;10809.0
141000;13596.0;2907.0;10689.0
141100;13599.0;2790.0;10809.0
141200;13596.0;2907.0;10689.0
141300;13596.0;2907.0;10689.0
141400;13475.0;2946.0;10529.0
141500;13675.0;2946.0;10729.0
141600;13795.0;2946.0;10849.0
141700;13874.0;2985.0;10889.0
141800;13754.0;2985.0;10769.0
141900;13715.0;2946.0;10769.0
142000;13849.0;2960.0;10889.0
142100;13849.0;2960.0;10889.0
142200;13891.0;3002.0;10889.0
142300;13771.0;3002.0;10769.0
142400;13691.0;3002.0;10689.0
142500;13731.0;3002.0;10729.0
142600;13851.0;3002.0;10849.0
142700;13851.0;3002.0;10849.0
142800;13851.0;3002.0;10849.0
142900;13851.0;3002.0;10849.0
143000;13780.5;2931.5;10849.0
143100;13851.0;3002.0;10849.0
143200;13898.0;3049.0;10849.0
143300;13804.0;2955.0;10849.0
143400;13898.0;3049.0;10849.0
143500;13938.0;3049.0;10889.0
143600;13978.0;3049.0;10929.0
143700;13623.0;2814.0;10809.0
143800;14027.5;2978.5;11049.0
143900;14051.0;3002.0;11049.0
144000;14025.0;3096.0;10929.0
144100;14145.0;3096.0;11049.0
144200;13858.0;3049.0;10809.0
144300;14098.0;3049.0;11049.0
144400;13978.0;3049.0;10929.0
144500;14018.0;3049.0;10969.0
144600;14138.0;3049.0;11089.0
144700;14138.0;3049.0;11089.0
144800;14058.0;3049.0;11009.0
144900;14058.0;3049.0;11009.0
145000;14058.0;3049.0;11009.0
145100;14058.0;3049.0;11009.0
145200;14060.5;2931.5;11129.0
145300;14105.0;3096.0;11009.0
145400;14025.0;3096.0;10929.0
145500;14098.0;3049.0;11049.0
145600;14098.0;3049.0;11049.0
145700;14138.0;3049.0;11089.0
145800;14091.0;3002.0;11089.0
145900;14211.0;3002.0;11209.0
146000;14138.0;3049.0;11089.0
146100;14065.0;3096.0;10969.0
146200;14138.0;3049.0;11089.0
146300;14114.5;3025.5;11089.0
146400;14185.0;3096.0;11089.0
146500;14225.0;3096.0;11129.0
146600;14225.0;3096.0;11129.0
146700;14260.0;3091.0;11169.0
146800;14380.0;3091.0;11289.0
146900;14219.0;3050.0;11169.0
147000;14362.5;3193.5;11169.0
147100;14198.5;3029.5;11169.0
147200;14260.0;3091.0;11169.0
147300;14198.5;3029.5;11169.0
147400;14260.0;3091.0;11169.0
147500;14380.0;3091.0;11289.0
147600;14220.0;3091.0;11129.0
147700;14220.0;3091.0;11129.0
147800;14340.0;3091.0;11249.0
147900;14422.0;3173.0;11249.0
148000;14422.0;3173.0;11249.0
148100;14442.5;3193.5;11249.0
148200;14442.5;3193.5;11249.0
148300;14483.5;3234.5;11249.0
148400;14501.0;3132.0;11369.0
148500;14523.5;3234.5;11289.0
148600;14523.5;3234.5;11289.0
148700;14380.0;3091.0;11289.0
148800;14420.0;3091.0;11329.0
148900;14300.0;3091.0;11209.0
149000;14420.0;3091.0;11329.0
149100;14194.5;2865.5;11329.0
149200;14478.5;3029.5;11449.0
149300;14498.0;3009.0;11489.0
149400;14378.0;3009.0;11369.0
149500;14603.0;3234.0;11369.0
149600;14611.0;3202.0;11409.0
149700;14531.0;3122.0;11409.0
149800;14547.0;3138.0;11409.0
149900;14563.0;3154.0;11409.0
150000;14563.0;3154.0;11409.0
150100;14683.0;3154.0;11529.0
150200;14731.0;3202.0;11529.0
150300;14611.0;3202.0;11409.0
150400;14595.0;3186.0;11409.0
150500;14491.0;3122.0;11369.0
150600;14731.0;3122.0;11609.0
150700;14515.0;3026.0;11489.0
150800;14611.0;3122.0;11489.0
150900;14611.0;3122.0;11489.0
151000;14643.0;3154.0;11489.0
151100;14763.0;3154.0;11609.0
151200;14523.0;3154.0;11369.0
151300;14643.0;3154.0;11489.0
151400;14667.0;3138.0;11529.0
151500;14715.0;3186.0;11529.0
151600;14787.0;3138.0;11649.0
151700;14755.0;3186.0;11569.0
151800;14787.0;3218.0;11569.0
151900;14787.0;3218.0;11569.0
152000;14755.0;3186.0;11569.0
152100;14755.0;3186.0;11569.0
152200;14843.0;3154.0;11689.0
152300;14723.0;3154.0;11569.0
152400;14723.0;3154.0;11569.0
152500;14763.0;3154.0;11609.0
152600;14883.0;3154.0;11729.0
152700;14923.0;3154.0;11769.0
152800;14803.0;3154.0;11649.0
152900;14803.0;3154.0;11649.0
153000;14803.0;3154.0;11649.0
153100;14803.0;3154.0;11649.0
153200;14870.0;3221.0;11649.0
153300;14870.0;3221.0;11649.0
153400;14953.0;3184.0;11769.0
153500;14953.0;3184.0;11769.0
153600;14950.0;3221.0;11729.0
153700;14830.0;3221.0;11609.0
153800;14913.0;3184.0;11729.0
153900;14756.0;3147.0;11609.0
154000;14913.0;3184.0;11729.0
154100;14950.0;3221.0;11729.0
154200;14968.5;3239.5;11729.0
154300;15310.0;3221.0;12089.0
154400;14833.0;3184.0;11649.0
154500;15045.5;3276.5;11769.0
154600;14970.0;3161.0;11809.0
154700;15009.0;3200.0;11809.0
154800;15129.0;3200.0;11929.0
154900;15168.0;3239.0;11929.0
155000;15187.5;3258.5;11929.0
155100;15369.0;3200.0;12169.0
155200;15009.0;3200.0;11809.0
155300;15439.0;3270.0;12169.0
155400;15079.0;3270.0;11809.0
155500;15254.0;3405.0;11849.0
155600;15225.0;3336.0;11889.0
155700;15761.0;3392.0;12369.0
155800;15274.5;3385.5;11889.0
155900;15327.0;3438.0;11889.0
156000;15327.0;3438.0;11889.0
156100;15327.0;3438.0;11889.0
156200;15207.0;3438.0;11769.0
156300;15327.0;3438.0;11889.0
156400;15447.0;3438.0;12009.0
156500;15447.0;3438.0;12009.0
156600;15518.5;3469.5;12049.0
156700;15407.0;3438.0;11969.0
156800;15506.0;3417.0;12089.0
156900;15344.0;3375.0;11969.0
157000;15266.0;3417.0;11849.0
157100;15329.0;3480.0;11849.0
157200;15428.0;3459.0;11969.0
157300;15428.0;3459.0;11969.0
157400;15407.0;3438.0;11969.0
157500;15447.0;3438.0;12009.0
157600;15487.0;3438.0;12049.0
157700;15367.0;3438.0;11929.0
157800;15398.5;3469.5;11929.0
157900;15544.0;3375.0;12169.0
158000;15607.0;3438.0;12169.0
158100;15487.0;3438.0;12049.0
158200;15522.0;3473.0;12049.0
158300;15522.0;3473.0;12049.0
158400;15455.0;3486.0;11969.0
158500;15575.0;3486.0;12089.0
158600;15536.0;3447.0;12089.0
158700;15576.0;3447.0;12129.0
158800;15602.0;3473.0;12129.0
158900;15576.0;3447.0;12129.0
159000;15576.0;3447.0;12129.0
159100;15417.0;3408.0;12009.0
159200;15576.0;3447.0;12129.0
159300;15482.0;3473.0;12009.0
159400;15430.0;3421.0;12009.0
159500;15590.0;3421.0;12169.0
159600;15617.0;3408.0;12209.0
159700;15656.0;3447.0;12209.0
159800;15565.0;3356.0;12209.0
159900;15776.0;3447.0;12329.0
160000;15656.0;3447.0;12209.0
160100;15656.0;3447.0;12209.0
160200;15737.0;3408.0;12329.0
160300;15630.0;3421.0;12209.0
160400;15630.0;3421.0;12209.0
160500;15830.0;3421.0;12409.0
160600;15817.0;3408.0;12409.0
160700;15710.0;3421.0;12289.0
160800;15749.0;3460.0;12289.0
160900;15762.0;3473.0;12289.0
161000;15736.0;3447.0;12289.0
161100;15762.0;3473.0;12289.0
161200;15736.0;3447.0;12289.0
161300;15723.0;3434.0;12289.0
161400;15736.0;3447.0;12289.0
161500;15696.0;3447.0;12249.0
161600;15696.0;3447.0;12249.0
161700;15696.0;3447.0;12249.0
161800;15842.0;3473.0;12369.0
161900;15696.0;3447.0;12249.0
162000;15816.0;3447.0;12369.0
162100;15764.0;3395.0;12369.0
162200;15910.0;3421.0;12489.0
162300;15855.0;3486.0;12369.0
162400;15751.0;3382.0;12369.0
162500;15830.0;3421.0;12409.0
162600;15830.0;3421.0;12409.0
162700;15883.0;3434.0;12449.0
162800;15870.0;3421.0;12449.0
162900;15909.0;3460.0;12449.0
163000;15990.0;3421.0;12569.0
163100;15990.0;3421.0;12569.0
163200;15857.0;3408.0;12449.0
163300;15896.0;3447.0;12449.0
163400;15870.0;3421.0;12449.0
163500;15910.0;3421.0;12489.0
163600;15924.0;3395.0;12529.0
163700;15924.0;3395.0;12529.0
163800;15843.0;3434.0;12409.0
163900;15885.0;3356.0;12529.0
164000;15924.0;3395.0;12529.0
164100;15924.0;3395.0;12529.0
164200;15485.0;3356.0;12129.0
164300;16057.0;3408.0;12649.0
164400;16018.0;3369.0;12649.0
164500;15858.0;3369.0;12489.0
164600;15978.0;3369.0;12609.0
164700;15978.0;3369.0;12609.0
164800;16124.0;3395.0;12729.0
164900;16124.0;3395.0;12729.0
165000;16124.0;3395.0;12729.0
165100;16098.0;3369.0;12729.0
165200;15858.0;3369.0;12489.0
165300;15872.0;3383.0;12489.0
165400;16023.0;3414.0;12609.0
165500;16219.5;3570.5;12649.0
165600;16138.0;3449.0;12689.0
165700;15938.0;3449.0;12489.0
165800;16151.5;3462.5;12689.0
165900;16018.0;3449.0;12569.0
166000;16138.0;3449.0;12689.0
166100;16339.0;3530.0;12809.0
166200;16138.0;3449.0;12689.0
166300;16018.0;3449.0;12569.0
166400;16045.0;3476.0;12569.0
166500;16164.5;3435.5;12729.0
166600;16191.0;3422.0;12769.0
166700;16245.0;3476.0;12769.0
166800;16245.0;3476.0;12769.0
166900;16245.0;3476.0;12769.0
167000;16245.0;3476.0;12769.0
167100;16245.0;3476.0;12769.0
167200;16204.5;3435.5;12769.0
167300;16245.0;3476.0;12769.0
167400;16165.0;3476.0;12689.0
167500;16258.0;3449.0;12809.0
167600;16298.0;3449.0;12849.0
167700;16298.0;3449.0;12849.0
167800;16271.0;3422.0;12849.0
167900;16325.0;3476.0;12849.0
168000;16298.0;3449.0;12849.0
168100;16244.0;3395.0;12849.0
168200;16271.0;3422.0;12849.0
168300;16271.0;3422.0;12849.0
168400;16271.0;3422.0;12849.0
168500;16284.0;3395.0;12889.0
168600;16285.0;3476.0;12809.0
168700;16405.0;3476.0;12929.0
168800;16430.5;3381.5;13049.0
168900;16270.0;3341.0;12929.0
169000;16471.0;3422.0;13049.0
169100;16324.0;3395.0;12929.0
169200;16378.0;3449.0;12929.0
169300;16351.0;3422.0;12929.0
169400;16435.0;3506.0;12929.0
169500;16399.0;3430.0;12969.0
169600;16458.0;3449.0;13009.0
169700;16559.0;3430.0;13129.0
169800;16467.5;3458.5;13009.0
169900;16039.0;3430.0;12609.0
170000;16549.5;3420.5;13129.0
170100;16300.0;3411.0;12889.0
170200;16338.0;3449.0;12889.0
170300;16338.0;3449.0;12889.0
170400;16458.0;3449.0;13009.0
170500;16858.0;3449.0;13409.0
170600;16538.0;3449.0;13089.0
170700;16538.0;3449.0;13089.0
170800;16519.0;3430.0;13089.0
170900;16490.5;3401.5;13089.0
171000;16519.0;3430.0;13089.0
171100;16538.0;3449.0;13089.0
171200;16519.0;3430.0;13089.0
171300;16519.0;3430.0;13089.0
171400;16519.0;3430.0;13089.0
171500;16538.0;3449.0;13089.0
171600;16618.0;3449.0;13169.0
171700;16637.0;3468.0;13169.0
171800;16618.0;3449.0;13169.0
171900;16877.0;3468.0;13409.0
172000;16469.5;3420.5;13049.0
172100;16618.0;3449.0;13169.0
172200;16589.5;3420.5;13169.0
172300;16618.0;3449.0;13169.0
172400;16618.0;3449.0;13169.0
172500;16677.0;3468.0;13209.0
172600;17037.0;3468.0;13569.0
172700;16782.5;3533.5;13249.0
172800;16745.0;3496.0;13249.0
172900;16865.0;3496.0;13369.0
173000;16745.0;3496.0;13249.0
173100;16708.0;3459.0;13249.0
173200;16766.5;3517.5;13249.0
173300;16627.0;3498.0;13129.0
173400;16747.0;3498.0;13249.0
173500;16780.5;3491.5;13289.0
173600;16827.0;3498.0;13329.0
173700;16827.0;3498.0;13329.0
173800;16827.0;3498.0;13329.0
173900;16720.0;3511.0;13209.0
174000;17174.0;3485.0;13689.0
174100;16853.0;3524.0;13329.0
174200;16960.0;3511.0;13449.0
174300;16840.0;3511.0;13329.0
174400;16840.0;3511.0;13329.0
174500;16840.0;3511.0;13329.0
174600;16933.0;3524.0;13409.0
174700;17040.0;3511.0;13529.0
174800;16965.5;3556.5;13409.0
174900;16920.0;3511.0;13409.0
175000;17280.0;3511.0;13769.0
175100;17040.0;3511.0;13529.0
175200;17027.0;3498.0;13529.0
175300;17040.0;3511.0;13529.0
175400;16933.0;3524.0;13409.0
175500;16973.0;3524.0;13449.0
175600;16880.0;3511.0;13369.0
175700;17000.0;3511.0;13489.0
175800;17000.0;3511.0;13489.0
175900;17000.0;3511.0;13489.0
176000;16880.0;3511.0;13369.0
176100;16974.0;3485.0;13489.0
176200;16987.0;3498.0;13489.0
176300;16867.0;3498.0;13369.0
176400;16935.0;3446.0;13489.0
176500;17107.0;3498.0;13609.0
176600;16947.0;3498.0;13449.0
176700;16947.0;3498.0;13449.0
176800;17067.0;3498.0;13569.0
176900;17067.0;3498.0;13569.0
177000;17067.0;3498.0;13569.0
177100;17187.0;3498.0;13689.0
177200;16947.0;3498.0;13449.0
177300;17080.0;3511.0;13569.0
177400;17054.0;3485.0;13569.0
177500;17014.0;3485.0;13529.0
177600;17214.0;3485.0;13729.0
177700;17201.0;3552.0;13649.0
177800;17224.0;3575.0;13649.0
177900;17224.0;3575.0;13649.0
178000;17247.0;3598.0;13649.0
178100;17224.0;3575.0;13649.0
178200;16692.5;3563.5;13129.0
178300;17247.0;3598.0;13649.0
178400;17224.0;3575.0;13649.0
178500;17201.0;3552.0;13649.0
178600;17258.5;3609.5;13649.0
178700;17230.0;3621.0;13609.0
178800;17327.0;3598.0;13729.0
178900;17327.0;3598.0;13729.0
179000;17350.0;3621.0;13729.0
179100;17710.0;3621.0;14089.0
179200;17710.0;3621.0;14089.0
179300;17190.0;3621.0;13569.0
179400;17350.0;3621.0;13729.0
179500;17310.0;3621.0;13689.0
179600;17510.0;3621.0;13889.0
179700;17430.0;3621.0;13809.0
179800;17430.0;3621.0;13809.0
179900;17550.0;3621.0;13929.0
180000;17430.0;3621.0;13809.0
180100;17310.0;3621.0;13689.0
180200;17464.5;3655.5;13809.0
180300;17430.0;3621.0;13809.0
180400;17550.0;3621.0;13929.0
180500;17470.0;3621.0;13849.0
180600;17390.0;3621.0;13769.0
180700;17475.5;3586.5;13889.0
180800;17510.0;3621.0;13889.0
180900;17630.0;3621.0;14009.0
181000;17441.0;3552.0;13889.0
181100;17510.0;3621.0;13889.0
181200;17533.0;3644.0;13889.0
181300;17630.0;3621.0;14009.0
181400;17533.0;3644.0;13889.0
181500;17596.0;3667.0;13929.0
181600;17624.5;3695.5;13929.0
181700;17532.0;3683.0;13849.0
181800;17532.0;3683.0;13849.0
181900;17614.5;3645.5;13969.0
182000;17652.0;3683.0;13969.0
182100;17532.0;3683.0;13849.0
182200;17652.0;3683.0;13969.0
182300;17589.5;3620.5;13969.0
182400;17467.0;3658.0;13809.0
182500;17667.0;3658.0;14009.0
182600;17707.0;3658.0;14049.0
182700;17837.0;3668.0;14169.0
182800;17717.0;3668.0;14049.0
182900;17702.0;3653.0;14049.0
183000;17747.0;3698.0;14049.0
183100;17747.0;3698.0;14049.0
183200;17792.0;3743.0;14049.0
183300;17747.0;3698.0;14049.0
183400;17777.0;3728.0;14049.0
183500;17777.0;3728.0;14049.0
183600;17857.0;3728.0;14129.0
183700;17812.0;3683.0;14129.0
183800;17857.0;3728.0;14129.0
183900;17827.0;3698.0;14129.0
184000;17887.0;3758.0;14129.0
184100;17977.0;3848.0;14129.0
184200;17782.0;3653.0;14129.0
184300;18007.0;3758.0;14249.0
184400;17977.0;3728.0;14249.0
184500;17897.0;3728.0;14169.0
184600;17847.0;3758.0;14089.0
184700;18070.5;3861.5;14209.0
184800;17983.0;3774.0;14209.0
184900;18033.0;3824.0;14209.0
185000;17865.0;3656.0;14209.0
185100;18020.0;3811.0;14209.0
185200;17973.5;3764.5;14209.0
185300;17973.5;3764.5;14209.0
185400;18051.0;3842.0;14209.0
185500;18389.0;3780.0;14609.0
185600;18091.0;3842.0;14249.0
185700;18100.0;3811.0;14289.0
185800;18100.0;3811.0;14289.0
185900;18170.0;3881.0;14289.0
186000;18252.0;3963.0;14289.0
186100;18290.0;3881.0;14409.0
186200;18290.0;3881.0;14409.0
186300;18290.0;3881.0;14409.0
186400;18249.0;3840.0;14409.0
186500;18210.0;3881.0;14329.0
186600;18209.0;3840.0;14369.0
186700;18209.0;3840.0;14369.0
186800;18237.0;3868.0;14369.0
186900;18192.0;3823.0;14369.0
187000;18169.5;3800.5;14369.0
187100;18282.0;3913.0;14369.0
187200;18492.0;4003.0;14489.0
187300;18237.0;3868.0;14369.0
187400;18247.0;3958.0;14289.0
187500;18322.0;3913.0;14409.0
187600;18352.0;3823.0;14529.0
187700;18397.0;3868.0;14529.0
187800;18362.0;3913.0;14449.0
187900;18437.0;3868.0;14569.0
188000;18339.5;3890.5;14449.0
188100;18272.0;3823.0;14449.0
188200;17872.0;3823.0;14049.0
188300;18392.0;3823.0;14569.0
188400;18414.5;3845.5;14569.0
188500;18392.0;3823.0;14569.0
188600;18307.0;3778.0;14529.0
188700;18307.0;3778.0;14529.0
188800;18307.0;3778.0;14529.0
188900;18382.0;3733.0;14649.0
189000;18382.0;3733.0;14649.0
189100;18277.0;3868.0;14409.0
189200;18397.0;3868.0;14529.0
189300;18232.0;3823.0;14409.0
189400;18307.0;3778.0;14529.0
189500;18482.0;3913.0;14569.0
189600;18477.0;3868.0;14609.0
189700;17852.0;3643.0;14209.0
189800;18009.5;3800.5;14209.0
189900;18249.5;3800.5;14449.0
190000;18477.0;3868.0;14609.0
190100;18522.0;3913.0;14609.0
190200;18522.0;3913.0;14609.0
190300;18477.0;3868.0;14609.0
190400;18498.0;3889.0;14609.0
190500;18538.0;3889.0;14649.0
190600;18620.0;3931.0;14689.0
190700;18557.0;3868.0;14689.0
190800;18599.0;3910.0;14689.0
190900;18620.0;3931.0;14689.0
191000;18620.0;3931.0;14689.0
191100;18557.0;3868.0;14689.0
191200;18557.0;3868.0;14689.0
191300;18620.0;3931.0;14689.0
191400;18540.0;3931.0;14609.0
191500;18702.0;3973.0;14729.0
191600;18700.0;3931.0;14769.0
191700;18700.0;3931.0;14769.0
191800;18658.0;3889.0;14769.0
191900;18658.0;3889.0;14769.0
192000;18763.0;3994.0;14769.0
192100;18559.0;3910.0;14649.0
192200;18784.0;4015.0;14769.0
192300;18511.0;3742.0;14769.0
192400;18700.0;3931.0;14769.0
192500;18782.0;3973.0;14809.0
192600;18958.0;4029.0;14929.0
192700;18878.0;4029.0;14849.0
192800;18878.0;4029.0;14849.0
192900;19098.0;4129.0;14969.0
193000;19018.0;4169.0;14849.0
193100;18978.0;4129.0;14849.0
193200;19058.0;4089.0;14969.0
193300;19140.5;4291.5;14849.0
193400;18983.0;4134.0;14849.0
193500;18988.0;4099.0;14889.0
193600;18975.5;4046.5;14929.0
193700;18855.5;4046.5;14809.0
193800;19063.0;4134.0;14929.0
193900;19165.5;4116.5;15049.0
194000;19183.0;4134.0;15049.0
194100;19063.0;4134.0;14929.0
194200;19063.0;4134.0;14929.0
194300;18923.0;3994.0;14929.0
194400;19098.0;4169.0;14929.0
194500;19098.0;4169.0;14929.0
194600;19178.0;4169.0;15009.0
194700;19195.5;4186.5;15009.0
194800;19143.0;4134.0;15009.0
194900;18760.5;4151.5;14609.0
195000;19108.0;4099.0;15009.0
195100;19108.0;4099.0;15009.0
195200;19193.0;4064.0;15129.0
195300;19108.0;4099.0;15009.0
195400;19108.0;4099.0;15009.0
195500;19068.0;4099.0;14969.0
195600;19188.0;4099.0;15089.0
195700;19188.0;4099.0;15089.0
195800;19103.0;4134.0;14969.0
195900;18905.5;3976.5;14929.0
196000;19153.0;4064.0;15089.0
196100;19188.0;4099.0;15089.0
196200;19135.5;4046.5;15089.0
196300;19188.0;4099.0;15089.0
196400;18985.5;3976.5;15009.0
196500;19228.0;4099.0;15129.0
196600;19183.0;4134.0;15049.0
196700;18868.0;4099.0;14769.0
196800;19390.5;4221.5;15169.0
196900;19268.0;4099.0;15169.0
197000;19268.0;4099.0;15169.0
197100;19268.0;4099.0;15169.0
197200;19148.0;4099.0;15049.0
197300;19331.0;4162.0;15169.0
197400;19185.0;4096.0;15089.0
197500;19371.0;4162.0;15209.0
197600;19345.0;4096.0;15249.0
197700;19291.0;4162.0;15129.0
197800;19291.0;4162.0;15129.0
197900;19531.0;4162.0;15369.0
198000;19291.0;4162.0;15129.0
198100;19411.0;4162.0;15249.0
198200;19291.0;4162.0;15129.0
198300;19411.0;4162.0;15249.0
198400;19411.0;4162.0;15249.0
198500;19371.0;4162.0;15209.0
198600;19183.0;3854.0;15329.0
198700;19567.0;4118.0;15449.0
198800;19447.0;4118.0;15329.0
198900;19381.0;4052.0;15329.0
199000;19381.0;4052.0;15329.0
199100;19491.0;4162.0;15329.0
199200;19611.0;4162.0;15449.0
199300;19523.0;4074.0;15449.0
199400;19447.0;4118.0;15329.0
199500;19487.0;4118.0;15369.0
199600;19363.0;4074.0;15289.0
199700;19363.0;4074.0;15289.0
199800;19363.0;4074.0;15289.0
199900;19483.0;4074.0;15409.0
200000;19603.0;4074.0;15529.0
200100;19525.0;4116.0;15409.0
200200;19375.0;3966.0;15409.0
200300;19745.0;4176.0;15569.0
200400;19689.0;4280.0;15409.0
200500;19671.0;4222.0;15449.0
200600;19685.0;4236.0;15449.0
200700;19781.0;4292.0;15489.0
200800;19781.0;4292.0;15489.0
200900;19901.0;4292.0;15609.0
201000;19661.0;4292.0;15369.0
201100;19877.0;4388.0;15489.0
201200;19901.0;4292.0;15609.0
201300;19901.0;4292.0;15609.0
201400;19773.0;4244.0;15529.0
201500;19773.0;4244.0;15529.0
201600;19773.0;4244.0;15529.0
201700;19841.0;4272.0;15569.0
201800;19815.0;4246.0;15569.0
201900;19737.0;4168.0;15569.0
202000;19841.0;4272.0;15569.0
202100;19909.0;4220.0;15689.0
202200;19841.0;4272.0;15569.0
202300;19789.0;4220.0;15569.0
202400;19673.0;4064.0;15609.0
202500;19673.0;4064.0;15609.0
202600;19829.0;4220.0;15609.0
202700;19869.0;4220.0;15649.0
202800;19989.0;4220.0;15769.0
202900;19963.0;4194.0;15769.0
203000;19989.0;4220.0;15769.0
203100;19645.0;4116.0;15529.0
203200;19765.0;4116.0;15649.0
203300;19817.0;4168.0;15649.0
203400;19857.0;4168.0;15689.0
203500;20165.0;4116.0;16049.0
203600;20029.0;4220.0;15809.0
203700;19855.0;4246.0;15609.0
203800;20017.0;4168.0;15849.0
203900;19725.0;4116.0;15609.0
204000;19897.0;4168.0;15729.0
204100;19777.0;4168.0;15609.0
204200;19897.0;4168.0;15729.0
204300;20177.0;4168.0;16009.0
204400;19989.0;4220.0;15769.0
204500;19859.0;4090.0;15769.0
204600;19885.0;4116.0;15769.0
204700;19977.0;4168.0;15809.0
204800;19857.0;4168.0;15689.0
204900;19925.0;4116.0;15809.0
205000;19977.0;4168.0;15809.0
205100;20029.0;4220.0;15809.0
205200;19977.0;4168.0;15809.0
205300;20159.0;4350.0;15809.0
205400;20069.0;4220.0;15849.0
205500;20069.0;4220.0;15849.0
205600;20123.0;4234.0;15889.0
205700;20177.0;4288.0;15889.0
205800;20057.0;4288.0;15769.0
205900;20231.0;4342.0;15889.0
206000;20429.0;4180.0;16249.0
206100;20069.0;4180.0;15889.0
206200;20177.0;4288.0;15889.0
206300;19880.0;3991.0;15889.0
206400;20163.0;4234.0;15929.0
206500;20217.0;4288.0;15929.0
206600;20266.0;4337.0;15929.0
206700;20596.0;4627.0;15969.0
206800;20400.0;4431.0;15969.0
206900;20316.0;4347.0;15969.0
207000;20372.0;4403.0;15969.0
207100;20448.0;4599.0;15849.0
207200;20196.0;4347.0;15849.0
207300;20196.0;4347.0;15849.0
207400;20244.0;4235.0;16009.0
207500;20300.0;4291.0;16009.0
207600;20276.0;4347.0;15929.0
207700;20312.0;4263.0;16049.0
207800;20340.0;4291.0;16049.0
207900;20368.0;4319.0;16049.0
208000;20220.0;4291.0;15929.0
208100;20460.0;4291.0;16169.0
208200;20340.0;4291.0;16049.0
208300;20192.0;4263.0;15929.0
208400;20436.0;4347.0;16089.0
208500;20352.0;4263.0;16089.0
208600;20520.0;4431.0;16089.0
208700;20560.0;4431.0;16129.0
208800;20476.0;4347.0;16129.0
208900;20722.0;4473.0;16249.0
209000;20371.0;4242.0;16129.0
209100;20602.0;4473.0;16129.0
209200;20536.0;4407.0;16129.0
209300;20503.0;4374.0;16129.0
209400;20308.0;4539.0;15769.0
209500;20642.0;4473.0;16169.0
209600;20642.0;4473.0;16169.0
209700;20451.0;4242.0;16209.0
209800;20682.0;4473.0;16209.0
209900;20616.0;4407.0;16209.0
210000;20617.0;4408.0;16209.0
210100;20602.0;4513.0;16089.0
210200;20722.0;4513.0;16209.0
210300;20722.0;4513.0;16209.0
210400;20677.0;4548.0;16129.0
210500;20832.0;4583.0;16249.0
210600;20902.0;4653.0;16249.0
210700;21097.0;4688.0;16409.0
210800;20942.0;4653.0;16289.0
210900;21082.0;4793.0;16289.0
211000;20857.0;4688.0;16169.0
211100;20857.0;4688.0;16169.0
211200;20872.0;4583.0;16289.0
211300;20802.0;4513.0;16289.0
211400;20427.0;4618.0;15809.0
211500;20772.0;4443.0;16329.0
211600;20892.0;4443.0;16449.0
211700;20812.0;4443.0;16369.0
211800;20882.0;4513.0;16369.0
211900;20882.0;4513.0;16369.0
212000;20882.0;4513.0;16369.0
212100;21172.0;4443.0;16729.0
212200;21242.0;4513.0;16729.0
212300;20777.0;4408.0;16369.0
212400;20922.0;4513.0;16409.0
212500;20887.0;4478.0;16409.0
212600;20992.0;4583.0;16409.0
212700;20624.0;4175.0;16449.0
212800;21004.0;4555.0;16449.0
212900;20484.0;4555.0;15929.0
213000;21124.0;4555.0;16569.0
213100;21004.0;4555.0;16449.0
213200;21004.0;4555.0;16449.0
213300;21200.0;4631.0;16569.0
213400;21200.0;4631.0;16569.0
213500;21044.0;4555.0;16489.0
213600;21164.0;4555.0;16609.0
213700;21084.0;4555.0;16529.0
213800;20964.0;4555.0;16409.0
213900;20856.0;4327.0;16529.0
214000;21084.0;4555.0;16529.0
214100;20850.0;4441.0;16409.0
214200;20964.0;4555.0;16409.0
214300;20964.0;4555.0;16409.0
214400;21048.0;4479.0;16569.0
214500;20972.0;4403.0;16569.0
214600;21088.0;4479.0;16609.0
214700;21012.0;4403.0;16609.0
214800;21012.0;4403.0;16609.0
214900;21208.0;4479.0;16729.0
215000;21088.0;4479.0;16609.0
215100;21088.0;4479.0;16609.0
215200;21012.0;4403.0;16609.0
215300;21012.0;4403.0;16609.0
215400;21052.0;4403.0;16649.0
215500;21052.0;4403.0;16649.0
215600;20938.0;4289.0;16649.0
215700;21206.0;4517.0;16689.0
215800;20972.0;4403.0;16569.0
215900;21092.0;4403.0;16689.0
216000;21206.0;4517.0;16689.0
216100;21288.0;4479.0;16809.0
216200;20972.0;4403.0;16569.0
216300;21054.0;4365.0;16689.0
216400;21212.0;4403.0;16809.0
216500;21056.0;4327.0;16729.0
216600;21208.0;4479.0;16729.0
216700;21208.0;4479.0;16729.0
216800;21172.0;4403.0;16769.0
216900;21685.5;4796.5;16889.0
217000;21255.0;4486.0;16769.0
217100;21151.5;4382.5;16769.0
217200;20993.0;4624.0;16369.0
217300;21082.5;4313.5;16769.0
217400;21467.5;4658.5;16809.0
217500;21364.0;4555.0;16809.0
217600;21364.0;4555.0;16809.0
217700;21433.0;4624.0;16809.0
217800;20677.0;4348.0;16329.0
217900;21077.0;4348.0;16729.0
218000;21576.5;4727.5;16849.0
218100;21473.0;4624.0;16849.0
218200;21473.0;4624.0;16849.0
218300;21059.0;4210.0;16849.0
218400;21444.0;4555.0;16889.0
218500;21364.0;4555.0;16809.0
218600;21364.0;4555.0;16809.0
218700;21604.0;4555.0;17049.0
218800;21484.0;4555.0;16929.0
218900;21484.0;4555.0;16929.0
219000;21484.0;4555.0;16929.0
219100;21484.0;4555.0;16929.0
219200;21484.0;4555.0;16929.0
219300;21415.0;4486.0;16929.0
219400;21593.0;4624.0;16969.0
219500;21444.0;4555.0;16889.0
219600;21420.5;4451.5;16969.0
219700;21460.5;4451.5;17009.0
219800;21564.0;4555.0;17009.0
219900;21580.5;4451.5;17129.0
220000;21404.0;4555.0;16849.0
220100;21495.0;4486.0;17009.0
220200;21564.0;4555.0;17009.0
220300;21633.0;4624.0;17009.0
220400;21753.0;4624.0;17129.0
220500;21535.0;4486.0;17049.0
220600;21204.0;4555.0;16649.0
220700;21644.0;4555.0;17089.0
220800;21644.0;4555.0;17089.0
220900;21609.5;4520.5;17089.0
221000;21833.0;4624.0;17209.0
221100;21833.0;4624.0;17209.0
221200;21593.0;4624.0;16969.0
221300;21713.0;4624.0;17089.0
221400;21753.0;4624.0;17129.0
221500;21553.0;4624.0;16929.0
221600;21597.0;4348.0;17249.0
221700;22000.0;4831.0;17169.0
221800;21758.5;4589.5;17169.0
221900;21793.0;4624.0;17169.0
222000;21793.0;4624.0;17169.0
222100;21742.0;4693.0;17049.0
222200;21742.0;4693.0;17049.0
222300;21811.0;4762.0;17049.0
222400;21867.5;4658.5;17209.0
222500;21856.5;4727.5;17129.0
222600;21822.0;4693.0;17129.0
222700;21615.0;4486.0;17129.0
222800;22062.0;4693.0;17369.0
222900;21942.0;4693.0;17249.0
223000;21873.0;4624.0;17249.0
223100;22114.5;4865.5;17249.0
223200;21942.0;4693.0;17249.0
223300;22011.0;4762.0;17249.0
223400;21982.0;4693.0;17289.0
223500;21982.0;4693.0;17289.0
223600;21878.5;4589.5;17289.0
223700;22142.0;4693.0;17449.0
223800;22142.0;4693.0;17449.0
223900;22352.0;5023.0;17329.0
224000;22032.0;4703.0;17329.0
224100;22096.0;4767.0;17329.0
224200;22096.0;4767.0;17329.0
224300;22064.0;4735.0;17329.0
224400;21768.0;4319.0;17449.0
224500;21992.0;4703.0;17289.0
224600;22072.0;4703.0;17369.0
224700;22232.0;4703.0;17529.0
224800;22147.0;4738.0;17409.0
224900;22147.0;4738.0;17409.0
225000;22147.0;4738.0;17409.0
225100;22206.0;4797.0;17409.0
225200;22117.5;4708.5;17409.0
225300;22326.0;4797.0;17529.0
225400;22246.0;4797.0;17449.0
225500;22187.0;4738.0;17449.0
225600;22246.0;4797.0;17449.0
225700;22286.0;4797.0;17489.0
225800;22166.0;4797.0;17369.0
225900;22286.0;4797.0;17489.0
226000;22433.5;4944.5;17489.0
226100;22286.0;4797.0;17489.0
226200;22328.0;4839.0;17489.0
226300;22328.0;4839.0;17489.0
226400;22400.5;4871.5;17529.0
226500;22303.0;4774.0;17529.0
226600;22303.0;4774.0;17529.0
226700;22473.0;4904.0;17569.0
226800;22408.0;4839.0;17569.0
226900;22408.0;4839.0;17569.0
227000;22408.0;4839.0;17569.0
227100;22060.5;4611.5;17449.0
227200;22353.0;4904.0;17449.0
227300;22343.0;4774.0;17569.0
227400;22383.0;4774.0;17609.0
227500;22383.0;4774.0;17609.0
227600;22408.0;4879.0;17529.0
227700;22388.0;4739.0;17649.0
227800;22458.0;4809.0;17649.0
227900;22318.0;4669.0;17649.0
228000;22303.0;4774.0;17529.0
228100;22228.0;4699.0;17529.0
228200;22423.0;4774.0;17649.0
228300;22702.0;5053.0;17649.0
228400;22402.0;4713.0;17689.0
228500;22322.0;4713.0;17609.0
228600;22322.0;4713.0;17609.0
228700;22322.0;4713.0;17609.0
228800;22254.0;4645.0;17609.0
228900;22254.0;4645.0;17609.0
229000;22374.0;4645.0;17729.0
229100;22322.0;4713.0;17609.0
229200;22180.0;4451.0;17729.0
229300;22357.0;4748.0;17609.0
229400;22030.0;4781.0;17249.0
229500;22781.0;5012.0;17769.0
229600;22705.0;4816.0;17889.0
229700;22684.0;4755.0;17929.0
229800;22564.0;4755.0;17809.0
229900;22383.0;4694.0;17689.0
230000;22625.0;4816.0;17809.0
230100;22564.0;4755.0;17809.0
230200;22564.0;4755.0;17809.0
230300;22472.5;4663.5;17809.0
230400;22543.0;4694.0;17849.0
230500;22573.5;4724.5;17849.0
230600;22543.0;4694.0;17849.0
230700;22463.0;4694.0;17769.0
230800;22644.0;4755.0;17889.0
230900;22583.0;4694.0;17889.0
231000;22583.0;4694.0;17889.0
231100;22583.0;4694.0;17889.0
231200;22583.0;4694.0;17889.0
231300;22463.0;4694.0;17769.0
231400;22794.5;4785.5;18009.0
231500;22745.0;4816.0;17929.0
231600;22223.0;4694.0;17529.0
231700;22663.0;4694.0;17969.0
231800;22663.0;4694.0;17969.0
231900;22663.0;4694.0;17969.0
232000;23053.5;4724.5;18329.0
232100;22663.0;4694.0;17969.0
232200;22602.0;4633.0;17969.0
232300;22724.0;4755.0;17969.0
232400;22611.5;4602.5;18009.0
232500;22642.0;4633.0;18009.0
232600;22794.5;4785.5;18009.0
232700;22743.0;4694.0;18049.0
232800;22714.5;4785.5;17929.0
232900;22895.5;4846.5;18049.0
233000;22863.0;4694.0;18169.0
233100;22743.0;4694.0;18049.0
233200;22743.0;4694.0;18049.0
233300;22623.0;4694.0;17929.0
233400;22783.0;4694.0;18089.0
233500;22569.5;4480.5;18089.0
233600;22783.0;4694.0;18089.0
233700;23110.0;4981.0;18129.0
233800;22807.5;4678.5;18129.0
233900;22770.0;4761.0;18009.0
234000;22890.0;4761.0;18129.0
234100;22890.0;4761.0;18129.0
234200;23010.0;4761.0;18249.0
234300;23010.0;4761.0;18249.0
234400;22930.0;4761.0;18169.0
234500;22930.0;4761.0;18169.0
234600;22930.0;4761.0;18169.0
234700;22887.5;4678.5;18209.0
234800;23090.0;4761.0;18329.0
234900;23090.0;4761.0;18329.0
235000;23090.0;4761.0;18329.0
235100;23025.0;4816.0;18209.0
235200;22970.0;4761.0;18209.0
235300;23052.5;4843.5;18209.0
235400;23010.0;4761.0;18249.0
235500;22765.0;4596.0;18169.0
235600;23194.0;4825.0;18369.0
235700;23177.0;4888.0;18289.0
235800;23177.0;4888.0;18289.0
235900;23114.0;4825.0;18289.0
236000;23177.0;4888.0;18289.0
236100;23063.5;4894.5;18169.0
236200;23030.0;4861.0;18169.0
236300;23270.0;4861.0;18409.0
236400;23290.5;4961.5;18329.0
236500;23204.0;4875.0;18329.0
236600;23345.5;5016.5;18329.0
236700;23505.5;5016.5;18489.0
236800;23505.5;5016.5;18489.0
236900;22791.0;4542.0;18249.0
237000;23705.0;5336.0;18369.0
237100;23559.0;5190.0;18369.0
237200;23452.5;5083.5;18369.0
237300;23572.5;5083.5;18489.0
237400;23563.5;5154.5;18409.0
237500;23448.0;5119.0;18329.0
237600;23457.0;5048.0;18409.0
237700;23857.0;5048.0;18809.0
237800;23497.0;5048.0;18449.0
237900;23497.0;5048.0;18449.0
238000;23390.5;4941.5;18449.0
238100;23745.5;5296.5;18449.0
238200;23306.0;4977.0;18329.0
238300;23497.0;5048.0;18449.0
238400;23537.0;5048.0;18489.0
238500;23572.5;5083.5;18489.0
238600;23537.0;5048.0;18489.0
238700;23683.5;5154.5;18529.0
238800;23421.5;5012.5;18409.0
238900;23648.0;5119.0;18529.0
239000;23648.0;5119.0;18529.0
239100;23648.0;5119.0;18529.0
239200;23790.0;5261.0;18529.0
239300;23577.0;5048.0;18529.0
239400;23697.0;5048.0;18649.0
239500;23617.0;5048.0;18569.0
239600;23643.5;5154.5;18489.0
239700;23763.5;5154.5;18609.0
239800;23537.0;5048.0;18489.0
239900;23444.0;4835.0;18609.0
240000;23657.0;5048.0;18609.0
240100;23550.5;4941.5;18609.0
240200;23586.0;4977.0;18609.0
240300;23586.0;4977.0;18609.0
240400;23519.5;4870.5;18649.0
240500;23626.0;4977.0;18649.0
240600;23626.0;4977.0;18649.0
240700;23626.0;4977.0;18649.0
240800;23559.5;4870.5;18689.0
240900;23999.0;5190.0;18809.0
241000;23595.0;4906.0;18689.0
241100;23666.0;4977.0;18689.0
241200;23630.5;4941.5;18689.0
241300;23750.5;4941.5;18809.0
241400;23635.0;4906.0;18729.0
241500;23741.5;5012.5;18729.0
241600;23706.0;4977.0;18729.0
241700;23873.0;5104.0;18769.0
241800;23678.0;4909.0;18769.0
241900;23717.0;4948.0;18769.0
242000;23597.0;4948.0;18649.0
242100;24077.0;4948.0;19129.0
242200;23639.0;4870.0;18769.0
242300;23837.0;4948.0;18889.0
242400;23717.0;4948.0;18769.0
242500;23798.0;4909.0;18889.0
242600;23993.0;5104.0;18889.0
242700;23794.0;5065.0;18729.0
242800;23952.0;4983.0;18969.0
242900;23832.0;4983.0;18849.0
243000;23905.0;5056.0;18849.0
243100;23952.0;4983.0;18969.0
243200;23947.0;5098.0;18849.0
243300;23760.0;5031.0;18729.0
243400;23833.5;5064.5;18769.0
243500;23920.0;5031.0;18889.0
243600;24127.5;5198.5;18929.0
243700;24128.0;5079.0;19049.0
243800;24008.0;5079.0;18929.0
243900;24189.0;5140.0;19049.0
244000;24069.0;5140.0;18929.0
244100;24069.0;5140.0;18929.0
244200;23705.0;4896.0;18809.0
244300;24010.0;5201.0;18809.0
244400;24231.0;5262.0;18969.0
244500;24078.5;5109.5;18969.0
244600;24433.0;5424.0;19009.0
244700;24325.0;5316.0;19009.0
244800;24217.0;5208.0;19009.0
244900;24523.0;5154.0;19369.0
245000;24283.0;5154.0;19129.0
245100;24283.0;5154.0;19129.0
245200;24163.0;5154.0;19009.0
245300;24001.0;4992.0;19009.0
245400;24203.0;5154.0;19049.0
245500;24149.0;5100.0;19049.0
245600;24069.0;5100.0;18969.0
245700;24015.0;5046.0;18969.0
245800;24069.0;5100.0;18969.0
245900;24189.0;5100.0;19089.0
246000;24069.0;5100.0;18969.0
246100;24054.0;4965.0;19089.0
246200;24306.0;5217.0;19089.0
246300;24123.0;5154.0;18969.0
246400;24283.0;5154.0;19129.0
246500;24266.0;5217.0;19049.0
246600;24346.0;5217.0;19129.0
246700;24386.0;5217.0;19169.0
246800;24569.0;5280.0;19289.0
246900;24449.0;5280.0;19169.0
247000;24291.5;5122.5;19169.0
247100;24386.0;5217.0;19169.0
247200;24386.0;5217.0;19169.0
247300;24323.0;5154.0;19169.0
247400;24331.5;5122.5;19209.0
247500;24583.5;5374.5;19209.0
247600;24600.0;5391.0;19209.0
247700;24295.0;5046.0;19249.0
247800;24622.0;5253.0;19369.0
247900;24433.0;5184.0;19249.0
248000;24571.0;5322.0;19249.0
248100;24433.0;5184.0;19249.0
248200;24502.0;5253.0;19249.0
248300;24622.0;5253.0;19369.0
248400;24622.0;5253.0;19369.0
248500;24473.0;5184.0;19289.0
248600;24404.0;5115.0;19289.0
248700;24513.0;5184.0;19329.0
248800;24444.0;5115.0;19329.0
248900;24444.0;5115.0;19329.0
249000;24393.0;5184.0;19209.0
249100;24513.0;5184.0;19329.0
249200;24444.0;5115.0;19329.0
249300;24513.0;5184.0;19329.0
249400;24553.0;5184.0;19369.0
249500;24553.0;5184.0;19369.0
249600;24604.0;5115.0;19489.0
249700;24662.0;5253.0;19409.0
249800;24782.0;5253.0;19529.0
249900;24696.5;5287.5;19409.0
250000;24816.5;5287.5;19529.0
250100;24696.5;5287.5;19409.0
250200;24816.5;5287.5;19529.0
250300;24593.0;5184.0;19409.0
250400;24633.0;5184.0;19449.0
250500;24449.5;5080.5;19369.0
250600;24633.0;5184.0;19449.0
250700;24535.0;5046.0;19489.0
250800;24500.5;5011.5;19489.0
250900;24604.0;5115.0;19489.0
251000;24724.0;5115.0;19609.0
251100;24724.0;5115.0;19609.0
251200;24604.0;5115.0;19489.0
251300;24604.0;5115.0;19489.0
251400;24724.0;5115.0;19609.0
251500;24506.0;4977.0;19529.0
251600;24644.0;5115.0;19529.0
251700;24712.0;5143.0;19569.0
251800;24712.0;5143.0;19569.0
251900;24592.0;5143.0;19449.0
252000;24712.0;5143.0;19569.0
252100;24785.0;5216.0;19569.0
252200;24712.0;5143.0;19569.0
252300;24747.0;5178.0;19569.0
252400;24847.5;5278.5;19569.0
252500;24807.5;5278.5;19529.0
252600;24857.0;5248.0;19609.0
252700;24777.0;5248.0;19529.0
252800;24897.0;5248.0;19649.0
252900;25017.0;5248.0;19769.0
253000;24958.0;5309.0;19649.0
253100;24897.0;5248.0;19649.0
253200;24716.0;5187.0;19529.0
253300;24838.0;5309.0;19529.0
253400;24998.0;5309.0;19689.0
253500;24765.5;5156.5;19609.0
253600;24937.0;5248.0;19689.0
253700;24845.5;5156.5;19689.0
253800;24845.5;5156.5;19689.0
253900;25038.0;5309.0;19729.0
254000;24977.0;5248.0;19729.0
254100;24977.0;5248.0;19729.0
254200;25038.0;5309.0;19729.0
254300;25038.0;5309.0;19729.0
254400;24977.0;5248.0;19729.0
254500;25150.5;5461.5;19689.0
254600;25259.0;5370.0;19889.0
254700;25332.0;5523.0;19809.0
254800;25452.0;5523.0;19929.0
254900;25059.0;5370.0;19689.0
255000;25128.0;5319.0;19809.0
255100;25077.0;5268.0;19809.0
255200;25077.0;5268.0;19809.0
255300;25128.0;5319.0;19809.0
255400;25168.0;5319.0;19849.0
255500;25164.5;5395.5;19769.0
255600;25316.0;5547.0;19769.0
255700;25226.0;5337.0;19889.0
255800;25304.0;5295.0;20009.0
255900;25184.0;5295.0;19889.0
256000;25148.0;5379.0;19769.0
256100;25226.0;5337.0;19889.0
256200;25226.0;5337.0;19889.0
256300;25205.0;5316.0;19889.0
256400;25346.0;5337.0;20009.0
256500;25266.0;5337.0;19929.0
256600;25428.0;5379.0;20049.0
256700;25285.0;5316.0;19969.0
256800;25228.0;5379.0;19849.0
256900;25228.0;5379.0;19849.0
257000;25291.0;5442.0;19849.0
257100;25306.0;5337.0;19969.0
257200;25306.0;5337.0;19969.0
257300;25495.0;5526.0;19969.0
257400;25430.0;5421.0;20009.0
257500;25430.0;5421.0;20009.0
257600;25392.0;5463.0;19929.0
257700;25512.0;5463.0;20049.0
257800;25392.0;5463.0;19929.0
257900;25575.0;5526.0;20049.0
258000;25575.0;5526.0;20049.0
258100;25575.0;5526.0;20049.0
258200;25596.0;5547.0;20049.0
258300;25737.0;5568.0;20169.0
258400;25623.0;5534.0;20089.0
258500;25652.0;5563.0;20089.0
258600;25724.5;5635.5;20089.0
258700;25572.0;5563.0;20009.0
258800;25721.0;5592.0;20129.0
258900;25601.0;5592.0;20009.0
259000;25750.0;5621.0;20129.0
259100;25764.5;5635.5;20129.0
259200;25750.0;5621.0;20129.0
259300;25750.0;5621.0;20129.0
259400;25763.0;5714.0;20049.0
259500;25483.0;5714.0;19769.0
259600;25984.5;5695.5;20289.0
259700;25969.0;5640.0;20329.0
259800;25849.0;5640.0;20209.0
259900;25812.0;5603.0;20209.0
260000;25886.0;5677.0;20209.0
260100;25793.5;5584.5;20209.0
260200;25775.0;5566.0;20209.0
260300;25729.0;5640.0;20089.0
260400;25852.0;5603.0;20249.0
260500;25791.0;5622.0;20169.0
260600;25915.0;5666.0;20249.0
260700;25983.0;5694.0;20289.0
260800;25983.0;5694.0;20289.0
260900;25955.0;5666.0;20289.0
261000;25891.0;5722.0;20169.0
261100;25863.0;5694.0;20169.0
261200;25955.0;5666.0;20289.0
261300;25969.0;5680.0;20289.0
261400;26089.0;5680.0;20409.0
261500;25979.0;5650.0;20329.0
261600;25869.0;5620.0;20249.0
261700;25869.0;5620.0;20249.0
261800;26049.0;5680.0;20369.0
261900;26079.0;5590.0;20489.0
262000;26205.0;5716.0;20489.0
262100;25964.0;5595.0;20369.0
262200;25997.0;5628.0;20369.0
262300;25997.0;5628.0;20369.0
262400;26037.0;5628.0;20409.0
262500;26015.0;5606.0;20409.0
262600;26059.0;5650.0;20409.0
262700;26099.0;5650.0;20449.0
262800;26088.0;5639.0;20449.0
262900;26099.0;5650.0;20449.0
263000;26077.0;5628.0;20449.0
263100;26066.0;5617.0;20449.0
263200;26219.0;5650.0;20569.0
263300;26259.0;5650.0;20609.0
263400;26139.0;5650.0;20489.0
263500;26139.0;5650.0;20489.0
263600;26194.0;5705.0;20489.0
263700;26354.0;5705.0;20649.0
263800;26037.0;5628.0;20409.0
263900;25757.0;5628.0;20129.0
264000;26157.0;5628.0;20529.0
264100;26037.0;5628.0;20409.0
264200;26157.0;5628.0;20529.0
264300;26135.0;5606.0;20529.0
264400;26113.0;5584.0;20529.0
264500;26139.0;5650.0;20489.0
264600;26219.0;5650.0;20569.0
264700;26248.0;5639.0;20609.0
264800;26226.0;5617.0;20609.0
264900;26127.0;5518.0;20609.0
265000;26249.0;5640.0;20609.0
265100;25849.0;5640.0;20209.0
265200;26249.0;5640.0;20609.0
265300;26249.0;5640.0;20609.0
265400;26349.0;5700.0;20649.0
265500;25919.0;5670.0;20249.0
265600;26259.0;5610.0;20649.0
265700;26299.0;5610.0;20689.0
265800;26329.0;5640.0;20689.0
265900;26419.0;5610.0;20809.0
266000;26299.0;5610.0;20689.0
266100;26284.0;5595.0;20689.0
266200;26329.0;5640.0;20689.0
266300;26329.0;5640.0;20689.0
266400;26339.0;5610.0;20729.0
266500;26339.0;5610.0;20729.0
266600;26339.0;5610.0;20729.0
266700;26339.0;5610.0;20729.0
266800;26379.0;5610.0;20769.0
266900;26499.0;5610.0;20889.0
267000;26860.5;5731.5;21129.0
267100;26461.5;5692.5;20769.0
267200;26497.5;5848.5;20649.0
267300;26442.0;5673.0;20769.0
267400;26043.0;5634.0;20409.0
267500;26482.0;5673.0;20809.0
267600;26482.0;5673.0;20809.0
267700;26522.0;5673.0;20849.0
267800;26483.0;5634.0;20849.0
267900;26258.0;5409.0;20849.0
268000;26503.0;5654.0;20849.0
268100;26650.0;5801.0;20849.0
268200;26103.0;5654.0;20449.0
268300;26503.0;5654.0;20849.0
268400;26469.5;5580.5;20889.0
268500;26463.0;5654.0;20809.0
268600;26512.0;5703.0;20809.0
268700;26703.0;5654.0;21049.0
268800;26745.0;5696.0;21049.0
268900;26625.0;5696.0;20929.0
269000;26582.0;5653.0;20929.0
269100;26625.0;5696.0;20929.0
269200;26548.0;5739.0;20809.0
269300;26727.5;5918.5;20809.0
269400;26580.0;5771.0;20809.0
269500;26580.0;5771.0;20809.0
269600;26903.0;5814.0;21089.0
269700;26780.0;5771.0;21009.0
269800;26900.0;5771.0;21129.0
269900;26780.0;5771.0;21009.0
270000;26823.0;5814.0;21009.0
270100;26823.0;5814.0;21009.0
270200;26823.0;5814.0;21009.0
270300;26823.0;5814.0;21009.0
270400;26877.0;5828.0;21049.0
270500;26877.0;5828.0;21049.0
270600;26917.0;5828.0;21089.0
270700;26996.0;5787.0;21209.0
270800;26876.0;5787.0;21089.0
270900;26835.0;5746.0;21089.0
271000;26958.0;5869.0;21089.0
271100;26958.0;5869.0;21089.0
271200;26876.0;5787.0;21089.0
271300;26896.5;5807.5;21089.0
271400;26998.0;5869.0;21129.0
271500;26836.0;5787.0;21049.0
271600;26957.0;5828.0;21129.0
271700;26915.0;5746.0;21169.0
271800;26991.0;5822.0;21169.0
271900;26871.0;5822.0;21049.0
272000;26955.0;5786.0;21169.0
272100;26955.0;5786.0;21169.0
272200;26955.0;5786.0;21169.0
272300;26955.0;5786.0;21169.0
272400;26995.0;5786.0;21209.0
272500;26959.0;5750.0;21209.0
272600;27173.0;5804.0;21369.0
272700;27119.0;5750.0;21369.0
272800;26921.0;5792.0;21129.0
272900;26906.0;5777.0;21129.0
273000;27041.0;5792.0;21249.0
273100;26936.0;5687.0;21249.0
273200;27041.0;5792.0;21249.0
273300;27041.0;5792.0;21249.0
273400;26961.0;5792.0;21169.0
273500;27081.0;5792.0;21289.0
273600;27126.0;5837.0;21289.0
273700;27076.0;5747.0;21329.0
273800;27031.0;5702.0;21329.0
273900;27001.0;5792.0;21209.0
274000;27121.0;5792.0;21329.0
274100;27091.0;5762.0;21329.0
274200;27121.0;5792.0;21329.0
274300;27451.0;5762.0;21689.0
274400;27131.0;5762.0;21369.0
274500;27101.0;5732.0;21369.0
274600;26791.0;5822.0;20969.0
274700;27171.0;5762.0;21409.0
274800;27051.0;5762.0;21289.0
274900;27171.0;5762.0;21409.0
275000;27201.0;5792.0;21409.0
275100;27201.0;5792.0;21409.0
275200;27201.0;5792.0;21409.0
275300;27246.0;5837.0;21409.0
275400;27241.0;5792.0;21449.0
275500;27241.0;5792.0;21449.0
275600;27361.0;5792.0;21569.0
275700;27251.0;5762.0;21489.0
275800;27251.0;5762.0;21489.0
275900;27281.0;5792.0;21489.0
276000;27281.0;5792.0;21489.0
276100;27296.0;5807.0;21489.0
276200;27341.0;5732.0;21609.0
276300;27341.0;5852.0;21489.0
276400;27114.0;5585.0;21529.0
276500;27194.0;5585.0;21609.0
276600;27114.0;5585.0;21529.0
276700;27209.5;5760.5;21449.0
276800;27368.5;5799.5;21569.0
276900;27349.0;5780.0;21569.0
277000;27229.0;5780.0;21449.0
277100;27307.0;5858.0;21449.0
277200;27388.0;5819.0;21569.0
277300;27388.0;5819.0;21569.0
277400;27447.5;5838.5;21609.0
277500;27428.0;5819.0;21609.0
277600;27467.0;5858.0;21609.0
277700;27627.0;5858.0;21769.0
277800;27507.0;5858.0;21649.0
277900;27624.0;5975.0;21649.0
278000;27507.0;5858.0;21649.0
278100;27627.0;5858.0;21769.0
278200;27546.0;5897.0;21649.0
278300;27546.0;5897.0;21649.0
278400;27546.0;5897.0;21649.0
278500;27586.0;5897.0;21689.0
278600;27586.0;5897.0;21689.0
278700;28145.0;5936.0;22209.0
278800;27626.0;5897.0;21729.0
278900;27626.0;5897.0;21729.0
279000;27626.0;5897.0;21729.0
279100;27684.5;5955.5;21729.0
279200;27626.0;5897.0;21729.0
279300;27746.0;5897.0;21849.0
279400;27705.0;5936.0;21769.0
279500;27666.0;5897.0;21769.0
279600;27666.0;5897.0;21769.0
279700;27705.0;5936.0;21769.0
279800;27923.5;5994.5;21929.0
279900;27625.0;5936.0;21689.0
280000;27706.0;5897.0;21809.0
280100;27706.0;5897.0;21809.0
280200;27706.0;5897.0;21809.0
280300;27527.5;5838.5;21689.0
280400;27668.0;5819.0;21849.0
280500;27728.5;5799.5;21929.0
280600;27707.0;5858.0;21849.0
280700;27547.0;5858.0;21689.0
280800;27786.0;5897.0;21889.0
280900;27746.5;5857.5;21889.0
281000;27787.5;5898.5;21889.0
281100;27726.0;5837.0;21889.0
281200;27726.0;5837.0;21889.0
281300;27726.0;5837.0;21889.0
281400;27766.0;5837.0;21929.0
281500;27622.5;5693.5;21929.0
281600;27704.5;5775.5;21929.0
281700;27806.0;5837.0;21969.0
281800;27926.0;5837.0;22089.0
281900;27539.5;5570.5;21969.0
282000;27419.5;5570.5;21849.0
282100;27683.0;5714.0;21969.0
282200;27765.0;5796.0;21969.0
282300;27765.0;5796.0;21969.0
282400;27926.0;5837.0;22089.0
282500;27913.0;5824.0;22089.0
282600;27833.0;5824.0;22009.0
282700;27876.0;5827.0;22049.0
282800;27876.0;5827.0;22049.0
282900;27954.0;5905.0;22049.0
283000;27954.0;5905.0;22049.0
283100;28012.5;5963.5;22049.0
283200;27915.0;5866.0;22049.0
283300;28012.5;5963.5;22049.0
283400;28033.0;5944.0;22089.0
283500;28033.0;5944.0;22089.0
283600;28033.0;5944.0;22089.0
283700;28073.0;5944.0;22129.0
283800;28073.0;5944.0;22129.0
283900;27992.0;5983.0;22009.0
284000;28112.0;5983.0;22129.0
284100;28053.5;5924.5;22129.0
284200;28112.0;5983.0;22129.0
284300;27953.0;5944.0;22009.0
284400;28193.0;5944.0;22249.0
284500;28054.5;5885.5;22169.0
284600;28233.0;5944.0;22289.0
284700;28153.0;5944.0;22209.0
284800;28153.0;5944.0;22209.0
284900;28153.0;5944.0;22209.0
285000;28072.0;5983.0;22089.0
285100;28033.0;5944.0;22089.0
285200;27955.0;5866.0;22089.0
285300;28231.0;6022.0;22209.0
285400;28212.5;5963.5;22249.0
285500;28310.0;6061.0;22249.0
285600;28310.0;6061.0;22249.0
285700;28233.0;5944.0;22289.0
285800;28272.0;5983.0;22289.0
285900;28252.5;5963.5;22289.0
286000;28353.0;5944.0;22409.0
286100;27713.0;5944.0;21769.0
286200;28233.0;5944.0;22289.0
286300;28073.0;5944.0;22129.0
286400;28331.5;6002.5;22329.0
286500;28273.0;5944.0;22329.0
286600;28451.5;6002.5;22449.0
286700;28352.0;5983.0;22369.0
286800;28352.0;5983.0;22369.0
286900;28413.5;5924.5;22489.0
287000;28313.0;5944.0;22369.0
287100;28491.5;6002.5;22489.0
287200;28193.0;5944.0;22249.0
287300;28254.5;5885.5;22369.0
287400;28374.5;5885.5;22489.0
287500;28273.0;5944.0;22329.0
287600;28473.0;5944.0;22529.0
287700;28393.0;5944.0;22449.0
287800;28393.0;5944.0;22449.0
287900;28393.0;5944.0;22449.0
288000;27954.0;5905.0;22049.0
288100;28315.0;5866.0;22449.0
288200;28234.0;5905.0;22329.0
288300;28234.0;5905.0;22329.0
288400;28452.5;5963.5;22489.0
288500;28491.5;6002.5;22489.0
288600;28433.0;5944.0;22489.0
288700;28437.0;5788.0;22649.0
288800;28434.0;5905.0;22529.0
288900;28314.0;5905.0;22409.0
289000;28353.0;5944.0;22409.0
289100;28411.5;6002.5;22409.0
289200;28473.0;5944.0;22529.0
289300;28512.0;5983.0;22529.0
289400;28261.0;5692.0;22569.0
289500;28531.0;5962.0;22569.0
289600;28606.0;5917.0;22689.0
289700;28458.5;5849.5;22609.0
289800;28646.0;5917.0;22729.0
289900;28526.0;5917.0;22609.0
290000;28458.5;5849.5;22609.0
290100;28526.0;5917.0;22609.0
290200;28338.5;5849.5;22489.0
290300;28481.0;5872.0;22609.0
290400;28646.0;5917.0;22729.0
290500;28668.5;5939.5;22729.0
290600;28641.0;5872.0;22769.0
290700;28628.5;5939.5;22689.0
290800;28681.0;5872.0;22809.0
290900;28561.0;5872.0;22689.0
291000;28606.0;5917.0;22689.0
291100;28606.0;5917.0;22689.0
291200;28726.0;5917.0;22809.0
291300;28418.5;5849.5;22569.0
291400;28667.0;5938.0;22729.0
291500;28715.0;5986.0;22729.0
291600;28763.0;5914.0;22849.0
291700;28755.0;5986.0;22769.0
291800;28707.0;5938.0;22769.0
291900;28707.0;5938.0;22769.0
292000;28659.0;6010.0;22649.0
292100;28707.0;5938.0;22769.0
292200;28467.0;5698.0;22769.0
292300;28875.0;5986.0;22889.0
292400;28723.0;5914.0;22809.0
292500;28619.0;5890.0;22729.0
292600;28699.0;5890.0;22809.0
292700;28739.0;5890.0;22849.0
292800;28739.0;5890.0;22849.0
292900;28739.0;5890.0;22849.0
293000;28643.0;5794.0;22849.0
293100;28787.0;5938.0;22849.0
293200;28787.0;5938.0;22849.0
293300;28691.0;5842.0;22849.0
293400;28691.0;5842.0;22849.0
293500;28899.0;6010.0;22889.0
293600;28779.0;5890.0;22889.0
293700;28419.0;5890.0;22529.0
293800;28651.0;5842.0;22809.0
293900;28771.0;5842.0;22929.0
294000;28819.0;5890.0;22929.0
294100;28939.0;5890.0;23049.0
294200;28819.0;5890.0;22929.0
294300;28771.0;5842.0;22929.0
294400;28859.0;5890.0;22969.0
294500;28955.0;5986.0;22969.0
294600;28851.0;5962.0;22889.0
294700;28779.0;5890.0;22889.0
294800;28899.0;6010.0;22889.0
294900;28899.0;5890.0;23009.0
295000;28947.0;5938.0;23009.0
295100;28947.0;5938.0;23009.0
295200;28899.0;6010.0;22889.0
295300;29019.0;6010.0;23009.0
295400;29035.0;5986.0;23049.0
295500;29035.0;5986.0;23049.0
295600;28987.0;5938.0;23049.0
295700;29075.0;5986.0;23089.0
295800;29195.0;5986.0;23209.0
295900;29075.0;5986.0;23089.0
296000;29075.0;5986.0;23089.0
296100;29075.0;5986.0;23089.0
296200;29075.0;5986.0;23089.0
296300;29075.0;5986.0;23089.0
296400;29195.0;5986.0;23209.0
296500;29195.0;5986.0;23209.0
296600;29235.0;5986.0;23249.0
296700;29275.0;5986.0;23289.0
296800;29107.0;5938.0;23169.0
296900;29179.0;5890.0;23289.0
297000;29170.0;6001.0;23169.0
297100;29227.0;6178.0;23049.0
297200;29062.0;6013.0;23049.0
297300;29203.0;6034.0;23169.0
297400;29258.0;6049.0;23209.0
297500;29223.0;6094.0;23129.0
297600;29178.0;6049.0;23129.0
297700;29283.0;6034.0;23249.0
297800;29283.0;6034.0;23249.0
297900;29463.0;6094.0;23369.0
298000;29343.0;6094.0;23249.0
298100;29313.0;6064.0;23249.0
298200;29313.0;6064.0;23249.0
298300;29313.0;6064.0;23249.0
298400;29313.0;6064.0;23249.0
298500;29228.0;6019.0;23209.0
298600;29323.0;6034.0;23289.0
298700;29363.0;6034.0;23329.0
298800;29378.0;6049.0;23329.0
298900;29363.0;6034.0;23329.0
299000;29363.0;6034.0;23329.0
299100;29243.0;6034.0;23209.0
299200;29363.0;6034.0;23329.0
299300;29363.0;6034.0;23329.0
299400;29483.0;6034.0;23449.0
299500;29447.0;6078.0;23369.0
299600;29447.0;6078.0;23369.0
299700;29447.0;6078.0;23369.0
299800;29487.0;6078.0;23409.0
299900;29487.0;6078.0;23409.0
300000;29487.0;6078.0;23409.0
300100;29487.0;6078.0;23409.0
300200;29519.0;6110.0;23409.0
300300;29519.0;6110.0;23409.0
300400;29439.0;6110.0;23329.0
300500;29447.0;5998.0;23449.0
300600;29511.0;6062.0;23449.0
300700;29599.0;6110.0;23489.0
300800;29567.0;6078.0;23489.0
300900;29615.0;6126.0;23489.0
301000;29199.0;6110.0;23089.0
301100;29599.0;6110.0;23489.0
301200;29479.0;6110.0;23369.0
301300;29567.0;6078.0;23489.0
301400;29687.0;6158.0;23529.0
301500;29607.0;6078.0;23529.0
301600;29713.5;6184.5;23529.0
301700;29774.0;6205.0;23569.0
301800;29774.0;6205.0;23569.0
301900;29894.0;6205.0;23689.0
302000;29774.0;6205.0;23569.0
302100;29856.0;6287.0;23569.0
302200;29815.0;6246.0;23569.0
302300;29856.0;6287.0;23569.0
302400;29793.5;6184.5;23609.0
302500;29614.0;6205.0;23409.0
302600;29614.0;6205.0;23409.0
302700;29918.5;6389.5;23529.0
302800;30055.0;6406.0;23649.0
302900;30055.0;6406.0;23649.0
303000;29902.0;6253.0;23649.0
303100;29936.0;6287.0;23649.0
303200;30022.0;6253.0;23769.0
303300;29782.0;6253.0;23529.0
303400;29925.0;6236.0;23689.0
303500;29862.0;6253.0;23609.0
303600;29891.0;6202.0;23689.0
303700;29982.0;6253.0;23729.0
303800;29982.0;6253.0;23729.0
303900;29982.0;6253.0;23729.0
304000;29982.0;6253.0;23729.0
304100;30067.0;6338.0;23729.0
304200;29862.0;6253.0;23609.0
304300;29862.0;6253.0;23609.0
304400;29954.0;6185.0;23769.0
304500;29839.0;6270.0;23569.0
304600;29988.0;6219.0;23769.0
304700;30028.0;6219.0;23809.0
304800;30028.0;6219.0;23809.0
304900;30028.0;6219.0;23809.0
305000;30028.0;6219.0;23809.0
305100;29994.0;6185.0;23809.0
305200;29994.0;6185.0;23809.0
305300;29908.0;6219.0;23689.0
305400;30068.0;6219.0;23849.0
305500;30148.0;6219.0;23929.0
305600;29668.0;6219.0;23449.0
305700;30108.0;6219.0;23889.0
305800;29988.0;6219.0;23769.0
305900;30074.0;6185.0;23889.0
306000;30502.0;6253.0;24249.0
306100;30211.0;6202.0;24009.0
306200;30150.0;6261.0;23889.0
306300;30190.0;6301.0;23889.0
306400;30310.0;6301.0;24009.0
306500;30212.5;6283.5;23929.0
306600;30300.0;6371.0;23929.0
306700;30425.0;6336.0;24089.0
306800;30305.0;6336.0;23969.0
306900;30357.5;6388.5;23969.0
307000;30255.0;6406.0;23849.0
307100;30150.0;6301.0;23849.0
307200;30340.0;6371.0;23969.0
307300;30375.0;6406.0;23969.0
307400;30380.0;6371.0;24009.0
307500;30180.0;6371.0;23809.0
307600;30450.0;6441.0;24009.0
307700;30450.0;6441.0;24009.0
307800;30490.0;6481.0;24009.0
307900;30050.0;6401.0;23649.0
308000;30590.0;6541.0;24049.0
308100;30370.0;6441.0;23929.0
308200;30350.0;6421.0;23929.0
308300;30370.0;6441.0;23929.0
308400;29950.0;6381.0;23569.0
308500;30590.0;6501.0;24089.0
308600;30570.0;6481.0;24089.0
308700;30610.0;6481.0;24129.0
308800;30450.0;6441.0;24009.0
308900;30570.0;6441.0;24129.0
309000;30650.0;6401.0;24249.0
309100;30450.0;6441.0;24009.0
309200;30530.0;6401.0;24129.0
309300;30550.0;6421.0;24129.0
309400;30690.0;6441.0;24249.0
309500;30690.0;6441.0;24249.0
309600;30690.0;6441.0;24249.0
309700;30530.0;6441.0;24089.0
309800;30650.0;6561.0;24089.0
309900;30650.0;6441.0;24209.0
310000;30713.0;6504.0;24209.0
310100;30744.0;6535.0;24209.0
310200;30744.0;6535.0;24209.0
310300;30881.0;6672.0;24209.0
310400;30876.0;6547.0;24329.0
310500;30808.5;6559.5;24249.0
310600;30821.0;6572.0;24249.0
310700;30836.0;6547.0;24289.0
310800;30836.0;6547.0;24289.0
310900;30859.0;6570.0;24289.0
311000;30849.5;6560.5;24289.0
311100;30849.5;6560.5;24289.0
311200;30478.0;6589.0;23889.0
311300;30998.0;6589.0;24409.0
311400;30918.0;6589.0;24329.0
311500;30918.0;6589.0;24329.0
311600;30937.0;6608.0;24329.0
311700;31289.5;6560.5;24729.0
311800;30939.0;6570.0;24369.0
311900;30996.0;6627.0;24369.0
312000;31019.0;6650.0;24369.0
312100;30850.0;6601.0;24249.0
312200;30886.5;6517.5;24369.0
312300;30886.5;6517.5;24369.0
312400;30986.0;6577.0;24409.0
312500;31020.0;6611.0;24409.0
312600;31140.0;6611.0;24529.0
312700;31026.0;6577.0;24449.0
312800;30906.0;6577.0;24329.0
312900;31043.0;6594.0;24449.0
313000;31060.0;6611.0;24449.0
313100;31057.0;6608.0;24449.0
313200;31057.0;6608.0;24449.0
313300;30937.5;6488.5;24449.0
313400;30995.0;6626.0;24369.0
313500;30995.0;6626.0;24369.0
313600;31139.0;6650.0;24489.0
313700;31091.0;6562.0;24529.0
313800;31321.0;6672.0;24649.0
313900;31234.0;6705.0;24529.0
314000;31201.0;6672.0;24529.0
314100;31201.0;6672.0;24529.0
314200;31223.0;6694.0;24529.0
314300;31059.0;6650.0;24409.0
314400;31321.0;6672.0;24649.0
314500;31241.0;6672.0;24569.0
314600;31208.0;6639.0;24569.0
314700;31281.0;6672.0;24609.0
314800;31281.0;6672.0;24609.0
314900;31379.0;6650.0;24729.0
315000;31379.0;6650.0;24729.0
315100;31139.0;6650.0;24489.0
315200;31248.0;6639.0;24609.0
315300;31248.0;6639.0;24609.0
315400;31321.0;6672.0;24649.0
315500;31321.0;6672.0;24649.0
315600;31180.0;6531.0;24649.0
315700;31325.0;6636.0;24689.0
315800;31250.0;6561.0;24689.0
315900;31265.0;6696.0;24569.0
316000;31325.0;6636.0;24689.0
316100;31355.0;6666.0;24689.0
316200;31325.0;6636.0;24689.0
316300;31430.0;6741.0;24689.0
316400;31430.0;6741.0;24689.0
316500;31395.0;6666.0;24729.0
316600;31395.0;6666.0;24729.0
316700;31395.0;6666.0;24729.0
316800;31435.0;6666.0;24769.0
316900;31555.0;6666.0;24889.0
317000;31450.0;6681.0;24769.0
317100;31435.0;6666.0;24769.0
317200;31360.0;6711.0;24649.0
317300;31615.0;6726.0;24889.0
317400;31450.0;6561.0;24889.0
317500;31510.0;6621.0;24889.0
317600;31425.0;6696.0;24729.0
317700;31365.0;6636.0;24729.0
317800;31545.0;6696.0;24849.0
317900;31515.0;6666.0;24849.0
318000;31515.0;6666.0;24849.0
318100;31635.0;6666.0;24969.0
318200;31515.0;6666.0;24849.0
318300;31350.0;6621.0;24729.0
318400;31635.0;6666.0;24969.0
318500;31555.0;6666.0;24889.0
318600;31555.0;6666.0;24889.0
318700;31715.0;6666.0;25049.0
318800;31700.0;6651.0;25049.0
318900;31595.0;6666.0;24929.0
319000;31595.0;6666.0;24929.0
319100;31595.0;6666.0;24929.0
319200;31550.0;6621.0;24929.0
319300;31625.0;6696.0;24929.0
319400;31485.0;6636.0;24849.0
319500;31635.0;6666.0;24969.0
319600;31635.0;6666.0;24969.0
319700;31525.0;6636.0;24889.0
319800;31525.0;6636.0;24889.0
319900;31555.0;6666.0;24889.0
320000;31570.0;6681.0;24889.0
320100;31705.0;6696.0;25009.0
320200;31585.0;6696.0;24889.0
320300;31735.0;6726.0;25009.0
320400;31825.0;6696.0;25129.0
320500;31790.0;6741.0;25049.0
320600;31760.0;6711.0;25049.0
320700;31830.0;6741.0;25089.0
320800;31710.0;6621.0;25089.0
320900;31857.0;6768.0;25089.0
321000;31857.0;6768.0;25089.0
321100;31857.0;6768.0;25089.0
321200;31857.0;6768.0;25089.0
321300;31737.0;6768.0;24969.0
321400;31897.0;6768.0;25129.0
321500;31897.0;6768.0;25129.0
321600;31897.0;6768.0;25129.0
321700;31969.0;6840.0;25129.0
321800;31937.0;6768.0;25169.0
321900;32057.0;6768.0;25289.0
322000;31937.0;6768.0;25169.0
322100;31937.0;6768.0;25169.0
322200;31937.0;6768.0;25169.0
322300;31925.0;6756.0;25169.0
322400;31949.0;6780.0;25169.0
322500;31897.0;6768.0;25129.0
322600;31897.0;6768.0;25129.0
322700;32017.0;6768.0;25249.0
322800;31861.0;6732.0;25129.0
322900;32017.0;6768.0;25249.0
323000;32017.0;6768.0;25249.0
323100;31981.0;6732.0;25249.0
323200;32377.0;6768.0;25609.0
323300;31993.0;6744.0;25249.0
323400;32057.0;6768.0;25289.0
323500;32019.0;6810.0;25209.0
323600;32129.0;6840.0;25289.0
323700;32169.0;6840.0;25329.0
323800;32124.0;6795.0;25329.0
323900;32124.0;6795.0;25329.0
324000;32199.0;6870.0;25329.0
324100;32289.0;6840.0;25449.0
324200;32169.0;6840.0;25329.0
324300;32169.0;6840.0;25329.0
324400;31964.0;6795.0;25169.0
324500;32164.0;6795.0;25369.0
324600;32195.0;6826.0;25369.0
324700;32419.0;6890.0;25529.0
324800;32299.0;6890.0;25409.0
324900;32179.0;6890.0;25289.0
325000;32182.0;6893.0;25289.0
325100;32302.0;6893.0;25409.0
325200;32261.5;6852.5;25409.0
325300;32261.5;6852.5;25409.0
325400;32181.5;6852.5;25329.0
325500;32435.5;6906.5;25529.0
325600;32367.5;6798.5;25569.0
325700;32341.5;6852.5;25489.0
325800;32289.0;6920.0;25369.0
325900;32302.5;6933.5;25369.0
326000;32382.0;6893.0;25489.0
326100;32502.0;6893.0;25609.0
326200;32422.5;6933.5;25489.0
326300;32382.0;6893.0;25489.0
326400;32422.0;6893.0;25529.0
326500;32342.0;6893.0;25449.0
326600;32395.0;6866.0;25529.0
326700;32582.0;6893.0;25689.0
326800;32448.5;6879.5;25569.0
326900;32462.0;6893.0;25569.0
327000;32394.5;6825.5;25569.0
327100;32381.0;6812.0;25569.0
327200;32609.0;6920.0;25689.0
327300;32514.5;6825.5;25689.0
327400;32515.5;6906.5;25609.0
327500;32448.0;6839.0;25609.0
327600;32835.0;6866.0;25969.0
327700;32515.0;6866.0;25649.0
327800;32395.0;6866.0;25529.0
327900;32462.5;6933.5;25529.0
328000;32449.0;6920.0;25529.0
328100;32569.0;6920.0;25649.0
328200;32689.0;6920.0;25769.0
328300;32609.5;6960.5;25649.0
328400;32582.0;6893.0;25689.0
328500;32969.0;6920.0;26049.0
328600;32756.0;6947.0;25809.0
328700;33036.0;6947.0;26089.0
328800;32649.0;6920.0;25729.0
328900;32622.0;6893.0;25729.0
329000;32712.0;6983.0;25729.0
329100;32712.0;6983.0;25729.0
329200;32748.0;7019.0;25729.0
329300;32748.0;7019.0;25729.0
329400;32788.0;7019.0;25769.0
329500;32788.0;7019.0;25769.0
329600;32926.0;7037.0;25889.0
329700;32672.0;6983.0;25689.0
329800;32700.0;7011.0;25689.0
329900;32820.0;7011.0;25809.0
330000;32700.0;7011.0;25689.0
330100;32868.0;7059.0;25809.0
330200;32700.0;7011.0;25689.0
330300;32862.0;7173.0;25689.0
330400;32736.0;7047.0;25689.0
330500;32882.0;7033.0;25849.0
330600;32901.0;7052.0;25849.0
330700;32896.0;7007.0;25889.0
330800;32911.0;7022.0;25889.0
330900;33076.0;7067.0;26009.0
331000;33076.0;7067.0;26009.0
331100;32911.0;7022.0;25889.0
331200;32911.0;7022.0;25889.0
331300;33076.0;7067.0;26009.0
331400;32966.0;7037.0;25929.0
331500;32996.0;7067.0;25929.0
331600;32996.0;7067.0;25929.0
331700;33006.0;7037.0;25969.0
331800;33092.0;7123.0;25969.0
331900;33015.0;7046.0;25969.0
332000;33092.0;7123.0;25969.0
332100;33081.0;7112.0;25969.0
332200;33070.0;7101.0;25969.0
332300;33070.0;7101.0;25969.0
332400;33110.0;7101.0;26009.0
332500;33110.0;7101.0;26009.0
332600;33543.0;7134.0;26409.0
332700;33303.0;7134.0;26169.0
332800;33185.0;7136.0;26049.0
332900;33142.5;7093.5;26049.0
333000;33082.0;7153.0;25929.0
333100;33202.0;7153.0;26049.0
333200;33252.0;7203.0;26049.0
333300;33197.0;7148.0;26049.0
333400;33237.0;7148.0;26089.0
333500;33215.0;7126.0;26089.0
333600;33237.0;7148.0;26089.0
333700;33277.0;7148.0;26129.0
333800;33146.0;7137.0;26009.0
333900;33746.0;7137.0;26609.0
334000;33271.5;7142.5;26129.0
334100;33151.5;7142.5;26009.0
334200;33266.0;7137.0;26129.0
334300;33266.0;7137.0;26129.0
334400;33306.0;7137.0;26169.0
334500;33180.5;7131.5;26049.0
334600;33317.0;7148.0;26169.0
334700;33357.0;7148.0;26209.0
334800;33220.5;7131.5;26089.0
334900;33357.0;7148.0;26209.0
335000;33357.0;7148.0;26209.0
335100;33357.0;7148.0;26209.0
335200;33466.0;7137.0;26329.0
335300;33466.0;7137.0;26329.0
335400;33762.5;7153.5;26609.0
335500;33402.5;7153.5;26249.0
335600;33506.0;7137.0;26369.0
335700;33426.0;7137.0;26289.0
335800;33479.0;7190.0;26289.0
335900;33462.0;7173.0;26289.0
336000;33384.5;7215.5;26169.0
336100;33748.5;7339.5;26409.0
336200;33543.0;7254.0;26289.0
336300;33423.0;7254.0;26169.0
336400;33627.0;7298.0;26329.0
336500;33647.0;7318.0;26329.0
336600;33437.0;7308.0;26129.0
336700;33677.0;7308.0;26369.0
336800;33695.0;7326.0;26369.0
336900;33695.0;7326.0;26369.0
337000;33631.0;7382.0;26249.0
337100;33688.0;7319.0;26369.0
337200;33751.0;7382.0;26369.0
337300;33780.0;7411.0;26369.0
337400;33780.0;7411.0;26369.0
337500;33899.5;7370.5;26529.0
337600;33820.0;7411.0;26409.0
337700;33887.0;7438.0;26449.0
337800;33765.5;7316.5;26449.0
337900;33819.5;7370.5;26449.0
338000;33860.0;7411.0;26449.0
338100;33860.0;7411.0;26449.0
338200;33873.5;7424.5;26449.0
338300;33806.0;7357.0;26449.0
338400;33846.0;7357.0;26489.0
338500;33780.0;7411.0;26369.0
338600;33993.0;7384.0;26609.0
338700;33913.0;7384.0;26529.0
338800;34033.0;7384.0;26649.0
338900;33913.0;7384.0;26529.0
339000;34033.0;7384.0;26649.0
339100;33940.0;7411.0;26529.0
339200;33913.0;7384.0;26529.0
339300;34087.0;7438.0;26649.0
339400;33939.5;7370.5;26569.0
339500;33860.0;7411.0;26449.0
339600;33980.0;7411.0;26569.0
339700;34020.0;7411.0;26609.0
339800;34047.0;7438.0;26609.0
339900;34047.0;7438.0;26609.0
340000;33940.5;7451.5;26489.0
340100;33900.0;7411.0;26489.0
340200;33927.0;7438.0;26489.0
340300;33993.0;7384.0;26609.0
340400;33953.5;7424.5;26529.0
340500;34033.0;7384.0;26649.0
340600;34060.0;7411.0;26649.0
340700;34114.0;7425.0;26689.0
340800;34114.0;7425.0;26689.0
340900;34114.0;7425.0;26689.0
341000;34089.0;7400.0;26689.0
341100;34234.0;7425.0;26809.0
341200;34143.5;7454.5;26689.0
341300;34263.5;7454.5;26809.0
341400;34143.0;7414.0;26729.0
341500;34143.0;7414.0;26729.0
341600;34143.0;7414.0;26729.0
341700;34183.0;7414.0;26769.0
341800;34183.0;7414.0;26769.0
341900;34169.5;7400.5;26769.0
342000;34210.0;7441.0;26769.0
342100;34210.0;7441.0;26769.0
342200;34183.0;7414.0;26769.0
342300;34156.0;7387.0;26769.0
342400;34316.0;7427.0;26889.0
342500;34356.0;7427.0;26929.0
342600;34268.0;7459.0;26809.0
342700;34324.0;7475.0;26849.0
342800;34308.0;7459.0;26849.0
342900;34388.0;7539.0;26849.0
343000;34388.0;7539.0;26849.0
343100;34300.0;7571.0;26729.0
343200;34153.0;7304.0;26849.0
343300;34399.0;7550.0;26849.0
343400;34439.0;7550.0;26889.0
343500;34439.0;7550.0;26889.0
343600;34439.0;7550.0;26889.0
343700;34479.0;7550.0;26929.0
343800;34438.0;7509.0;26929.0
343900;34479.0;7550.0;26929.0
344000;34079.0;7550.0;26529.0
344100;34520.0;7591.0;26929.0
344200;34428.0;7619.0;26809.0
344300;34570.5;7641.5;26929.0
344400;34498.0;7529.0;26969.0
344500;34543.0;7574.0;26969.0
344600;34108.0;7619.0;26489.0
344700;34703.0;7574.0;27129.0
344800;34515.5;7506.5;27009.0
344900;34138.0;7529.0;26609.0
345000;34538.0;7529.0;27009.0
345100;34538.0;7529.0;27009.0
345200;34470.5;7461.5;27009.0
345300;34350.5;7461.5;26889.0
345400;34578.0;7529.0;27049.0
345500;34258.0;7529.0;26729.0
345600;34543.0;7574.0;26969.0
345700;34663.0;7574.0;27089.0
345800;34639.0;7550.0;27089.0
345900;34639.0;7550.0;27089.0
346000;34447.0;7478.0;26969.0
346100;34735.0;7646.0;27089.0
346200;34667.0;7578.0;27089.0
346300;34667.0;7578.0;27089.0
346400;34707.0;7578.0;27129.0
346500;34759.0;7630.0;27129.0
346600;34707.0;7578.0;27129.0
346700;34815.0;7526.0;27289.0
346800;34695.0;7526.0;27169.0
346900;34799.0;7630.0;27169.0
347000;34539.0;7370.0;27169.0
347100;34893.0;7604.0;27289.0
347200;34643.0;7474.0;27169.0
347300;34435.0;7266.0;27169.0
347400;34735.0;7526.0;27209.0
347500;34907.0;7578.0;27329.0
347600;34907.0;7578.0;27329.0
347700;34895.0;7526.0;27369.0
347800;34785.0;7656.0;27129.0
347900;34707.0;7578.0;27129.0
348000;34811.0;7682.0;27129.0
348100;34775.0;7526.0;27249.0
348200;34775.0;7526.0;27249.0
348300;34775.0;7526.0;27249.0
348400;34895.0;7526.0;27369.0
348500;34935.0;7526.0;27409.0
348600;34945.0;7656.0;27289.0
348700;34803.0;7474.0;27329.0
348800;34855.0;7526.0;27329.0
348900;34855.0;7526.0;27329.0
349000;34751.0;7422.0;27329.0
349100;34751.0;7422.0;27329.0
349200;34855.0;7526.0;27329.0
349300;34699.0;7370.0;27329.0
349400;34437.0;7188.0;27249.0
349500;34619.0;7370.0;27249.0
349600;34661.0;7292.0;27369.0
349700;34659.0;7370.0;27289.0
349800;34821.0;7292.0;27529.0
349900;34779.0;7370.0;27409.0
350000;34503.0;7214.0;27289.0
350100;34659.0;7370.0;27289.0
350200;34779.0;7370.0;27409.0
350300;34727.0;7318.0;27409.0
350400;34767.5;7438.5;27329.0
350500;34887.5;7438.5;27449.0
350600;34817.0;7368.0;27449.0
350700;34810.0;7321.0;27489.0
350800;34643.0;7274.0;27369.0
350900;34930.0;7321.0;27609.0
351000;34857.0;7368.0;27489.0
351100;34857.0;7368.0;27489.0
351200;34666.5;7297.5;27369.0
351300;34737.0;7368.0;27369.0
351400;34826.5;7297.5;27529.0
351500;34897.0;7368.0;27529.0
351600;34944.0;7415.0;27529.0
351700;34937.0;7368.0;27569.0
351800;34930.0;7361.0;27569.0
351900;35119.0;7550.0;27569.0
352000;35014.0;7445.0;27569.0
352100;35176.0;7487.0;27689.0
352200;34812.0;7403.0;27409.0
352300;35311.0;7382.0;27929.0
352400;34991.0;7382.0;27609.0
352500;35012.0;7403.0;27609.0
352600;35012.0;7403.0;27609.0
352700;35052.0;7403.0;27649.0
352800;34968.0;7319.0;27649.0
352900;34890.0;7361.0;27529.0
353000;35128.0;7359.0;27769.0
353100;35125.5;7476.5;27649.0
353200;35055.0;7406.0;27649.0
353300;35055.0;7406.0;27649.0
353400;35095.0;7406.0;27689.0
353500;35215.0;7406.0;27809.0
353600;34695.0;7406.0;27289.0
353700;35135.0;7406.0;27729.0
353800;34735.0;7406.0;27329.0
353900;35135.0;7406.0;27729.0
354000;35088.0;7359.0;27729.0
354100;35017.5;7288.5;27729.0
354200;35041.0;7312.0;27729.0
354300;35114.0;7265.0;27849.0
354400;35081.0;7312.0;27769.0
354500;35151.5;7382.5;27769.0
354600;35081.0;7312.0;27769.0
354700;35121.0;7312.0;27809.0
354800;35121.0;7312.0;27809.0
354900;35288.0;7359.0;27929.0
355000;35170.5;7241.5;27929.0
355100;35097.5;7288.5;27809.0
355200;35001.0;7312.0;27689.0
355300;34954.0;7265.0;27689.0
355400;35041.0;7312.0;27729.0
355500;35161.0;7312.0;27849.0
355600;35081.0;7312.0;27769.0
355700;35391.5;7382.5;28009.0
355800;35175.0;7406.0;27769.0
355900;35248.0;7359.0;27889.0
356000;35201.0;7312.0;27889.0
356100;35201.0;7312.0;27889.0
356200;35368.0;7359.0;28009.0
356300;35248.0;7359.0;27889.0
356400;35288.0;7359.0;27929.0
356500;35144.5;7335.5;27809.0
356600;35255.0;7406.0;27849.0
356700;35306.0;7337.0;27969.0
356800;35502.0;7413.0;28089.0
356900;35382.0;7413.0;27969.0
357000;35401.0;7432.0;27969.0
357100;35464.0;7375.0;28089.0
357200;35306.0;7337.0;27969.0
357300;35464.0;7375.0;28089.0
357400;35384.0;7375.0;28009.0
357500;35405.0;7396.0;28009.0
357600;35405.0;7396.0;28009.0
357700;35565.0;7396.0;28169.0
357800;35445.0;7396.0;28049.0
357900;35284.0;7355.0;27929.0
358000;35202.0;7273.0;27929.0
358100;35445.0;7396.0;28049.0
358200;35445.0;7396.0;28049.0
358300;35045.0;7396.0;27649.0
358400;35866.0;7417.0;28449.0
358500;35626.0;7417.0;28209.0
358600;35506.0;7417.0;28089.0
358700;35666.0;7417.0;28249.0
358800;35723.0;7474.0;28249.0
358900;35546.0;7417.0;28129.0
359000;35304.0;7455.0;27849.0
359100;35407.0;7398.0;28009.0
359200;35584.0;7455.0;28129.0
359300;35612.0;7483.0;28129.0
359400;35673.0;7504.0;28169.0
359500;35652.0;7483.0;28169.0
359600;35692.0;7483.0;28209.0
359700;35572.0;7483.0;28089.0
359800;35566.0;7357.0;28209.0
359900;35692.0;7483.0;28209.0
360000;36052.0;7483.0;28569.0
360100;35833.0;7504.0;28329.0
360200;35713.0;7504.0;28209.0
360300;35833.0;7504.0;28329.0
360400;35833.0;7504.0;28329.0
360500;35852.0;7483.0;28369.0
360600;35690.0;7441.0;28249.0
360700;35850.0;7441.0;28409.0
360800;35772.0;7483.0;28289.0
360900;35772.0;7483.0;28289.0
361000;35892.0;7483.0;28409.0
361100;35934.0;7525.0;28409.0
361200;35814.0;7525.0;28289.0
361300;35814.0;7525.0;28289.0
361400;35896.0;7567.0;28329.0
361500;35728.0;7399.0;28329.0
361600;35496.0;7567.0;27929.0
361700;35936.0;7567.0;28369.0
361800;36056.0;7567.0;28489.0
361900;35888.0;7519.0;28369.0
362000;35984.0;7615.0;28369.0
362100;36104.0;7615.0;28489.0
362200;36152.0;7663.0;28489.0
362300;35984.0;7615.0;28369.0
362400;36024.0;7615.0;28409.0
362500;36144.0;7615.0;28529.0
362600;36144.0;7615.0;28529.0
362700;36216.0;7687.0;28529.0
362800;36112.0;7663.0;28449.0
362900;36112.0;7663.0;28449.0
363000;36040.0;7591.0;28449.0
363100;36064.0;7615.0;28449.0
363200;36293.0;7844.0;28449.0
363300;36160.0;7711.0;28449.0
363400;36105.0;7616.0;28489.0
363500;36244.0;7635.0;28609.0
363600;36143.0;7654.0;28489.0
363700;36107.0;7578.0;28529.0
363800;36164.0;7635.0;28529.0
363900;36044.0;7635.0;28409.0
364000;36164.0;7635.0;28529.0
364100;36164.0;7635.0;28529.0
364200;36246.0;7597.0;28649.0
364300;36126.0;7597.0;28529.0
364400;36204.0;7635.0;28569.0
364500;36166.0;7597.0;28569.0
364600;36166.0;7597.0;28569.0
364700;36206.0;7597.0;28609.0
364800;36206.0;7597.0;28609.0
364900;36111.0;7502.0;28609.0
365000;36111.0;7502.0;28609.0
365100;36206.0;7597.0;28609.0
365200;36288.0;7559.0;28729.0
365300;36189.0;7580.0;28609.0
365400;35789.0;7580.0;28209.0
365500;36229.0;7580.0;28649.0
365600;36229.0;7580.0;28649.0
365700;36342.0;7773.0;28569.0
365800;36462.0;7773.0;28689.0
365900;36314.0;7625.0;28689.0
366000;36194.0;7625.0;28569.0
366100;36351.0;7662.0;28689.0
366200;36295.5;7606.5;28689.0
366300;36277.0;7588.0;28689.0
366400;36354.0;7625.0;28729.0
366500;36317.0;7588.0;28729.0
366600;36354.0;7625.0;28729.0
366700;36514.0;7625.0;28889.0
366800;36197.0;7588.0;28609.0
366900;36274.0;7625.0;28649.0
367000;36274.0;7625.0;28649.0
367100;36514.0;7625.0;28889.0
367200;36412.5;7643.5;28769.0
367300;36449.5;7680.5;28769.0
367400;36434.0;7625.0;28809.0
367500;36397.0;7588.0;28809.0
367600;36471.0;7662.0;28809.0
367700;36631.0;7662.0;28969.0
367800;36391.0;7662.0;28729.0
367900;36631.0;7662.0;28969.0
368000;36686.5;7717.5;28969.0
368100;36055.5;7606.5;28449.0
368200;36474.0;7625.0;28849.0
368300;36474.0;7625.0;28849.0
368400;36514.0;7625.0;28889.0
368500;36514.0;7625.0;28889.0
368600;36384.5;7495.5;28889.0
368700;36517.0;7588.0;28929.0
368800;36674.0;7625.0;29049.0
368900;36674.0;7625.0;29049.0
369000;36328.0;7399.0;28929.0
369100;36581.0;7652.0;28929.0
369200;36655.0;7606.0;29049.0
369300;36535.0;7606.0;28929.0
369400;36701.0;7652.0;29049.0
369500;36741.0;7652.0;29089.0
369600;36621.0;7652.0;28969.0
369700;36500.0;7491.0;29009.0
369800;36730.0;7721.0;29009.0
369900;36615.0;7606.0;29009.0
370000;36495.0;7606.0;28889.0
370100;36495.0;7606.0;28889.0
370200;36661.0;7652.0;29009.0
370300;36661.0;7652.0;29009.0
370400;36402.0;7353.0;29049.0
370500;36724.5;7795.5;28929.0
370600;36701.0;7652.0;29049.0
370700;36580.0;7611.0;28969.0
370800;36577.0;7488.0;29089.0
370900;36621.0;7652.0;28969.0
371000;36700.0;7611.0;29089.0
371100;36659.0;7570.0;29089.0
371200;36820.0;7611.0;29209.0
371300;36679.5;7590.5;29089.0
371400;36820.0;7611.0;29209.0
371500;36778.0;7529.0;29249.0
371600;36781.0;7652.0;29129.0
371700;36780.0;7611.0;29169.0
371800;36941.0;7652.0;29289.0
371900;36821.0;7652.0;29169.0
372000;36780.0;7611.0;29169.0
372100;36780.0;7611.0;29169.0
372200;36780.0;7611.0;29169.0
372300;36301.0;7652.0;28649.0
372400;36239.5;7590.5;28649.0
372500;36802.5;7713.5;29089.0
372600;36760.5;7631.5;29129.0
372700;36942.0;7693.0;29249.0
372800;36781.0;7652.0;29129.0
372900;36880.5;7631.5;29249.0
373000;36959.5;7590.5;29369.0
373100;37363.5;7754.5;29609.0
373200;36942.0;7693.0;29249.0
373300;36901.0;7652.0;29249.0
373400;36901.0;7652.0;29249.0
373500;36941.0;7652.0;29289.0
373600;36941.0;7652.0;29289.0
373700;36981.0;7652.0;29329.0
373800;36981.0;7652.0;29329.0
373900;36981.0;7652.0;29329.0
374000;36981.0;7652.0;29329.0
374100;37101.0;7652.0;29449.0
374200;36981.0;7652.0;29329.0
374300;36919.5;7590.5;29329.0
374400;36980.0;7611.0;29369.0
374500;37062.0;7693.0;29369.0
374600;37021.0;7652.0;29369.0
374700;37081.5;7672.5;29409.0
374800;37061.0;7652.0;29409.0
374900;37061.0;7652.0;29409.0
375000;37102.0;7693.0;29409.0
375100;37143.0;7734.0;29409.0
375200;37020.0;7611.0;29409.0
375300;37156.5;7747.5;29409.0
375400;37150.0;7701.0;29449.0
375500;36950.0;7701.0;29249.0
375600;37108.0;7659.0;29449.0
375700;37127.0;7638.0;29489.0
375800;37190.0;7701.0;29489.0
375900;37232.0;7743.0;29489.0
376000;37190.0;7701.0;29489.0
376100;37268.0;7659.0;29609.0
376200;37190.0;7701.0;29489.0
376300;37070.0;7701.0;29369.0
376400;37230.0;7701.0;29529.0
376500;37293.0;7764.0;29529.0
376600;37150.0;7701.0;29449.0
376700;36870.0;7701.0;29169.0
376800;37192.0;7743.0;29449.0
376900;37192.0;7743.0;29449.0
377000;37270.0;7701.0;29569.0
377100;37228.0;7659.0;29569.0
377200;37291.0;7722.0;29569.0
377300;37270.0;7701.0;29569.0
377400;37245.0;7756.0;29489.0
377500;37342.0;7733.0;29609.0
377600;37462.0;7733.0;29729.0
377700;37382.0;7733.0;29649.0
377800;37571.0;7802.0;29769.0
377900;37382.0;7733.0;29649.0
378000;37382.0;7733.0;29649.0
378100;37382.0;7733.0;29649.0
378200;37382.0;7733.0;29649.0
378300;37382.0;7733.0;29649.0
378400;37491.0;7802.0;29689.0
378500;37491.0;7802.0;29689.0
378600;37468.0;7779.0;29689.0
378700;37468.0;7779.0;29689.0
378800;37508.0;7779.0;29729.0
378900;37508.0;7779.0;29729.0
379000;37485.0;7756.0;29729.0
379100;37554.0;7825.0;29729.0
379200;37554.0;7825.0;29729.0
379300;37554.0;7825.0;29729.0
379400;37640.0;7871.0;29769.0
379500;37594.0;7825.0;29769.0
379600;37732.0;7963.0;29769.0
379700;37634.0;7825.0;29809.0
379800;37680.0;7871.0;29809.0
379900;37634.0;7825.0;29809.0
380000;37800.0;7871.0;29929.0
380100;37680.0;7871.0;29809.0
380200;37726.0;7917.0;29809.0
380300;37657.0;7848.0;29809.0
380400;37766.0;7917.0;29849.0
380500;37462.0;7733.0;29729.0
380600;37674.0;7825.0;29849.0
380700;37720.0;7871.0;29849.0
380800;37760.0;7871.0;29889.0
380900;37816.0;7927.0;29889.0
381000;37830.0;7941.0;29889.0
381100;37830.0;7941.0;29889.0
381200;37830.0;7941.0;29889.0
381300;37830.0;7941.0;29889.0
381400;37870.0;7941.0;29929.0
381500;37818.0;7889.0;29929.0
381600;37792.0;7863.0;29929.0
381700;38030.0;7941.0;30089.0
381800;37858.0;7889.0;29969.0
381900;37858.0;7889.0;29969.0
382000;37790.0;7941.0;29849.0
382100;37738.0;7889.0;29849.0
382200;38166.0;7837.0;30329.0
382300;37806.0;7837.0;29969.0
382400;37794.0;7785.0;30009.0
382500;37846.0;7837.0;30009.0
382600;37818.0;7889.0;29929.0
382700;38120.0;8071.0;30049.0
382800;37922.0;7993.0;29929.0
382900;38162.0;7993.0;30169.0
383000;37928.0;7879.0;30049.0
383100;38334.0;7925.0;30409.0
383200;38094.0;7925.0;30169.0
383300;37928.0;7879.0;30049.0
383400;37802.0;7833.0;29969.0
383500;37922.0;7833.0;30089.0
383600;38137.0;8048.0;30089.0
383700;37852.0;7843.0;30009.0
383800;38013.0;7884.0;30129.0
383900;37972.0;7843.0;30129.0
384000;38012.0;7883.0;30129.0
384100;38057.0;7928.0;30129.0
384200;37847.0;7838.0;30009.0
384300;38012.0;7883.0;30129.0
384400;38119.5;7950.5;30169.0
384500;37977.0;7928.0;30049.0
384600;38097.0;7928.0;30169.0
384700;38137.0;7928.0;30209.0
384800;38315.0;8106.0;30209.0
384900;38087.0;7878.0;30209.0
385000;38144.0;7935.0;30209.0
385100;38144.0;7935.0;30209.0
385200;38144.0;7935.0;30209.0
385300;38321.0;7992.0;30329.0
385400;38241.0;7992.0;30249.0
385500;38146.0;7897.0;30249.0
385600;38199.0;8030.0;30169.0
385700;38224.0;7935.0;30289.0
385800;38262.0;7973.0;30289.0
385900;38262.0;7973.0;30289.0
386000;38262.0;7973.0;30289.0
386100;38382.0;7973.0;30409.0
386200;38085.0;7916.0;30169.0
386300;38262.0;7973.0;30289.0
386400;38300.0;8011.0;30289.0
386500;38182.0;7973.0;30209.0
386600;38182.0;7973.0;30209.0
386700;38342.0;7973.0;30369.0
386800;38304.0;7935.0;30369.0
386900;38304.0;7935.0;30369.0
387000;38304.0;7935.0;30369.0
387100;38437.0;8068.0;30369.0
387200;38424.0;7935.0;30489.0
387300;38462.0;7973.0;30489.0
387400;38306.0;7897.0;30409.0
387500;38249.0;7840.0;30409.0
387600;38207.0;7878.0;30329.0
387700;38308.0;7859.0;30449.0
387800;38346.0;7897.0;30449.0
387900;38346.0;7897.0;30449.0
388000;38422.0;7973.0;30449.0
388100;38479.0;8030.0;30449.0
388200;38264.0;7935.0;30329.0
388300;38384.0;7935.0;30449.0
388400;38424.0;7935.0;30489.0
388500;38462.0;7973.0;30489.0
388600;38306.0;7897.0;30409.0
388700;38622.0;7973.0;30649.0
388800;38502.0;7973.0;30529.0
388900;38445.0;7916.0;30529.0
389000;38521.0;7992.0;30529.0
389100;38464.0;7935.0;30529.0
389200;38502.0;7973.0;30529.0
389300;38559.0;8030.0;30529.0
389400;38542.0;7973.0;30569.0
389500;38662.0;7973.0;30689.0
389600;38104.0;7935.0;30169.0
389700;38582.0;7973.0;30609.0
389800;38772.0;8043.0;30729.0
389900;38609.0;8120.0;30489.0
390000;38644.0;8155.0;30489.0
390100;38609.0;8120.0;30489.0
390200;38729.0;8120.0;30609.0
390300;38539.0;8050.0;30489.0
390400;38677.0;8148.0;30529.0
390500;38797.0;8148.0;30649.0
390600;38797.0;8148.0;30649.0
390700;38957.0;8148.0;30809.0
390800;39089.0;8280.0;30809.0
390900;38793.0;8104.0;30689.0
391000;38957.0;8148.0;30809.0
391100;38745.0;8176.0;30569.0
391200;38865.0;8176.0;30689.0
391300;38913.0;8224.0;30689.0
391400;38953.0;8224.0;30729.0
391500;38953.0;8224.0;30729.0
391600;38929.0;8200.0;30729.0
391700;38993.0;8224.0;30769.0
391800;38993.0;8224.0;30769.0
391900;38993.0;8224.0;30769.0
392000;38873.0;8224.0;30649.0
392100;39113.0;8224.0;30889.0
392200;38873.0;8224.0;30649.0
392300;38963.5;8194.5;30769.0
392400;39003.5;8194.5;30809.0
392500;39188.0;8259.0;30929.0
392600;39059.0;8130.0;30929.0
392700;39172.5;8323.5;30849.0
392800;39292.5;8323.5;30969.0
392900;39022.0;8173.0;30849.0
393000;39108.0;8259.0;30849.0
393100;39108.0;8259.0;30849.0
393200;39237.0;8388.0;30849.0
393300;39108.0;8259.0;30849.0
393400;39212.5;8323.5;30889.0
393500;39191.0;8302.0;30889.0
393600;39234.0;8345.0;30889.0
393700;39286.5;8237.5;31049.0
393800;39093.0;8044.0;31049.0
393900;39274.0;8345.0;30929.0
394000;39415.5;8366.5;31049.0
394100;39317.0;8388.0;30929.0
394200;39231.0;8302.0;30929.0
394300;39274.0;8345.0;30929.0
394400;39249.5;8280.5;30969.0
394500;39357.0;8388.0;30969.0
394600;39314.0;8345.0;30969.0
394700;39397.0;8388.0;31009.0
394800;39332.5;8323.5;31009.0
394900;39461.5;8452.5;31009.0
395000;39354.0;8345.0;31009.0
395100;39452.5;8323.5;31129.0
395200;39397.0;8388.0;31009.0
395300;39461.5;8452.5;31009.0
395400;39517.0;8388.0;31129.0
395500;39557.0;8388.0;31169.0
395600;39292.5;8323.5;30969.0
395700;39477.0;8388.0;31089.0
395800;39434.0;8345.0;31089.0
395900;39434.0;8345.0;31089.0
396000;39434.0;8345.0;31089.0
396100;39378.5;8409.5;30969.0
396200;39434.0;8345.0;31089.0
396300;39434.0;8345.0;31089.0
396400;39554.0;8345.0;31209.0
396500;39431.0;8302.0;31129.0
396600;39538.5;8409.5;31129.0
396700;39514.0;8345.0;31169.0
396800;39634.0;8345.0;31289.0
396900;39514.0;8345.0;31169.0
397000;39471.0;8302.0;31169.0
397100;39514.0;8345.0;31169.0
397200;39514.0;8345.0;31169.0
397300;39514.0;8345.0;31169.0
397400;39434.0;8345.0;31089.0
397500;39489.5;8280.5;31209.0
397600;39803.0;8474.0;31329.0
397700;39594.0;8345.0;31249.0
397800;39594.0;8345.0;31249.0
397900;39551.0;8302.0;31249.0
398000;39572.5;8323.5;31249.0
398100;39680.0;8431.0;31249.0
398200;39594.0;8345.0;31249.0
398300;39637.0;8388.0;31249.0
398400;39677.0;8388.0;31289.0
398500;39557.0;8388.0;31169.0
398600;39677.0;8388.0;31289.0
398700;39846.0;8517.0;31329.0
398800;39674.0;8345.0;31329.0
398900;39717.0;8388.0;31329.0
399000;39674.0;8345.0;31329.0
399100;39760.0;8431.0;31329.0
399200;39880.0;8431.0;31449.0
399300;39652.5;8323.5;31329.0
399400;39757.0;8388.0;31369.0
399500;39877.0;8388.0;31489.0
399600;39877.0;8388.0;31489.0
399700;39797.0;8388.0;31409.0
399800;39797.0;8388.0;31409.0
399900;39797.0;8388.0;31409.0
400000;39612.5;8323.5;31289.0
400100;39797.0;8388.0;31409.0
400200;39797.0;8388.0;31409.0
400300;39917.0;8388.0;31529.0
400400;39717.0;8388.0;31329.0
400500;39837.0;8388.0;31449.0
400600;39837.0;8388.0;31449.0
400700;39757.0;8388.0;31369.0
400800;39941.5;8452.5;31489.0
400900;39714.0;8345.0;31369.0
401000;39477.0;8388.0;31089.0
401100;39757.0;8388.0;31369.0
401200;39812.5;8323.5;31489.0
401300;39834.0;8345.0;31489.0
401400;40093.0;8564.0;31529.0
401500;39802.0;8393.0;31409.0
401600;40004.0;8355.0;31649.0
401700;40067.0;8418.0;31649.0
401800;40067.0;8418.0;31649.0
401900;40016.0;8447.0;31569.0
402000;40150.5;8461.5;31689.0
402100;40030.5;8461.5;31569.0
402200;39987.0;8418.0;31569.0
402300;40107.0;8418.0;31689.0
402400;40060.0;8451.0;31609.0
402500;40077.0;8468.0;31609.0
402600;40111.0;8502.0;31609.0
402700;40043.0;8434.0;31609.0
402800;40203.0;8434.0;31769.0
402900;40083.0;8434.0;31649.0
403000;40049.0;8400.0;31649.0
403100;40083.0;8434.0;31649.0
403200;40083.0;8434.0;31649.0
403300;40123.0;8434.0;31689.0
403400;40123.0;8434.0;31689.0
403500;39821.0;8332.0;31489.0
403600;40123.0;8434.0;31689.0
403700;40362.0;8553.0;31809.0
403800;40129.0;8400.0;31729.0
403900;40129.0;8400.0;31729.0
404000;40129.0;8400.0;31729.0
404100;40043.0;8434.0;31609.0
404200;40095.0;8366.0;31729.0
404300;40169.0;8400.0;31769.0
404400;40203.0;8434.0;31769.0
404500;40169.0;8400.0;31769.0
404600;40238.0;8349.0;31889.0
404700;40289.0;8400.0;31889.0
404800;40089.0;8400.0;31689.0
404900;40158.0;8349.0;31809.0
405000;40209.0;8400.0;31809.0
405100;40158.0;8349.0;31809.0
405200;40223.0;8414.0;31809.0
405300;40227.0;8378.0;31849.0
405400;40227.0;8378.0;31849.0
405500;40227.0;8378.0;31849.0
405600;39955.0;8306.0;31649.0
405700;40245.0;8396.0;31849.0
405800;40285.0;8396.0;31889.0
405900;40165.0;8396.0;31769.0
406000;40285.0;8396.0;31889.0
406100;40267.0;8378.0;31889.0
406200;40387.0;8378.0;32009.0
406300;40271.0;8342.0;31929.0
406400;40271.0;8342.0;31929.0
406500;40151.0;8342.0;31809.0
406600;40191.0;8342.0;31849.0
406700;40191.0;8342.0;31849.0
406800;40191.0;8342.0;31849.0
406900;40311.0;8342.0;31969.0
407000;39911.0;8342.0;31569.0
407100;40311.0;8342.0;31969.0
407200;40329.0;8360.0;31969.0
407300;40115.0;8306.0;31809.0
407400;40251.0;8362.0;31889.0
407500;40371.0;8362.0;32009.0
407600;40371.0;8362.0;32009.0
407700;40371.0;8362.0;32009.0
407800;40411.0;8362.0;32049.0
407900;40411.0;8362.0;32049.0
408000;40411.0;8362.0;32049.0
408100;40291.0;8362.0;31929.0
408200;40411.0;8362.0;32049.0
408300;40465.0;8376.0;32089.0
408400;40451.0;8362.0;32089.0
408500;40451.0;8362.0;32089.0
408600;40371.0;8362.0;32009.0
408700;40451.0;8362.0;32089.0
408800;40491.0;8362.0;32129.0
408900;40653.0;8404.0;32249.0
409000;40611.0;8362.0;32249.0
409100;40639.0;8390.0;32249.0
409200;40611.0;8362.0;32249.0
409300;40611.0;8362.0;32249.0
409400;40489.0;8320.0;32169.0
409500;40239.5;8190.5;32049.0
409600;40587.0;8418.0;32169.0
409700;40552.0;8383.0;32169.0
409800;40557.0;8348.0;32209.0
409900;40592.0;8383.0;32209.0
410000;40592.0;8383.0;32209.0
410100;40592.0;8383.0;32209.0
410200;40747.0;8418.0;32329.0
410300;40564.5;8435.5;32129.0
410400;40632.0;8383.0;32249.0
410500;40632.0;8383.0;32249.0
410600;40702.0;8453.0;32249.0
410700;40597.0;8348.0;32249.0
410800;40637.0;8348.0;32289.0
410900;40637.0;8348.0;32289.0
411000;40672.0;8383.0;32289.0
411100;40552.0;8383.0;32169.0
411200;40569.5;8400.5;32169.0
411300;40712.0;8383.0;32329.0
411400;40712.0;8383.0;32329.0
411500;40712.0;8383.0;32329.0
411600;40712.0;8383.0;32329.0
411700;40712.0;8383.0;32329.0
411800;40769.5;8400.5;32369.0
411900;40752.0;8383.0;32369.0
412000;40752.0;8383.0;32369.0
412100;40752.0;8383.0;32369.0
412200;40699.5;8330.5;32369.0
412300;40602.0;8313.0;32289.0
412400;40774.5;8365.5;32409.0
412500;40792.0;8383.0;32409.0
412600;40820.0;8411.0;32409.0
412700;40820.0;8411.0;32409.0
412800;40899.0;8450.0;32449.0
412900;41019.0;8450.0;32569.0
413000;40899.0;8450.0;32449.0
413100;40899.0;8450.0;32449.0
413200;40779.0;8450.0;32329.0
413300;40978.0;8489.0;32489.0
413400;40780.0;8411.0;32369.0
413500;40900.0;8411.0;32489.0
413600;40781.0;8372.0;32409.0
413700;40878.5;8469.5;32409.0
413800;40940.0;8411.0;32529.0
413900;40940.0;8411.0;32529.0
414000;41109.5;8580.5;32529.0
414100;40994.0;8465.0;32529.0
414200;40994.0;8465.0;32529.0
414300;40914.0;8465.0;32449.0
414400;40914.0;8465.0;32449.0
414500;41067.0;8498.0;32569.0
414600;41017.5;8448.5;32569.0
414700;41100.0;8531.0;32569.0
414800;41140.0;8531.0;32609.0
414900;41107.0;8498.0;32609.0
415000;41227.0;8498.0;32729.0
415100;41107.0;8498.0;32609.0
415200;41107.0;8498.0;32609.0
415300;41147.0;8498.0;32649.0
415400;41027.0;8498.0;32529.0
415500;41147.0;8498.0;32649.0
415600;41114.0;8465.0;32649.0
415700;41234.0;8465.0;32769.0
415800;41082.0;8513.0;32569.0
415900;41419.5;8610.5;32809.0
416000;41319.0;8630.0;32689.0
416100;41174.0;8605.0;32569.0
416200;41174.0;8605.0;32569.0
416300;41214.0;8605.0;32609.0
416400;41214.0;8605.0;32609.0
416500;41293.0;8564.0;32729.0
416600;41375.0;8646.0;32729.0
416700;41334.0;8605.0;32729.0
416800;41374.0;8605.0;32769.0
416900;41374.0;8605.0;32769.0
417000;41374.0;8605.0;32769.0
417100;41312.5;8543.5;32769.0
417200;41333.0;8564.0;32769.0
417300;41373.0;8564.0;32809.0
417400;41373.0;8564.0;32809.0
417500;41493.0;8564.0;32929.0
417600;41332.0;8523.0;32809.0
417700;41291.0;8482.0;32809.0
417800;41252.0;8523.0;32729.0
417900;41492.0;8523.0;32969.0
418000;41372.0;8523.0;32849.0
418100;41313.5;8584.5;32729.0
418200;41252.0;8523.0;32729.0
418300;41412.0;8523.0;32889.0
418400;41432.5;8543.5;32889.0
418500;41412.0;8523.0;32889.0
418600;41412.0;8523.0;32889.0
418700;41532.0;8523.0;33009.0
418800;41452.0;8523.0;32929.0
418900;41475.5;8666.5;32809.0
419000;41311.5;8502.5;32809.0
419100;41431.5;8502.5;32929.0
419200;41411.0;8482.0;32929.0
419300;41490.0;8441.0;33049.0
419400;41451.0;8482.0;32969.0
419500;41451.0;8482.0;32969.0
419600;41451.0;8482.0;32969.0
419700;41451.0;8482.0;32969.0
419800;41451.0;8482.0;32969.0
419900;41371.0;8482.0;32889.0
420000;41491.0;8482.0;33009.0
420100;41409.0;8400.0;33009.0
420200;41409.0;8400.0;33009.0
420300;41428.5;8379.5;33049.0
420400;41508.5;8379.5;33129.0
420500;41490.0;8441.0;33049.0
420600;41610.0;8441.0;33169.0
420700;41490.0;8441.0;33049.0
420800;41530.0;8441.0;33089.0
420900;41530.0;8441.0;33089.0
421000;41650.0;8441.0;33209.0
421100;41650.0;8441.0;33209.0
421200;41588.5;8379.5;33209.0
421300;41713.5;8584.5;33129.0
421400;41909.5;8420.5;33489.0
421500;41549.5;8420.5;33129.0
421600;41490.0;8441.0;33049.0
421700;41570.0;8441.0;33129.0
421800;41730.0;8441.0;33289.0
421900;41671.5;8502.5;33169.0
422000;41610.0;8441.0;33169.0
422100;41791.5;8502.5;33289.0
422200;41610.0;8441.0;33169.0
422300;41691.0;8482.0;33209.0
422400;41568.0;8359.0;33209.0
422500;41711.5;8502.5;33209.0
422600;41732.0;8523.0;33209.0
422700;41670.5;8461.5;33209.0
422800;41773.0;8564.0;33209.0
422900;41710.5;8461.5;33249.0
423000;41895.0;8646.0;33249.0
423100;41772.0;8523.0;33249.0
423200;41772.0;8523.0;33249.0
423300;41789.5;8420.5;33369.0
423400;41709.5;8420.5;33289.0
423500;41774.0;8605.0;33169.0
423600;41894.0;8605.0;33289.0
423700;41894.0;8605.0;33289.0
423800;41814.0;8605.0;33209.0
423900;42289.0;8840.0;33449.0
424000;42068.0;8619.0;33449.0
424100;41777.0;8568.0;33209.0
424200;41897.0;8568.0;33329.0
424300;41954.0;8585.0;33369.0
424400;41932.0;8483.0;33449.0
424500;41920.0;8551.0;33369.0
424600;41954.0;8585.0;33369.0
424700;41996.0;8627.0;33369.0
424800;42156.0;8627.0;33529.0
424900;41996.0;8587.0;33409.0
425000;41996.0;8587.0;33409.0
425100;41996.0;8587.0;33409.0
425200;42038.0;8629.0;33409.0
425300;42072.0;8663.0;33409.0
425400;42078.0;8629.0;33449.0
425500;42078.0;8629.0;33449.0
425600;42129.0;8680.0;33449.0
425700;42198.0;8629.0;33569.0
425800;42287.0;8678.0;33609.0
425900;42167.0;8678.0;33489.0
426000;42088.0;8719.0;33369.0
426100;42249.0;8760.0;33489.0
426200;42208.0;8719.0;33489.0
426300;42289.0;8760.0;33529.0
426400;42248.0;8719.0;33529.0
426500;42248.0;8719.0;33529.0
426600;42248.0;8719.0;33529.0
426700;42248.0;8719.0;33529.0
426800;42226.5;8657.5;33569.0
426900;42247.0;8678.0;33569.0
427000;42329.0;8760.0;33569.0
427100;42247.0;8678.0;33569.0
427200;42247.0;8678.0;33569.0
427300;42367.0;8678.0;33689.0
427400;42647.0;8678.0;33969.0
427500;42287.0;8678.0;33609.0
427600;42287.0;8678.0;33609.0
427700;42287.0;8678.0;33609.0
427800;42287.0;8678.0;33609.0
427900;42327.0;8678.0;33649.0
428000;42343.0;8694.0;33649.0
428100;42310.0;8661.0;33649.0
428200;42376.0;8727.0;33649.0
428300;42326.5;8677.5;33649.0
428400;42416.0;8727.0;33689.0
428500;42449.0;8760.0;33689.0
428600;42552.5;8743.5;33809.0
428700;42449.0;8760.0;33689.0
428800;42588.0;8859.0;33729.0
428900;42522.0;8793.0;33729.0
429000;42489.0;8760.0;33729.0
429100;42522.0;8793.0;33729.0
429200;42522.0;8793.0;33729.0
429300;42526.5;8677.5;33849.0
429400;42562.0;8793.0;33769.0
429500;42578.5;8809.5;33769.0
429600;42482.0;8793.0;33689.0
429700;42529.0;8760.0;33769.0
429800;42749.0;8940.0;33809.0
429900;42445.5;8636.5;33809.0
430000;42740.5;8811.5;33929.0
430100;42821.0;8892.0;33929.0
430200;42701.0;8892.0;33809.0
430300;42741.0;8892.0;33849.0
430400;42772.0;8923.0;33849.0
430500;42652.0;8923.0;33729.0
430600;42772.0;8923.0;33849.0
430700;42772.0;8923.0;33849.0
430800;42932.0;8923.0;34009.0
430900;42812.0;8923.0;33889.0
431000;42812.0;8923.0;33889.0
431100;42827.5;8938.5;33889.0
431200;42843.0;8954.0;33889.0
431300;42812.0;8923.0;33889.0
431400;42883.0;8954.0;33929.0
431500;42883.0;8954.0;33929.0
431600;42852.0;8923.0;33929.0
431700;42772.0;8923.0;33849.0
431800;42981.0;8892.0;34089.0
431900;42861.0;8892.0;33969.0
432000;42861.0;8892.0;33969.0
432100;42294.5;8845.5;33449.0
432200;42892.0;8923.0;33969.0
432300;42901.0;8892.0;34009.0
432400;42796.5;8907.5;33889.0
432500;42870.0;8861.0;34009.0
432600;42901.0;8892.0;34009.0
432700;42870.0;8861.0;34009.0
432800;42927.0;8878.0;34049.0
432900;42964.0;8915.0;34049.0
433000;42927.0;8878.0;34049.0
433100;42964.0;8915.0;34049.0
433200;43084.0;8915.0;34169.0
433300;43130.5;9081.5;34049.0
433400;42967.0;8878.0;34089.0
433500;42884.0;8915.0;33969.0
433600;43041.0;8952.0;34089.0
433700;43046.0;8957.0;34089.0
433800;42923.0;8914.0;34009.0
433900;43086.0;8957.0;34129.0
434000;43193.5;9064.5;34129.0
434100;43215.0;9086.0;34129.0
434200;43043.0;8914.0;34129.0
434300;43086.0;8957.0;34129.0
434400;43126.0;8957.0;34169.0
434500;43169.0;9000.0;34169.0
434600;43212.0;9043.0;34169.0
434700;43212.0;9043.0;34169.0
434800;43209.0;9000.0;34209.0
434900;43209.0;9000.0;34209.0
435000;43286.0;8957.0;34329.0
435100;43372.0;9043.0;34329.0
435200;43209.0;9000.0;34209.0
435300;43329.0;9000.0;34329.0
435400;43270.0;9021.0;34249.0
435500;43270.0;9021.0;34249.0
435600;43270.0;9021.0;34249.0
435700;43431.0;9182.0;34249.0
435800;43310.0;9021.0;34289.0
435900;43264.0;8975.0;34289.0
436000;43264.0;8975.0;34289.0
436100;43721.0;8952.0;34769.0
436200;43310.0;9021.0;34289.0
436300;43350.0;9021.0;34329.0
436400;43442.0;9113.0;34329.0
436500;43350.0;9021.0;34329.0
436600;43350.0;9021.0;34329.0
436700;43447.0;8998.0;34449.0
436800;43574.0;9205.0;34369.0
436900;43252.0;8883.0;34369.0
437000;43482.0;9113.0;34369.0
437100;43482.0;9113.0;34369.0
437200;43436.0;9067.0;34369.0
437300;43522.0;9113.0;34409.0
437400;43476.0;9067.0;34409.0
437500;43596.0;9067.0;34529.0
437600;43596.0;9067.0;34529.0
437700;43476.0;9067.0;34409.0
437800;43516.0;9067.0;34449.0
437900;43516.0;9067.0;34449.0
438000;43516.0;9067.0;34449.0
438100;43447.0;8998.0;34449.0
438200;43516.0;9067.0;34449.0
438300;43487.0;8998.0;34489.0
438400;43487.0;8998.0;34489.0
438500;43916.0;9067.0;34849.0
438600;43556.0;9067.0;34489.0
438700;43476.0;9067.0;34409.0
438800;43688.0;9159.0;34529.0
438900;43642.0;9113.0;34529.0
439000;43716.0;9067.0;34649.0
439100;43848.0;9199.0;34649.0
439200;43567.0;9158.0;34409.0
439300;43788.5;9219.5;34569.0
439400;43727.0;9158.0;34569.0
439500;43727.0;9158.0;34569.0
439600;43727.0;9158.0;34569.0
439700;43847.0;9158.0;34689.0
439800;43857.0;9248.0;34609.0
439900;43823.0;9214.0;34609.0
440000;43823.0;9214.0;34609.0
440100;43943.0;9214.0;34729.0
440200;43840.0;9231.0;34609.0
440300;43884.0;9235.0;34649.0
440400;43964.0;9235.0;34729.0
440500;43915.0;9266.0;34649.0
440600;43773.0;9204.0;34569.0
440700;43947.5;9298.5;34649.0
440800;43905.0;9216.0;34689.0
440900;43938.0;9249.0;34689.0
441000;43806.0;9117.0;34689.0
441100;43938.0;9249.0;34689.0
441200;43818.0;9249.0;34569.0
441300;44138.0;9249.0;34889.0
441400;44058.0;9249.0;34809.0
441500;43978.0;9249.0;34729.0
441600;44098.0;9249.0;34849.0
441700;43978.0;9249.0;34729.0
441800;43985.0;9216.0;34769.0
441900;43799.0;9030.0;34769.0
442000;43999.0;9230.0;34769.0
442100;43855.0;9086.0;34769.0
442200;43963.0;9194.0;34769.0
442300;44003.0;9194.0;34809.0
442400;44003.0;9194.0;34809.0
442500;44003.0;9194.0;34809.0
442600;43967.0;9158.0;34809.0
442700;44000.0;9191.0;34809.0
442800;44040.0;9191.0;34849.0
442900;44040.0;9191.0;34849.0
443000;43967.0;9238.0;34729.0
443100;44058.0;9329.0;34729.0
443200;44139.0;9290.0;34849.0
443300;44220.0;9251.0;34969.0
443400;44153.0;9264.0;34889.0
443500;44033.0;9264.0;34769.0
443600;44153.0;9264.0;34889.0
443700;44312.0;9303.0;35009.0
443800;44313.0;9264.0;35049.0
443900;44313.0;9264.0;35049.0
444000;44293.0;9364.0;34929.0
444100;44333.0;9284.0;35049.0
444200;44643.0;9354.0;35289.0
444300;44317.0;9348.0;34969.0
444400;44326.0;9357.0;34969.0
444500;44329.0;9360.0;34969.0
444600;44329.0;9360.0;34969.0
444700;44329.0;9360.0;34969.0
444800;44361.5;9352.5;35009.0
444900;44490.5;9361.5;35129.0
445000;44439.0;9430.0;35009.0
445100;44450.0;9441.0;35009.0
445200;44330.0;9441.0;34889.0
445300;44501.0;9452.0;35049.0
445400;44381.0;9452.0;34929.0
445500;44501.0;9452.0;35049.0
445600;44501.0;9452.0;35049.0
445700;44517.5;9468.5;35049.0
445800;44661.0;9452.0;35209.0
445900;44541.0;9452.0;35089.0
446000;44661.0;9452.0;35209.0
446100;44541.0;9452.0;35089.0
446200;44541.0;9452.0;35089.0
446300;44428.0;9419.0;35009.0
446400;44564.5;9435.5;35129.0
446500;44701.0;9452.0;35249.0
446600;44570.0;9441.0;35129.0
446700;44570.0;9441.0;35129.0
446800;44604.5;9435.5;35169.0
446900;44724.5;9435.5;35289.0
447000;44593.5;9424.5;35169.0
447100;44621.0;9452.0;35169.0
447200;44593.5;9424.5;35169.0
447300;44661.0;9452.0;35209.0
447400;44650.0;9441.0;35209.0
447500;44650.0;9441.0;35209.0
447600;44781.0;9452.0;35329.0
447700;44770.0;9441.0;35329.0
447800;44821.0;9452.0;35369.0
447900;44564.5;9435.5;35129.0
448000;44744.0;9495.0;35249.0
448100;44592.0;9463.0;35129.0
448200;44592.0;9463.0;35129.0
448300;44602.0;9473.0;35129.0
448400;44762.0;9473.0;35289.0
448500;44762.0;9473.0;35289.0
448600;45282.0;9473.0;35809.0
448700;44762.0;9473.0;35289.0
448800;44802.0;9473.0;35329.0
448900;44916.0;9467.0;35449.0
449000;44802.0;9473.0;35329.0
449100;44738.0;9529.0;35209.0
449200;44860.0;9531.0;35329.0
449300;44894.0;9525.0;35369.0
449400;44988.0;9539.0;35449.0
449500;44974.0;9525.0;35449.0
449600;45018.0;9529.0;35489.0
449700;45018.0;9529.0;35489.0
449800;44818.0;9529.0;35289.0
449900;44934.0;9525.0;35409.0
450000;44936.0;9527.0;35409.0
450100;45062.0;9533.0;35529.0
450200;45062.0;9533.0;35529.0
450300;44978.0;9529.0;35449.0
450400;44978.0;9529.0;35449.0
450500;44978.0;9529.0;35449.0
450600;44978.0;9529.0;35449.0
450700;44978.0;9529.0;35449.0
450800;45052.5;9563.5;35489.0
450900;44897.5;9528.5;35369.0
451000;44894.0;9525.0;35369.0
451100;45014.0;9525.0;35489.0
451200;45014.0;9525.0;35489.0
451300;45014.0;9525.0;35489.0
451400;45024.5;9535.5;35489.0
451500;45054.0;9525.0;35529.0
451600;44974.0;9525.0;35449.0
451700;44974.0;9525.0;35449.0
451800;45009.0;9560.0;35449.0
451900;45123.0;9554.0;35569.0
452000;45243.0;9554.0;35689.0
452100;45147.0;9578.0;35569.0
452200;45153.0;9584.0;35569.0
452300;45098.0;9609.0;35489.0
452400;45218.0;9609.0;35609.0
452500;45343.0;9614.0;35729.0
452600;45220.5;9611.5;35609.0
452700;45213.0;9604.0;35609.0
452800;45133.0;9604.0;35529.0
452900;45248.0;9599.0;35649.0
453000;45564.0;9555.0;36009.0
453100;45269.0;9620.0;35649.0
453200;45269.0;9620.0;35649.0
453300;45322.0;9633.0;35689.0
453400;45364.0;9675.0;35689.0
453500;45364.0;9675.0;35689.0
453600;45383.0;9694.0;35689.0
453700;45307.0;9618.0;35689.0
453800;44947.0;9618.0;35329.0
453900;45423.0;9694.0;35729.0
454000;45337.5;9608.5;35729.0
454100;45404.0;9675.0;35729.0
454200;45404.0;9675.0;35729.0
454300;45453.5;9684.5;35769.0
454400;45472.5;9703.5;35769.0
454500;45425.0;9656.0;35769.0
454600;45425.0;9656.0;35769.0
454700;45526.0;9637.0;35889.0
454800;45446.0;9637.0;35809.0
454900;45446.0;9637.0;35809.0
455000;45446.0;9637.0;35809.0
455100;45465.0;9656.0;35809.0
455200;45446.0;9637.0;35809.0
455300;45309.0;9580.0;35729.0
455400;45486.0;9637.0;35849.0
455500;45467.0;9618.0;35849.0
455600;45505.0;9656.0;35849.0
455700;45514.5;9665.5;35849.0
455800;45526.0;9637.0;35889.0
455900;45396.5;9507.5;35889.0
456000;45584.0;9695.0;35889.0
456100;45584.0;9695.0;35889.0
456200;45584.0;9695.0;35889.0
456300;45624.0;9695.0;35929.0
456400;45504.0;9695.0;35809.0
456500;45574.0;9645.0;35929.0
456600;45649.0;9720.0;35929.0
456700;45649.0;9720.0;35929.0
456800;45689.0;9720.0;35969.0
456900;45689.0;9720.0;35969.0
457000;45771.5;9682.5;36089.0
457100;45689.0;9720.0;35969.0
457200;45689.0;9720.0;35969.0
457300;45766.5;9757.5;36009.0
457400;45704.0;9695.0;36009.0
457500;45729.0;9720.0;36009.0
457600;45729.0;9720.0;36009.0
457700;45729.0;9720.0;36009.0
457800;45781.5;9732.5;36049.0
457900;45624.0;9695.0;35929.0
458000;45624.0;9695.0;35929.0
458100;45864.0;9695.0;36169.0
458200;45744.0;9695.0;36049.0
458300;45784.0;9695.0;36089.0
458400;45828.5;9739.5;36089.0
458500;45838.0;9749.0;36089.0
458600;45838.0;9749.0;36089.0
458700;45857.0;9768.0;36089.0
458800;45868.5;9739.5;36129.0
458900;45859.0;9730.0;36129.0
459000;45897.0;9768.0;36129.0
459100;45878.0;9749.0;36129.0
459200;45897.0;9768.0;36129.0
459300;45950.5;9701.5;36249.0
459400;45927.5;9758.5;36169.0
459500;45817.0;9768.0;36049.0
459600;45857.0;9768.0;36089.0
459700;45984.5;9815.5;36169.0
459800;45977.0;9768.0;36209.0
459900;45977.0;9768.0;36209.0
460000;45857.0;9768.0;36089.0
460100;45558.0;9749.0;35809.0
460200;45958.0;9749.0;36209.0
460300;45998.0;9749.0;36249.0
460400;46036.0;9787.0;36249.0
460500;46036.0;9787.0;36249.0
460600;46036.0;9787.0;36249.0
460700;46175.0;9806.0;36369.0
460800;46047.5;9758.5;36289.0
460900;46076.0;9787.0;36289.0
461000;45956.0;9787.0;36169.0
461100;46095.0;9806.0;36289.0
461200;46076.0;9787.0;36289.0
461300;46116.0;9787.0;36329.0
461400;46087.5;9758.5;36329.0
461500;45996.0;9787.0;36209.0
461600;46116.0;9787.0;36329.0
461700;46087.5;9758.5;36329.0
461800;46276.0;9787.0;36489.0
461900;46209.5;9720.5;36489.0
462000;46175.0;9806.0;36369.0
462100;46099.0;9730.0;36369.0
462200;46156.0;9787.0;36369.0
462300;46276.0;9787.0;36489.0
462400;46153.0;9864.0;36289.0
462500;46227.5;9818.5;36409.0
462600;46368.0;9799.0;36569.0
462700;46234.0;9825.0;36409.0
462800;46274.0;9825.0;36449.0
462900;46261.0;9812.0;36449.0
463000;46248.0;9799.0;36449.0
463100;46141.0;9812.0;36329.0
463200;46261.0;9812.0;36449.0
463300;46307.5;9818.5;36489.0
463400;46307.5;9818.5;36489.0
463500;46288.0;9799.0;36489.0
463600;46288.0;9799.0;36489.0
463700;46288.0;9799.0;36489.0
463800;46208.0;9799.0;36409.0
463900;46370.0;9841.0;36529.0
464000;46342.0;9813.0;36529.0
464100;46250.0;9841.0;36409.0
464200;46377.0;9848.0;36529.0
464300;46483.0;9834.0;36649.0
464400;46403.0;9834.0;36569.0
464500;46392.5;9823.5;36569.0
464600;46410.0;9841.0;36569.0
464700;46323.0;9834.0;36489.0
464800;46443.0;9834.0;36609.0
464900;46443.0;9834.0;36609.0
465000;46436.0;9827.0;36609.0
465100;46443.0;9834.0;36609.0
465200;46573.5;9844.5;36729.0
465300;46476.0;9827.0;36649.0
465400;46469.0;9820.0;36649.0
465500;46631.0;9862.0;36769.0
465600;46511.0;9862.0;36649.0
465700;46431.0;9862.0;36569.0
465800;46549.5;9860.5;36689.0
465900;46543.0;9854.0;36689.0
466000;46159.5;9870.5;36289.0
466100;46675.0;9866.0;36809.0
466200;46552.0;9863.0;36689.0
466300;46598.0;9869.0;36729.0
466400;46598.0;9869.0;36729.0
466500;46478.0;9869.0;36609.0
466600;46598.0;9869.0;36729.0
466700;46713.5;9864.5;36849.0
466800;46758.0;9869.0;36889.0
466900;46641.0;9872.0;36769.0
467000;46761.0;9872.0;36889.0
467100;46641.0;9872.0;36769.0
467200;46638.0;9869.0;36769.0
467300;46678.0;9869.0;36809.0
467400;46678.0;9869.0;36809.0
467500;46561.0;9872.0;36689.0
467600;46678.0;9869.0;36809.0
467700;46682.0;9873.0;36809.0
467800;46589.0;9860.0;36729.0
467900;46865.0;9896.0;36969.0
468000;46745.0;9896.0;36849.0
468100;46817.0;9968.0;36849.0
468200;46817.0;9968.0;36849.0
468300;46845.0;9956.0;36889.0
468400;46865.0;9976.0;36889.0
468500;46865.0;9976.0;36889.0
468600;46863.0;9974.0;36889.0
468700;46861.0;9972.0;36889.0
468800;46905.0;9976.0;36929.0
468900;46905.0;9976.0;36929.0
469000;46905.0;9976.0;36929.0
469100;47029.0;9980.0;37049.0
469200;46909.0;9980.0;36929.0
469300;46954.0;9985.0;36969.0
469400;46954.0;9985.0;36969.0
469500;46955.5;9986.5;36969.0
469600;46954.0;9985.0;36969.0
469700;46954.0;9985.0;36969.0
469800;46877.0;9988.0;36889.0
469900;47114.0;9985.0;37129.0
470000;46994.0;9985.0;37009.0
470100;46993.0;9984.0;37009.0
470200;46995.5;9986.5;37009.0
470300;46915.0;9986.0;36929.0
470400;47035.0;9986.0;37049.0
470500;47034.0;9985.0;37049.0
470600;46915.0;9986.0;36929.0
470700;47035.0;9986.0;37049.0
470800;46955.0;9986.0;36969.0
470900;47195.0;9986.0;37209.0
471000;47074.5;9985.5;37089.0
471100;47074.0;9985.0;37089.0
471200;47079.0;9990.0;37089.0
471300;47041.0;9952.0;37089.0
471400;47024.0;10015.0;37009.0
471500;47024.0;10015.0;37009.0
471600;47135.0;10006.0;37129.0
471700;47273.0;10024.0;37249.0
471800;47170.5;10001.5;37169.0
471900;47217.0;10048.0;37169.0
472000;47220.0;10051.0;37169.0
472100;47215.5;10046.5;37169.0
472200;47238.0;10069.0;37169.0
472300;47149.0;10060.0;37089.0
472400;47398.0;10069.0;37329.0
472500;47278.0;10069.0;37209.0
472600;47278.0;10069.0;37209.0
472700;47278.0;10069.0;37209.0
472800;47318.0;10069.0;37249.0
472900;47312.0;10063.0;37249.0
473000;47795.0;10066.0;37729.0
473100;47312.0;10063.0;37249.0
473200;47333.0;10084.0;37249.0
473300;47441.0;10072.0;37369.0
473400;47472.0;10063.0;37409.0
473500;47352.0;10063.0;37289.0
473600;47232.0;10063.0;37169.0
473700;47352.0;10063.0;37289.0
473800;47761.0;10072.0;37689.0
473900;47518.0;10069.0;37449.0
474000;47398.0;10069.0;37329.0
474100;47272.0;10063.0;37209.0
474200;47272.0;10063.0;37209.0
474300;47438.0;10069.0;37369.0
474400;47552.0;10063.0;37489.0
474500;47552.0;10063.0;37489.0
474600;47432.0;10063.0;37369.0
474700;47558.0;10069.0;37489.0
474800;47478.0;10069.0;37409.0
474900;47472.0;10063.0;37409.0
475000;47352.0;10063.0;37289.0
475100;47331.0;10042.0;37289.0
475200;47478.0;10069.0;37409.0
475300;47592.0;10063.0;37529.0
475400;47512.0;10063.0;37449.0
475500;47392.0;10063.0;37329.0
475600;47512.0;10063.0;37449.0
475700;47518.0;10069.0;37449.0
475800;47558.0;10069.0;37489.0
475900;47558.0;10069.0;37489.0
476000;47678.0;10069.0;37609.0
476100;47558.0;10069.0;37489.0
476200;47558.0;10069.0;37489.0
476300;47678.0;10069.0;37609.0
476400;47633.0;10104.0;37529.0
476500;47755.0;10106.0;37649.0
476600;47754.0;10105.0;37649.0
476700;47635.5;10106.5;37529.0
476800;47674.5;10105.5;37569.0
476900;47675.0;10106.0;37569.0
477000;47553.0;10104.0;37449.0
477100;47551.0;10102.0;37449.0
477200;47726.5;10157.5;37569.0
477300;47302.0;10133.0;37169.0
477400;47309.0;10140.0;37169.0
477500;47629.0;10140.0;37489.0
477600;47869.0;10140.0;37729.0
477700;47742.0;10133.0;37609.0
477800;47782.0;10133.0;37649.0
477900;47782.0;10133.0;37649.0
478000;47782.0;10133.0;37649.0
478100;47785.5;10136.5;37649.0
478200;47782.0;10133.0;37649.0
478300;47815.0;10126.0;37689.0
478400;47815.0;10126.0;37689.0
478500;47836.0;10147.0;37689.0
478600;47878.0;10189.0;37689.0
478700;47862.0;10173.0;37689.0
478800;47934.0;10205.0;37729.0
478900;47854.0;10125.0;37729.0
479000;47790.0;10181.0;37609.0
479100;48054.0;10205.0;37849.0
479200;47966.0;10237.0;37729.0
479300;47998.0;10229.0;37769.0
479400;47958.0;10189.0;37769.0
479500;47958.0;10189.0;37769.0
479600;48015.0;10246.0;37769.0
479700;48135.0;10246.0;37889.0
479800;48028.0;10219.0;37809.0
479900;48028.0;10219.0;37809.0
480000;47908.0;10219.0;37689.0
480100;47919.0;10110.0;37809.0
480200;48062.0;10253.0;37809.0
480300;48080.0;10231.0;37849.0
480400;48091.0;10242.0;37849.0
480500;47669.0;10220.0;37449.0
480600;48200.0;10231.0;37969.0
480700;48222.0;10253.0;37969.0
480800;48142.0;10253.0;37889.0
480900;48164.0;10275.0;37889.0
481000;48142.0;10253.0;37889.0
481100;48022.0;10253.0;37769.0
481200;48142.0;10253.0;37889.0
481300;48284.0;10275.0;38009.0
481400;48324.0;10275.0;38049.0
481500;48215.0;10286.0;37929.0
481600;48160.0;10231.0;37929.0
481700;48182.0;10253.0;37929.0
481800;48222.0;10253.0;37969.0
481900;48156.0;10187.0;37969.0
482000;48222.0;10253.0;37969.0
482100;48244.0;10275.0;37969.0
482200;48255.0;10286.0;37969.0
482300;48076.0;10187.0;37889.0
482400;48251.0;10242.0;38009.0
482500;48306.0;10297.0;38009.0
482600;48319.0;10310.0;38009.0
482700;48506.0;10377.0;38129.0
482800;48394.0;10345.0;38049.0
482900;48346.0;10297.0;38049.0
483000;48426.0;10377.0;38049.0
483100;48426.0;10377.0;38049.0
483200;48482.0;10313.0;38169.0
483300;48402.0;10313.0;38089.0
483400;48762.0;10313.0;38449.0
483500;48242.0;10153.0;38089.0
483600;48418.0;10329.0;38089.0
483700;48370.0;10281.0;38089.0
483800;48514.0;10265.0;38249.0
483900;48442.0;10313.0;38129.0
484000;48562.0;10313.0;38249.0
484100;48426.0;10297.0;38129.0
484200;48394.0;10265.0;38129.0
484300;48482.0;10313.0;38169.0
484400;48482.0;10313.0;38169.0
484500;48482.0;10313.0;38169.0
484600;48450.0;10281.0;38169.0
484700;48562.0;10393.0;38169.0
484800;48402.0;10313.0;38089.0
484900;48434.0;10345.0;38089.0
485000;48522.0;10313.0;38209.0
485100;48570.0;10361.0;38209.0
485200;48522.0;10313.0;38209.0
485300;48442.0;10313.0;38129.0
485400;48562.0;10313.0;38249.0
485500;48562.0;10313.0;38249.0
485600;48634.0;10265.0;38369.0
485700;48562.0;10313.0;38249.0
485800;48562.0;10313.0;38249.0
485900;48554.0;10265.0;38289.0
486000;48234.0;10345.0;37889.0
486100;48450.0;10281.0;38169.0
486200;48602.0;10313.0;38289.0
486300;48642.0;10313.0;38329.0
486400;48642.0;10313.0;38329.0
486500;48522.0;10313.0;38209.0
486600;48674.0;10345.0;38329.0
486700;48194.0;10345.0;37849.0
486800;48730.0;10361.0;38369.0
486900;48698.0;10329.0;38369.0
487000;48626.0;10377.0;38249.0
487100;48714.0;10345.0;38369.0
487200;48726.5;10357.5;38369.0
487300;48646.5;10357.5;38289.0
487400;48886.5;10357.5;38529.0
487500;48780.0;10371.0;38409.0
487600;48813.0;10404.0;38409.0
487700;48848.0;10439.0;38409.0
487800;48926.0;10477.0;38449.0
487900;48926.0;10477.0;38449.0
488000;48926.0;10477.0;38449.0
488100;49046.0;10477.0;38569.0
488200;49046.0;10477.0;38569.0
488300;49179.0;10610.0;38569.0
488400;48656.0;10287.0;38369.0
488500;48966.0;10477.0;38489.0
488600;48928.0;10439.0;38489.0
488700;48947.0;10458.0;38489.0
488800;48968.0;10439.0;38529.0
488900;48968.0;10439.0;38529.0
489000;49025.0;10496.0;38529.0
489100;49025.0;10496.0;38529.0
489200;48757.0;10228.0;38529.0
489300;49027.0;10498.0;38529.0
489400;48947.0;10498.0;38449.0
489500;49067.0;10498.0;38569.0
489600;49067.0;10498.0;38569.0
489700;49116.0;10547.0;38569.0
489800;49118.0;10509.0;38609.0
489900;49080.0;10471.0;38609.0
490000;49156.0;10547.0;38609.0
490100;49080.0;10471.0;38609.0
490200;49156.0;10547.0;38609.0
490300;49196.0;10547.0;38649.0
490400;49044.0;10395.0;38649.0
490500;49158.0;10509.0;38649.0
490600;49158.0;10509.0;38649.0
490700;49158.0;10509.0;38649.0
490800;49198.0;10509.0;38689.0
490900;49198.0;10509.0;38689.0
491000;49236.0;10547.0;38689.0
491100;49236.0;10547.0;38689.0
491200;49356.0;10547.0;38809.0
491300;49261.0;10452.0;38809.0
491400;49333.0;10604.0;38729.0
491500;49238.0;10509.0;38729.0
491600;49295.0;10566.0;38729.0
491700;49358.0;10509.0;38849.0
491800;49278.0;10509.0;38769.0
491900;49297.0;10528.0;38769.0
492000;48758.0;10509.0;38249.0
492100;49278.0;10509.0;38769.0
492200;49436.0;10547.0;38889.0
492300;49194.0;10585.0;38609.0
492400;49236.0;10547.0;38689.0
492500;49394.0;10585.0;38809.0
492600;49413.0;10604.0;38809.0
492700;49413.0;10604.0;38809.0
492800;49434.0;10585.0;38849.0
492900;49396.0;10547.0;38849.0
493000;49301.0;10452.0;38849.0
493100;49314.0;10585.0;38729.0
493200;49434.0;10585.0;38849.0
493300;49474.0;10585.0;38889.0
493400;49512.0;10623.0;38889.0
493500;48935.0;10566.0;38369.0
493600;49512.0;10623.0;38889.0
493700;49512.0;10623.0;38889.0
493800;49470.0;10661.0;38809.0
493900;49726.0;10797.0;38929.0
494000;49726.0;10797.0;38929.0
494100;49600.0;10671.0;38929.0
494200;49614.0;10685.0;38929.0
494300;49993.0;10664.0;39329.0
494400;49604.5;10755.5;38849.0
494500;49639.0;10670.0;38969.0
494600;49759.0;10670.0;39089.0
494700;49616.0;10727.0;38889.0
494800;49818.0;10689.0;39129.0
494900;49578.0;10689.0;38889.0
495000;49549.5;10660.5;38889.0
495100;50029.5;10660.5;39369.0
495200;49799.0;10670.0;39129.0
495300;49719.0;10670.0;39049.0
495400;49801.0;10632.0;39169.0
495500;49719.0;10670.0;39049.0
495600;49719.0;10670.0;39049.0
495700;49719.0;10670.0;39049.0
495800;49686.5;10717.5;38969.0
495900;49740.0;10651.0;39089.0
496000;49740.0;10651.0;39089.0
496100;49759.0;10670.0;39089.0
496200;49825.5;10736.5;39089.0
496300;49945.5;10736.5;39209.0
496400;49799.0;10670.0;39129.0
496500;49780.0;10651.0;39129.0
496600;49660.0;10651.0;39009.0
496700;49751.5;10622.5;39129.0
496800;49782.0;10613.0;39169.0
496900;49782.0;10613.0;39169.0
497000;49782.0;10613.0;39169.0
497100;49902.0;10613.0;39289.0
497200;49839.0;10670.0;39169.0
497300;49860.0;10651.0;39209.0
497400;49740.0;10651.0;39089.0
497500;49740.0;10651.0;39089.0
497600;49999.0;10670.0;39329.0
497700;49980.0;10651.0;39329.0
497800;49900.0;10651.0;39249.0
497900;49966.5;10717.5;39249.0
498000;49900.0;10651.0;39249.0
498100;49500.0;10651.0;38849.0
498200;49900.0;10651.0;39249.0
498300;49940.0;10651.0;39289.0
498400;49959.0;10670.0;39289.0
498500;49940.0;10651.0;39289.0
498600;49940.0;10651.0;39289.0
498700;49940.0;10651.0;39289.0
498800;49905.5;10696.5;39209.0
498900;49895.5;10686.5;39209.0
499000;50146.0;10697.0;39449.0
499100;50057.5;10728.5;39329.0
499200;50047.0;10718.0;39329.0
499300;50167.0;10718.0;39449.0
499400;50087.0;10718.0;39369.0
499500;50045.0;10676.0;39369.0
499600;50087.0;10718.0;39369.0
499700;50175.5;10686.5;39489.0
499800;50127.0;10718.0;39409.0
499900;50127.0;10718.0;39409.0
500000;50515.0;10746.0;39769.0
500100;50155.0;10746.0;39409.0
500200;50130.0;10721.0;39409.0
500300;50195.0;10746.0;39449.0
500400;50195.0;10746.0;39449.0
500500;50195.0;10746.0;39449.0
500600;50075.0;10746.0;39329.0
500700;50340.0;10771.0;39569.0
500800;50315.0;10746.0;39569.0
500900;50090.0;10721.0;39369.0
501000;50235.0;10746.0;39489.0
501100;50235.0;10746.0;39489.0
501200;50210.0;10721.0;39489.0
501300;50660.0;10771.0;39889.0
501400;50155.0;10746.0;39409.0
501500;50085.0;10556.0;39529.0
501600;50175.0;10766.0;39409.0
501700;50175.0;10766.0;39409.0
501800;50335.0;10766.0;39569.0
501900;50492.0;10923.0;39569.0
502000;50256.0;10807.0;39449.0
502100;50375.0;10806.0;39569.0
502200;50408.0;10839.0;39569.0
502300;50448.0;10839.0;39609.0
502400;50535.0;10806.0;39729.0
502500;50452.5;10723.5;39729.0
502600;50382.0;10773.0;39609.0
502700;50365.0;10756.0;39609.0
502800;50436.0;10787.0;39649.0
502900;50436.0;10787.0;39649.0
503000;50405.0;10756.0;39649.0
503100;50257.0;10608.0;39649.0
503200;50137.0;10608.0;39529.0
503300;50433.5;10744.5;39689.0
503400;50372.0;10803.0;39569.0
503500;50492.0;10803.0;39689.0
503600;50492.0;10803.0;39689.0
503700;50573.0;10764.0;39809.0
503800;50532.0;10803.0;39729.0
503900;50451.0;10842.0;39609.0
504000;50252.0;10803.0;39449.0
504100;50532.0;10803.0;39729.0
504200;50532.0;10803.0;39729.0
504300;50710.5;10861.5;39849.0
504400;50630.5;10861.5;39769.0
504500;50474.5;10705.5;39769.0
504600;50533.0;10764.0;39769.0
504700;50533.0;10764.0;39769.0
504800;50573.0;10764.0;39809.0
504900;50475.5;10666.5;39809.0
505000;50475.5;10666.5;39809.0
505100;50173.0;10764.0;39409.0
505200;50534.0;10725.0;39809.0
505300;50732.0;10803.0;39929.0
505400;50574.0;10725.0;39849.0
505500;50694.0;10725.0;39969.0
505600;50574.0;10725.0;39849.0
505700;50554.5;10705.5;39849.0
505800;50594.5;10705.5;39889.0
505900;50594.5;10705.5;39889.0
506000;50653.0;10764.0;39889.0
506100;50614.0;10725.0;39889.0
506200;50653.0;10764.0;39889.0
506300;50693.0;10764.0;39929.0
506400;50693.0;10764.0;39929.0
506500;50573.0;10764.0;39809.0
506600;50693.0;10764.0;39929.0
506700;50693.0;10764.0;39929.0
506800;50853.0;10764.0;40089.0
506900;50733.0;10764.0;39969.0
507000;50733.0;10764.0;39969.0
507100;50733.0;10764.0;39969.0
507200;50853.0;10764.0;40089.0
507300;50773.0;10764.0;40009.0
507400;50773.0;10764.0;40009.0
507500;50851.0;10842.0;40009.0
507600;50873.5;10744.5;40129.0
507700;50812.0;10803.0;40009.0
507800;50891.0;10842.0;40049.0
507900;50664.0;10615.0;40049.0
508000;50830.0;10901.0;39929.0
508100;50906.0;10857.0;40049.0
508200;50906.0;10857.0;40049.0
508300;50880.0;10791.0;40089.0
508400;51066.0;10857.0;40209.0
508500;50782.0;10813.0;39969.0
508600;50902.0;10813.0;40089.0
508700;50858.0;10769.0;40089.0
508800;51128.0;10879.0;40249.0
508900;51008.0;10879.0;40129.0
509000;50942.0;10813.0;40129.0
509100;50942.0;10813.0;40129.0
509200;50986.0;10857.0;40129.0
509300;51026.0;10857.0;40169.0
509400;51026.0;10857.0;40169.0
509500;51186.0;10857.0;40329.0
509600;51026.0;10857.0;40169.0
509700;50982.0;10813.0;40169.0
509800;51066.0;10857.0;40209.0
509900;51066.0;10857.0;40209.0
510000;51022.0;10813.0;40209.0
510100;51022.0;10813.0;40209.0
510200;51022.0;10813.0;40209.0
510300;51128.0;10879.0;40249.0
510400;50952.0;10703.0;40249.0
510500;50952.0;10703.0;40249.0
510600;50952.0;10703.0;40249.0
510700;51106.0;10857.0;40249.0
510800;51266.0;10857.0;40409.0
510900;51146.0;10857.0;40289.0
511000;51294.0;10885.0;40409.0
511100;51150.0;10861.0;40289.0
511200;51054.0;10885.0;40169.0
511300;51286.0;10957.0;40329.0
511400;51214.0;10885.0;40329.0
511500;51262.0;10933.0;40329.0
511600;51262.0;10933.0;40329.0
511700;51256.0;10927.0;40329.0
511800;51416.0;10927.0;40489.0
511900;51296.0;10927.0;40369.0
512000;51296.0;10927.0;40369.0
512100;51296.0;10927.0;40369.0
512200;51338.0;10969.0;40369.0
512300;51315.0;10906.0;40409.0
512400;51378.0;10969.0;40409.0
512500;51406.0;10997.0;40409.0
512600;51463.0;11054.0;40409.0
512700;51406.0;10997.0;40409.0
512800;51615.0;11046.0;40569.0
512900;51270.0;10821.0;40449.0
513000;51465.0;11136.0;40329.0
513100;51540.0;11091.0;40449.0
513200;51540.0;11091.0;40449.0
513300;51602.5;11113.5;40489.0
513400;51535.0;11046.0;40489.0
513500;51535.0;11046.0;40489.0
513600;51655.0;11046.0;40609.0
513700;51535.0;11046.0;40489.0
513800;51575.0;11046.0;40529.0
513900;51365.0;10956.0;40409.0
514000;51485.0;10956.0;40529.0
514100;51530.0;11001.0;40529.0
514200;51650.0;11001.0;40649.0
514300;51650.0;11081.0;40569.0
514400;51650.0;11081.0;40569.0
514500;51600.0;11031.0;40569.0
514600;51500.0;10931.0;40569.0
514700;51625.0;11056.0;40569.0
514800;51665.0;11056.0;40609.0
514900;51640.0;11031.0;40609.0
515000;51665.0;11056.0;40609.0
515100;51910.0;11181.0;40729.0
515200;51690.0;11081.0;40609.0
515300;51610.0;11081.0;40529.0
515400;51730.0;11081.0;40649.0
515500;51730.0;11081.0;40649.0
515600;51610.0;11081.0;40529.0
515700;51730.0;11081.0;40649.0
515800;51730.0;11081.0;40649.0
515900;51770.0;11081.0;40689.0
516000;51820.0;11131.0;40689.0
516100;51855.0;11166.0;40689.0
516200;51697.5;11008.5;40689.0
516300;51895.0;11166.0;40729.0
516400;51850.0;11121.0;40729.0
516500;51850.0;11121.0;40729.0
516600;51917.5;11188.5;40729.0
516700;51850.0;11121.0;40729.0
516800;51890.0;11121.0;40769.0
516900;51890.0;11121.0;40769.0
517000;51890.0;11121.0;40769.0
517100;52010.0;11121.0;40889.0
517200;52045.0;11156.0;40889.0
517300;51845.0;11156.0;40689.0
517400;52005.0;11196.0;40809.0
517500;52005.0;11196.0;40809.0
517600;51925.0;11116.0;40809.0
517700;51805.0;11156.0;40649.0
517800;52005.0;11156.0;40849.0
517900;52005.0;11156.0;40849.0
518000;52125.0;11156.0;40969.0
518100;51985.0;11136.0;40849.0
518200;52065.0;11216.0;40849.0
518300;52065.0;11176.0;40889.0
518400;52045.0;11156.0;40889.0
518500;52045.0;11156.0;40889.0
518600;52045.0;11156.0;40889.0
518700;52045.0;11156.0;40889.0
518800;52085.0;11156.0;40929.0
518900;52145.0;11216.0;40929.0
519000;52205.0;11156.0;41049.0
519100;52205.0;11156.0;41049.0
519200;52085.0;11156.0;40929.0
519300;52185.0;11216.0;40969.0
519400;52185.0;11216.0;40969.0
519500;52125.0;11156.0;40969.0
519600;52245.0;11156.0;41089.0
519700;52125.0;11156.0;40969.0
519800;52165.0;11156.0;41009.0
519900;52165.0;11156.0;41009.0
520000;52165.0;11156.0;41009.0
520100;52165.0;11156.0;41009.0
520200;52165.0;11156.0;41009.0
520300;52245.0;11196.0;41049.0
520400;52365.0;11196.0;41169.0
520500;52265.0;11216.0;41049.0
520600;52205.0;11156.0;41049.0
520700;52365.0;11196.0;41169.0
520800;52245.0;11156.0;41089.0
520900;52125.0;11156.0;40969.0
521000;52245.0;11156.0;41089.0
521100;52245.0;11156.0;41089.0
521200;52125.0;11156.0;40969.0
521300;52285.0;11156.0;41129.0
521400;52285.0;11156.0;41129.0
521500;52445.0;11196.0;41249.0
521600;52285.0;11156.0;41129.0
521700;52405.0;11156.0;41249.0
521800;52433.0;11144.0;41289.0
521900;52433.0;11144.0;41289.0
522000;52313.0;11144.0;41169.0
522100;52379.0;11210.0;41169.0
522200;52379.0;11210.0;41169.0
522300;52353.0;11144.0;41209.0
522400;52309.0;11100.0;41209.0
522500;52508.0;11179.0;41329.0
522600;52566.5;11237.5;41329.0
522700;52308.0;11179.0;41129.0
522800;52506.0;11257.0;41249.0
522900;52548.0;11179.0;41369.0
523000;52467.0;11218.0;41249.0
523100;52467.0;11218.0;41249.0
523200;52486.5;11237.5;41249.0
523300;52328.5;11159.5;41169.0
523400;52627.0;11218.0;41409.0
523500;52468.0;11179.0;41289.0
523600;52233.5;10944.5;41289.0
523700;52562.5;11273.5;41289.0
523800;52752.0;11423.0;41329.0
523900;52662.0;11213.0;41449.0
524000;52500.0;11171.0;41329.0
524100;52500.0;11171.0;41329.0
524200;52479.0;11150.0;41329.0
524300;52662.0;11213.0;41449.0
524400;52582.0;11213.0;41369.0
524500;52582.0;11213.0;41369.0
524600;52582.0;11213.0;41369.0
524700;52702.0;11213.0;41489.0
524800;52502.0;11213.0;41289.0
524900;52475.0;11066.0;41409.0
525000;52622.0;11213.0;41409.0
525100;52622.0;11213.0;41409.0
525200;52664.0;11255.0;41409.0
525300;52861.5;11412.5;41449.0
525400;52504.0;11255.0;41249.0
525500;52514.0;11185.0;41329.0
525600;52669.0;11220.0;41449.0
525700;52880.5;11271.5;41609.0
525800;52702.0;11213.0;41489.0
525900;52561.0;10952.0;41609.0
526000;52561.0;11192.0;41369.0
526100;52681.0;11192.0;41489.0
526200;52729.0;11240.0;41489.0
526300;52983.0;11374.0;41609.0
526400;52765.0;11236.0;41529.0
526500;52965.0;11436.0;41529.0
526600;52821.0;11292.0;41529.0
526700;52905.0;11256.0;41649.0
526800;52807.0;11238.0;41569.0
526900;52861.0;11292.0;41569.0
527000;52777.0;11328.0;41449.0
527100;52825.0;11256.0;41569.0
527200;52341.0;11292.0;41049.0
527300;53297.0;11328.0;41969.0
527400;52645.0;11036.0;41609.0
527500;52921.0;11312.0;41609.0
527600;52921.0;11312.0;41609.0
527700;52961.0;11312.0;41649.0
527800;53099.0;11450.0;41649.0
527900;52961.0;11312.0;41649.0
528000;53081.0;11312.0;41769.0
528100;52961.0;11312.0;41649.0
528200;53122.0;11473.0;41649.0
528300;53001.0;11312.0;41689.0
528400;52955.0;11266.0;41689.0
528500;52835.0;11266.0;41569.0
528600;53001.0;11312.0;41689.0
528700;52955.0;11266.0;41689.0
528800;52995.0;11266.0;41729.0
528900;52949.0;11220.0;41729.0
529000;53161.0;11312.0;41849.0
529100;52995.0;11266.0;41729.0
529200;52995.0;11266.0;41729.0
529300;53081.0;11312.0;41769.0
529400;52961.0;11312.0;41649.0
529500;53155.0;11266.0;41889.0
529600;52961.0;11312.0;41649.0
529700;53081.0;11312.0;41769.0
529800;53481.0;11312.0;42169.0
529900;53121.0;11312.0;41809.0
530000;53075.0;11266.0;41809.0
530100;53075.0;11266.0;41809.0
530200;53075.0;11266.0;41809.0
530300;53075.0;11266.0;41809.0
530400;53115.0;11266.0;41849.0
530500;53115.0;11266.0;41849.0
530600;52995.0;11266.0;41729.0
530700;53201.0;11312.0;41889.0
530800;53201.0;11312.0;41889.0
530900;53201.0;11312.0;41889.0
531000;53081.0;11312.0;41769.0
531100;53081.0;11312.0;41769.0
531200;53201.0;11312.0;41889.0
531300;53241.0;11312.0;41929.0
531400;53195.0;11266.0;41929.0
531500;53195.0;11266.0;41929.0
531600;53384.0;11335.0;42049.0
531700;53195.0;11266.0;41929.0
531800;53115.0;11266.0;41849.0
531900;53235.0;11266.0;41969.0
532000;53355.0;11266.0;42089.0
532100;53235.0;11266.0;41969.0
532200;53281.0;11312.0;41969.0
532300;53369.5;11360.5;42009.0
532400;53345.0;11336.0;42009.0
532500;53345.0;11336.0;42009.0
532600;53296.0;11287.0;42009.0
532700;53271.5;11262.5;42009.0
532800;53115.5;11066.5;42049.0
532900;53434.0;11385.0;42049.0
533000;53311.5;11262.5;42049.0
533100;53385.0;11336.0;42049.0
533200;53265.0;11336.0;41929.0
533300;53785.0;11336.0;42449.0
533400;53425.0;11336.0;42089.0
533500;53425.0;11336.0;42089.0
533600;53351.5;11262.5;42089.0
533700;53523.0;11434.0;42089.0
533800;53416.0;11287.0;42129.0
533900;53416.0;11287.0;42129.0
534000;53342.5;11213.5;42129.0
534100;53418.5;11409.5;42009.0
534200;53416.0;11287.0;42129.0
534300;53456.0;11287.0;42169.0
534400;53627.5;11458.5;42169.0
534500;53456.0;11287.0;42169.0
534600;53456.0;11287.0;42169.0
534700;53551.5;11262.5;42289.0
534800;53794.0;11505.0;42289.0
534900;53514.0;11305.0;42209.0
535000;53514.0;11305.0;42209.0
535100;53474.0;11265.0;42209.0
535200;53394.0;11305.0;42089.0
535300;53394.0;11265.0;42129.0
535400;53674.0;11425.0;42249.0
535500;53674.0;11305.0;42369.0
535600;53414.0;11165.0;42249.0
535700;53674.0;11425.0;42249.0
535800;53474.0;11305.0;42169.0
535900;53534.0;11245.0;42289.0
536000;53654.0;11365.0;42289.0
536100;53636.0;11347.0;42289.0
536200;53659.0;11370.0;42289.0
536300;53544.0;11255.0;42289.0
536400;53510.0;11301.0;42209.0
536500;53464.0;11255.0;42209.0
536600;53589.0;11140.0;42449.0
536700;53630.0;11301.0;42329.0
536800;53670.0;11301.0;42369.0
536900;53670.0;11301.0;42369.0
537000;53550.0;11301.0;42249.0
537100;53670.0;11301.0;42369.0
537200;53644.5;11395.5;42249.0
537300;53804.5;11395.5;42409.0
537400;53697.0;11288.0;42409.0
537500;53697.0;11288.0;42409.0
537600;53860.0;11331.0;42529.0
537700;53740.0;11331.0;42409.0
537800;53740.0;11331.0;42409.0
537900;53780.0;11331.0;42449.0
538000;53737.0;11288.0;42449.0
538100;53780.0;11331.0;42449.0
538200;53758.5;11309.5;42449.0
538300;53734.0;11245.0;42489.0
538400;53691.0;11202.0;42489.0
538500;53657.0;11288.0;42369.0
538600;53596.0;10987.0;42609.0
538700;53648.0;11159.0;42489.0
538800;53691.0;11202.0;42489.0
538900;53688.0;11159.0;42529.0
539000;53881.5;11352.5;42529.0
539100;53774.0;11245.0;42529.0
539200;53709.5;11180.5;42529.0
539300;53814.0;11245.0;42569.0
539400;53694.0;11245.0;42449.0
539500;53771.0;11202.0;42569.0
539600;53857.0;11288.0;42569.0
539700;53814.0;11245.0;42569.0
539800;53854.0;11245.0;42609.0
539900;53854.0;11245.0;42609.0
540000;53854.0;11245.0;42609.0
540100;53868.0;11259.0;42609.0
540200;53748.0;11259.0;42489.0
540300;53908.0;11259.0;42649.0
540400;54089.5;11320.5;42769.0
540500;53908.0;11259.0;42649.0
540600;53928.5;11279.5;42649.0
540700;53867.0;11218.0;42649.0
540800;53989.0;11300.0;42689.0
540900;54109.0;11300.0;42809.0
541000;54027.0;11218.0;42809.0
541100;53968.5;11279.5;42689.0
541200;53766.5;11197.5;42569.0
541300;53947.0;11218.0;42729.0
541400;54266.0;11177.0;43089.0
541500;54008.5;11279.5;42729.0
541600;54148.0;11259.0;42889.0
541700;54148.0;11259.0;42889.0
541800;54028.0;11259.0;42769.0
541900;53966.5;11197.5;42769.0
542000;54028.0;11259.0;42769.0
542100;53908.0;11259.0;42649.0
542200;53908.0;11259.0;42649.0
542300;54329.0;11440.0;42889.0
542400;54084.0;11275.0;42809.0
542500;54237.0;11308.0;42929.0
542600;54237.0;11308.0;42929.0
542700;53971.0;11242.0;42729.0
542800;54091.0;11242.0;42849.0
542900;54211.0;11242.0;42969.0
543000;54211.0;11242.0;42969.0
543100;54107.5;11258.5;42849.0
543200;54025.0;11176.0;42849.0
543300;54044.0;11275.0;42769.0
543400;54164.0;11275.0;42889.0
543500;54218.0;11209.0;43009.0
543600;54131.0;11242.0;42889.0
543700;54131.0;11242.0;42889.0
543800;54171.0;11242.0;42929.0
543900;54171.0;11242.0;42929.0
544000;54204.0;11275.0;42929.0
544100;54171.0;11242.0;42929.0
544200;54237.0;11308.0;42929.0
544300;54194.5;11225.5;42969.0
544400;54364.5;11395.5;42969.0
544500;54277.0;11308.0;42969.0
544600;54252.0;11283.0;42969.0
544700;54372.0;11283.0;43089.0
544800;54172.0;11283.0;42889.0
544900;54292.0;11283.0;43009.0
545000;54329.5;11320.5;43009.0
545100;54172.0;11283.0;42889.0
545200;54292.0;11283.0;43009.0
545300;54294.5;11245.5;43049.0
545400;54604.5;11195.5;43409.0
545500;54187.0;11258.0;42929.0
545600;54307.0;11258.0;43049.0
545700;54369.5;11320.5;43049.0
545800;54409.5;11320.5;43089.0
545900;54769.5;11320.5;43449.0
546000;54409.5;11320.5;43089.0
546100;54529.5;11320.5;43209.0
546200;54409.5;11320.5;43089.0
546300;54409.5;11320.5;43089.0
546400;54399.5;11270.5;43129.0
546500;54362.0;11233.0;43129.0
546600;54337.0;11208.0;43129.0
546700;54337.0;11208.0;43129.0
546800;54402.0;11233.0;43169.0
546900;54547.0;11258.0;43289.0
547000;54402.0;11233.0;43169.0
547100;54402.0;11233.0;43169.0
547200;54302.0;11133.0;43169.0
547300;54369.0;11280.0;43089.0
547400;54523.0;11314.0;43209.0
547500;54523.0;11314.0;43209.0
547600;54437.0;11348.0;43089.0
547700;54540.0;11331.0;43209.0
547800;54717.0;11348.0;43369.0
547900;54597.0;11348.0;43249.0
548000;54163.0;11314.0;42849.0
548100;54495.0;11246.0;43249.0
548200;54495.0;11246.0;43249.0
548300;54700.0;11331.0;43369.0
548400;54657.0;11488.0;43169.0
548500;54657.0;11368.0;43289.0
548600;54681.0;11392.0;43289.0
548700;54645.0;11356.0;43289.0
548800;54805.0;11356.0;43449.0
548900;55057.0;11368.0;43689.0
549000;54577.0;11368.0;43209.0
549100;54709.0;11380.0;43329.0
549200;54709.0;11380.0;43329.0
549300;54737.0;11368.0;43369.0
549400;54833.0;11344.0;43489.0
549500;54833.0;11344.0;43489.0
549600;54869.0;11380.0;43489.0
549700;54833.0;11344.0;43489.0
549800;54833.0;11344.0;43489.0
549900;54633.0;11344.0;43289.0
550000;54753.0;11344.0;43409.0
550100;54597.0;11308.0;43289.0
550200;54753.0;11344.0;43409.0
550300;54849.0;11320.0;43529.0
550400;54793.0;11344.0;43449.0
550500;54793.0;11344.0;43449.0
550600;54757.0;11308.0;43449.0
550700;54817.0;11368.0;43449.0
550800;54833.0;11344.0;43489.0
550900;54833.0;11344.0;43489.0
551000;54785.0;11296.0;43489.0
551100;54833.0;11344.0;43489.0
551200;54833.0;11344.0;43489.0
551300;54753.0;11344.0;43409.0
551400;55029.0;11380.0;43649.0
551500;54473.0;11344.0;43129.0
551600;54873.0;11344.0;43529.0
551700;54909.0;11380.0;43529.0
551800;54877.0;11428.0;43449.0
551900;54913.0;11344.0;43569.0
552000;54937.0;11368.0;43569.0
552100;54937.0;11368.0;43569.0
552200;54973.0;11404.0;43569.0
552300;55001.0;11392.0;43609.0
552400;54977.0;11368.0;43609.0
552500;55013.0;11404.0;43609.0
552600;55196.0;11467.0;43729.0
552700;54991.0;11382.0;43609.0
552800;55031.0;11382.0;43649.0
552900;55101.0;11452.0;43649.0
553000;55101.0;11452.0;43649.0
553100;55221.0;11452.0;43769.0
553200;55101.0;11452.0;43649.0
553300;55141.0;11452.0;43689.0
553400;55154.5;11465.5;43689.0
553500;55208.5;11519.5;43689.0
553600;55195.0;11506.0;43689.0
553700;55168.0;11479.0;43689.0
553800;55208.0;11479.0;43729.0
553900;55208.0;11479.0;43729.0
554000;55218.0;11489.0;43729.0
554100;55251.0;11522.0;43729.0
554200;55382.0;11533.0;43849.0
554300;55280.0;11511.0;43769.0
554400;55338.0;11569.0;43769.0
554500;55370.0;11601.0;43769.0
554600;54882.0;11633.0;43249.0
554700;55466.0;11697.0;43769.0
554800;55626.0;11697.0;43929.0
554900;55378.0;11569.0;43809.0
555000;55770.0;11601.0;44169.0
555100;55410.0;11601.0;43809.0
555200;55442.0;11633.0;43809.0
555300;55450.0;11601.0;43849.0
555400;55450.0;11601.0;43849.0
555500;55418.0;11569.0;43849.0
555600;55418.0;11569.0;43849.0
555700;55066.0;11617.0;43449.0
555800;55458.0;11569.0;43889.0
555900;55458.0;11569.0;43889.0
556000;55530.0;11521.0;44009.0
556100;55458.0;11569.0;43889.0
556200;55458.0;11569.0;43889.0
556300;55482.0;11553.0;43929.0
556400;55530.0;11601.0;43929.0
556500;55466.0;11537.0;43929.0
556600;55498.0;11569.0;43929.0
556700;55112.0;11583.0;43529.0
556800;55689.0;11600.0;44089.0
556900;55398.0;11549.0;43849.0
557000;55638.0;11549.0;44089.0
557100;55536.0;11447.0;44089.0
557200;55638.0;11549.0;44089.0
557300;55558.0;11549.0;44009.0
557400;55701.0;11692.0;44009.0
557500;55733.5;11604.5;44129.0
557600;55658.5;11529.5;44129.0
557700;55632.0;11623.0;44009.0
557800;55456.0;11407.0;44049.0
557900;55670.5;11621.5;44049.0
558000;55492.0;11563.0;43929.0
558100;55531.0;11602.0;43929.0
558200;55651.0;11602.0;44049.0
558300;55649.0;11680.0;43969.0
558400;55730.0;11641.0;44089.0
558500;55454.0;11485.0;43969.0
558600;55691.0;11602.0;44089.0
558700;55769.0;11680.0;44089.0
558800;56130.0;11641.0;44489.0
558900;55890.0;11641.0;44249.0
559000;55809.0;11680.0;44129.0
559100;55809.0;11680.0;44129.0
559200;55750.5;11621.5;44129.0
559300;55810.0;11641.0;44169.0
559400;55832.5;11543.5;44289.0
559500;55849.0;11680.0;44169.0
559600;55771.0;11602.0;44169.0
559700;55931.0;11602.0;44329.0
559800;55811.0;11602.0;44209.0
559900;55772.0;11563.0;44209.0
560000;55791.5;11582.5;44209.0
560100;55652.0;11563.0;44089.0
560200;55772.0;11563.0;44209.0
560300;55821.0;11572.0;44249.0
560400;55887.0;11638.0;44249.0
560500;55887.0;11638.0;44249.0
560600;55887.0;11638.0;44249.0
560700;55887.0;11638.0;44249.0
560800;56096.5;11807.5;44289.0
560900;55912.5;11623.5;44289.0
561000;55947.0;11658.0;44289.0
561100;55427.0;11658.0;43769.0
561200;56101.5;11692.5;44409.0
561300;55547.0;11658.0;43889.0
561400;55987.0;11658.0;44329.0
561500;55786.5;11577.5;44209.0
561600;55906.5;11577.5;44329.0
561700;56021.5;11692.5;44329.0
561800;56050.0;11681.0;44369.0
561900;56130.5;11761.5;44369.0
562000;56027.0;11658.0;44369.0
562100;55992.5;11623.5;44369.0
562200;56147.0;11658.0;44489.0
562300;56124.0;11635.0;44489.0
562400;56187.0;11658.0;44529.0
562500;56187.0;11658.0;44529.0
562600;56044.0;11635.0;44409.0
562700;56044.0;11635.0;44409.0
562800;56084.0;11635.0;44449.0
562900;55964.0;11635.0;44329.0
563000;56084.0;11635.0;44449.0
563100;56095.5;11646.5;44449.0
563200;56061.0;11612.0;44449.0
563300;56038.5;11669.5;44369.0
563400;55947.0;11658.0;44289.0
563500;56186.5;11577.5;44609.0
563600;56027.0;11658.0;44369.0
563700;56067.0;11658.0;44409.0
563800;56164.0;11635.0;44529.0
563900;56044.0;11635.0;44409.0
564000;56044.0;11635.0;44409.0
564100;56009.5;11600.5;44409.0
564200;56141.0;11612.0;44529.0
564300;56158.0;11589.0;44569.0
564400;56181.0;11612.0;44569.0
564500;56261.5;11692.5;44569.0
564600;56227.0;11658.0;44569.0
564700;56204.0;11635.0;44569.0
564800;56158.0;11589.0;44569.0
564900;55729.0;11520.0;44209.0
565000;55809.5;11600.5;44209.0
565100;56244.0;11635.0;44609.0
565200;56124.0;11635.0;44489.0
565300;56284.0;11635.0;44649.0
565400;56284.0;11635.0;44649.0
565500;56261.0;11612.0;44649.0
565600;56261.0;11612.0;44649.0
565700;56284.0;11635.0;44649.0
565800;56181.0;11612.0;44569.0
565900;56278.0;11589.0;44689.0
566000;56301.0;11612.0;44689.0
566100;55901.0;11612.0;44289.0
566200;56301.0;11612.0;44689.0
566300;56747.0;11658.0;45089.0
566400;56461.0;11612.0;44849.0
566500;56484.0;11635.0;44849.0
566600;56413.0;11684.0;44729.0
566700;56333.0;11684.0;44649.0
566800;56453.0;11684.0;44769.0
566900;56453.0;11684.0;44769.0
567000;56421.0;11652.0;44769.0
567100;56461.0;11692.0;44769.0
567200;56573.0;11684.0;44889.0
567300;56589.0;11780.0;44809.0
567400;56563.0;11754.0;44809.0
567500;56443.0;11754.0;44689.0
567600;56709.0;11780.0;44929.0
567700;56615.0;11806.0;44809.0
567800;56629.0;11780.0;44849.0
567900;56590.0;11741.0;44849.0
568000;56509.0;11780.0;44729.0
568100;56483.0;11754.0;44729.0
568200;56749.0;11780.0;44969.0
568300;56695.0;11806.0;44889.0
568400;56695.0;11806.0;44889.0
568500;56601.0;11832.0;44769.0
568600;56721.0;11832.0;44889.0
568700;56682.0;11793.0;44889.0
568800;56761.0;11832.0;44929.0
568900;56761.0;11832.0;44929.0
569000;56761.0;11832.0;44929.0
569100;56761.0;11832.0;44929.0
569200;56761.0;11832.0;44929.0
569300;56933.0;11884.0;45049.0
569400;56801.0;11832.0;44969.0
569500;56892.0;11923.0;44969.0
569600;56947.0;11858.0;45089.0
569700;56747.0;11858.0;44889.0
569800;56493.0;11884.0;44609.0
569900;56867.0;11858.0;45009.0
570000;56906.0;11897.0;45009.0
570100;56867.0;11858.0;45009.0
570200;56867.0;11858.0;45009.0
570300;56933.0;11884.0;45049.0
570400;56907.0;11858.0;45049.0
570500;56907.0;11858.0;45049.0
570600;56907.0;11858.0;45049.0
570700;57027.0;11858.0;45169.0
570800;57067.0;11858.0;45209.0
570900;56947.0;11858.0;45089.0
571000;56947.0;11858.0;45089.0
571100;56814.0;11845.0;44969.0
571200;56973.0;11884.0;45089.0
571300;56947.0;11858.0;45089.0
571400;57107.0;11858.0;45249.0
571500;56987.0;11858.0;45129.0
571600;56948.0;11819.0;45129.0
571700;56868.0;11819.0;45049.0
571800;56988.0;11819.0;45169.0
571900;57027.0;11858.0;45169.0
572000;57121.0;11832.0;45289.0
572100;57001.0;11832.0;45169.0
572200;56975.0;11806.0;45169.0
572300;57121.0;11832.0;45289.0
572400;57067.0;11858.0;45209.0
572500;57067.0;11858.0;45209.0
572600;57067.0;11858.0;45209.0
572700;57187.0;11858.0;45329.0
572800;57107.0;11858.0;45249.0
572900;56987.0;11858.0;45129.0
573000;57081.0;11832.0;45249.0
573100;57081.0;11832.0;45249.0
573200;57083.0;11834.0;45249.0
573300;57083.0;11834.0;45249.0
573400;57047.0;11798.0;45249.0
573500;56723.0;11834.0;44889.0
573600;57099.0;11810.0;45289.0
573700;57643.0;11834.0;45809.0
573800;57187.0;11858.0;45329.0
573900;57307.0;11858.0;45449.0
574000;57187.0;11858.0;45329.0
574100;57062.0;11893.0;45169.0
574200;57135.0;11926.0;45209.0
574300;57295.0;11926.0;45369.0
574400;57122.5;11873.5;45249.0
574500;57295.0;11926.0;45369.0
574600;57211.0;11842.0;45369.0
574700;57295.0;11926.0;45369.0
574800;57335.0;11926.0;45409.0
574900;57299.0;11890.0;45409.0
575000;57335.0;11926.0;45409.0
575100;57455.0;11926.0;45529.0
575200;57335.0;11926.0;45409.0
575300;57351.0;11902.0;45449.0
575400;57255.0;11926.0;45329.0
575500;57255.0;11926.0;45329.0
575600;57387.0;11938.0;45449.0
575700;57399.0;11950.0;45449.0
575800;57559.0;11950.0;45609.0
575900;57535.0;11926.0;45609.0
576000;57415.0;11926.0;45489.0
576100;57415.0;11926.0;45489.0
576200;57415.0;11926.0;45489.0
576300;57455.0;11926.0;45529.0
576400;57575.0;11926.0;45649.0
576500;57055.0;11926.0;45129.0
576600;57455.0;11926.0;45529.0
576700;57515.0;11986.0;45529.0
576800;57495.0;11926.0;45569.0
576900;57471.0;11902.0;45569.0
577000;57591.0;11902.0;45689.0
577100;57495.0;11926.0;45569.0
577200;57471.0;11902.0;45569.0
577300;57535.0;11926.0;45609.0
577400;57511.0;11902.0;45609.0
577500;57511.0;11902.0;45609.0
577600;57535.0;11926.0;45609.0
577700;57159.0;11950.0;45209.0
577800;57159.0;11950.0;45209.0
577900;57575.0;11926.0;45649.0
578000;57539.0;11890.0;45649.0
578100;57431.0;11902.0;45529.0
578200;57551.0;11902.0;45649.0
578300;57151.0;11902.0;45249.0
578400;57579.0;11770.0;45809.0
578500;57571.0;11882.0;45689.0
578600;57721.0;12032.0;45689.0
578700;57531.0;11922.0;45609.0
578800;57651.0;11922.0;45729.0
578900;57629.0;11900.0;45729.0
579000;57539.5;11810.5;45729.0
579100;57419.5;11810.5;45609.0
579200;57688.0;11959.0;45729.0
579300;57608.0;11959.0;45649.0
579400;57728.0;11959.0;45769.0
579500;57554.0;11905.0;45649.0
579600;57674.0;11905.0;45769.0
579700;57714.5;11945.5;45769.0
579800;57741.0;11932.0;45809.0
579900;57714.0;11905.0;45809.0
580000;57741.0;11932.0;45809.0
580100;57594.0;11905.0;45689.0
580200;57661.5;11972.5;45689.0
580300;57754.0;11905.0;45849.0
580400;57781.0;11932.0;45849.0
580500;57874.0;11905.0;45969.0
580600;57781.0;11932.0;45849.0
580700;57781.0;11932.0;45849.0
580800;57755.0;11746.0;46009.0
580900;57948.5;12059.5;45889.0
581000;57866.0;11977.0;45889.0
581100;57866.0;11977.0;45889.0
581200;57953.0;11944.0;46009.0
581300;57873.0;11944.0;45929.0
581400;57906.0;11977.0;45929.0
581500;57887.0;11958.0;45929.0
581600;57887.0;11958.0;45929.0
581700;57652.0;11803.0;45849.0
581800;58016.0;11927.0;46089.0
581900;57807.0;11958.0;45849.0
582000;57807.0;11958.0;45849.0
582100;57736.0;11927.0;45809.0
582200;57807.0;11958.0;45849.0
582300;57967.0;11958.0;46009.0
582400;58087.0;11958.0;46129.0
582500;57967.0;11958.0;46009.0
582600;57967.0;11958.0;46009.0
582700;57967.0;11958.0;46009.0
582800;57976.0;11927.0;46049.0
582900;57918.0;11989.0;45929.0
583000;58007.0;11958.0;46049.0
583100;57976.0;11927.0;46049.0
583200;57754.0;11705.0;46049.0
583300;58054.0;11965.0;46089.0
583400;57934.0;11845.0;46089.0
583500;58054.0;11845.0;46209.0
583600;58014.0;11925.0;46089.0
583700;58034.0;11945.0;46089.0
583800;58074.0;11945.0;46129.0
583900;58153.5;12024.5;46129.0
584000;58201.0;12072.0;46129.0
584100;58226.0;12097.0;46129.0
584200;58226.0;12097.0;46129.0
584300;58251.0;12122.0;46129.0
584400;58303.5;12134.5;46169.0
584500;58171.0;12122.0;46049.0
584600;58291.0;12122.0;46169.0
584700;58316.0;12147.0;46169.0
584800;58356.0;12147.0;46209.0
584900;58261.0;12172.0;46089.0
585000;58356.0;12147.0;46209.0
585100;58356.0;12147.0;46209.0
585200;58356.0;12147.0;46209.0
585300;58451.0;12122.0;46329.0
585400;58276.0;12147.0;46129.0
585500;58516.0;12147.0;46369.0
585600;58396.0;12147.0;46249.0
585700;58516.0;12147.0;46369.0
585800;58498.5;12209.5;46289.0
585900;58556.0;12147.0;46409.0
586000;58411.0;12122.0;46289.0
586100;58411.0;12122.0;46289.0
586200;58423.0;12134.0;46289.0
586300;58509.5;12180.5;46329.0
586400;58583.0;12134.0;46449.0
586500;58463.0;12134.0;46329.0
586600;58389.5;12180.5;46209.0
586700;58445.0;12196.0;46249.0
586800;58534.0;12165.0;46369.0
586900;58534.0;12165.0;46369.0
587000;58503.0;12134.0;46369.0
587100;58623.0;12134.0;46489.0
587200;58832.0;12103.0;46729.0
587300;58623.0;12134.0;46489.0
587400;58623.0;12134.0;46489.0
587500;58574.0;12165.0;46409.0
587600;58558.5;12149.5;46409.0
587700;58543.0;12134.0;46409.0
587800;58552.0;12103.0;46449.0
587900;58401.0;12072.0;46329.0
588000;58463.0;12134.0;46329.0
588100;58583.0;12134.0;46449.0
588200;58463.0;12134.0;46329.0
588300;58623.0;12134.0;46489.0
588400;58983.0;12134.0;46849.0
588500;58743.0;12134.0;46609.0
588600;58623.0;12134.0;46489.0
588700;58543.0;12134.0;46409.0
588800;58663.0;12134.0;46529.0
588900;58694.0;12165.0;46529.0
589000;58610.0;11961.0;46649.0
589100;58675.0;12146.0;46529.0
589200;58675.0;12146.0;46529.0
589300;58715.0;12146.0;46569.0
589400;58210.5;12201.5;46009.0
589500;58835.0;12146.0;46689.0
589600;58881.5;12312.5;46569.0
589700;58752.0;12183.0;46569.0
589800;58752.0;12183.0;46569.0
589900;58792.0;12183.0;46609.0
590000;58792.0;12183.0;46609.0
590100;58847.5;12238.5;46609.0
590200;58912.0;12183.0;46729.0
590300;58793.0;12064.0;46729.0
590400;58793.0;12064.0;46729.0
590500;58832.0;12183.0;46649.0
590600;58952.0;12183.0;46769.0
590700;58866.0;12217.0;46649.0
590800;58991.0;12302.0;46689.0
590900;58786.0;12217.0;46569.0
591000;58906.0;12217.0;46689.0
591100;58855.0;12166.0;46689.0
591200;58855.0;12166.0;46689.0
591300;58906.0;12217.0;46689.0
591400;58929.0;12200.0;46729.0
591500;58912.0;12183.0;46729.0
591600;58792.0;12183.0;46609.0
591700;58832.0;12183.0;46649.0
591800;58832.0;12183.0;46649.0
591900;59072.0;12183.0;46889.0
592000;58969.0;12200.0;46769.0
592100;58918.0;12149.0;46769.0
592200;58798.0;12149.0;46649.0
592300;58907.0;12098.0;46809.0
592400;58958.0;12149.0;46809.0
592500;58924.0;12115.0;46809.0
592600;58924.0;12115.0;46809.0
592700;59026.0;12217.0;46809.0
592800;59101.0;12132.0;46969.0
592900;58810.0;12081.0;46729.0
593000;58964.0;12115.0;46849.0
593100;58896.0;12047.0;46849.0
593200;59050.0;12081.0;46969.0
593300;58833.0;12064.0;46769.0
593400;58816.0;12047.0;46769.0
593500;58936.0;12047.0;46889.0
593600;58885.0;11996.0;46889.0
593700;58936.0;12047.0;46889.0
593800;58976.0;12047.0;46929.0
593900;59096.0;12047.0;47049.0
594000;59078.0;12149.0;46929.0
594100;58976.0;12047.0;46929.0
594200;58959.0;12030.0;46929.0
594300;58964.0;12115.0;46849.0
594400;59084.0;12115.0;46969.0
594500;59016.0;12047.0;46969.0
594600;58914.0;11945.0;46969.0
594700;59016.0;12047.0;46969.0
594800;58982.0;12013.0;46969.0
594900;59193.0;12064.0;47129.0
595000;59070.0;12061.0;47009.0
595100;59022.0;12013.0;47009.0
595200;59038.0;12029.0;47009.0
595300;58974.0;12125.0;46849.0
595400;59262.0;12093.0;47169.0
595500;59142.0;12093.0;47049.0
595600;59142.0;12093.0;47049.0
595700;59142.0;12093.0;47049.0
595800;59182.0;12093.0;47089.0
595900;59182.0;12093.0;47089.0
596000;59182.0;12093.0;47089.0
596100;59182.0;12093.0;47089.0
596200;59198.0;12109.0;47089.0
596300;59222.0;12093.0;47129.0
596400;59190.0;12061.0;47129.0
596500;59190.0;12061.0;47129.0
596600;59190.0;12061.0;47129.0
596700;59254.0;12125.0;47129.0
596800;59294.0;12125.0;47169.0
596900;59262.0;12093.0;47169.0
597000;59262.0;12093.0;47169.0
597100;59102.0;12093.0;47009.0
597200;59262.0;12093.0;47169.0
597300;59302.0;12093.0;47209.0
597400;59398.0;12189.0;47209.0
597500;59302.0;12093.0;47209.0
597600;59422.0;12093.0;47329.0
597700;59270.0;12141.0;47129.0
597800;59326.0;12077.0;47249.0
597900;59342.0;12093.0;47249.0
598000;59358.0;12109.0;47249.0
598100;59374.0;12125.0;47249.0
598200;59374.0;12125.0;47249.0
598300;59462.0;12093.0;47369.0
598400;59414.0;12125.0;47289.0
598500;59414.0;12125.0;47289.0
598600;59260.0;11971.0;47289.0
598700;59422.0;12133.0;47289.0
598800;59378.0;12169.0;47209.0
598900;59342.0;12133.0;47209.0
599000;59462.0;12133.0;47329.0
599100;59378.0;12169.0;47209.0
599200;59498.0;12169.0;47329.0
599300;59538.0;12169.0;47369.0
599400;59628.0;12259.0;47369.0
599500;59538.0;12169.0;47369.0
599600;59418.0;12169.0;47249.0
599700;59538.0;12169.0;47369.0
599800;59542.0;12133.0;47409.0
599900;59614.0;12205.0;47409.0
600000;59578.0;12169.0;47409.0
600100;59578.0;12169.0;47409.0
600200;59524.0;12115.0;47409.0
600300;59618.0;12169.0;47449.0
600400;59684.0;12115.0;47569.0
600500;59618.0;12169.0;47449.0
600600;59660.0;12211.0;47449.0
600700;59702.0;12253.0;47449.0
600800;59843.0;12274.0;47569.0
600900;59763.0;12274.0;47489.0
601000;59763.0;12274.0;47489.0
601100;59778.0;12169.0;47609.0
601200;59433.0;12064.0;47369.0
601300;59557.0;12148.0;47409.0
601400;59740.0;12211.0;47529.0
601500;59740.0;12211.0;47529.0
601600;59662.0;12253.0;47409.0
601700;59580.0;12211.0;47369.0
601800;59740.0;12211.0;47529.0
601900;59780.0;12211.0;47569.0
602000;59780.0;12211.0;47569.0
602100;59660.0;12211.0;47449.0
602200;59820.0;12211.0;47609.0
602300;59820.0;12211.0;47609.0
602400;59820.0;12211.0;47609.0
602500;59820.0;12211.0;47609.0
602600;59778.0;12169.0;47609.0
602700;59778.0;12169.0;47609.0
602800;59778.0;12169.0;47609.0
602900;59740.0;12211.0;47529.0
603000;59740.0;12211.0;47529.0
603100;59839.0;12190.0;47649.0
603200;59924.0;12235.0;47689.0
603300;59924.0;12235.0;47689.0
603400;59804.0;12235.0;47569.0
603500;59804.0;12235.0;47569.0
603600;59924.0;12235.0;47689.0
603700;59924.0;12235.0;47689.0
603800;59924.0;12235.0;47689.0
603900;59874.0;12145.0;47729.0
604000;59874.0;12145.0;47729.0
604100;59919.0;12190.0;47729.0
604200;59614.0;11965.0;47649.0
604300;60026.5;12257.5;47769.0
604400;60026.5;12257.5;47769.0
604500;60364.0;12235.0;48129.0
604600;60146.5;12257.5;47889.0
604700;60079.0;12190.0;47889.0
604800;59959.0;12190.0;47769.0
604900;59976.5;12167.5;47809.0
605000;59856.5;12167.5;47689.0
605100;59811.5;12122.5;47689.0
605200;59994.0;12145.0;47849.0
605300;59919.0;12190.0;47729.0
605400;60039.0;12190.0;47849.0
605500;60039.0;12190.0;47849.0
605600;60084.0;12235.0;47849.0
605700;60159.0;12190.0;47969.0
605800;60039.0;12190.0;47849.0
605900;60039.0;12190.0;47849.0
606000;60124.0;12235.0;47889.0
606100;60034.0;12145.0;47889.0
606200;60124.0;12235.0;47889.0
606300;60164.0;12235.0;47929.0
606400;60119.0;12190.0;47929.0
606500;60119.0;12190.0;47929.0
606600;60119.0;12190.0;47929.0
606700;60321.5;12392.5;47929.0
606800;60239.0;12190.0;48049.0
606900;60204.0;12235.0;47969.0
607000;60016.5;12167.5;47849.0
607100;60084.0;12235.0;47849.0
607200;60266.5;12257.5;48009.0
607300;60289.0;12280.0;48009.0
607400;60265.0;12256.0;48009.0
607500;60377.0;12208.0;48169.0
607600;60265.0;12256.0;48009.0
607700;60265.0;12256.0;48009.0
607800;60235.5;12226.5;48009.0
607900;60220.0;12291.0;47929.0
608000;60383.0;12334.0;48049.0
608100;60383.0;12334.0;48049.0
608200;60229.5;12140.5;48089.0
608300;60564.5;12355.5;48209.0
608400;60251.0;12162.0;48089.0
608500;60500.0;12291.0;48209.0
608600;60137.0;12248.0;47889.0
608700;60457.0;12248.0;48209.0
608800;60543.5;12054.5;48489.0
608900;60420.0;12291.0;48129.0
609000;60463.0;12334.0;48129.0
609100;60570.5;12441.5;48129.0
609200;60503.0;12334.0;48169.0
609300;60503.0;12334.0;48169.0
609400;60623.0;12334.0;48289.0
609500;60438.5;12269.5;48169.0
609600;60503.0;12334.0;48169.0
609700;60189.5;12140.5;48049.0
609800;60503.0;12334.0;48169.0
609900;60586.0;12377.0;48209.0
610000;60401.5;12312.5;48089.0
610100;60586.0;12377.0;48209.0
610200;60629.0;12420.0;48209.0
610300;60626.0;12377.0;48249.0
610400;60626.0;12377.0;48249.0
610500;60669.0;12420.0;48249.0
610600;60583.0;12334.0;48249.0
610700;60604.5;12355.5;48249.0
610800;60712.0;12463.0;48249.0
610900;60786.0;12377.0;48409.0
611000;60494.0;12205.0;48289.0
611100;60709.0;12420.0;48289.0
611200;60749.0;12420.0;48329.0
611300;60869.0;12420.0;48449.0
611400;60749.0;12420.0;48329.0
611500;60912.0;12463.0;48449.0
611600;60797.0;12468.0;48329.0
611700;60821.5;12492.5;48329.0
611800;60895.0;12566.0;48329.0
611900;60931.0;12682.0;48249.0
612000;60842.0;12473.0;48369.0
612100;60972.0;12603.0;48369.0
612200;61090.0;12681.0;48409.0
612300;60582.0;12733.0;47849.0
612400;61064.0;12655.0;48409.0
612500;61064.0;12655.0;48409.0
612600;60986.0;12577.0;48409.0
612700;61064.0;12655.0;48409.0
612800;61064.0;12655.0;48409.0
612900;61104.0;12655.0;48449.0
613000;61224.0;12655.0;48569.0
613100;61052.0;12603.0;48449.0
613200;61092.0;12603.0;48489.0
613300;60972.0;12603.0;48369.0
613400;61264.0;12655.0;48609.0
613500;60962.0;12473.0;48489.0
613600;61118.0;12629.0;48489.0
613700;61160.0;12551.0;48609.0
613800;61040.0;12551.0;48489.0
613900;61080.0;12551.0;48529.0
614000;61200.0;12551.0;48649.0
614100;61080.0;12551.0;48529.0
614200;61080.0;12551.0;48529.0
614300;61068.0;12499.0;48569.0
614400;61068.0;12499.0;48569.0
614500;61032.0;12343.0;48689.0
614600;61068.0;12499.0;48569.0
614700;61042.0;12473.0;48569.0
614800;61068.0;12499.0;48569.0
614900;61186.0;12577.0;48609.0
615000;61108.0;12499.0;48609.0
615100;61108.0;12499.0;48609.0
615200;61122.0;12473.0;48649.0
615300;61148.0;12499.0;48649.0
615400;61346.0;12577.0;48769.0
615500;61242.0;12473.0;48769.0
615600;61183.0;12534.0;48649.0
615700;61230.0;12581.0;48649.0
615800;61230.0;12581.0;48649.0
615900;61390.0;12581.0;48809.0
616000;61270.0;12581.0;48689.0
616100;61223.0;12534.0;48689.0
616200;61343.0;12534.0;48809.0
616300;61263.0;12534.0;48729.0
616400;61263.0;12534.0;48729.0
616500;61192.5;12463.5;48729.0
616600;61263.0;12534.0;48729.0
616700;61663.0;12534.0;49129.0
616800;61192.5;12463.5;48729.0
616900;61256.0;12487.0;48769.0
617000;61376.0;12487.0;48889.0
617100;61376.0;12487.0;48889.0
617200;61249.0;12440.0;48809.0
617300;61296.0;12487.0;48809.0
617400;61176.0;12487.0;48689.0
617500;61225.5;12416.5;48809.0
617600;61296.0;12487.0;48809.0
617700;61176.0;12487.0;48689.0
617800;61296.0;12487.0;48809.0
617900;61336.0;12487.0;48849.0
618000;61265.5;12416.5;48849.0
618100;61289.0;12440.0;48849.0
618200;61376.0;12487.0;48889.0
618300;61449.0;12440.0;49009.0
618400;61543.0;12534.0;49009.0
618500;61376.0;12487.0;48889.0
618600;61423.0;12534.0;48889.0
618700;61094.0;12205.0;48889.0
618800;61329.0;12440.0;48889.0
618900;61345.5;12416.5;48929.0
619000;61439.5;12510.5;48929.0
619100;61439.5;12510.5;48929.0
619200;61385.5;12416.5;48969.0
619300;61385.5;12416.5;48969.0
619400;61456.0;12487.0;48969.0
619500;61456.0;12487.0;48969.0
619600;61456.0;12487.0;48969.0
619700;61479.5;12510.5;48969.0
619800;61409.0;12440.0;48969.0
619900;61449.0;12440.0;49009.0
620000;61496.0;12487.0;49009.0
620100;61543.0;12534.0;49009.0
620200;61663.0;12534.0;49129.0
620300;61656.0;12487.0;49169.0
620400;61345.5;12416.5;48929.0
620500;61536.0;12487.0;49049.0
620600;61656.0;12487.0;49169.0
620700;61592.0;12543.0;49049.0
620800;61992.0;12543.0;49449.0
620900;61573.5;12484.5;49089.0
621000;61473.0;12504.0;48969.0
621100;61473.0;12504.0;48969.0
621200;61633.0;12504.0;49129.0
621300;61633.0;12504.0;49129.0
621400;61633.0;12504.0;49129.0
621500;61513.0;12504.0;49009.0
621600;61672.0;12543.0;49129.0
621700;61753.0;12504.0;49249.0
621800;61753.0;12504.0;49249.0
621900;61673.0;12504.0;49169.0
622000;61793.0;12504.0;49289.0
622100;61712.0;12543.0;49169.0
622200;61732.5;12523.5;49209.0
622300;61771.5;12562.5;49209.0
622400;61791.0;12582.0;49209.0
622500;61752.0;12543.0;49209.0
622600;61791.0;12582.0;49209.0
622700;61791.0;12582.0;49209.0
622800;61791.0;12582.0;49209.0
622900;61845.5;12596.5;49249.0
623000;61898.0;12649.0;49249.0
623100;61863.0;12614.0;49249.0
623200;61835.5;12666.5;49169.0
623300;61973.0;12684.0;49289.0
623400;61973.0;12684.0;49289.0
623500;62043.0;12754.0;49289.0
623600;61938.0;12649.0;49289.0
623700;61973.0;12684.0;49289.0
623800;61938.0;12649.0;49289.0
623900;61938.0;12649.0;49289.0
624000;61978.0;12649.0;49329.0
624100;61978.0;12649.0;49329.0
624200;62053.0;12684.0;49369.0
624300;62053.0;12684.0;49369.0
624400;62053.0;12684.0;49369.0
624500;62060.0;12691.0;49369.0
624600;61919.5;12670.5;49249.0
624700;61940.0;12691.0;49249.0
624800;61998.5;12629.5;49369.0
624900;62158.5;12629.5;49529.0
625000;62018.0;12609.0;49409.0
625100;61915.5;12506.5;49409.0
625200;61917.5;12588.5;49329.0
625300;62017.0;12568.0;49449.0
625400;61897.0;12568.0;49329.0
625500;62058.0;12609.0;49449.0
625600;62260.0;12691.0;49569.0
625700;62099.0;12650.0;49449.0
625800;62099.0;12650.0;49449.0
625900;62099.0;12650.0;49449.0
626000;61934.0;12445.0;49489.0
626100;62139.0;12650.0;49489.0
626200;62259.0;12650.0;49609.0
626300;62299.0;12650.0;49649.0
626400;62179.0;12650.0;49529.0
626500;62179.0;12650.0;49529.0
626600;62199.5;12670.5;49529.0
626700;62138.0;12609.0;49529.0
626800;62199.5;12670.5;49529.0
626900;62178.0;12609.0;49569.0
627000;62298.0;12609.0;49689.0
627100;62219.0;12650.0;49569.0
627200;62259.0;12650.0;49609.0
627300;62259.0;12650.0;49609.0
627400;62619.0;12650.0;49969.0
627500;62218.0;12609.0;49609.0
627600;62218.0;12609.0;49609.0
627700;62098.0;12609.0;49489.0
627800;62156.5;12547.5;49609.0
627900;62196.5;12547.5;49649.0
628000;62217.0;12568.0;49649.0
628100;62299.0;12650.0;49649.0
628200;62298.0;12609.0;49689.0
628300;62298.0;12609.0;49689.0
628400;62298.0;12609.0;49689.0
628500;62418.0;12609.0;49809.0
628600;62298.0;12609.0;49689.0
628700;62298.0;12609.0;49689.0
628800;62339.0;12650.0;49689.0
628900;62450.5;12721.5;49729.0
629000;62398.0;12669.0;49729.0
629100;62465.5;12616.5;49849.0
629200;61998.0;12669.0;49329.0
629300;62265.5;12616.5;49649.0
629400;62403.0;12634.0;49769.0
629500;62403.0;12634.0;49769.0
629600;62455.5;12686.5;49769.0
629700;62350.5;12581.5;49769.0
629800;62350.5;12581.5;49769.0
629900;62323.0;12634.0;49689.0
630000;62270.5;12581.5;49689.0
630100;62478.0;12669.0;49809.0
630200;62310.5;12581.5;49729.0
630300;62448.0;12599.0;49849.0
630400;62500.5;12651.5;49849.0
630500;62500.5;12651.5;49849.0
630600;62568.0;12599.0;49969.0
630700;62465.5;12616.5;49849.0
630800;62625.5;12616.5;50009.0
630900;62488.0;12599.0;49889.0
631000;62488.0;12599.0;49889.0
631100;62420.5;12651.5;49769.0
631200;62563.0;12634.0;49929.0
631300;62545.5;12616.5;49929.0
631400;62528.0;12599.0;49929.0
631500;62528.0;12599.0;49929.0
631600;62528.0;12599.0;49929.0
631700;62423.0;12494.0;49929.0
631800;62683.0;12634.0;50049.0
631900;62723.0;12634.0;50089.0
632000;62603.0;12634.0;49969.0
632100;62603.0;12634.0;49969.0
632200;62643.0;12634.0;50009.0
632300;62633.0;12624.0;50009.0
632400;62678.0;12669.0;50009.0
632500;62558.0;12669.0;49889.0
632600;62558.0;12669.0;49889.0
632700;62678.0;12669.0;50009.0
632800;62643.0;12714.0;49929.0
632900;62673.0;12744.0;49929.0
633000;62558.0;12669.0;49889.0
633100;62628.0;12699.0;49929.0
633200;62758.0;12669.0;50089.0
633300;62698.0;12609.0;50089.0
633400;62728.0;12639.0;50089.0
633500;62758.0;12669.0;50089.0
633600;62758.0;12669.0;50089.0
633700;62758.0;12549.0;50209.0
633800;62723.0;12714.0;50009.0
633900;62663.0;12654.0;50009.0
634000;62783.0;12654.0;50129.0
634100;62783.0;12654.0;50129.0
634200;62994.0;12745.0;50249.0
634300;62850.0;12681.0;50169.0
634400;63242.0;12713.0;50529.0
634500;62882.0;12713.0;50169.0
634600;62882.0;12713.0;50169.0
634700;63002.0;12713.0;50289.0
634800;62882.0;12713.0;50169.0
634900;62922.0;12713.0;50209.0
635000;62754.0;12665.0;50089.0
635100;62802.0;12713.0;50089.0
635200;62962.0;12713.0;50249.0
635300;62946.0;12697.0;50249.0
635400;63026.0;12777.0;50249.0
635500;63146.0;12777.0;50369.0
635600;62994.0;12745.0;50249.0
635700;63042.0;12793.0;50249.0
635800;62994.0;12745.0;50249.0
635900;63034.0;12745.0;50289.0
636000;63186.0;12777.0;50409.0
636100;62962.0;12793.0;50169.0
636200;63106.0;12777.0;50329.0
636300;63138.0;12809.0;50329.0
636400;63138.0;12809.0;50329.0
636500;63138.0;12809.0;50329.0
636600;62986.0;12777.0;50209.0
636700;62986.0;12777.0;50209.0
636800;62994.0;12745.0;50249.0
636900;63146.0;12777.0;50369.0
637000;63026.0;12777.0;50249.0
637100;63114.0;12745.0;50369.0
637200;63186.0;12777.0;50409.0
637300;63186.0;12777.0;50409.0
637400;63306.0;12777.0;50529.0
637500;63186.0;12777.0;50409.0
637600;63186.0;12777.0;50409.0
637700;63210.0;12681.0;50529.0
637800;63258.0;12809.0;50449.0
637900;63226.0;12777.0;50449.0
638000;63290.0;12841.0;50449.0
638100;63378.0;12809.0;50569.0
638200;63234.0;12745.0;50489.0
638300;63298.0;12809.0;50489.0
638400;63298.0;12809.0;50489.0
638500;63354.0;12745.0;50609.0
638600;63266.0;12777.0;50489.0
638700;63386.0;12777.0;50609.0
638800;63250.0;12761.0;50489.0
638900;63274.0;12745.0;50529.0
639000;63274.0;12745.0;50529.0
639100;63270.0;12861.0;50409.0
639200;63030.0;12621.0;50409.0
639300;63421.0;12852.0;50569.0
639400;63421.0;12852.0;50569.0
639500;63421.0;12852.0;50569.0
639600;63454.0;12885.0;50569.0
639700;63454.0;12885.0;50569.0
639800;63487.0;12918.0;50569.0
639900;63581.0;12852.0;50729.0
640000;63444.5;12835.5;50609.0
640100;63614.0;12885.0;50729.0
640200;63647.0;12918.0;50729.0
640300;63567.0;12918.0;50649.0
640400;63447.0;12918.0;50529.0
640500;63795.0;13026.0;50769.0
640600;63651.0;13002.0;50649.0
640700;63581.0;12932.0;50649.0
640800;63581.0;12932.0;50649.0
640900;63769.0;12960.0;50809.0
641000;63649.0;12960.0;50689.0
641100;63649.0;12960.0;50689.0
641200;63689.0;12960.0;50729.0
641300;63661.0;12932.0;50729.0
641400;63689.0;12960.0;50729.0
641500;63689.0;12960.0;50729.0
641600;63865.0;13016.0;50849.0
641700;63731.0;13002.0;50729.0
641800;63689.0;12960.0;50729.0
641900;63609.0;12960.0;50649.0
642000;63917.0;13028.0;50889.0
642100;63774.0;13005.0;50769.0
642200;63814.0;13005.0;50809.0
642300;63694.0;13005.0;50689.0
642400;63671.0;12982.0;50689.0
642500;63791.0;12982.0;50809.0
642600;63791.0;12982.0;50809.0
642700;63631.0;12982.0;50649.0
642800;63791.0;12982.0;50809.0
642900;63867.0;13018.0;50849.0
643000;63313.0;12984.0;50329.0
643100;63772.5;13043.5;50729.0
643200;63839.0;12950.0;50889.0
643300;63864.5;12975.5;50889.0
643400;63890.0;13001.0;50889.0
643500;64044.0;13035.0;51009.0
643600;63890.0;13001.0;50889.0
643700;63753.0;12984.0;50769.0
643800;64018.5;13009.5;51009.0
643900;64075.5;13026.5;51049.0
644000;63930.0;13001.0;50929.0
644100;63947.0;13018.0;50929.0
644200;64041.5;12992.5;51049.0
644300;64001.0;13032.0;50969.0
644400;64017.5;13048.5;50969.0
644500;64050.5;13081.5;50969.0
644600;63930.5;13081.5;50849.0
644700;63897.5;13048.5;50849.0
644800;64154.0;13065.0;51089.0
644900;63948.5;13059.5;50889.0
645000;64177.5;13048.5;51129.0
645100;64172.0;13043.0;51129.0
645200;64081.0;13032.0;51049.0
645300;64092.0;13043.0;51049.0
645400;64092.0;13043.0;51049.0
645500;64141.5;13092.5;51049.0
645600;64106.0;13057.0;51049.0
645700;64282.0;13113.0;51169.0
645800;64282.0;13113.0;51169.0
645900;64202.0;13113.0;51089.0
646000;64202.0;13113.0;51089.0
646100;64207.0;13118.0;51089.0
646200;64247.0;13118.0;51129.0
646300;64252.0;13123.0;51129.0
646400;64252.0;13123.0;51129.0
646500;64134.5;13125.5;51009.0
646600;64237.0;13108.0;51129.0
646700;64252.0;13123.0;51129.0
646800;64379.5;13130.5;51249.0
646900;64292.0;13123.0;51169.0
647000;64412.0;13123.0;51289.0
647100;64297.0;13128.0;51169.0
647200;64337.0;13128.0;51209.0
647300;64334.5;13125.5;51209.0
647400;64337.0;13128.0;51209.0
647500;64372.0;13163.0;51209.0
647600;64372.0;13163.0;51209.0
647700;64252.0;13163.0;51089.0
647800;64252.0;13163.0;51089.0
647900;64412.0;13163.0;51249.0
648000;64412.0;13163.0;51249.0
648100;64412.0;13163.0;51249.0
648200;64452.0;13163.0;51289.0
648300;64572.0;13163.0;51409.0
648400;64452.0;13163.0;51289.0
648500;64452.0;13163.0;51289.0
648600;64572.0;13163.0;51409.0
648700;64452.0;13163.0;51289.0
648800;64452.0;13163.0;51289.0
648900;64492.0;13163.0;51329.0
649000;64372.0;13163.0;51209.0
649100;64492.0;13163.0;51329.0
649200;64532.0;13163.0;51369.0
649300;64412.0;13163.0;51249.0
649400;64652.0;13163.0;51489.0
649500;64532.0;13163.0;51369.0
649600;64532.0;13163.0;51369.0
649700;64532.0;13163.0;51369.0
649800;64652.0;13163.0;51489.0
649900;64572.0;13163.0;51409.0
650000;64572.0;13163.0;51409.0
650100;64572.0;13163.0;51409.0
650200;64292.0;13163.0;51129.0
650300;64612.0;13163.0;51449.0
650400;64612.0;13163.0;51449.0
650500;64612.0;13163.0;51449.0
650600;64526.0;13197.0;51329.0
650700;64520.0;13191.0;51329.0
650800;64652.0;13203.0;51449.0
650900;64680.0;13191.0;51489.0
651000;64674.0;13185.0;51489.0
651100;64674.0;13185.0;51489.0
651200;64840.0;13191.0;51649.0
651300;65200.0;13191.0;52009.0
651400;64840.0;13191.0;51649.0
651500;64590.0;13181.0;51409.0
651600;64720.0;13191.0;51529.0
651700;64726.0;13197.0;51529.0
651800;64720.0;13191.0;51529.0
651900;64604.0;13195.0;51409.0
652000;64768.0;13199.0;51569.0
652100;64888.0;13199.0;51689.0
652200;64808.0;13199.0;51609.0
652300;64808.0;13199.0;51609.0
652400;64808.0;13199.0;51609.0
652500;64688.0;13199.0;51489.0
652600;64928.0;13199.0;51729.0
652700;64688.0;13199.0;51489.0
652800;64808.0;13199.0;51609.0
652900;64848.0;13199.0;51649.0
653000;64728.0;13199.0;51529.0
653100;64848.0;13199.0;51649.0
653200;64768.0;13199.0;51569.0
653300;64888.0;13199.0;51689.0
653400;64888.0;13199.0;51689.0
653500;64888.0;13199.0;51689.0
653600;64888.0;13199.0;51689.0
653700;65008.0;13199.0;51809.0
653800;65288.0;13199.0;52089.0
653900;64970.0;13241.0;51729.0
654000;64991.0;13262.0;51729.0
654100;65090.0;13241.0;51849.0
654200;65001.0;13232.0;51769.0
654300;64884.0;13235.0;51649.0
654400;65004.0;13235.0;51769.0
654500;65004.0;13235.0;51769.0
654600;64878.0;13229.0;51649.0
654700;64998.0;13229.0;51769.0
654800;65040.0;13271.0;51769.0
654900;65068.0;13259.0;51809.0
655000;65068.0;13259.0;51809.0
655100;65080.0;13271.0;51809.0
655200;65086.0;13277.0;51809.0
655300;65120.0;13271.0;51849.0
655400;65021.0;13172.0;51849.0
655500;65126.0;13277.0;51849.0
655600;65126.0;13277.0;51849.0
655700;65246.0;13277.0;51969.0
655800;65067.0;13298.0;51769.0
655900;65307.0;13298.0;52009.0
656000;65187.0;13298.0;51889.0
656100;65208.0;13319.0;51889.0
656200;65208.0;13319.0;51889.0
656300;65208.0;13319.0;51889.0
656400;65272.0;13343.0;51929.0
656500;65272.0;13343.0;51929.0
656600;65152.0;13343.0;51809.0
656700;65236.0;13307.0;51929.0
656800;65296.0;13367.0;51929.0
656900;65440.0;13471.0;51969.0
657000;65475.0;13386.0;52089.0
657100;65406.0;13437.0;51969.0
657200;65412.0;13403.0;52009.0
657300;65446.0;13437.0;52009.0
657400;65446.0;13437.0;52009.0
657500;65377.0;13488.0;51889.0
657600;65497.0;13488.0;52009.0
657700;65617.0;13488.0;52129.0
657800;65446.0;13437.0;52009.0
657900;65606.0;13437.0;52169.0
658000;65486.0;13437.0;52049.0
658100;65452.0;13403.0;52049.0
658200;65547.0;13458.0;52089.0
658300;64987.0;13458.0;51529.0
658400;65730.0;13521.0;52209.0
658500;65523.0;13554.0;51969.0
658600;65721.0;13632.0;52089.0
658700;65643.0;13554.0;52089.0
658800;65643.0;13554.0;52089.0
658900;65696.0;13567.0;52129.0
659000;65816.0;13567.0;52249.0
659100;65709.0;13580.0;52129.0
659200;65710.0;13541.0;52169.0
659300;65697.0;13528.0;52169.0
659400;65645.0;13476.0;52169.0
659500;65697.0;13528.0;52169.0
659600;65655.0;13606.0;52049.0
659700;65736.0;13567.0;52169.0
659800;65336.0;13567.0;51769.0
659900;65776.0;13567.0;52209.0
660000;65896.0;13567.0;52329.0
660100;65750.0;13541.0;52209.0
660200;65816.0;13567.0;52249.0
660300;65816.0;13567.0;52249.0
660400;65822.0;13573.0;52249.0
660500;65964.0;13595.0;52369.0
660600;65844.0;13595.0;52249.0
660700;65844.0;13595.0;52249.0
660800;65844.0;13595.0;52249.0
660900;65884.0;13595.0;52289.0
661000;66004.0;13595.0;52409.0
661100;65917.0;13628.0;52289.0
661200;65924.0;13595.0;52329.0
661300;65935.0;13606.0;52329.0
661400;65847.0;13518.0;52329.0
661500;65691.0;13562.0;52129.0
661600;65990.0;13661.0;52329.0
661700;65924.0;13595.0;52329.0
661800;66066.0;13617.0;52449.0
661900;65822.0;13573.0;52249.0
662000;65822.0;13573.0;52249.0
662100;66095.0;13606.0;52489.0
662200;65982.0;13573.0;52409.0
662300;66026.0;13617.0;52409.0
662400;65873.0;13584.0;52289.0
662500;65960.0;13551.0;52409.0
662600;66524.0;13595.0;52929.0
662700;66004.0;13595.0;52409.0
662800;66124.0;13595.0;52529.0
662900;66164.0;13595.0;52569.0
663000;66044.0;13595.0;52449.0
663100;66131.0;13562.0;52569.0
663200;66062.0;13573.0;52489.0
663300;66182.0;13573.0;52609.0
663400;66160.0;13551.0;52609.0
663500;66040.0;13551.0;52489.0
663600;66040.0;13551.0;52489.0
663700;66040.0;13551.0;52489.0
663800;66040.0;13551.0;52489.0
663900;65960.0;13551.0;52409.0
664000;66113.0;13584.0;52529.0
664100;66080.0;13551.0;52529.0
664200;66080.0;13551.0;52529.0
664300;66120.0;13551.0;52569.0
664400;66231.5;13662.5;52569.0
664500;66031.5;13662.5;52369.0
664600;66149.0;13580.0;52569.0
664700;66149.0;13580.0;52569.0
664800;66049.0;13480.0;52569.0
664900;66210.0;13601.0;52609.0
665000;66210.0;13601.0;52609.0
665100;66210.0;13601.0;52609.0
665200;66330.0;13601.0;52729.0
665300;66152.0;13623.0;52529.0
665400;66152.0;13623.0;52529.0
665500;66272.0;13623.0;52649.0
665600;66228.0;13579.0;52649.0
665700;66250.0;13601.0;52649.0
665800;66272.0;13623.0;52649.0
665900;66432.0;13623.0;52809.0
666000;66312.0;13623.0;52689.0
666100;66312.0;13623.0;52689.0
666200;66352.0;13623.0;52729.0
666300;66439.0;13590.0;52849.0
666400;66330.0;13601.0;52729.0
666500;66472.0;13623.0;52849.0
666600;66419.0;13690.0;52729.0
666700;66393.0;13664.0;52729.0
666800;66406.0;13677.0;52729.0
666900;66420.0;13651.0;52769.0
667000;66388.0;13619.0;52769.0
667100;66481.0;13712.0;52769.0
667200;66552.0;13743.0;52809.0
667300;66521.0;13712.0;52809.0
667400;66521.0;13712.0;52809.0
667500;66401.0;13712.0;52689.0
667600;66490.0;13681.0;52809.0
667700;66490.0;13681.0;52809.0
667800;66921.0;13712.0;53209.0
667900;66441.0;13712.0;52729.0
668000;66487.5;13758.5;52729.0
668100;66441.0;13712.0;52729.0
668200;66615.0;13726.0;52889.0
668300;66658.5;13769.5;52889.0
668400;66586.0;13697.0;52889.0
668500;66600.5;13711.5;52889.0
668600;66644.0;13755.0;52889.0
668700;66524.0;13755.0;52769.0
668800;66644.0;13755.0;52889.0
668900;66684.0;13755.0;52929.0
669000;66640.5;13711.5;52929.0
669100;66640.5;13711.5;52929.0
669200;66724.0;13755.0;52969.0
669300;66738.5;13769.5;52969.0
669400;66753.0;13784.0;52969.0
669500;66753.0;13784.0;52969.0
669600;66753.0;13784.0;52969.0
669700;66753.0;13784.0;52969.0
669800;66753.0;13784.0;52969.0
669900;66764.0;13755.0;53009.0
670000;66764.0;13755.0;53009.0
670100;66764.0;13755.0;53009.0
670200;66804.0;13755.0;53049.0
670300;66804.0;13755.0;53049.0
670400;66804.0;13755.0;53049.0
670500;66804.0;13755.0;53049.0
670600;66818.5;13769.5;53049.0
670700;66804.0;13755.0;53049.0
670800;66753.0;13784.0;52969.0
670900;66873.0;13784.0;53089.0
671000;66753.0;13784.0;52969.0
671100;66829.5;13740.5;53089.0
671200;66985.5;13856.5;53129.0
671300;66884.0;13755.0;53129.0
671400;66884.0;13755.0;53129.0
671500;66884.0;13755.0;53129.0
671600;66884.0;13755.0;53129.0
671700;67004.0;13755.0;53249.0
671800;66913.0;13784.0;53129.0
671900;66953.0;13784.0;53169.0
672000;66967.5;13798.5;53169.0
672100;66924.0;13755.0;53169.0
672200;66862.5;13653.5;53209.0
672300;66935.0;13726.0;53209.0
672400;66964.0;13755.0;53209.0
672500;66964.0;13755.0;53209.0
672600;66964.0;13755.0;53209.0
672700;66964.0;13755.0;53209.0
672800;66993.0;13784.0;53209.0
672900;66975.0;13726.0;53249.0
673000;66975.0;13726.0;53249.0
673100;67018.5;13769.5;53249.0
673200;67095.0;13726.0;53369.0
673300;67106.0;13697.0;53409.0
673400;67236.5;13827.5;53409.0
673500;66957.0;13668.0;53289.0
673600;67456.0;13767.0;53689.0
673700;67095.0;13806.0;53289.0
673800;67095.0;13806.0;53289.0
673900;66995.5;13786.5;53209.0
674000;67115.5;13786.5;53329.0
674100;67060.0;13611.0;53449.0
674200;67118.5;13669.5;53449.0
674300;67255.0;13806.0;53449.0
674400;67350.5;13981.5;53369.0
674500;67136.0;13767.0;53369.0
674600;66980.0;13611.0;53369.0
674700;67175.0;13806.0;53369.0
674800;67095.0;13806.0;53289.0
674900;67312.5;13903.5;53409.0
675000;67215.0;13806.0;53409.0
675100;67095.0;13806.0;53289.0
675200;67335.0;13806.0;53529.0
675300;67255.0;13806.0;53449.0
675400;67414.0;13845.0;53569.0
675500;67294.0;13845.0;53449.0
675600;67196.5;13747.5;53449.0
675700;67255.0;13806.0;53449.0
675800;67235.5;13786.5;53449.0
675900;67295.0;13806.0;53489.0
676000;67295.0;13806.0;53489.0
676100;67236.5;13747.5;53489.0
676200;67276.5;13747.5;53529.0
676300;67296.0;13767.0;53529.0
676400;67413.0;13884.0;53529.0
676500;67176.0;13767.0;53409.0
676600;67296.0;13767.0;53529.0
676700;67257.0;13728.0;53529.0
676800;67296.0;13767.0;53529.0
676900;67277.5;13708.5;53569.0
677000;67205.0;13756.0;53449.0
677100;67325.0;13756.0;53569.0
677200;67279.0;13670.0;53609.0
677300;67379.0;13770.0;53609.0
677400;67334.0;13725.0;53609.0
677500;67334.0;13725.0;53609.0
677600;67379.0;13770.0;53609.0
677700;67379.0;13770.0;53609.0
677800;67499.0;13770.0;53729.0
677900;67419.0;13770.0;53649.0
678000;67419.0;13770.0;53649.0
678100;67329.0;13680.0;53649.0
678200;67481.5;13792.5;53689.0
678300;67481.5;13792.5;53689.0
678400;67459.0;13770.0;53689.0
678500;67459.0;13770.0;53689.0
678600;67619.0;13770.0;53849.0
678700;67459.0;13770.0;53689.0
678800;67534.0;13725.0;53809.0
678900;67379.0;13770.0;53609.0
679000;67499.0;13770.0;53729.0
679100;67499.0;13770.0;53729.0
679200;67494.0;13725.0;53769.0
679300;67224.0;13455.0;53769.0
679400;67289.0;13520.0;53769.0
679500;67529.0;13760.0;53769.0
679600;67649.0;13760.0;53889.0
679700;67489.0;13600.0;53889.0
679800;67329.0;13560.0;53769.0
679900;67649.0;13720.0;53929.0
680000;67689.0;13760.0;53929.0
680100;67629.0;13820.0;53809.0
680200;67609.0;13760.0;53849.0
680300;67609.0;13760.0;53849.0
680400;67609.0;13760.0;53849.0
680500;67569.0;13720.0;53849.0
680600;67729.0;13880.0;53849.0
680700;67609.0;13760.0;53849.0
680800;67609.0;13760.0;53849.0
680900;67649.0;13760.0;53889.0
681000;67649.0;13760.0;53889.0
681100;67629.0;13740.0;53889.0
681200;67792.0;13863.0;53929.0
681300;67730.0;13801.0;53929.0
681400;67761.0;13832.0;53929.0
681500;67641.0;13832.0;53809.0
681600;67761.0;13832.0;53929.0
681700;67761.0;13832.0;53929.0
681800;67761.0;13832.0;53929.0
681900;67864.0;13895.0;53969.0
682000;67904.0;13935.0;53969.0
682100;67904.0;13935.0;53969.0
682200;67944.0;13935.0;54009.0
682300;67944.0;13935.0;54009.0
682400;67824.0;13935.0;53889.0
682500;67824.0;13935.0;53889.0
682600;67824.0;13935.0;53889.0
682700;68004.0;13875.0;54129.0
682800;68040.0;13631.0;54409.0
682900;67836.0;13907.0;53929.0
683000;67933.0;13884.0;54049.0
683100;68030.0;13981.0;54049.0
683200;67988.0;13939.0;54049.0
683300;68211.0;14002.0;54209.0
683400;68070.0;13981.0;54089.0
683500;68070.0;13981.0;54089.0
683600;67950.0;13981.0;53969.0
683700;68070.0;13981.0;54089.0
683800;68070.0;13981.0;54089.0
683900;68533.0;14044.0;54489.0
684000;68152.0;14023.0;54129.0
684100;68194.0;14065.0;54129.0
684200;68194.0;14065.0;54129.0
684300;68192.0;14023.0;54169.0
684400;68150.0;13981.0;54169.0
684500;67590.0;13981.0;53609.0
684600;68150.0;13981.0;54169.0
684700;68192.0;14023.0;54169.0
684800;68291.0;14002.0;54289.0
684900;68310.0;13981.0;54329.0
685000;68127.0;13918.0;54209.0
685100;68190.0;13981.0;54209.0
685200;68230.0;13981.0;54249.0
685300;68188.0;13939.0;54249.0
685400;68244.0;13995.0;54249.0
685500;68399.0;14030.0;54369.0
685600;68279.0;14030.0;54249.0
685700;68314.0;14065.0;54249.0
685800;68314.0;14065.0;54249.0
685900;68284.0;13995.0;54289.0
686000;68319.0;14030.0;54289.0
686100;68284.0;13995.0;54289.0
686200;68289.0;13960.0;54329.0
686300;68239.0;14030.0;54209.0
686400;67919.0;14030.0;53889.0
686500;68411.5;14082.5;54329.0
686600;68411.5;14082.5;54329.0
686700;68359.0;14030.0;54329.0
686800;68359.0;14030.0;54329.0
686900;68434.0;14065.0;54369.0
687000;68434.0;14065.0;54369.0
687100;68399.0;14030.0;54369.0
687200;68439.0;14030.0;54409.0
687300;68404.0;13995.0;54409.0
687400;68439.0;14030.0;54409.0
687500;68319.0;14030.0;54289.0
687600;68299.0;13890.0;54409.0
687700;68284.0;13995.0;54289.0
687800;68369.0;13960.0;54409.0
687900;68479.0;14030.0;54449.0
688000;68444.0;13995.0;54449.0
688100;68461.5;14012.5;54449.0
688200;68501.5;14012.5;54489.0
688300;68484.0;13995.0;54489.0
688400;68604.0;13995.0;54609.0
688500;68009.0;13960.0;54049.0
688600;68361.5;13872.5;54489.0
688700;68639.0;14030.0;54609.0
688800;68484.0;13995.0;54489.0
688900;68484.0;13995.0;54489.0
689000;68524.0;13995.0;54529.0
689100;68576.5;14047.5;54529.0
689200;68564.0;13995.0;54569.0
689300;68564.0;13995.0;54569.0
689400;68391.5;13942.5;54449.0
689500;68726.0;14037.0;54689.0
689600;68421.5;13852.5;54569.0
689700;68480.0;13911.0;54569.0
689800;68517.0;14028.0;54489.0
689900;68517.0;14028.0;54489.0
690000;68637.0;14028.0;54609.0
690100;68517.0;14028.0;54489.0
690200;68755.0;14106.0;54649.0
690300;68635.0;14106.0;54529.0
690400;68716.0;14067.0;54649.0
690500;68592.0;14063.0;54529.0
690600;69112.0;14063.0;55049.0
690700;68832.0;14063.0;54769.0
690800;68668.0;14019.0;54649.0
690900;68752.0;14063.0;54689.0
691000;68828.0;14139.0;54689.0
691100;68780.0;14091.0;54689.0
691200;68380.0;14091.0;54289.0
691300;68820.0;14091.0;54729.0
691400;68820.0;14091.0;54729.0
691500;68748.0;14019.0;54729.0
691600;68988.0;14139.0;54849.0
691700;68628.0;14019.0;54609.0
691800;68820.0;14091.0;54729.0
691900;68860.0;14091.0;54769.0
692000;69052.0;14163.0;54889.0
692100;68908.0;14139.0;54769.0
692200;68996.0;14187.0;54809.0
692300;68900.0;14091.0;54809.0
692400;68948.0;14139.0;54809.0
692500;68580.0;14211.0;54369.0
692600;68900.0;14091.0;54809.0
692700;69020.0;14091.0;54929.0
692800;68828.0;14019.0;54809.0
692900;68868.0;14019.0;54849.0
693000;69108.0;14139.0;54969.0
693100;68892.0;14043.0;54849.0
693200;68764.0;13995.0;54769.0
693300;68884.0;13995.0;54889.0
693400;68884.0;13995.0;54889.0
693500;68932.0;14043.0;54889.0
693600;68932.0;14043.0;54889.0
693700;68764.0;13995.0;54769.0
693800;69100.0;14211.0;54889.0
693900;69284.0;13995.0;55289.0
694000;68804.0;13995.0;54809.0
694100;68804.0;13995.0;54809.0
694200;69012.0;14043.0;54969.0
694300;69156.0;14187.0;54969.0
694400;69372.0;14043.0;55329.0
694500;68892.0;14043.0;54849.0
694600;68964.0;13995.0;54969.0
694700;69012.0;14043.0;54969.0
694800;69060.0;13971.0;55089.0
694900;69052.0;14043.0;55009.0
695000;69052.0;14043.0;55009.0
695100;69052.0;14043.0;55009.0
695200;69092.0;14043.0;55049.0
695300;68828.0;13899.0;54929.0
695400;69380.0;14211.0;55169.0
695500;69260.0;14211.0;55049.0
695600;69260.0;14091.0;55169.0
695700;69140.0;14091.0;55049.0
695800;69140.0;14091.0;55049.0
695900;69180.0;14091.0;55089.0
696000;69228.0;14259.0;54969.0
696100;69132.0;14043.0;55089.0
696200;69084.0;13995.0;55089.0
696300;69004.0;13995.0;55009.0
696400;69172.0;14043.0;55129.0
696500;69172.0;14043.0;55129.0
696600;69220.0;14091.0;55129.0
696700;69148.0;14139.0;55009.0
696800;69100.0;14091.0;55009.0
696900;69260.0;14091.0;55169.0
697000;69308.0;14139.0;55169.0
697100;69284.0;14115.0;55169.0
697200;69132.0;14043.0;55089.0
697300;69252.0;14043.0;55209.0
697400;69180.0;13971.0;55209.0
697500;69132.0;14043.0;55089.0
697600;69396.0;14187.0;55209.0
697700;69204.0;14115.0;55089.0
697800;69300.0;14091.0;55209.0
697900;69292.0;14043.0;55249.0
698000;69172.0;14043.0;55129.0
698100;69388.0;14139.0;55249.0
698200;69428.0;14139.0;55289.0
698300;69284.0;13995.0;55289.0
698400;69236.0;13947.0;55289.0
698500;69188.0;14019.0;55169.0
698600;69284.0;13995.0;55289.0
698700;69236.0;13947.0;55289.0
698800;69404.0;13995.0;55409.0
698900;69324.0;13995.0;55329.0
699000;69324.0;13995.0;55329.0
699100;69276.0;13947.0;55329.0
699200;69460.0;14091.0;55369.0
699300;69316.0;13947.0;55369.0
699400;69292.0;13803.0;55489.0
699500;69364.0;13995.0;55369.0
699600;69388.0;14019.0;55369.0
699700;69316.0;13947.0;55369.0
699800;69364.0;13995.0;55369.0
699900;69617.0;14208.0;55409.0
700000;69522.0;14113.0;55409.0
700100;69522.0;14113.0;55409.0
700200;69642.0;14113.0;55529.0
700300;69442.0;14113.0;55329.0
700400;69562.0;14113.0;55449.0
700500;69604.0;14155.0;55449.0
700600;69625.0;14176.0;55449.0
700700;69625.0;14176.0;55449.0
700800;69662.5;14053.5;55609.0
700900;69545.0;14176.0;55369.0
701000;69142.5;14053.5;55089.0
701100;69595.0;14106.0;55489.0
701200;69705.0;14176.0;55529.0
701300;69705.0;14176.0;55529.0
701400;69877.5;14228.5;55649.0
701500;69705.0;14176.0;55529.0
701600;69772.5;14123.5;55649.0
701700;69860.0;14211.0;55649.0
701800;69740.0;14211.0;55529.0
701900;69625.0;14176.0;55449.0
702000;69742.5;14053.5;55689.0
702100;70052.5;14123.5;55929.0
702200;69310.0;14141.0;55169.0
702300;69750.0;14141.0;55609.0
702400;69750.0;14141.0;55609.0
702500;70030.0;14141.0;55889.0
702600;69750.0;14141.0;55609.0
702700;69750.0;14141.0;55609.0
702800;69750.0;14141.0;55609.0
702900;69790.0;14141.0;55649.0
703000;69617.5;14088.5;55529.0
703100;69755.0;14106.0;55649.0
703200;69675.0;14106.0;55569.0
703300;69691.5;14122.5;55569.0
703400;69711.0;14142.0;55569.0
703500;69951.0;14142.0;55809.0
703600;69912.0;14103.0;55809.0
703700;69951.0;14142.0;55809.0
703800;69850.5;14161.5;55689.0
703900;69742.0;13893.0;55849.0
704000;69820.0;14091.0;55729.0
704100;69900.0;14171.0;55729.0
704200;70038.0;14309.0;55729.0
704300;69940.0;14171.0;55769.0
704400;69825.0;14056.0;55769.0
704500;69940.0;14171.0;55769.0
704600;70409.0;14240.0;56169.0
704700;69986.0;14217.0;55769.0
704800;70009.0;14240.0;55769.0
704900;70100.0;14171.0;55929.0
705000;70100.0;14171.0;55929.0
705100;69980.0;14171.0;55809.0
705200;70112.0;14263.0;55849.0
705300;70112.0;14263.0;55849.0
705400;70115.0;14266.0;55849.0
705500;70300.5;14451.5;55849.0
705600;70168.0;14319.0;55849.0
705700;69768.0;14319.0;55449.0
705800;70314.5;14345.5;55969.0
705900;70275.0;14266.0;56009.0
706000;70155.0;14266.0;55889.0
706100;70155.0;14266.0;55889.0
706200;70221.5;14292.5;55929.0
706300;70195.0;14266.0;55929.0
706400;70262.0;14213.0;56049.0
706500;70368.0;14319.0;56049.0
706600;70115.5;14186.5;55929.0
706700;70195.0;14266.0;55929.0
706800;70195.0;14266.0;55929.0
706900;70235.0;14266.0;55969.0
707000;70208.5;14239.5;55969.0
707100;70182.0;14213.0;55969.0
707200;70155.0;14266.0;55889.0
707300;70275.0;14266.0;56009.0
707400;70275.0;14266.0;56009.0
707500;70169.0;14160.0;56009.0
707600;70301.5;14292.5;56009.0
707700;70169.0;14160.0;56009.0
707800;70169.0;14160.0;56009.0
707900;70142.0;14213.0;55929.0
708000;70297.0;14248.0;56049.0
708100;70417.0;14248.0;56169.0
708200;70359.0;14190.0;56169.0
708300;70330.0;14161.0;56169.0
708400;70457.0;14248.0;56209.0
708500;70337.0;14248.0;56089.0
708600;70279.0;14190.0;56089.0
708700;70337.0;14248.0;56089.0
708800;70337.0;14248.0;56089.0
708900;70419.0;14290.0;56129.0
709000;70291.0;14162.0;56129.0
709100;70355.0;14226.0;56129.0
709200;70395.0;14226.0;56169.0
709300;70395.0;14226.0;56169.0
709400;70339.0;14290.0;56049.0
709500;70555.0;14226.0;56329.0
709600;70331.0;14162.0;56169.0
709700;70331.0;14162.0;56169.0
709800;70340.0;14171.0;56169.0
709900;70325.0;14116.0;56209.0
710000;70582.0;14373.0;56209.0
710100;70457.0;14128.0;56329.0
710200;70433.0;14184.0;56249.0
710300;70289.5;14040.5;56249.0
710400;70474.0;14225.0;56249.0
710500;70313.0;14184.0;56129.0
710600;70433.0;14184.0;56249.0
710700;70433.0;14184.0;56249.0
710800;70432.0;14143.0;56289.0
710900;70555.0;14266.0;56289.0
711000;70370.5;14081.5;56289.0
711100;70271.0;14102.0;56169.0
711200;70431.0;14102.0;56329.0
711300;70451.5;14122.5;56329.0
711400;70431.0;14102.0;56329.0
711500;70431.0;14102.0;56329.0
711600;70226.0;13897.0;56329.0
711700;70472.0;14143.0;56329.0
711800;70431.0;14102.0;56329.0
711900;70431.0;14102.0;56329.0
712000;70632.0;14143.0;56489.0
712100;70430.0;14061.0;56369.0
712200;70391.0;14102.0;56289.0
712300;70546.0;14137.0;56409.0
712400;70564.0;14155.0;56409.0
712500;70528.0;14119.0;56409.0
712600;70636.0;14227.0;56409.0
712700;70636.0;14227.0;56409.0
712800;70582.0;14173.0;56409.0
712900;70658.0;14209.0;56449.0
713000;71102.0;14173.0;56929.0
713100;70694.0;14245.0;56449.0
713200;70698.0;14209.0;56489.0
713300;70698.0;14209.0;56489.0
713400;70705.0;14336.0;56369.0
713500;70682.0;14193.0;56489.0
713600;70828.0;14219.0;56609.0
713700;70588.0;14219.0;56369.0
713800;70708.0;14219.0;56489.0
713900;70774.0;14245.0;56529.0
714000;70774.0;14245.0;56529.0
714100;70774.0;14245.0;56529.0
714200;70788.0;14219.0;56569.0
714300;70840.0;14271.0;56569.0
714400;70814.0;14245.0;56569.0
714500;70720.0;14271.0;56449.0
714600;70788.0;14219.0;56569.0
714700;70788.0;14219.0;56569.0
714800;70827.0;14258.0;56569.0
714900;70574.0;14085.0;56489.0
715000;70874.0;14265.0;56609.0
715100;70820.0;14211.0;56609.0
715200;70874.0;14265.0;56609.0
715300;71022.0;14373.0;56649.0
715400;71022.0;14373.0;56649.0
715500;70914.0;14265.0;56649.0
715600;70950.0;14301.0;56649.0
715700;70914.0;14265.0;56649.0
715800;70950.0;14301.0;56649.0
715900;70990.0;14301.0;56689.0
716000;70990.0;14301.0;56689.0
716100;70990.0;14301.0;56689.0
716200;70892.0;14283.0;56609.0
716300;70946.0;14337.0;56609.0
716400;71192.0;14463.0;56729.0
716500;71042.0;14313.0;56729.0
716600;71087.0;14358.0;56729.0
716700;71042.0;14313.0;56729.0
716800;71042.0;14313.0;56729.0
716900;71082.0;14313.0;56769.0
717000;71082.0;14313.0;56769.0
717100;71082.0;14313.0;56769.0
717200;71017.0;14208.0;56809.0
717300;71122.0;14313.0;56809.0
717400;71152.0;14343.0;56809.0
717500;71002.0;14313.0;56689.0
717600;71122.0;14313.0;56809.0
717700;71122.0;14313.0;56809.0
717800;70972.0;14163.0;56809.0
717900;71297.0;14328.0;56969.0
718000;71372.0;14403.0;56969.0
718100;71147.0;14418.0;56729.0
718200;71202.0;14313.0;56889.0
718300;71202.0;14313.0;56889.0
718400;71202.0;14313.0;56889.0
718500;71187.0;14298.0;56889.0
718600;71202.0;14313.0;56889.0
718700;71202.0;14313.0;56889.0
718800;71322.0;14313.0;57009.0
718900;71212.0;14283.0;56929.0
719000;71212.0;14283.0;56929.0
719100;71257.0;14328.0;56929.0
719200;71122.0;14193.0;56929.0
719300;71252.0;14283.0;56969.0
719400;71282.0;14313.0;56969.0
719500;71282.0;14313.0;56969.0
719600;71282.0;14313.0;56969.0
719700;71162.0;14313.0;56849.0
719800;71157.0;14268.0;56889.0
719900;71202.0;14313.0;56889.0
720000;71322.0;14313.0;57009.0
720100;71277.0;14268.0;57009.0
720200;71322.0;14313.0;57009.0
720300;71482.0;14313.0;57169.0
720400;71362.0;14313.0;57049.0
720500;71362.0;14313.0;57049.0
720600;71424.0;14375.0;57049.0
720700;71372.0;14323.0;57049.0
720800;71372.0;14323.0;57049.0
720900;71532.0;14323.0;57209.0
721000;71253.0;14284.0;56969.0
721100;71399.0;14310.0;57089.0
721200;71331.0;14322.0;57009.0
721300;71451.0;14322.0;57129.0
721400;71442.0;14313.0;57129.0
721500;71460.0;14331.0;57129.0
721600;71451.0;14322.0;57129.0
721700;71424.0;14295.0;57129.0
721800;71424.0;14295.0;57129.0
721900;71464.0;14295.0;57169.0
722000;71446.0;14277.0;57169.0
722100;71491.0;14322.0;57169.0
722200;71384.0;14295.0;57089.0
722300;71357.0;14268.0;57089.0
722400;71384.0;14295.0;57089.0
722500;71384.0;14295.0;57089.0
722600;71504.0;14295.0;57209.0
722700;71477.0;14268.0;57209.0
722800;71542.5;14333.5;57209.0
722900;71533.0;14284.0;57249.0
723000;71555.0;14306.0;57249.0
723100;71538.5;14289.5;57249.0
723200;71458.5;14289.5;57169.0
723300;71495.0;14326.0;57169.0
723400;71478.0;14309.0;57169.0
723500;71598.0;14309.0;57289.0
723600;71632.0;14343.0;57289.0
723700;71632.0;14343.0;57289.0
723800;71615.0;14326.0;57289.0
723900;71638.0;14309.0;57329.0
724000;71552.0;14343.0;57209.0
724100;71672.0;14343.0;57329.0
724200;71592.0;14343.0;57249.0
724300;71788.5;14419.5;57369.0
724400;71600.5;14351.5;57249.0
724500;71712.0;14343.0;57369.0
724600;71729.0;14360.0;57369.0
724700;71592.0;14343.0;57249.0
724800;71723.0;14234.0;57489.0
724900;71648.0;14359.0;57289.0
725000;71768.0;14359.0;57409.0
725100;71743.0;14334.0;57409.0
725200;71808.0;14359.0;57449.0
725300;71845.5;14396.5;57449.0
725400;71833.0;14384.0;57449.0
725500;71833.0;14384.0;57449.0
725600;71833.0;14384.0;57449.0
725700;71889.0;14440.0;57449.0
725800;71992.5;14423.5;57569.0
725900;71978.5;14489.5;57489.0
726000;71929.0;14440.0;57489.0
726100;71496.0;14407.0;57089.0
726200;72004.0;14475.0;57529.0
726300;72042.0;14513.0;57529.0
726400;71827.0;14418.0;57409.0
726500;71966.0;14437.0;57529.0
726600;72004.0;14475.0;57529.0
726700;72200.0;14551.0;57649.0
726800;71966.0;14437.0;57529.0
726900;72006.0;14437.0;57569.0
727000;72006.0;14437.0;57569.0
727100;72006.0;14437.0;57569.0
727200;72046.0;14437.0;57609.0
727300;72280.0;14551.0;57729.0
727400;72046.0;14437.0;57609.0
727500;72103.0;14494.0;57609.0
727600;72217.0;14608.0;57609.0
727700;72084.0;14475.0;57609.0
727800;72084.0;14475.0;57609.0
727900;72124.0;14475.0;57649.0
728000;72124.0;14475.0;57649.0
728100;72124.0;14475.0;57649.0
728200;72259.0;14570.0;57689.0
728300;72107.0;14418.0;57689.0
728400;72164.0;14475.0;57689.0
728500;72126.0;14437.0;57689.0
728600;72246.0;14437.0;57809.0
728700;72183.0;14494.0;57689.0
728800;72126.0;14437.0;57689.0
728900;72084.0;14475.0;57609.0
729000;72204.0;14475.0;57729.0
729100;72260.0;14531.0;57729.0
729200;72270.0;14501.0;57769.0
729300;72315.0;14546.0;57769.0
729400;72315.0;14546.0;57769.0
729500;72357.5;14588.5;57769.0
729600;72305.0;14536.0;57769.0
729700;72305.0;14536.0;57769.0
729800;72305.0;14536.0;57769.0
729900;72345.0;14536.0;57809.0
730000;72310.0;14501.0;57809.0
730100;72362.5;14553.5;57809.0
730200;72350.0;14501.0;57849.0
730300;71910.0;14501.0;57409.0
730400;72392.0;14543.0;57849.0
730500;72392.0;14543.0;57849.0
730600;72435.5;14586.5;57849.0
730700;72313.5;14624.5;57689.0
730800;72396.0;14547.0;57849.0
730900;72467.0;14578.0;57889.0
731000;72575.0;14686.0;57889.0
731100;72356.0;14587.0;57769.0
731200;72601.0;14672.0;57929.0
731300;72601.0;14672.0;57929.0
731400;72601.0;14672.0;57929.0
731500;72549.0;14620.0;57929.0
731600;72601.0;14672.0;57929.0
731700;72601.0;14672.0;57929.0
731800;72594.5;14665.5;57929.0
731900;72641.0;14672.0;57969.0
732000;72660.5;14691.5;57969.0
732100;72621.5;14652.5;57969.0
732200;72616.0;14607.0;58009.0
732300;72681.0;14672.0;58009.0
732400;72668.0;14659.0;58009.0
732500;72561.0;14672.0;57889.0
732600;72694.0;14685.0;58009.0
732700;72681.0;14672.0;58009.0
732800;72713.5;14704.5;58009.0
732900;72841.0;14672.0;58169.0
733000;72721.0;14672.0;58049.0
733100;72721.0;14672.0;58049.0
733200;72834.5;14665.5;58169.0
733300;72881.0;14672.0;58209.0
733400;72868.0;14659.0;58209.0
733500;72748.0;14659.0;58089.0
733600;72748.0;14659.0;58089.0
733700;72526.0;14557.0;57969.0
733800;72756.0;14667.0;58089.0
733900;72956.0;14707.0;58249.0
734000;72896.0;14647.0;58249.0
734100;72766.0;14637.0;58129.0
734200;72766.0;14637.0;58129.0
734300;72686.0;14637.0;58049.0
734400;72726.0;14677.0;58049.0
734500;72836.0;14667.0;58169.0
734600;72836.0;14667.0;58169.0
734700;72856.0;14687.0;58169.0
734800;72826.0;14657.0;58169.0
734900;72891.0;14682.0;58209.0
735000;72926.0;14717.0;58209.0
735100;72926.0;14717.0;58209.0
735200;73066.0;14697.0;58369.0
735300;72846.0;14717.0;58129.0
735400;72966.0;14717.0;58249.0
735500;72986.0;14737.0;58249.0
735600;72996.0;14747.0;58249.0
735700;72966.0;14717.0;58249.0
735800;73106.0;14737.0;58369.0
735900;72986.0;14697.0;58289.0
736000;73006.0;14717.0;58289.0
736100;73106.0;14697.0;58409.0
736200;73066.0;14737.0;58329.0
736300;73046.0;14717.0;58329.0
736400;73046.0;14717.0;58329.0
736500;73046.0;14717.0;58329.0
736600;73046.0;14717.0;58329.0
736700;73118.5;14789.5;58329.0
736800;73096.0;14767.0;58329.0
736900;73136.0;14767.0;58369.0
737000;73136.0;14767.0;58369.0
737100;73136.0;14767.0;58369.0
737200;73121.0;14752.0;58369.0
737300;73121.0;14752.0;58369.0
737400;73161.0;14752.0;58409.0
737500;73576.0;14767.0;58809.0
737600;72746.0;14737.0;58009.0
737700;73161.0;14752.0;58409.0
737800;73161.0;14752.0;58409.0
737900;73081.0;14752.0;58329.0
738000;73201.0;14752.0;58449.0
738100;73178.5;14729.5;58449.0
738200;73241.0;14752.0;58489.0
738300;73241.0;14752.0;58489.0
738400;73241.0;14752.0;58489.0
738500;72801.0;14752.0;58049.0
738600;73361.0;14752.0;58609.0
738700;73121.0;14752.0;58369.0
738800;72841.0;14752.0;58089.0
738900;73348.5;14819.5;58529.0
739000;73176.0;14767.0;58409.0
739100;73296.0;14767.0;58529.0
739200;73313.5;14744.5;58569.0
739300;73351.0;14782.0;58569.0
739400;73399.0;14830.0;58569.0
739500;73581.0;14892.0;58689.0
739600;73341.0;14892.0;58449.0
739700;73388.5;14939.5;58449.0
739800;73565.5;14996.5;58569.0
739900;74000.0;14911.0;59089.0
740000;73640.0;14911.0;58729.0
740100;73520.0;14911.0;58609.0
740200;73680.0;14911.0;58769.0
740300;73939.0;14930.0;59009.0
740400;73560.0;14911.0;58649.0
740500;73560.0;14911.0;58649.0
740600;73626.5;14977.5;58649.0
740700;73541.0;14892.0;58649.0
740800;73560.0;14911.0;58649.0
740900;73480.0;14911.0;58569.0
741000;73600.0;14911.0;58689.0
741100;73480.0;14911.0;58569.0
741200;73621.0;14892.0;58729.0
741300;73621.0;14892.0;58729.0
741400;73640.0;14911.0;58729.0
741500;73520.0;14911.0;58609.0
741600;73491.5;14882.5;58609.0
741700;73520.0;14911.0;58609.0
741800;73760.0;14911.0;58849.0
741900;73651.5;14882.5;58769.0
742000;73715.0;14946.0;58769.0
742100;73715.0;14946.0;58769.0
742200;73861.0;14932.0;58929.0
742300;73748.0;14939.0;58809.0
742400;73748.0;14939.0;58809.0
742500;73762.0;14953.0;58809.0
742600;73762.0;14953.0;58809.0
742700;73727.0;14918.0;58809.0
742800;73727.0;14918.0;58809.0
742900;73706.0;14897.0;58809.0
743000;73767.0;14918.0;58849.0
743100;73922.0;14953.0;58969.0
743200;73807.0;14918.0;58889.0
743300;73807.0;14918.0;58889.0
743400;73821.0;14932.0;58889.0
743500;73807.0;14918.0;58889.0
743600;73793.0;14904.0;58889.0
743700;73821.0;14932.0;58889.0
743800;73812.0;14923.0;58889.0
743900;73861.0;14932.0;58929.0
744000;73843.0;14914.0;58929.0
744100;73843.0;14914.0;58929.0
744200;73901.0;14932.0;58969.0
744300;73763.0;14914.0;58849.0
744400;73883.0;14914.0;58969.0
744500;73883.0;14914.0;58969.0
744600;73901.0;14932.0;58969.0
744700;73883.0;14914.0;58969.0
744800;73892.0;14923.0;58969.0
744900;73905.0;14896.0;59009.0
745000;73923.0;14914.0;59009.0
745100;73887.0;14878.0;59009.0
745200;74065.0;14896.0;59169.0
745300;73825.0;14896.0;58929.0
745400;73987.0;14938.0;59049.0
745500;73987.0;14938.0;59049.0
745600;73987.0;14938.0;59049.0
745700;74011.0;14962.0;59049.0
745800;73879.0;14950.0;58929.0
745900;74039.0;14950.0;59089.0
746000;74051.0;14962.0;59089.0
746100;73963.0;14994.0;58969.0
746200;74131.0;15002.0;59129.0
746300;74163.0;15034.0;59129.0
746400;74203.0;15074.0;59129.0
746500;74267.0;15018.0;59249.0
746600;74147.0;15018.0;59129.0
746700;74163.0;15034.0;59129.0
746800;74043.0;15034.0;59009.0
746900;74347.0;15058.0;59289.0
747000;74219.0;15050.0;59169.0
747100;74211.0;15042.0;59169.0
747200;74259.0;15050.0;59209.0
747300;74259.0;15050.0;59209.0
747400;74259.0;15050.0;59209.0
747500;74123.0;15034.0;59089.0
747600;74259.0;15050.0;59209.0
747700;74259.0;15050.0;59209.0
747800;74259.0;15050.0;59209.0
747900;74419.0;15050.0;59369.0
748000;74299.0;15050.0;59249.0
748100;74147.0;15018.0;59129.0
748200;74443.0;15034.0;59409.0
748300;74003.0;15034.0;58969.0
748400;74019.0;15050.0;58969.0
748500;74339.0;15050.0;59289.0
748600;74203.0;15034.0;59169.0
748700;74499.0;15090.0;59409.0
748800;74323.0;15034.0;59289.0
748900;74179.0;14970.0;59209.0
749000;74363.0;15034.0;59329.0
749100;74347.0;15018.0;59329.0
749200;74507.0;15018.0;59489.0
749300;74283.0;15034.0;59249.0
749400;74523.0;15034.0;59489.0
749500;74419.0;15050.0;59369.0
749600;74299.0;15050.0;59249.0
749700;74539.0;15050.0;59489.0
749800;74419.0;15050.0;59369.0
749900;74475.0;15066.0;59409.0
750000;74299.0;15050.0;59249.0
750100;74299.0;15050.0;59249.0
750200;74401.0;14952.0;59449.0
750300;74431.0;14982.0;59449.0
750400;74496.0;15047.0;59449.0
750500;74661.0;15092.0;59569.0
750600;74466.0;15017.0;59449.0
750700;74746.0;15017.0;59729.0
750800;74541.0;15092.0;59449.0
750900;74701.0;15092.0;59609.0
751000;74461.0;15092.0;59369.0
751100;74483.5;15114.5;59369.0
751200;74651.0;15122.0;59529.0
751300;74621.0;15092.0;59529.0
751400;74568.5;15039.5;59529.0
751500;74621.0;15092.0;59529.0
751600;74636.0;15107.0;59529.0
751700;74621.0;15092.0;59529.0
751800;74621.0;15092.0;59529.0
751900;74781.0;15092.0;59689.0
752000;74544.0;14975.0;59569.0
752100;74692.0;15123.0;59569.0
752200;74732.0;15123.0;59609.0
752300;74712.0;15103.0;59609.0
752400;74732.0;15123.0;59609.0
752500;74732.0;15123.0;59609.0
752600;74732.0;15123.0;59609.0
752700;74812.0;15083.0;59729.0
752800;74862.0;15133.0;59729.0
752900;74772.0;15123.0;59649.0
753000;74942.0;15173.0;59769.0
753100;74830.5;15181.5;59649.0
753200;74706.5;15137.5;59569.0
753300;74821.0;15132.0;59689.0
753400;74952.0;15143.0;59809.0
753500;74821.0;15132.0;59689.0
753600;74712.0;15143.0;59569.0
753700;74782.5;15093.5;59689.0
753800;74728.5;15159.5;59569.0
753900;74888.5;15159.5;59729.0
754000;74690.0;15121.0;59569.0
754100;74970.0;15121.0;59849.0
754200;74925.0;15156.0;59769.0
754300;75045.0;15156.0;59889.0
754400;74919.0;15150.0;59769.0
754500;74919.0;15150.0;59769.0
754600;74913.0;15144.0;59769.0
754700;74913.0;15144.0;59769.0
754800;74919.0;15150.0;59769.0
754900;74959.0;15150.0;59809.0
755000;74956.0;15147.0;59809.0
755100;75042.0;15113.0;59929.0
755200;74962.0;15113.0;59849.0
755300;74997.0;15148.0;59849.0
755400;75007.0;15158.0;59849.0
755500;75017.0;15168.0;59849.0
755600;75017.0;15168.0;59849.0
755700;74919.0;15190.0;59729.0
755800;75054.0;15205.0;59849.0
755900;75082.0;15193.0;59889.0
756000;74691.0;15202.0;59489.0
756100;75091.0;15202.0;59889.0
756200;75073.0;15184.0;59889.0
756300;75125.0;15196.0;59929.0
756400;75285.5;15236.5;60049.0
756500;75129.5;15200.5;59929.0
756600;75206.0;15277.0;59929.0
756700;75206.0;15277.0;59929.0
756800;75188.0;15259.0;59929.0
756900;75263.0;15294.0;59969.0
757000;75383.0;15294.0;60089.0
757100;75263.0;15294.0;59969.0
757200;75366.0;15357.0;60009.0
757300;75270.0;15261.0;60009.0
757400;75630.0;15501.0;60129.0
757500;75486.0;15357.0;60129.0
757600;75238.0;15229.0;60009.0
757700;75454.0;15325.0;60129.0
757800;75334.0;15325.0;60009.0
757900;75342.0;15293.0;60049.0
758000;75374.0;15325.0;60049.0
758100;75100.5;15451.5;59649.0
758200;75419.0;15330.0;60089.0
758300;75419.0;15330.0;60089.0
758400;75378.5;15289.5;60089.0
758500;75423.5;15334.5;60089.0
758600;75440.0;15351.0;60089.0
758700;75473.0;15384.0;60089.0
758800;75593.0;15384.0;60209.0
758900;75633.0;15384.0;60249.0
759000;75633.0;15384.0;60249.0
759100;75513.0;15384.0;60129.0
759200;75623.5;15334.5;60289.0
759300;75656.5;15367.5;60289.0
759400;75553.0;15384.0;60169.0
759500;75520.0;15351.0;60169.0
759600;75586.0;15417.0;60169.0
759700;75499.0;15450.0;60049.0
759800;75706.0;15417.0;60289.0
759900;75576.5;15367.5;60209.0
760000;75506.0;15417.0;60089.0
760100;75626.0;15417.0;60209.0
760200;75682.5;15433.5;60249.0
760300;75666.0;15417.0;60249.0
760400;75666.0;15417.0;60249.0
760500;75819.0;15450.0;60369.0
760600;75595.5;15466.5;60129.0
760700;75649.5;15400.5;60249.0
760800;75699.0;15450.0;60249.0
760900;75739.0;15450.0;60289.0
761000;75706.0;15417.0;60289.0
761100;75739.0;15450.0;60289.0
761200;75779.0;15450.0;60329.0
761300;75779.0;15450.0;60329.0
761400;75680.0;15351.0;60329.0
761500;75659.0;15450.0;60209.0
761600;75828.5;15499.5;60329.0
761700;75845.0;15516.0;60329.0
761800;75412.0;15483.0;59929.0
761900;75918.0;15549.0;60369.0
762000;75819.0;15450.0;60369.0
762100;75666.0;15417.0;60249.0
762200;75892.0;15483.0;60409.0
762300;75722.5;15433.5;60289.0
762400;75821.5;15532.5;60289.0
762500;75875.5;15466.5;60409.0
762600;75475.5;15466.5;60009.0
762700;75859.0;15450.0;60409.0
762800;75941.5;15532.5;60409.0
762900;75932.0;15483.0;60449.0
763000;75932.0;15483.0;60449.0
763100;75812.0;15483.0;60329.0
763200;76038.0;15549.0;60489.0
763300;76038.0;15549.0;60489.0
763400;76005.0;15516.0;60489.0
763500;75951.0;15582.0;60369.0
763600;75955.5;15466.5;60489.0
763700;76005.0;15516.0;60489.0
763800;75972.0;15483.0;60489.0
763900;76115.0;15586.0;60529.0
764000;75921.0;15672.0;60249.0
764100;76093.5;15564.5;60529.0
764200;76155.0;15586.0;60569.0
764300;76035.0;15586.0;60449.0
764400;75940.0;15371.0;60569.0
764500;76133.5;15564.5;60569.0
764600;76198.0;15629.0;60569.0
764700;76133.5;15564.5;60569.0
764800;76198.0;15629.0;60569.0
764900;76358.0;15629.0;60729.0
765000;76358.0;15629.0;60729.0
765100;76272.0;15543.0;60729.0
765200;76158.0;15629.0;60529.0
765300;76278.0;15629.0;60649.0
765400;76398.0;15629.0;60769.0
765500;76278.0;15629.0;60649.0
765600;76278.0;15629.0;60649.0
765700;76158.0;15629.0;60529.0
765800;76278.0;15629.0;60649.0
765900;76198.0;15629.0;60569.0
766000;76592.0;15543.0;61049.0
766100;76635.0;15586.0;61049.0
766200;76358.0;15629.0;60729.0
766300;76315.0;15586.0;60729.0
766400;76358.0;15629.0;60729.0
766500;76478.0;15629.0;60849.0
766600;76521.0;15672.0;60849.0
766700;76358.0;15629.0;60729.0
766800;76259.5;15650.5;60609.0
766900;76475.0;15586.0;60889.0
767000;76427.0;15658.0;60769.0
767100;76341.0;15692.0;60649.0
767200;76535.0;15726.0;60809.0
767300;76467.0;15658.0;60809.0
767400;76415.0;15726.0;60689.0
767500;76535.0;15726.0;60809.0
767600;76569.0;15760.0;60809.0
767700;76552.0;15743.0;60809.0
767800;76552.0;15743.0;60809.0
767900;76609.0;15760.0;60849.0
768000;76643.0;15794.0;60849.0
768100;76643.0;15794.0;60849.0
768200;76563.0;15794.0;60769.0
768300;76683.0;15794.0;60889.0
768400;76717.0;15828.0;60889.0
768500;76459.0;15570.0;60889.0
768600;76631.5;15862.5;60769.0
768700;76673.5;15784.5;60889.0
768800;76673.5;15784.5;60889.0
768900;76791.5;15862.5;60929.0
769000;76892.0;15843.0;61049.0
769100;76892.0;15843.0;61049.0
769200;76870.5;15901.5;60969.0
769300;76951.5;15862.5;61089.0
769400;76812.0;15843.0;60969.0
769500;76851.0;15882.0;60969.0
769600;76890.0;15921.0;60969.0
769700;76731.0;15882.0;60849.0
769800;76890.0;15921.0;60969.0
769900;76771.0;15882.0;60889.0
770000;76891.0;15882.0;61009.0
770100;76910.5;15901.5;61009.0
770200;76772.0;15843.0;60929.0
770300;76892.0;15843.0;61049.0
770400;76892.0;15843.0;61049.0
770500;76950.5;15901.5;61049.0
770600;76931.0;15882.0;61049.0
770700;76872.5;15823.5;61049.0
770800;76950.5;15901.5;61049.0
770900;76893.0;15804.0;61089.0
771000;77032.5;15823.5;61209.0
771100;76932.0;15843.0;61089.0
771200;77011.0;15882.0;61129.0
771300;76969.0;15960.0;61009.0
771400;77050.0;15921.0;61129.0
771500;77111.5;15862.5;61249.0
771600;77011.0;15882.0;61129.0
771700;76952.5;15823.5;61129.0
771800;77540.0;16011.0;61529.0
771900;77060.0;15891.0;61169.0
772000;77060.0;15891.0;61169.0
772100;77090.0;15921.0;61169.0
772200;77055.0;15846.0;61209.0
772300;77100.0;15891.0;61209.0
772400;77070.0;15861.0;61209.0
772500;77070.0;15861.0;61209.0
772600;77070.0;15861.0;61209.0
772700;77115.0;15906.0;61209.0
772800;77100.0;15891.0;61209.0
772900;76990.0;15861.0;61129.0
773000;77020.0;15891.0;61129.0
773100;77140.0;15891.0;61249.0
773200;77180.0;15891.0;61289.0
773300;77300.0;15891.0;61409.0
773400;77287.0;15998.0;61289.0
773500;77188.0;15899.0;61289.0
773600;77308.0;15899.0;61409.0
773700;77155.0;15866.0;61289.0
773800;76810.0;15921.0;60889.0
773900;77228.0;15899.0;61329.0
774000;77228.0;15899.0;61329.0
774100;77228.0;15899.0;61329.0
774200;77301.0;15932.0;61369.0
774300;77290.0;15921.0;61369.0
774400;77290.0;15921.0;61369.0
774500;77290.0;15921.0;61369.0
774600;77290.0;15921.0;61369.0
774700;77290.0;15921.0;61369.0
774800;77257.0;15888.0;61369.0
774900;77417.0;15888.0;61529.0
775000;77020.0;15731.0;61289.0
775100;77202.0;15793.0;61409.0
775200;77397.0;15948.0;61449.0
775300;77397.0;15948.0;61449.0
775400;77397.0;15948.0;61449.0
775500;77766.0;15917.0;61849.0
775600;77246.0;15917.0;61329.0
775700;77366.0;15917.0;61449.0
775800;77366.0;15917.0;61449.0
775900;77406.0;15917.0;61489.0
776000;77526.0;15917.0;61609.0
776100;77375.0;15886.0;61489.0
776200;77477.0;15948.0;61529.0
776300;77446.0;15917.0;61529.0
776400;77477.0;15948.0;61529.0
776500;77477.0;15948.0;61529.0
776600;77523.5;15994.5;61529.0
776700;77446.0;15917.0;61529.0
776800;77446.0;15917.0;61529.0
776900;77606.0;15917.0;61689.0
777000;77559.5;15870.5;61689.0
777100;77486.0;15917.0;61569.0
777200;77596.0;15987.0;61609.0
777300;77596.0;15987.0;61609.0
777400;77596.0;15987.0;61609.0
777500;77596.0;15987.0;61609.0
777600;77575.0;15966.0;61609.0
777700;77575.0;15966.0;61609.0
777800;77606.5;15997.5;61609.0
777900;77615.0;15966.0;61649.0
778000;77646.5;15997.5;61649.0
778100;77636.0;15987.0;61649.0
778200;77556.0;15987.0;61569.0
778300;77676.0;15987.0;61689.0
778400;77655.0;15966.0;61689.0
778500;77480.0;15791.0;61689.0
778600;77676.0;15987.0;61689.0
778700;77676.0;15987.0;61689.0
778800;77634.0;15945.0;61689.0
778900;77702.0;15973.0;61729.0
779000;77596.0;15987.0;61609.0
779100;77688.0;15959.0;61729.0
779200;77798.0;16029.0;61769.0
779300;77756.0;15987.0;61769.0
779400;77636.0;15987.0;61649.0
779500;77756.0;15987.0;61769.0
779600;77904.0;16015.0;61889.0
779700;78015.0;15846.0;62169.0
779800;77608.0;15999.0;61609.0
779900;77808.0;15999.0;61809.0
780000;77774.0;15965.0;61809.0
780100;77822.0;16013.0;61809.0
780200;77814.0;15965.0;61849.0
780300;77662.0;16013.0;61649.0
780400;77630.0;15981.0;61649.0
780500;77830.0;15981.0;61849.0
780600;77830.0;15981.0;61849.0
780700;77830.0;15981.0;61849.0
780800;77774.0;16045.0;61729.0
780900;77782.0;16013.0;61769.0
781000;77870.0;15981.0;61889.0
781100;78230.0;15981.0;62249.0
781200;77806.0;15997.0;61809.0
781300;77910.0;15981.0;61929.0
781400;77910.0;15981.0;61929.0
781500;77422.0;15933.0;61489.0
781600;78030.0;15981.0;62049.0
781700;77910.0;15981.0;61929.0
781800;77958.0;16029.0;61929.0
781900;77598.0;16029.0;61569.0
782000;77550.0;15981.0;61569.0
782100;78102.0;16013.0;62089.0
782200;78070.0;15981.0;62089.0
782300;77684.0;15795.0;61889.0
782400;77948.0;15939.0;62009.0
782500;78051.0;16042.0;62009.0
782600;77902.0;16013.0;61889.0
782700;78051.0;16042.0;62009.0
782800;78051.0;16042.0;62009.0
782900;78211.0;16042.0;62169.0
783000;78091.0;16042.0;62049.0
783100;78120.0;16071.0;62049.0
783200;78160.0;16071.0;62089.0
783300;78160.0;16071.0;62089.0
783400;78160.0;16071.0;62089.0
783500;78127.0;16158.0;61969.0
783600;78131.0;16042.0;62089.0
783700;78232.5;16143.5;62089.0
783800;78160.0;16071.0;62089.0
783900;78200.0;16071.0;62129.0
784000;78229.0;16100.0;62129.0
784100;78200.0;16071.0;62129.0
784200;78331.0;16042.0;62289.0
784300;78302.0;16013.0;62289.0
784400;78211.0;16042.0;62169.0
784500;78211.0;16042.0;62169.0
784600;78211.0;16042.0;62169.0
784700;78211.0;16042.0;62169.0
784800;78054.0;15885.0;62169.0
784900;78139.0;16050.0;62089.0
785000;78308.5;16099.5;62209.0
785100;78209.5;16000.5;62209.0
785200;78162.5;16033.5;62129.0
785300;78266.0;16017.0;62249.0
785400;78266.0;16017.0;62249.0
785500;78146.0;16017.0;62129.0
785600;78266.0;16017.0;62249.0
785700;78179.0;16050.0;62129.0
785800;78179.0;16050.0;62129.0
785900;78219.0;16050.0;62169.0
786000;78372.0;16083.0;62289.0
786100;78372.0;16083.0;62289.0
786200;78478.0;16149.0;62329.0
786300;78412.0;16083.0;62329.0
786400;78292.0;16083.0;62209.0
786500;78412.0;16083.0;62329.0
786600;78292.0;16083.0;62209.0
786700;78395.5;16066.5;62329.0
786800;78379.0;16050.0;62329.0
786900;78419.0;16050.0;62369.0
787000;78899.0;16050.0;62849.0
787100;78489.5;16000.5;62489.0
787200;78459.0;16050.0;62409.0
787300;78459.0;16050.0;62409.0
787400;78426.0;16017.0;62409.0
787500;78459.0;16050.0;62409.0
787600;78426.0;16017.0;62409.0
787700;78529.5;16000.5;62529.0
787800;78459.0;16050.0;62409.0
787900;78466.0;16017.0;62449.0
788000;78534.0;16085.0;62449.0
788100;78414.0;16085.0;62329.0
788200;78454.0;16085.0;62369.0
788300;78454.0;16085.0;62369.0
788400;78602.0;16113.0;62489.0
788500;78602.0;16113.0;62489.0
788600;78510.0;16141.0;62369.0
788700;78454.0;16085.0;62369.0
788800;78694.0;16085.0;62609.0
788900;78670.0;16141.0;62529.0
789000;78614.0;16085.0;62529.0
789100;78776.0;16127.0;62649.0
789200;78654.0;16085.0;62569.0
789300;78654.0;16085.0;62569.0
789400;78534.0;16085.0;62449.0
789500;78654.0;16085.0;62569.0
789600;78746.0;16057.0;62689.0
789700;78760.0;16071.0;62689.0
789800;78760.0;16071.0;62689.0
789900;78620.0;16011.0;62609.0
790000;78740.0;16011.0;62729.0
790100;78635.0;16026.0;62609.0
790200;78650.0;16041.0;62609.0
790300;78690.0;16041.0;62649.0
790400;78645.0;15996.0;62649.0
790500;78810.0;16041.0;62769.0
790600;78570.0;16041.0;62529.0
790700;78660.0;16011.0;62649.0
790800;78660.0;16011.0;62649.0
790900;78850.0;16041.0;62809.0
791000;78730.0;16041.0;62689.0
791100;78715.0;16026.0;62689.0
791200;78770.0;16041.0;62729.0
791300;78770.0;16041.0;62729.0
791400;78770.0;16041.0;62729.0
791500;78770.0;16041.0;62729.0
791600;78770.0;16041.0;62729.0
791700;78370.0;16041.0;62329.0
791800;78370.0;16041.0;62329.0
791900;78845.0;16076.0;62769.0
792000;78845.0;16076.0;62769.0
792100;78862.5;16093.5;62769.0
792200;78850.0;16041.0;62809.0
792300;78920.0;16111.0;62809.0
792400;78920.0;16111.0;62809.0
792500;78920.0;16111.0;62809.0
792600;78920.0;16111.0;62809.0
792700;78920.0;16111.0;62809.0
792800;78945.0;16136.0;62809.0
792900;79055.0;16086.0;62969.0
793000;78935.0;16086.0;62849.0
793100;78802.5;16073.5;62729.0
793200;79000.0;16111.0;62889.0
793300;78950.0;16061.0;62889.0
793400;78817.5;16048.5;62769.0
793500;78975.0;16086.0;62889.0
793600;79037.5;16148.5;62889.0
793700;79045.0;16156.0;62889.0
793800;79045.0;16156.0;62889.0
793900;79085.0;16156.0;62929.0
794000;79115.0;16066.0;63049.0
794100;79095.0;16166.0;62929.0
794200;79135.0;16166.0;62969.0
794300;79135.0;16166.0;62969.0
794400;79115.0;16146.0;62969.0
794500;79175.0;16206.0;62969.0
794600;79175.0;16206.0;62969.0
794700;79115.0;16146.0;62969.0
794800;79135.0;16166.0;62969.0
794900;79315.0;16186.0;63129.0
795000;79225.0;16216.0;63009.0
795100;79055.0;16166.0;62889.0
795200;79215.0;16166.0;63049.0
795300;79215.0;16166.0;63049.0
795400;79095.0;16166.0;62929.0
795500;79215.0;16166.0;63049.0
795600;79297.0;16248.0;63049.0
795700;79241.0;16192.0;63049.0
795800;79241.0;16192.0;63049.0
795900;79260.0;16171.0;63089.0
796000;79267.0;16178.0;63089.0
796100;79288.0;16199.0;63089.0
796200;79142.0;16213.0;62929.0
796300;79342.0;16213.0;63129.0
796400;79279.0;16150.0;63129.0
796500;79360.0;16231.0;63129.0
796600;79715.0;16186.0;63529.0
796700;79315.0;16186.0;63129.0
796800;79315.0;16186.0;63129.0
796900;79217.0;16168.0;63049.0
797000;79337.0;16168.0;63169.0
797100;79337.0;16168.0;63169.0
797200;79386.0;16177.0;63209.0
797300;79506.0;16177.0;63329.0
797400;79359.0;16150.0;63209.0
797500;79359.0;16150.0;63209.0
797600;79359.0;16150.0;63209.0
797700;79488.0;16159.0;63329.0
797800;79359.0;16150.0;63209.0
797900;79399.0;16150.0;63249.0
798000;79372.0;16123.0;63249.0
798100;79119.0;16150.0;62969.0
798200;79319.0;16150.0;63169.0
798300;79421.0;16132.0;63289.0
798400;79457.0;16168.0;63289.0
798500;79337.0;16168.0;63169.0
798600;79337.0;16168.0;63169.0
798700;79247.0;16078.0;63169.0
798800;79337.0;16168.0;63169.0
798900;79884.0;16195.0;63689.0
799000;79524.0;16195.0;63329.0
799100;79497.0;16168.0;63329.0
799200;79519.0;16150.0;63369.0
799300;79399.0;16150.0;63249.0
799400;79537.0;16168.0;63369.0
799500;79480.0;16231.0;63249.0
799600;79435.0;16186.0;63249.0
799700;79675.0;16186.0;63489.0
799800;79519.0;16150.0;63369.0
799900;79733.0;16204.0;63529.0
800000;79559.0;16150.0;63409.0
800100;79457.0;16168.0;63289.0
800200;79497.0;16168.0;63329.0
800300;79554.0;16105.0;63449.0
800400;79635.0;16186.0;63449.0
800500;79515.0;16186.0;63329.0
800600;79644.0;16195.0;63449.0
800700;79719.0;16150.0;63569.0
800800;79497.0;16168.0;63329.0
800900;79657.0;16168.0;63489.0
801000;79657.0;16168.0;63489.0
801100;79549.0;16060.0;63489.0
801200;79733.0;16204.0;63529.0
801300;79829.0;16180.0;63649.0
801400;79709.0;16180.0;63529.0
801500;79709.0;16180.0;63529.0
801600;79805.0;16156.0;63649.0
801700;79589.0;16180.0;63409.0
801800;79733.0;16204.0;63529.0
801900;79709.0;16180.0;63529.0
802000;79673.0;16104.0;63569.0
802100;79610.0;16161.0;63449.0
802200;79650.0;16161.0;63489.0
802300;79741.5;16132.5;63609.0
802400;79808.0;16199.0;63609.0
802500;79650.0;16161.0;63489.0
802600;79370.0;16161.0;63209.0
802700;79751.0;16142.0;63609.0
802800;79871.0;16142.0;63729.0
802900;79751.0;16142.0;63609.0
803000;80271.0;16142.0;64129.0
803100;79866.0;16177.0;63689.0
803200;79866.0;16177.0;63689.0
803300;79824.0;16135.0;63689.0
803400;79680.0;16191.0;63489.0
803500;79694.0;16205.0;63489.0
803600;79760.0;16191.0;63569.0
803700;79880.0;16191.0;63689.0
803800;79880.0;16191.0;63689.0
803900;79880.0;16191.0;63689.0
804000;79800.0;16191.0;63609.0
804100;79960.0;16191.0;63769.0
804200;79988.0;16219.0;63769.0
804300;79974.0;16205.0;63769.0
804400;79833.0;16184.0;63649.0
804500;79974.0;16205.0;63769.0
804600;79953.0;16184.0;63769.0
804700;79974.0;16205.0;63769.0
804800;79974.0;16205.0;63769.0
804900;79974.0;16205.0;63769.0
805000;80353.0;16184.0;64169.0
805100;80374.0;16205.0;64169.0
805200;79952.0;16103.0;63849.0
805300;80084.0;16235.0;63849.0
805400;79900.0;16051.0;63849.0
805500;79948.0;16219.0;63729.0
805600;79850.0;16121.0;63729.0
805700;80174.0;16205.0;63969.0
805800;80096.0;16247.0;63849.0
805900;80068.0;16219.0;63849.0
806000;80122.0;16233.0;63889.0
806100;80122.0;16233.0;63889.0
806200;80022.0;16293.0;63729.0
806300;80342.0;16293.0;64049.0
806400;80297.0;16248.0;64049.0
806500;80192.0;16263.0;63929.0
806600;80192.0;16263.0;63929.0
806700;80057.0;16248.0;63809.0
806800;80282.0;16233.0;64049.0
806900;80192.0;16263.0;63929.0
807000;80322.0;16233.0;64089.0
807100;80122.0;16233.0;63889.0
807200;80152.0;16263.0;63889.0
807300;80602.0;16233.0;64369.0
807400;80212.0;16203.0;64009.0
807500;80212.0;16203.0;64009.0
807600;80212.0;16203.0;64009.0
807700;80302.0;16173.0;64129.0
807800;80212.0;16203.0;64009.0
807900;80167.0;16158.0;64009.0
808000;80297.0;16248.0;64049.0
808100;80097.0;16128.0;63969.0
808200;80202.0;16233.0;63969.0
808300;80322.0;16233.0;64089.0
808400;80322.0;16233.0;64089.0
808500;80322.0;16233.0;64089.0
808600;80352.0;16263.0;64089.0
808700;80202.0;16113.0;64089.0
808800;80352.0;16263.0;64089.0
808900;80352.0;16263.0;64089.0
809000;80347.0;16218.0;64129.0
809100;80432.0;16263.0;64169.0
809200;80552.0;16263.0;64289.0
809300;80342.0;16293.0;64049.0
809400;80462.0;16293.0;64169.0
809500;80402.0;16353.0;64049.0
809600;80417.0;16248.0;64169.0
809700;80417.0;16248.0;64169.0
809800;80417.0;16248.0;64169.0
809900;80462.0;16293.0;64169.0
810000;80462.0;16293.0;64169.0
810100;80542.0;16293.0;64249.0
810200;80542.0;16293.0;64249.0
810300;80662.0;16293.0;64369.0
810400;80557.0;16308.0;64249.0
810500;80512.0;16263.0;64249.0
810600;80422.0;16293.0;64129.0
810700;80526.0;16277.0;64249.0
810800;80126.0;16277.0;63849.0
810900;80526.0;16277.0;64249.0
811000;80580.0;16291.0;64289.0
811100;80588.0;16179.0;64409.0
811200;80486.0;16277.0;64209.0
811300;80606.0;16277.0;64329.0
811400;80768.0;16319.0;64449.0
811500;80726.0;16277.0;64449.0
811600;80578.0;16249.0;64329.0
811700;80528.0;16319.0;64209.0
811800;80528.0;16319.0;64209.0
811900;80498.0;16249.0;64249.0
812000;80660.0;16291.0;64369.0
812100;80780.0;16291.0;64489.0
812200;80658.0;16249.0;64409.0
812300;80204.0;16235.0;63969.0
812400;80644.0;16235.0;64409.0
812500;80644.0;16235.0;64409.0
812600;80714.0;16305.0;64409.0
812700;80686.0;16277.0;64409.0
812800;80714.0;16305.0;64409.0
812900;80672.0;16263.0;64409.0
813000;80754.0;16305.0;64449.0
813100;80794.0;16305.0;64489.0
813200;80674.0;16305.0;64369.0
813300;80794.0;16305.0;64489.0
813400;80674.0;16305.0;64369.0
813500;80326.0;16277.0;64049.0
813600;80766.0;16277.0;64489.0
813700;80752.0;16263.0;64489.0
813800;80682.0;16193.0;64489.0
813900;80714.0;16305.0;64409.0
814000;80834.0;16305.0;64529.0
814100;80874.0;16305.0;64569.0
814200;80916.0;16347.0;64569.0
814300;80874.0;16305.0;64569.0
814400;80874.0;16305.0;64569.0
814500;80874.0;16305.0;64569.0
814600;80874.0;16305.0;64569.0
814700;80754.0;16305.0;64449.0
814800;80902.0;16333.0;64569.0
814900;80860.0;16291.0;64569.0
815000;80780.0;16291.0;64489.0
815100;80954.0;16305.0;64649.0
815200;80954.0;16305.0;64649.0
815300;81074.0;16305.0;64769.0
815400;80954.0;16305.0;64649.0
815500;81074.0;16305.0;64769.0
815600;80946.0;16297.0;64649.0
815700;81102.0;16333.0;64769.0
815800;80958.0;16309.0;64649.0
815900;81502.0;16333.0;65169.0
816000;81046.0;16357.0;64689.0
816100;81142.0;16333.0;64809.0
816200;81122.0;16393.0;64729.0
816300;81158.0;16309.0;64849.0
816400;81038.0;16309.0;64729.0
816500;81038.0;16309.0;64729.0
816600;80894.0;16285.0;64609.0
816700;81014.0;16285.0;64729.0
816800;81014.0;16285.0;64729.0
816900;80946.0;16297.0;64649.0
817000;80982.0;16213.0;64769.0
817100;81094.0;16285.0;64809.0
817200;81142.0;16213.0;64929.0
817300;81022.0;16213.0;64809.0
817400;81118.0;16309.0;64809.0
817500;81154.0;16345.0;64809.0
817600;81118.0;16309.0;64809.0
817700;80962.0;16273.0;64689.0
817800;81118.0;16309.0;64809.0
817900;81038.0;16309.0;64729.0
818000;81158.0;16309.0;64849.0
818100;81234.0;16345.0;64889.0
818200;81222.0;16333.0;64889.0
818300;81210.0;16321.0;64889.0
818400;81382.0;16333.0;65049.0
818500;81222.0;16333.0;64889.0
818600;81222.0;16333.0;64889.0
818700;81246.0;16357.0;64889.0
818800;81222.0;16333.0;64889.0
818900;81366.0;16357.0;65009.0
819000;81262.0;16333.0;64929.0
819100;81386.0;16417.0;64969.0
819200;81158.0;16309.0;64849.0
819300;81278.0;16309.0;64969.0
819400;81278.0;16309.0;64969.0
819500;80730.0;16321.0;64409.0
819600;81290.0;16321.0;64969.0
819700;81170.0;16321.0;64849.0
819800;81278.0;16309.0;64969.0
819900;81242.0;16273.0;64969.0
820000;81282.0;16273.0;65009.0
820100;81406.0;16357.0;65049.0
820200;81370.0;16321.0;65049.0
820300;81406.0;16357.0;65049.0
820400;81406.0;16357.0;65049.0
820500;81502.0;16333.0;65169.0
820600;81406.0;16357.0;65049.0
820700;81382.0;16333.0;65049.0
820800;81430.0;16381.0;65049.0
820900;81374.0;16405.0;64969.0
821000;81266.0;16297.0;64969.0
821100;81614.0;16485.0;65129.0
821200;81606.0;16477.0;65129.0
821300;81590.0;16461.0;65129.0
821400;81566.0;16437.0;65129.0
821500;81694.0;16445.0;65249.0
821600;81542.0;16413.0;65129.0
821700;81614.0;16485.0;65129.0
821800;81558.0;16429.0;65129.0
821900;81558.0;16429.0;65129.0
822000;81598.0;16429.0;65169.0
822100;81638.0;16429.0;65209.0
822200;81494.0;16405.0;65089.0
822300;81758.0;16429.0;65329.0
822400;81758.0;16429.0;65329.0
822500;82158.0;16429.0;65729.0
822600;81694.0;16485.0;65209.0
822700;81662.0;16453.0;65209.0
822800;81758.0;16429.0;65329.0
822900;81622.0;16413.0;65209.0
823000;81662.0;16413.0;65249.0
823100;81782.0;16413.0;65369.0
823200;81790.0;16381.0;65409.0
823300;81654.0;16485.0;65169.0
823400;81777.0;16488.0;65289.0
823500;82162.0;16473.0;65689.0
823600;81762.0;16473.0;65289.0
823700;81772.0;16483.0;65289.0
823800;81762.0;16473.0;65289.0
823900;81752.0;16463.0;65289.0
824000;81662.0;16453.0;65209.0
824100;81802.0;16433.0;65369.0
824200;81847.0;16478.0;65369.0
824300;81832.0;16463.0;65369.0
824400;81832.0;16463.0;65369.0
824500;81832.0;16463.0;65369.0
824600;81812.0;16443.0;65369.0
824700;81712.0;16463.0;65249.0
824800;81822.0;16453.0;65369.0
824900;81742.0;16453.0;65289.0
825000;81742.0;16453.0;65289.0
825100;81912.0;16463.0;65449.0
825200;82382.0;16453.0;65929.0
825300;81902.0;16453.0;65449.0
825400;81892.0;16443.0;65449.0
825500;81902.0;16453.0;65449.0
825600;82302.0;16453.0;65849.0
825700;82297.0;16448.0;65849.0
825800;82012.0;16443.0;65569.0
825900;81892.0;16443.0;65449.0
826000;81932.0;16443.0;65489.0
826100;81872.0;16463.0;65409.0
826200;81982.0;16453.0;65529.0
826300;81962.0;16433.0;65529.0
826400;81982.0;16453.0;65529.0
826500;81972.0;16443.0;65529.0
826600;81972.0;16443.0;65529.0
826700;81972.0;16443.0;65529.0
826800;81972.0;16443.0;65529.0
826900;81962.0;16433.0;65529.0
827000;82142.0;16453.0;65689.0
827100;82062.0;16453.0;65609.0
827200;82062.0;16453.0;65609.0
827300;82052.0;16443.0;65609.0
827400;82172.0;16443.0;65729.0
827500;82022.0;16413.0;65609.0
827600;82052.0;16443.0;65609.0
827700;81932.0;16443.0;65489.0
827800;82162.0;16433.0;65729.0
827900;82442.0;16433.0;66009.0
828000;82092.0;16443.0;65649.0
828100;82132.0;16443.0;65689.0
828200;82242.0;16433.0;65809.0
828300;82002.0;16433.0;65569.0
828400;82612.0;16443.0;66169.0
828500;82242.0;16433.0;65809.0
828600;82122.0;16433.0;65689.0
828700;82242.0;16433.0;65809.0
828800;82242.0;16433.0;65809.0
828900;82232.0;16423.0;65809.0
829000;82242.0;16433.0;65809.0
829100;82202.0;16433.0;65769.0
829200;82202.0;16433.0;65769.0
829300;82082.0;16433.0;65649.0
829400;82202.0;16433.0;65769.0
829500;82202.0;16433.0;65769.0
829600;82192.0;16423.0;65769.0
829700;82202.0;16433.0;65769.0
829800;82712.0;16423.0;66289.0
829900;82357.0;16428.0;65929.0
830000;82242.0;16433.0;65809.0
830100;82252.0;16443.0;65809.0
830200;82282.0;16433.0;65849.0
830300;82402.0;16433.0;65969.0
830400;82272.0;16423.0;65849.0
830500;82262.0;16413.0;65849.0
830600;82152.0;16423.0;65729.0
830700;82282.0;16433.0;65849.0
830800;82312.0;16463.0;65849.0
830900;82282.0;16433.0;65849.0
831000;82282.0;16433.0;65849.0
831100;82362.0;16433.0;65929.0
831200;82362.0;16433.0;65929.0
831300;82722.0;16433.0;66289.0
831400;82372.0;16443.0;65929.0
831500;82337.0;16408.0;65929.0
831600;82362.0;16433.0;65929.0
831700;82232.0;16423.0;65809.0
831800;82372.0;16443.0;65929.0
831900;82367.0;16438.0;65929.0
832000;82412.0;16443.0;65969.0
832100;82422.0;16413.0;66009.0
832200;82452.0;16443.0;66009.0
832300;82572.0;16443.0;66129.0
832400;82452.0;16443.0;66009.0
832500;82452.0;16443.0;66009.0
832600;82352.0;16463.0;65889.0
832700;82462.0;16453.0;66009.0
832800;82547.0;16418.0;66129.0
832900;82487.0;16478.0;66009.0
833000;82669.5;16500.5;66169.0
833100;82589.5;16500.5;66089.0
833200;82567.0;16478.0;66089.0
833300;82574.5;16485.5;66089.0
833400;82582.0;16493.0;66089.0
833500;82582.0;16493.0;66089.0
833600;82597.0;16508.0;66089.0
833700;82997.0;16508.0;66489.0
833800;82522.0;16553.0;65969.0
833900;82545.5;16576.5;65969.0
834000;82656.0;16527.0;66129.0
834100;82656.0;16527.0;66129.0
834200;82685.0;16516.0;66169.0
834300;82565.0;16516.0;66049.0
834400;82805.0;16516.0;66289.0
834500;82685.0;16516.0;66169.0
834600;82576.0;16527.0;66049.0
834700;82685.0;16516.0;66169.0
834800;82685.0;16516.0;66169.0
834900;82605.0;16516.0;66089.0
835000;82605.0;16516.0;66089.0
835100;82765.0;16516.0;66249.0
835200;82578.0;16449.0;66129.0
835300;82908.0;16539.0;66369.0
835400;82788.0;16539.0;66249.0
835500;82765.5;16516.5;66249.0
835600;82803.0;16554.0;66249.0
835700;82844.0;16595.0;66249.0
835800;82844.0;16595.0;66249.0
835900;82844.0;16595.0;66249.0
836000;83011.0;16602.0;66409.0
836100;82931.0;16602.0;66329.0
836200;82931.0;16602.0;66329.0
836300;82931.0;16602.0;66329.0
836400;82934.5;16605.5;66329.0
836500;82494.5;16605.5;65889.0
836600;82924.0;16595.0;66329.0
836700;82924.0;16595.0;66329.0
836800;82966.0;16637.0;66329.0
836900;83015.0;16686.0;66329.0
837000;83020.0;16651.0;66369.0
837100;83060.0;16651.0;66409.0
837200;83046.0;16637.0;66409.0
837300;83046.0;16637.0;66409.0
837400;83032.0;16623.0;66409.0
837500;83039.0;16630.0;66409.0
837600;83053.0;16644.0;66409.0
837700;83152.0;16623.0;66529.0
837800;83032.0;16623.0;66409.0
837900;83046.0;16637.0;66409.0
838000;82903.0;16574.0;66329.0
838100;82971.0;16602.0;66369.0
838200;83098.0;16609.0;66489.0
838300;83098.0;16609.0;66489.0
838400;83126.0;16637.0;66489.0
838500;83126.0;16637.0;66489.0
838600;83112.0;16623.0;66489.0
838700;82992.0;16623.0;66369.0
838800;83112.0;16623.0;66489.0
838900;83112.0;16623.0;66489.0
839000;83152.0;16623.0;66529.0
839100;83206.0;16637.0;66569.0
839200;83319.0;16630.0;66689.0
839300;83192.0;16623.0;66569.0
839400;83312.0;16623.0;66689.0
839500;83192.0;16623.0;66569.0
839600;83185.0;16616.0;66569.0
839700;83234.0;16665.0;66569.0
839800;83257.5;16688.5;66569.0
839900;83361.0;16672.0;66689.0
840000;83281.0;16672.0;66609.0
840100;83405.5;16676.5;66729.0
840200;83324.0;16675.0;66649.0
840300;83205.5;16676.5;66529.0
840400;83207.0;16678.0;66529.0
840500;83453.0;16684.0;66769.0
840600;83447.0;16678.0;66769.0
840700;83330.0;16681.0;66649.0
840800;83447.0;16678.0;66769.0
840900;83327.0;16678.0;66649.0
841000;83370.0;16681.0;66689.0
841100;83346.0;16617.0;66729.0
841200;83437.0;16708.0;66729.0
841300;83437.0;16708.0;66729.0
841400;83437.0;16708.0;66729.0
841500;83437.0;16708.0;66729.0
841600;83437.0;16708.0;66729.0
841700;83443.5;16714.5;66729.0
841800;83437.0;16708.0;66729.0
841900;83437.0;16708.0;66729.0
842000;83464.0;16695.0;66769.0
842100;83517.0;16708.0;66809.0
842200;83598.0;16669.0;66929.0
842300;83530.0;16721.0;66809.0
842400;83530.0;16721.0;66809.0
842500;83536.5;16727.5;66809.0
842600;83523.5;16714.5;66809.0
842700;83637.0;16708.0;66929.0
842800;83517.0;16708.0;66809.0
842900;83536.5;16727.5;66809.0
843000;83542.0;16693.0;66849.0
843100;83614.0;16725.0;66889.0
843200;83602.0;16713.0;66889.0
843300;83536.5;16767.5;66769.0
843400;83575.0;16806.0;66769.0
843500;83798.0;16789.0;67009.0
843600;83678.0;16789.0;66889.0
843700;83678.0;16789.0;66889.0
843800;83652.5;16763.5;66889.0
843900;83572.5;16763.5;66809.0
844000;83598.0;16789.0;66809.0
844100;83621.0;16772.0;66849.0
844200;83775.0;16806.0;66969.0
844300;83758.0;16789.0;66969.0
844400;83775.0;16806.0;66969.0
844500;83758.0;16789.0;66969.0
844600;83758.0;16789.0;66969.0
844700;83758.0;16789.0;66969.0
844800;83349.5;16780.5;66569.0
844900;83775.0;16806.0;66969.0
845000;83798.0;16789.0;67009.0
845100;83838.0;16789.0;67049.0
845200;83838.0;16789.0;67049.0
845300;83872.0;16823.0;67049.0
845400;83411.0;16802.0;66609.0
845500;83752.0;16823.0;66929.0
845600;83821.0;16772.0;67049.0
845700;83859.5;16810.5;67049.0
845800;83739.5;16810.5;66929.0
845900;83876.0;16827.0;67049.0
846000;83905.0;16816.0;67089.0
846100;83982.0;16853.0;67129.0
846200;84082.0;16833.0;67249.0
846300;83924.5;16795.5;67129.0
846400;83965.0;16836.0;67129.0
846500;83974.0;16845.0;67129.0
846600;83965.0;16836.0;67129.0
846700;83965.0;16836.0;67129.0
846800;83965.0;16836.0;67129.0
846900;83990.0;16861.0;67129.0
847000;84030.0;16861.0;67169.0
847100;84150.0;16861.0;67289.0
847200;84153.5;16864.5;67289.0
847300;84056.0;16847.0;67209.0
847400;84056.0;16847.0;67209.0
847500;84246.0;16917.0;67329.0
847600;84121.5;16912.5;67209.0
847700;84126.0;16917.0;67209.0
847800;84175.0;16966.0;67209.0
847900;84175.0;16966.0;67209.0
848000;84335.0;16966.0;67369.0
848100;84335.0;16966.0;67369.0
848200;84339.0;16970.0;67369.0
848300;84370.0;17001.0;67369.0
848400;84290.0;17001.0;67289.0
848500;84179.0;17010.0;67169.0
848600;84179.0;17010.0;67169.0
848700;84419.0;17010.0;67409.0
848800;84290.0;17001.0;67289.0
848900;84276.5;16987.5;67289.0
849000;84316.5;16987.5;67329.0
849100;84370.0;17001.0;67369.0
849200;84250.0;17001.0;67249.0
849300;84499.0;17010.0;67489.0
849400;84374.5;17005.5;67369.0
849500;84379.0;17010.0;67369.0
849600;84379.0;17010.0;67369.0
849700;84392.5;17023.5;67369.0
849800;84499.0;17010.0;67489.0
849900;84379.0;17010.0;67369.0
850000;84428.0;17019.0;67409.0
850100;84459.0;17010.0;67449.0
850200;84339.0;17010.0;67329.0
850300;84334.5;17005.5;67329.0
850400;84441.0;16992.0;67449.0
850500;84459.0;17010.0;67449.0
850600;84459.0;17010.0;67449.0
850700;84459.0;17010.0;67449.0
850800;84450.0;17001.0;67449.0
850900;84450.0;17001.0;67449.0
851000;84499.0;17010.0;67489.0
851100;84548.0;17019.0;67529.0
851200;84419.0;17010.0;67409.0
851300;84419.0;17010.0;67409.0
851400;84659.0;17010.0;67649.0
851500;84539.0;17010.0;67529.0
851600;84659.0;17010.0;67649.0
851700;84539.0;17010.0;67529.0
851800;84576.5;17047.5;67529.0
851900;84501.0;17052.0;67449.0
852000;84501.0;17052.0;67449.0
852100;84661.0;17052.0;67609.0
852200;84658.0;17049.0;67609.0
852300;84808.0;17079.0;67729.0
852400;84700.0;17091.0;67609.0
852500;84703.0;17094.0;67609.0
852600;84592.0;17103.0;67489.0
852700;84832.0;17103.0;67729.0
852800;84712.0;17103.0;67609.0
852900;84712.0;17103.0;67609.0
853000;84867.5;17098.5;67769.0
853100;84792.0;17103.0;67689.0
853200;84792.0;17103.0;67689.0
853300;84792.0;17103.0;67689.0
853400;84792.0;17103.0;67689.0
853500;84801.0;17112.0;67689.0
853600;84681.0;17112.0;67569.0
853700;84783.0;17094.0;67689.0
853800;84783.0;17094.0;67689.0
853900;84712.0;17103.0;67609.0
854000;84712.0;17103.0;67609.0
854100;84872.0;17103.0;67769.0
854200;84725.0;17076.0;67649.0
854300;84872.0;17103.0;67769.0
854400;84872.0;17103.0;67769.0
854500;84738.5;17089.5;67649.0
854600;84983.0;17094.0;67889.0
854700;84881.0;17112.0;67769.0
854800;84863.0;17094.0;67769.0
854900;84872.0;17103.0;67769.0
855000;84912.0;17103.0;67809.0
855100;84952.0;17103.0;67849.0
855200;84965.5;17116.5;67849.0
855300;84943.0;17094.0;67849.0
855400;85072.0;17103.0;67969.0
855500;84882.5;17033.5;67849.0
855600;84993.0;17144.0;67849.0
855700;85121.5;17152.5;67969.0
855800;84993.0;17144.0;67849.0
855900;84993.0;17144.0;67849.0
856000;85007.5;17118.5;67889.0
856100;85073.0;17144.0;67929.0
856200;85073.0;17144.0;67929.0
856300;85073.0;17144.0;67929.0
856400;85193.0;17144.0;68049.0
856500;85073.0;17144.0;67929.0
856600;85073.0;17144.0;67929.0
856700;85098.5;17169.5;67929.0
856800;85073.0;17144.0;67929.0
856900;85090.0;17161.0;67929.0
857000;85130.0;17161.0;67969.0
857100;85187.0;17178.0;68009.0
857200;85290.0;17161.0;68129.0
857300;85170.0;17161.0;68009.0
857400;85170.0;17161.0;68009.0
857500;85050.0;17161.0;67889.0
857600;84970.0;17161.0;67809.0
857700;84987.0;17178.0;67809.0
857800;85290.0;17161.0;68129.0
857900;85187.0;17178.0;68009.0
858000;85210.0;17161.0;68049.0
858100;85227.0;17178.0;68049.0
858200;85233.0;17144.0;68089.0
858300;85233.0;17144.0;68089.0
858400;85233.0;17144.0;68089.0
858500;85104.5;17135.5;67969.0
858600;85233.0;17144.0;68089.0
858700;85148.0;17059.0;68089.0
858800;85233.0;17144.0;68089.0
858900;85233.0;17144.0;68089.0
859000;85376.0;17127.0;68249.0
859100;85296.0;17127.0;68169.0
859200;85296.0;17127.0;68169.0
859300;85270.5;17101.5;68169.0
859400;85321.5;17152.5;68169.0
859500;85279.0;17110.0;68169.0
859600;85210.0;17161.0;68049.0
859700;85362.0;17193.0;68169.0
859800;85482.0;17193.0;68289.0
859900;85261.0;17172.0;68089.0
860000;85381.0;17172.0;68209.0
860100;85421.0;17172.0;68249.0
860200;85421.0;17172.0;68249.0
860300;84981.0;17172.0;67809.0
860400;85421.0;17172.0;68249.0
860500;85442.0;17193.0;68249.0
860600;85421.0;17172.0;68249.0
860700;85389.5;17140.5;68249.0
860800;85421.0;17172.0;68249.0
860900;85541.0;17172.0;68369.0
861000;85562.0;17193.0;68369.0
861100;85522.0;17193.0;68329.0
861200;85663.0;17214.0;68449.0
861300;85663.0;17214.0;68449.0
861400;85459.0;17130.0;68329.0
861500;85642.0;17193.0;68449.0
861600;85642.0;17193.0;68449.0
861700;85543.0;17214.0;68329.0
861800;85557.0;17228.0;68329.0
861900;85760.5;17311.5;68449.0
862000;85609.0;17240.0;68369.0
862100;85662.0;17253.0;68409.0
862200;85636.0;17227.0;68409.0
862300;85662.0;17253.0;68409.0
862400;85649.0;17240.0;68409.0
862500;85769.0;17240.0;68529.0
862600;85636.0;17227.0;68409.0
862700;85649.0;17240.0;68409.0
862800;85662.0;17253.0;68409.0
862900;85649.0;17240.0;68409.0
863000;85689.0;17240.0;68449.0
863100;85609.0;17240.0;68369.0
863200;86043.5;17194.5;68849.0
863300;85615.5;17246.5;68369.0
863400;85609.0;17240.0;68369.0
863500;85729.0;17240.0;68489.0
863600;85622.0;17133.0;68489.0
863700;85885.0;17276.0;68609.0
863800;85743.0;17254.0;68489.0
863900;85743.0;17254.0;68489.0
864000;85925.0;17276.0;68649.0
864100;85925.0;17276.0;68649.0
864200;85637.0;17188.0;68449.0
864300;85405.0;17276.0;68129.0
864400;85812.0;17243.0;68569.0
864500;85987.0;17298.0;68689.0
864600;85987.0;17298.0;68689.0
864700;85845.0;17276.0;68569.0
864800;86044.0;17355.0;68689.0
864900;85823.0;17334.0;68489.0
865000;85865.0;17376.0;68489.0
865100;86025.0;17376.0;68649.0
865200;86035.0;17386.0;68649.0
865300;86125.0;17356.0;68769.0
865400;86125.0;17356.0;68769.0
865500;85845.0;17316.0;68529.0
865600;86085.0;17316.0;68769.0
865700;85985.0;17336.0;68649.0
865800;86105.0;17336.0;68769.0
865900;85985.0;17336.0;68649.0
866000;86045.0;17356.0;68689.0
866100;86065.0;17336.0;68729.0
866200;85945.0;17336.0;68609.0
866300;85925.0;17316.0;68609.0
866400;86035.0;17306.0;68729.0
866500;86085.0;17356.0;68729.0
866600;86065.0;17336.0;68729.0
866700;86235.0;17386.0;68849.0
866800;86345.0;17336.0;69009.0
866900;86025.0;17296.0;68729.0
867000;85995.0;17346.0;68649.0
867100;86107.0;17218.0;68889.0
867200;85957.0;17348.0;68609.0
867300;86209.0;17400.0;68809.0
867400;86183.0;17374.0;68809.0
867500;86157.0;17348.0;68809.0
867600;86209.0;17400.0;68809.0
867700;86063.0;17374.0;68689.0
867800;86259.0;17450.0;68809.0
867900;86259.0;17450.0;68809.0
868000;86313.5;17464.5;68849.0
868100;86357.0;17468.0;68889.0
868200;86269.0;17380.0;68889.0
868300;86346.0;17457.0;68889.0
868400;86444.0;17435.0;69009.0
868500;86215.0;17446.0;68769.0
868600;86346.0;17457.0;68889.0
868700;86346.0;17457.0;68889.0
868800;86466.0;17457.0;69009.0
868900;86281.0;17512.0;68769.0
869000;86441.0;17512.0;68929.0
869100;86306.0;17457.0;68849.0
869200;86437.0;17468.0;68969.0
869300;86328.0;17479.0;68849.0
869400;86448.0;17479.0;68969.0
869500;86448.0;17479.0;68969.0
869600;86568.0;17479.0;69089.0
869700;86568.0;17479.0;69089.0
869800;86547.0;17578.0;68969.0
869900;86470.0;17501.0;68969.0
870000;86630.0;17501.0;69129.0
870100;86517.0;17468.0;69049.0
870200;86637.0;17468.0;69169.0
870300;86550.0;17501.0;69049.0
870400;86550.0;17501.0;69049.0
870500;86572.0;17523.0;69049.0
870600;86572.0;17523.0;69049.0
870700;86627.0;17578.0;69049.0
870800;86594.0;17545.0;69049.0
870900;86607.0;17558.0;69049.0
871000;86647.0;17558.0;69089.0
871100;86790.0;17541.0;69249.0
871200;86693.5;17444.5;69249.0
871300;86711.0;17582.0;69129.0
871400;86723.5;17594.5;69129.0
871500;86725.0;17596.0;69129.0
871600;86698.0;17569.0;69129.0
871700;86687.0;17558.0;69129.0
871800;86712.0;17583.0;69129.0
871900;86737.0;17608.0;69129.0
872000;86727.0;17558.0;69169.0
872100;86752.0;17583.0;69169.0
872200;86912.0;17583.0;69329.0
872300;86842.0;17633.0;69209.0
872400;86804.5;17595.5;69209.0
872500;86792.0;17583.0;69209.0
872600;86617.0;17608.0;69009.0
872700;86767.0;17558.0;69209.0
872800;86854.5;17645.5;69209.0
872900;86887.0;17558.0;69329.0
873000;86807.0;17558.0;69249.0
873100;86847.0;17558.0;69289.0
873200;86847.0;17558.0;69289.0
873300;86992.0;17583.0;69409.0
873400;86822.0;17533.0;69289.0
873500;86822.0;17533.0;69289.0
873600;86904.5;17495.5;69409.0
873700;86702.0;17533.0;69169.0
873800;86822.0;17533.0;69289.0
873900;86739.5;17570.5;69169.0
874000;86949.5;17620.5;69329.0
874100;86949.5;17620.5;69329.0
874200;86989.5;17620.5;69369.0
874300;87022.0;17533.0;69489.0
874400;86782.0;17533.0;69249.0
874500;86902.0;17533.0;69369.0
874600;86902.0;17533.0;69369.0
874700;86902.0;17533.0;69369.0
874800;86464.5;17495.5;68969.0
874900;86902.0;17533.0;69369.0
875000;87037.0;17508.0;69529.0
875100;87077.0;17508.0;69569.0
875200;86957.0;17508.0;69449.0
875300;87077.0;17508.0;69569.0
875400;86957.0;17508.0;69449.0
875500;86957.0;17508.0;69449.0
875600;86957.0;17508.0;69449.0
875700;86982.0;17533.0;69449.0
875800;86944.5;17495.5;69449.0
875900;87070.0;17621.0;69449.0
876000;87149.0;17540.0;69609.0
876100;87069.0;17540.0;69529.0
876200;87096.0;17567.0;69529.0
876300;87087.0;17558.0;69529.0
876400;87069.0;17540.0;69529.0
876500;87189.0;17540.0;69649.0
876600;87105.0;17576.0;69529.0
876700;87207.0;17558.0;69649.0
876800;86967.0;17558.0;69409.0
876900;87105.0;17576.0;69529.0
877000;87145.0;17576.0;69569.0
877100;87203.0;17594.0;69609.0
877200;87065.0;17576.0;69489.0
877300;87185.0;17576.0;69609.0
877400;87203.0;17594.0;69609.0
877500;87270.0;17661.0;69609.0
877600;87193.0;17584.0;69609.0
877700;87179.0;17570.0;69609.0
877800;87193.0;17584.0;69609.0
877900;87242.0;17633.0;69609.0
878000;87292.5;17643.5;69649.0
878100;87301.0;17612.0;69689.0
878200;87336.0;17647.0;69689.0
878300;87336.0;17647.0;69689.0
878400;87336.0;17647.0;69689.0
878500;87256.0;17567.0;69689.0
878600;87216.0;17647.0;69569.0
878700;87336.0;17647.0;69689.0
878800;87336.0;17647.0;69689.0
878900;87352.0;17663.0;69689.0
879000;87272.0;17663.0;69609.0
879100;87342.5;17573.5;69769.0
879200;87469.0;17700.0;69769.0
879300;87446.0;17677.0;69769.0
879400;87554.5;17665.5;69889.0
879500;87612.0;17723.0;69889.0
879600;87469.0;17700.0;69769.0
879700;87377.0;17608.0;69769.0
879800;87469.0;17700.0;69769.0
879900;87469.0;17700.0;69769.0
880000;87509.0;17700.0;69809.0
880100;87549.0;17700.0;69849.0
880200;87549.0;17700.0;69849.0
880300;87669.0;17700.0;69969.0
880400;87549.0;17700.0;69849.0
880500;87549.0;17700.0;69849.0
880600;87623.0;17654.0;69969.0
880700;87503.0;17654.0;69849.0
880800;87457.0;17728.0;69729.0
880900;87550.0;17701.0;69849.0
881000;87590.0;17701.0;69889.0
881100;87750.0;17701.0;70049.0
881200;87630.0;17701.0;69929.0
881300;87750.0;17701.0;70049.0
881400;87711.0;17782.0;69929.0
881500;87711.0;17782.0;69929.0
881600;87648.0;17719.0;69929.0
881700;87648.0;17719.0;69929.0
881800;87621.0;17692.0;69929.0
881900;87603.0;17674.0;69929.0
882000;87697.0;17728.0;69969.0
882100;87719.0;17710.0;70009.0
882200;87701.0;17692.0;70009.0
882300;87719.0;17710.0;70009.0
882400;87572.0;17683.0;69889.0
882500;87710.0;17701.0;70009.0
882600;87692.0;17683.0;70009.0
882700;87733.0;17604.0;70129.0
882800;87753.0;17744.0;70009.0
882900;87795.0;17786.0;70009.0
883000;87779.0;17730.0;70049.0
883100;87861.0;17772.0;70089.0
883200;87847.0;17758.0;70089.0
883300;87699.0;17730.0;69969.0
883400;87805.0;17716.0;70089.0
883500;87685.0;17716.0;69969.0
883600;87805.0;17716.0;70089.0
883700;87685.0;17716.0;69969.0
883800;87819.0;17730.0;70089.0
883900;87847.0;17758.0;70089.0
884000;87767.0;17758.0;70009.0
884100;87781.0;17772.0;70009.0
884200;87779.0;17730.0;70049.0
884300;87801.0;17632.0;70169.0
884400;87751.0;17702.0;70049.0
884500;87899.0;17730.0;70169.0
884600;88019.0;17730.0;70289.0
884700;87899.0;17730.0;70169.0
884800;87899.0;17730.0;70169.0
884900;87899.0;17730.0;70169.0
885000;87911.0;17702.0;70209.0
885100;87965.0;17716.0;70249.0
885200;88021.0;17772.0;70249.0
885300;87979.0;17730.0;70249.0
885400;87979.0;17730.0;70249.0
885500;88021.0;17772.0;70249.0
885600;88021.0;17772.0;70249.0
885700;87979.0;17730.0;70249.0
885800;87979.0;17730.0;70249.0
885900;88105.0;17856.0;70249.0
886000;88145.0;17856.0;70289.0
886100;87897.0;17688.0;70209.0
886200;88059.0;17730.0;70329.0
886300;87961.0;17632.0;70329.0
886400;88059.0;17730.0;70329.0
886500;88031.0;17702.0;70329.0
886600;87836.0;17507.0;70329.0
886700;88233.5;17784.5;70449.0
886800;88058.0;17729.0;70329.0
886900;88021.0;17692.0;70329.0
887000;88587.5;17858.5;70729.0
887100;88067.5;17858.5;70209.0
887200;88101.0;17692.0;70409.0
887300;88138.0;17729.0;70409.0
887400;88138.0;17729.0;70409.0
887500;88138.0;17729.0;70409.0
887600;88175.0;17766.0;70409.0
887700;88170.5;17761.5;70409.0
887800;88306.0;17777.0;70529.0
887900;88186.0;17777.0;70409.0
888000;88040.5;17591.5;70449.0
888100;88284.0;17795.0;70489.0
888200;88321.0;17832.0;70489.0
888300;88053.0;17684.0;70369.0
888400;88284.0;17795.0;70489.0
888500;88284.0;17795.0;70489.0
888600;88358.0;17869.0;70489.0
888700;88284.0;17795.0;70489.0
888800;88284.0;17795.0;70489.0
888900;88441.0;17832.0;70609.0
889000;88305.5;17776.5;70529.0
889100;88216.0;17647.0;70569.0
889200;88364.0;17795.0;70569.0
889300;88364.0;17795.0;70569.0
889400;88364.0;17795.0;70569.0
889500;88484.0;17795.0;70689.0
889600;88364.0;17795.0;70569.0
889700;88244.0;17795.0;70449.0
889800;88364.0;17795.0;70569.0
889900;88001.0;17832.0;70169.0
890000;88459.5;17850.5;70609.0
890100;88499.5;17850.5;70649.0
890200;88601.0;17832.0;70769.0
890300;88656.5;17887.5;70769.0
890400;88324.0;17795.0;70529.0
890500;88278.0;17629.0;70649.0
890600;88557.5;17908.5;70649.0
890700;88416.0;17887.0;70529.0
890800;88493.0;17844.0;70649.0
890900;88450.0;17801.0;70649.0
891000;88490.0;17801.0;70689.0
891100;88530.0;17801.0;70729.0
891200;88530.0;17801.0;70729.0
891300;88530.0;17801.0;70729.0
891400;88890.0;17801.0;71089.0
891500;88573.0;17844.0;70729.0
891600;88693.0;17844.0;70849.0
891700;88736.0;17887.0;70849.0
891800;88951.5;17822.5;71129.0
891900;88973.0;17844.0;71129.0
892000;88613.0;17844.0;70769.0
892100;88533.0;17844.0;70689.0
892200;88730.0;17801.0;70929.0
892300;88588.5;17779.5;70809.0
892400;88653.0;17844.0;70809.0
892500;88653.0;17844.0;70809.0
892600;88751.5;17822.5;70929.0
892700;88511.5;17822.5;70689.0
892800;88773.0;17844.0;70929.0
892900;89152.0;17943.0;71209.0
893000;88792.0;17943.0;70849.0
893100;88832.0;17943.0;70889.0
893200;88813.5;17924.5;70889.0
893300;88872.0;17983.0;70889.0
893400;88752.0;17983.0;70769.0
893500;88872.0;17983.0;70889.0
893600;88833.0;17944.0;70889.0
893700;89110.0;18061.0;71049.0
893800;88872.0;17983.0;70889.0
893900;88872.0;17983.0;70889.0
894000;89032.0;17983.0;71049.0
894100;88874.0;17905.0;70969.0
894200;88713.0;17944.0;70769.0
894300;88796.0;17827.0;70969.0
894400;88793.0;17944.0;70849.0
894500;88874.0;17905.0;70969.0
894600;88913.0;17944.0;70969.0
894700;88913.0;17944.0;70969.0
894800;88913.0;17944.0;70969.0
894900;88894.0;18085.0;70809.0
895000;88958.0;17949.0;71009.0
895100;88964.0;17915.0;71049.0
895200;88844.0;17915.0;70929.0
895300;89084.0;17915.0;71169.0
895400;88964.0;17915.0;71049.0
895500;88947.0;17898.0;71049.0
895600;88913.0;17864.0;71049.0
895700;88964.0;17915.0;71049.0
895800;88998.0;17949.0;71049.0
895900;89084.0;17915.0;71169.0
896000;89004.0;17915.0;71089.0
896100;88958.0;17949.0;71009.0
896200;88958.0;17949.0;71009.0
896300;89078.0;17949.0;71129.0
896400;89044.0;17915.0;71129.0
896500;89164.0;17915.0;71249.0
896600;89112.0;17983.0;71129.0
896700;89164.0;17915.0;71249.0
896800;89130.0;17881.0;71249.0
896900;89096.0;17847.0;71249.0
897000;88930.0;17881.0;71049.0
897100;89090.0;17881.0;71209.0
897200;89159.0;17830.0;71329.0
897300;89090.0;17881.0;71209.0
897400;89056.0;17847.0;71209.0
897500;89039.0;17830.0;71209.0
897600;89090.0;17881.0;71209.0
897700;88919.0;17830.0;71089.0
897800;89039.0;17830.0;71209.0
897900;89090.0;17881.0;71209.0
898000;89164.0;17915.0;71249.0
898100;88798.0;17949.0;70849.0
898200;89353.0;18064.0;71289.0
898300;89218.0;17929.0;71289.0
898400;89338.0;17929.0;71409.0
898500;89218.0;17929.0;71289.0
898600;89018.0;17929.0;71089.0
898700;89218.0;17929.0;71289.0
898800;89164.0;17875.0;71289.0
898900;89191.0;17902.0;71289.0
899000;89351.0;17902.0;71449.0
899100;89385.0;18016.0;71369.0
899200;89440.0;17951.0;71489.0
899300;89335.0;17966.0;71369.0
899400;89335.0;17966.0;71369.0
899500;89320.0;17951.0;71369.0
899600;89320.0;17951.0;71369.0
899700;89320.0;17951.0;71369.0
899800;89320.0;17951.0;71369.0
899900;89320.0;17951.0;71369.0
900000;89255.0;17846.0;71409.0
900100;89382.5;17933.5;71449.0
900200;89325.0;17996.0;71329.0
900300;89445.0;17996.0;71449.0
900400;89445.0;17996.0;71449.0
900500;88955.0;17946.0;71009.0
900600;89395.0;17946.0;71449.0
900700;89515.0;17946.0;71569.0
900800;89395.0;17946.0;71449.0
900900;89370.0;17921.0;71449.0
901000;89555.0;17946.0;71609.0
901100;89380.0;17971.0;71409.0
901200;89355.0;17946.0;71409.0
901300;89512.5;17983.5;71529.0
901400;89475.0;17946.0;71529.0
901500;89481.0;17952.0;71529.0
901600;89601.0;17952.0;71649.0
901700;89881.0;17952.0;71929.0
901800;89005.0;17876.0;71129.0
901900;89540.5;18011.5;71529.0
902000;89522.0;17953.0;71569.0
902100;89562.0;17953.0;71609.0
902200;89562.0;17953.0;71609.0
902300;89571.0;17962.0;71609.0
902400;89571.0;17962.0;71609.0
902500;89664.0;17935.0;71729.0
902600;89673.0;17944.0;71729.0
902700;89553.0;17944.0;71609.0
902800;89562.0;17953.0;71609.0
902900;89566.5;17957.5;71609.0
903000;89571.0;17962.0;71609.0
903100;89771.0;17962.0;71809.0
903200;89651.0;17962.0;71689.0
903300;89531.0;17962.0;71569.0
903400;89531.0;17962.0;71569.0
903500;89531.0;17962.0;71569.0
903600;89642.0;17953.0;71689.0
903700;89789.0;17980.0;71809.0
903800;89531.0;17962.0;71569.0
903900;89651.0;17962.0;71689.0
904000;90051.0;17962.0;72089.0
904100;89842.0;17953.0;71889.0
904200;89749.0;17980.0;71769.0
904300;89744.5;17975.5;71769.0
904400;89851.0;17962.0;71889.0
904500;89722.0;17953.0;71769.0
904600;89593.0;17944.0;71649.0
904700;89734.0;17965.0;71769.0
904800;89755.0;17986.0;71769.0
904900;89740.0;17971.0;71769.0
905000;89874.0;18065.0;71809.0
905100;90068.0;18099.0;71969.0
905200;90038.0;18069.0;71969.0
905300;89798.0;18069.0;71729.0
905400;89918.0;18069.0;71849.0
905500;89918.0;18069.0;71849.0
905600;89918.0;18069.0;71849.0
905700;89918.0;18069.0;71849.0
905800;89918.0;18069.0;71849.0
905900;89973.0;18124.0;71849.0
906000;90058.0;18169.0;71889.0
906100;90058.0;18129.0;71929.0
906200;90058.0;18129.0;71929.0
906300;90058.0;18129.0;71929.0
906400;89948.0;18139.0;71809.0
906500;90578.0;18129.0;72449.0
906600;90058.0;18129.0;71929.0
906700;90148.0;18059.0;72089.0
906800;89978.0;18049.0;71929.0
906900;90088.0;18159.0;71929.0
907000;90128.0;18159.0;71969.0
907100;90135.0;18126.0;72009.0
907200;90168.0;18159.0;72009.0
907300;90288.0;18159.0;72129.0
907400;90168.0;18159.0;72009.0
907500;90168.0;18159.0;72009.0
907600;90168.0;18159.0;72009.0
907700;90168.0;18159.0;72009.0
907800;90146.0;18137.0;72009.0
907900;90201.0;18192.0;72009.0
908000;90190.0;18181.0;72009.0
908100;90248.0;18159.0;72089.0
908200;90281.0;18192.0;72089.0
908300;90248.0;18159.0;72089.0
908400;90248.0;18159.0;72089.0
908500;90248.0;18159.0;72089.0
908600;90248.0;18159.0;72089.0
908700;90128.0;18159.0;71969.0
908800;90226.0;18137.0;72089.0
908900;90226.0;18137.0;72089.0
909000;90266.0;18137.0;72129.0
909100;90426.0;18137.0;72289.0
909200;90306.0;18137.0;72169.0
909300;90306.0;18137.0;72169.0
909400;90316.0;18147.0;72169.0
909500;90342.0;18173.0;72169.0
909600;90342.0;18173.0;72169.0
909700;90488.0;18199.0;72289.0
909800;90368.0;18199.0;72169.0
909900;90424.0;18255.0;72169.0
910000;90509.0;18300.0;72209.0
910100;90447.5;18318.5;72129.0
910200;90408.5;18279.5;72129.0
910300;90522.0;18273.0;72249.0
910400;90629.0;18260.0;72369.0
910500;90509.0;18260.0;72249.0
910600;90389.0;18260.0;72129.0
910700;90509.0;18260.0;72249.0
910800;90509.0;18260.0;72249.0
910900;90509.0;18260.0;72249.0
911000;90416.0;18247.0;72169.0
911100;90589.0;18260.0;72329.0
911200;90470.0;18261.0;72209.0
911300;90590.0;18261.0;72329.0
911400;90579.0;18250.0;72329.0
911500;90590.0;18261.0;72329.0
911600;90568.0;18239.0;72329.0
911700;90579.0;18250.0;72329.0
911800;90540.5;18211.5;72329.0
911900;90579.0;18250.0;72329.0
912000;90842.5;18233.5;72609.0
912100;90670.0;18261.0;72409.0
912200;90659.0;18250.0;72409.0
912300;90779.0;18250.0;72529.0
912400;90668.0;18259.0;72409.0
912500;90668.0;18259.0;72409.0
912600;90572.0;18283.0;72289.0
912700;90800.0;18271.0;72529.0
912800;90568.0;18279.0;72289.0
912900;90688.0;18279.0;72409.0
913000;90724.0;18275.0;72449.0
913100;90756.0;18307.0;72449.0
913200;90744.0;18255.0;72489.0
913300;90752.0;18263.0;72489.0
913400;90752.0;18263.0;72489.0
913500;90756.0;18267.0;72489.0
913600;90744.0;18255.0;72489.0
913700;90744.0;18255.0;72489.0
913800;90756.0;18267.0;72489.0
913900;90868.0;18259.0;72609.0
914000;90680.0;18271.0;72409.0
914100;90832.0;18263.0;72569.0
914200;90828.0;18259.0;72569.0
914300;90832.0;18263.0;72569.0
914400;90832.0;18263.0;72569.0
914500;90960.0;18271.0;72689.0
914600;91240.0;18271.0;72969.0
914700;90728.0;18279.0;72449.0
914800;90848.0;18279.0;72569.0
914900;90960.0;18271.0;72689.0
915000;90896.0;18287.0;72609.0
915100;90936.0;18287.0;72649.0
915200;90936.0;18287.0;72649.0
915300;90867.0;18218.0;72649.0
915400;90508.0;18299.0;72209.0
915500;90966.0;18317.0;72649.0
915600;91095.0;18326.0;72769.0
915700;90966.0;18317.0;72649.0
915800;90948.0;18299.0;72649.0
915900;90948.0;18299.0;72649.0
916000;90988.0;18299.0;72689.0
916100;91064.0;18335.0;72729.0
916200;91046.0;18317.0;72729.0
916300;90908.0;18299.0;72609.0
916400;91028.0;18299.0;72729.0
916500;91046.0;18317.0;72729.0
916600;91037.0;18308.0;72729.0
916700;90926.0;18317.0;72609.0
916800;91175.0;18326.0;72849.0
916900;91148.0;18299.0;72849.0
917000;91215.0;18326.0;72889.0
917100;91135.0;18326.0;72809.0
917200;91108.0;18299.0;72809.0
917300;91126.0;18317.0;72809.0
917400;90961.0;18272.0;72689.0
917500;91108.0;18299.0;72809.0
917600;91108.0;18299.0;72809.0
917700;91081.0;18272.0;72809.0
917800;90979.0;18290.0;72689.0
917900;91125.0;18316.0;72809.0
918000;91178.0;18329.0;72849.0
918100;91178.0;18329.0;72849.0
918200;91205.0;18316.0;72889.0
918300;91338.0;18329.0;73009.0
918400;91218.0;18329.0;72889.0
918500;91218.0;18329.0;72889.0
918600;91211.5;18322.5;72889.0
918700;91218.0;18329.0;72889.0
918800;91618.0;18329.0;73289.0
918900;91318.5;18309.5;73009.0
919000;91290.0;18361.0;72929.0
919100;91306.0;18337.0;72969.0
919200;91426.0;18337.0;73089.0
919300;91282.0;18313.0;72969.0
919400;91186.0;18337.0;72849.0
919500;91306.0;18337.0;72969.0
919600;91378.0;18409.0;72969.0
919700;91282.0;18313.0;72969.0
919800;91362.0;18273.0;73089.0
919900;91306.0;18337.0;72969.0
920000;91362.0;18353.0;73009.0
920100;91402.0;18353.0;73049.0
920200;91394.0;18345.0;73049.0
920300;91394.0;18345.0;73049.0
920400;91434.0;18385.0;73049.0
920500;91370.0;18321.0;73049.0
920600;91210.0;18281.0;72929.0
920700;91391.0;18342.0;73049.0
920800;91417.0;18368.0;73049.0
920900;91271.0;18342.0;72929.0
921000;91564.0;18355.0;73209.0
921100;91484.0;18355.0;73129.0
921200;91577.0;18448.0;73129.0
921300;91574.0;18445.0;73129.0
921400;91457.0;18448.0;73009.0
921500;91574.0;18445.0;73129.0
921600;91586.0;18457.0;73129.0
921700;91571.0;18442.0;73129.0
921800;91697.0;18448.0;73249.0
921900;91577.0;18448.0;73129.0
922000;91617.0;18448.0;73169.0
922100;92014.0;18445.0;73569.0
922200;91657.0;18448.0;73209.0
922300;91537.0;18448.0;73089.0
922400;91657.0;18448.0;73209.0
922500;91768.0;18439.0;73329.0
922600;91657.0;18448.0;73209.0
922700;91537.0;18448.0;73089.0
922800;91654.0;18445.0;73209.0
922900;91534.0;18445.0;73089.0
923000;91694.0;18445.0;73249.0
923100;91734.0;18445.0;73289.0
923200;91737.0;18448.0;73289.0
923300;91734.0;18445.0;73289.0
923400;91731.0;18442.0;73289.0
923500;91755.0;18466.0;73289.0
923600;91758.0;18469.0;73289.0
923700;91755.0;18466.0;73289.0
923800;91633.0;18464.0;73169.0
923900;91775.0;18486.0;73289.0
924000;91815.0;18486.0;73329.0
924100;91415.0;18486.0;72929.0
924200;91977.0;18488.0;73489.0
924300;91855.0;18486.0;73369.0
924400;91861.0;18492.0;73369.0
924500;91735.0;18486.0;73249.0
924600;91851.0;18482.0;73369.0
924700;91855.0;18486.0;73369.0
924800;91975.0;18486.0;73489.0
924900;91975.0;18486.0;73489.0
925000;91889.0;18480.0;73409.0
925100;91929.0;18480.0;73449.0
925200;91935.0;18486.0;73449.0
925300;91929.0;18480.0;73449.0
925400;91935.0;18486.0;73449.0
925500;91935.0;18486.0;73449.0
925600;91807.0;18478.0;73329.0
925700;91758.0;18429.0;73329.0
925800;91800.0;18471.0;73329.0
925900;91941.0;18492.0;73449.0
926000;91988.0;18499.0;73489.0
926100;91945.0;18536.0;73409.0
926200;92041.0;18512.0;73529.0
926300;92039.0;18510.0;73529.0
926400;92041.0;18512.0;73529.0
926500;92041.0;18512.0;73529.0
926600;92041.0;18512.0;73529.0
926700;91921.0;18512.0;73409.0
926800;92049.0;18520.0;73529.0
926900;92041.0;18512.0;73529.0
927000;92087.0;18518.0;73569.0
927100;92131.0;18522.0;73609.0
927200;92489.0;18520.0;73969.0
927300;92129.0;18520.0;73609.0
927400;92129.0;18520.0;73609.0
927500;92123.0;18514.0;73609.0
927600;92133.0;18524.0;73609.0
927700;92127.0;18518.0;73609.0
927800;92127.0;18518.0;73609.0
927900;92129.0;18520.0;73609.0
928000;92169.0;18520.0;73649.0
928100;92325.0;18516.0;73809.0
928200;92205.0;18516.0;73689.0
928300;92110.0;18541.0;73569.0
928400;92230.0;18541.0;73689.0
928500;92229.0;18540.0;73689.0
928600;92210.0;18521.0;73689.0
928700;92125.0;18556.0;73569.0
928800;92252.0;18563.0;73689.0
928900;92273.0;18584.0;73689.0
929000;92313.0;18584.0;73729.0
929100;91776.5;18567.5;73209.0
929200;92233.0;18584.0;73649.0
929300;92353.0;18584.0;73769.0
929400;92233.0;18584.0;73649.0
929500;92487.0;18598.0;73889.0
929600;92247.0;18598.0;73649.0
929700;92371.5;18602.5;73769.0
929800;92358.0;18589.0;73769.0
929900;92882.5;18593.5;74289.0
930000;92407.0;18598.0;73809.0
930100;92567.0;18598.0;73969.0
930200;92247.0;18598.0;73649.0
930300;92447.0;18598.0;73849.0
930400;92447.0;18598.0;73849.0
930500;92447.0;18598.0;73849.0
930600;92318.0;18589.0;73729.0
930700;92567.0;18598.0;73969.0
930800;92513.0;18664.0;73849.0
930900;92498.0;18649.0;73849.0
931000;92463.0;18694.0;73769.0
931100;92440.5;18671.5;73769.0
931200;92480.5;18671.5;73809.0
931300;92480.5;18671.5;73809.0
931400;92578.0;18649.0;73929.0
931500;92578.0;18649.0;73929.0
931600;92600.5;18671.5;73929.0
931700;92578.0;18649.0;73929.0
931800;92578.0;18649.0;73929.0
931900;92578.0;18649.0;73929.0
932000;92618.0;18649.0;73969.0
932100;92603.0;18634.0;73969.0
932200;92635.5;18626.5;74009.0
932300;92635.5;18626.5;74009.0
932400;92523.0;18634.0;73889.0
932500;92658.0;18649.0;74009.0
932600;92728.0;18719.0;74009.0
932700;92728.0;18719.0;74009.0
932800;92728.0;18719.0;74009.0
932900;92728.0;18719.0;74009.0
933000;92773.0;18724.0;74049.0
933100;92768.0;18719.0;74049.0
933200;92248.0;18719.0;73529.0
933300;92808.0;18719.0;74089.0
933400;92915.5;18706.5;74209.0
933500;92795.5;18706.5;74089.0
933600;92815.5;18726.5;74089.0
933700;92693.0;18724.0;73969.0
933800;92813.0;18724.0;74089.0
933900;92813.0;18724.0;74089.0
934000;92855.5;18726.5;74129.0
934100;92904.0;18735.0;74169.0
934200;92906.0;18737.0;74169.0
934300;92468.0;18739.0;73729.0
934400;92915.0;18746.0;74169.0
934500;92908.0;18739.0;74169.0
934600;92906.0;18737.0;74169.0
934700;92906.0;18737.0;74169.0
934800;92904.0;18735.0;74169.0
934900;92904.0;18735.0;74169.0
935000;92904.0;18735.0;74169.0
935100;92984.0;18735.0;74249.0
935200;92864.0;18735.0;74129.0
935300;93104.0;18735.0;74369.0
935400;92984.0;18735.0;74249.0
935500;92984.0;18735.0;74249.0
935600;92986.0;18737.0;74249.0
935700;92985.0;18736.0;74249.0
935800;92988.0;18739.0;74249.0
935900;93040.0;18791.0;74249.0
936000;92670.0;18781.0;73889.0
936100;93140.0;18811.0;74329.0
936200;93235.0;18786.0;74449.0
936300;93120.0;18791.0;74329.0
936400;93130.0;18801.0;74329.0
936500;93110.0;18781.0;74329.0
936600;92720.0;18791.0;73929.0
936700;93120.0;18791.0;74329.0
936800;93120.0;18791.0;74329.0
936900;93120.0;18791.0;74329.0
937000;93160.0;18791.0;74369.0
937100;93090.0;18801.0;74289.0
937200;93200.0;18791.0;74409.0
937300;92880.0;18791.0;74089.0
937400;93110.0;18821.0;74289.0
937500;93195.0;18786.0;74409.0
937600;93210.0;18801.0;74409.0
937700;93215.0;18806.0;74409.0
937800;93375.0;18846.0;74529.0
937900;93255.0;18846.0;74409.0
938000;93250.0;18801.0;74449.0
938100;93250.0;18801.0;74449.0
938200;93290.0;18801.0;74489.0
938300;93425.0;18816.0;74609.0
938400;93275.0;18786.0;74489.0
938500;93290.0;18801.0;74489.0
938600;93170.0;18801.0;74369.0
938700;93170.0;18801.0;74369.0
938800;93290.0;18801.0;74489.0
938900;93424.0;18815.0;74609.0
939000;93232.0;18823.0;74409.0
939100;93376.0;18807.0;74569.0
939200;93504.0;18815.0;74689.0
939300;93384.0;18815.0;74569.0
939400;93426.0;18857.0;74569.0
939500;93489.0;18920.0;74569.0
939600;93489.0;18920.0;74569.0
939700;93489.0;18920.0;74569.0
939800;93513.5;18944.5;74569.0
939900;93513.5;18944.5;74569.0
940000;93588.0;18859.0;74729.0
940100;93694.0;18925.0;74769.0
940200;93454.0;18925.0;74529.0
940300;93556.0;18907.0;74649.0
940400;93574.0;18925.0;74649.0
940500;93562.0;18913.0;74649.0
940600;93460.0;18931.0;74529.0
940700;93562.0;18913.0;74649.0
940800;93700.0;18931.0;74769.0
940900;93460.0;18931.0;74529.0
941000;93670.0;18981.0;74689.0
941100;93546.0;18937.0;74609.0
941200;93766.0;18917.0;74849.0
941300;93654.0;18925.0;74729.0
941400;93654.0;18925.0;74729.0
941500;93534.0;18925.0;74609.0
941600;93646.0;18917.0;74729.0
941700;93646.0;18917.0;74729.0
941800;93646.0;18917.0;74729.0
941900;93646.0;18917.0;74729.0
942000;93686.0;18917.0;74769.0
942100;93726.0;18917.0;74809.0
942200;93606.0;18917.0;74689.0
942300;93726.0;18917.0;74809.0
942400;93718.0;18909.0;74809.0
942500;93702.0;18893.0;74809.0
942600;93838.0;18909.0;74929.0
942700;93318.0;18909.0;74409.0
942800;93718.0;18909.0;74809.0
942900;93606.0;18917.0;74689.0
943000;93770.0;18921.0;74849.0
943100;93874.0;18865.0;75009.0
943200;93934.0;18925.0;75009.0
943300;93934.0;18925.0;75009.0
943400;93814.0;18925.0;74889.0
943500;93694.0;18925.0;74769.0
943600;93694.0;18925.0;74769.0
943700;93682.0;18913.0;74769.0
943800;93814.0;18925.0;74889.0
943900;93706.0;18937.0;74769.0
944000;93860.0;18931.0;74929.0
944100;93894.0;18925.0;74969.0
944200;93876.0;18907.0;74969.0
944300;93882.0;18913.0;74969.0
944400;93882.0;18913.0;74969.0
944500;93882.0;18913.0;74969.0
944600;93882.0;18913.0;74969.0
944700;93894.0;18925.0;74969.0
944800;93882.0;18913.0;74969.0
944900;93780.0;18931.0;74849.0
945000;93762.0;18913.0;74849.0
945100;94334.0;18925.0;75409.0
945200;93842.0;18913.0;74929.0
945300;93950.0;18901.0;75049.0
945400;94454.0;18925.0;75529.0
945500;93938.0;18889.0;75049.0
945600;93950.0;18901.0;75049.0
945700;94112.0;18943.0;75169.0
945800;93950.0;18901.0;75049.0
945900;94070.0;18901.0;75169.0
946000;93990.0;18901.0;75089.0
946100;94097.0;18968.0;75129.0
946200;94220.0;18971.0;75249.0
946300;94098.0;18969.0;75129.0
946400;94218.0;18969.0;75249.0
946500;94098.0;18969.0;75129.0
946600;94100.0;18971.0;75129.0
946700;94100.0;18971.0;75129.0
946800;94100.0;18971.0;75129.0
946900;94098.0;18969.0;75129.0
947000;94140.0;18971.0;75169.0
947100;94181.0;18972.0;75209.0
947200;94178.0;18969.0;75209.0
947300;94300.0;18971.0;75329.0
947400;94251.0;18922.0;75329.0
947500;94186.0;18977.0;75209.0
947600;94176.0;18967.0;75209.0
947700;94228.0;19019.0;75209.0
947800;94204.0;18995.0;75209.0
947900;94210.0;19001.0;75209.0
948000;94242.0;18993.0;75249.0
948100;94248.0;18999.0;75249.0
948200;94286.0;18997.0;75289.0
948300;94284.0;18995.0;75289.0
948400;94344.0;19055.0;75289.0
948500;94366.0;19077.0;75289.0
948600;94344.0;19055.0;75289.0
948700;94344.0;19055.0;75289.0
948800;94333.0;19044.0;75289.0
948900;94733.0;19044.0;75689.0
949000;94362.0;19033.0;75329.0
949100;94533.0;19044.0;75489.0
949200;94282.0;19033.0;75249.0
949300;94438.0;19069.0;75369.0
949400;94330.0;19081.0;75249.0
949500;94465.0;19096.0;75369.0
949600;94447.0;19078.0;75369.0
949700;94570.0;19081.0;75489.0
949800;94447.0;19078.0;75369.0
949900;94567.0;19078.0;75489.0
950000;94367.0;19078.0;75289.0
950100;94527.0;19078.0;75449.0
950200;94525.5;19076.5;75449.0
950300;94521.0;19072.0;75449.0
950400;94398.0;19069.0;75329.0
950500;94407.0;19078.0;75329.0
950600;94527.0;19078.0;75449.0
950700;94407.0;19078.0;75329.0
950800;94402.5;19073.5;75329.0
950900;94527.0;19078.0;75449.0
951000;94564.0;19075.0;75489.0
951100;94725.5;19076.5;75649.0
951200;94625.0;19096.0;75529.0
951300;94499.0;19090.0;75409.0
951400;94617.5;19088.5;75529.0
951500;94617.5;19088.5;75529.0
951600;94616.0;19087.0;75529.0
951700;94740.5;19091.5;75649.0
951800;94739.0;19090.0;75649.0
951900;94742.0;19093.0;75649.0
952000;94659.0;19090.0;75569.0
952100;94699.0;19090.0;75609.0
952200;94819.0;19090.0;75729.0
952300;94816.0;19087.0;75729.0
952400;94696.0;19087.0;75609.0
952500;94696.0;19087.0;75609.0
952600;94576.0;19087.0;75489.0
952700;94696.0;19087.0;75609.0
952800;94705.0;19096.0;75609.0
952900;94699.0;19090.0;75609.0
953000;94857.5;19088.5;75769.0
953100;94740.0;19051.0;75689.0
953200;94915.0;19106.0;75809.0
953300;94926.0;19117.0;75809.0
953400;94658.5;19089.5;75569.0
953500;94795.0;19106.0;75689.0
953600;94800.5;19111.5;75689.0
953700;94773.0;19084.0;75689.0
953800;94773.0;19084.0;75689.0
953900;94820.0;19131.0;75689.0
954000;94806.0;19117.0;75689.0
954100;94802.0;19113.0;75689.0
954200;94766.0;19117.0;75649.0
954300;94886.0;19117.0;75769.0
954400;95002.0;19113.0;75889.0
954500;94676.0;19107.0;75569.0
954600;94882.0;19113.0;75769.0
954700;94762.0;19113.0;75649.0
954800;94994.0;19105.0;75889.0
954900;94998.0;19109.0;75889.0
955000;95038.0;19109.0;75929.0
955100;94946.0;19097.0;75849.0
955200;95082.0;19113.0;75969.0
955300;94962.0;19113.0;75849.0
955400;94954.0;19105.0;75849.0
955500;94964.0;19115.0;75849.0
955600;95090.0;19121.0;75969.0
955700;94952.0;19103.0;75849.0
955800;94958.0;19109.0;75849.0
955900;94558.0;19109.0;75449.0
956000;95004.0;19115.0;75889.0
956100;95038.0;19109.0;75929.0
956200;95044.0;19115.0;75929.0
956300;95038.0;19109.0;75929.0
956400;95070.0;19141.0;75929.0
956500;95056.0;19127.0;75929.0
956600;95056.0;19127.0;75929.0
956700;95070.0;19141.0;75929.0
956800;95070.0;19141.0;75929.0
956900;95070.0;19141.0;75929.0
957000;95070.0;19141.0;75929.0
957100;95070.0;19141.0;75929.0
957200;95150.0;19141.0;76009.0
957300;95150.0;19141.0;76009.0
957400;94710.0;19141.0;75569.0
957500;95270.0;19141.0;76129.0
957600;95150.0;19141.0;76009.0
957700;95030.0;19141.0;75889.0
957800;95150.0;19141.0;76009.0
957900;95150.0;19141.0;76009.0
958000;95150.0;19141.0;76009.0
958100;95350.0;19141.0;76209.0
958200;95230.0;19141.0;76089.0
958300;95230.0;19141.0;76089.0
958400;95230.0;19141.0;76089.0
958500;95230.0;19141.0;76089.0
958600;95230.0;19141.0;76089.0
958700;95230.0;19141.0;76089.0
958800;95350.0;19141.0;76209.0
958900;95230.0;19141.0;76089.0
959000;95390.0;19141.0;76249.0
959100;95670.0;19141.0;76529.0
959200;95430.0;19141.0;76289.0
959300;95190.0;19141.0;76049.0
959400;95310.0;19141.0;76169.0
959500;95310.0;19141.0;76169.0
959600;95310.0;19141.0;76169.0
959700;95310.0;19141.0;76169.0
959800;95310.0;19141.0;76169.0
959900;95310.0;19141.0;76169.0
960000;95350.0;19141.0;76209.0
960100;95390.0;19141.0;76249.0
960200;95298.0;19169.0;76129.0
960300;95298.0;19169.0;76129.0
960400;94982.0;19173.0;75809.0
960500;95422.0;19173.0;76249.0
960600;95422.0;19173.0;76249.0
960700;95418.0;19169.0;76249.0
960800;95418.0;19169.0;76249.0
960900;95258.0;19169.0;76089.0
961000;95338.0;19169.0;76169.0
961100;95506.0;19177.0;76329.0
961200;95506.0;19177.0;76329.0
961300;95386.0;19177.0;76209.0
961400;95626.0;19177.0;76449.0
961500;95626.0;19177.0;76449.0
961600;95386.0;19177.0;76209.0
961700;95506.0;19177.0;76329.0
961800;95506.0;19177.0;76329.0
961900;95506.0;19177.0;76329.0
962000;95546.0;19177.0;76369.0
962100;95546.0;19177.0;76369.0
962200;95586.0;19177.0;76409.0
962300;95706.0;19177.0;76529.0
962400;95586.0;19177.0;76409.0
962500;95586.0;19177.0;76409.0
962600;95586.0;19177.0;76409.0
962700;95706.0;19177.0;76529.0
962800;95586.0;19177.0;76409.0
962900;95586.0;19177.0;76409.0
963000;95626.0;19177.0;76449.0
963100;95666.0;19177.0;76489.0
963200;95546.0;19177.0;76369.0
963300;95666.0;19177.0;76489.0
963400;95786.0;19177.0;76609.0
963500;95786.0;19177.0;76609.0
963600;95666.0;19177.0;76489.0
963700;96066.0;19177.0;76889.0
963800;95666.0;19177.0;76489.0
963900;95666.0;19177.0;76489.0
964000;95706.0;19177.0;76529.0
964100;95706.0;19177.0;76529.0
964200;95767.0;19198.0;76569.0
964300;95327.0;19198.0;76129.0
964400;95327.0;19198.0;76129.0
964500;95765.5;19196.5;76569.0
964600;95767.0;19198.0;76569.0
964700;95768.5;19199.5;76569.0
964800;95888.5;19199.5;76689.0
964900;95767.0;19198.0;76569.0
965000;95924.0;19195.0;76729.0
965100;95844.0;19195.0;76649.0
965200;95854.5;19205.5;76649.0
965300;95844.0;19195.0;76649.0
965400;95844.0;19195.0;76649.0
965500;95847.0;19198.0;76649.0
965600;95836.5;19187.5;76649.0
965700;95853.0;19204.0;76649.0
965800;95850.0;19201.0;76649.0
965900;95850.0;19201.0;76649.0
966000;95850.0;19201.0;76649.0
966100;95930.0;19201.0;76729.0
966200;95924.0;19195.0;76729.0
966300;95927.0;19198.0;76729.0
966400;95927.0;19198.0;76729.0
966500;95931.5;19202.5;76729.0
966600;96071.5;19222.5;76849.0
966700;95918.5;19189.5;76729.0
966800;95935.0;19206.0;76729.0
966900;95946.0;19217.0;76729.0
967000;95975.0;19206.0;76769.0
967100;96009.5;19200.5;76809.0
967200;96129.5;19200.5;76929.0
967300;95906.0;19217.0;76689.0
967400;96026.0;19217.0;76809.0
967500;96037.0;19228.0;76809.0
967600;96026.0;19217.0;76809.0
967700;96026.0;19217.0;76809.0
967800;96026.0;19217.0;76809.0
967900;96426.0;19217.0;77209.0
968000;96077.0;19228.0;76849.0
968100;95991.5;19222.5;76769.0
968200;96106.0;19217.0;76889.0
968300;96226.0;19217.0;77009.0
968400;96226.0;19217.0;77009.0
968500;96106.0;19217.0;76889.0
968600;95997.0;19228.0;76769.0
968700;96100.5;19211.5;76889.0
968800;96106.0;19217.0;76889.0
968900;96111.5;19222.5;76889.0
969000;96184.0;19255.0;76929.0
969100;96212.0;19243.0;76969.0
969200;96212.0;19243.0;76969.0
969300;96200.0;19231.0;76969.0
969400;96196.0;19227.0;76969.0
969500;96200.0;19231.0;76969.0
969600;96320.0;19231.0;77089.0
969700;96316.0;19227.0;77089.0
969800;96198.0;19229.0;76969.0
969900;96206.0;19237.0;76969.0
970000;95840.0;19231.0;76609.0
970100;96284.0;19235.0;77049.0
970200;96280.0;19231.0;77049.0
970300;96160.0;19231.0;76929.0
970400;96280.0;19231.0;77049.0
970500;96280.0;19231.0;77049.0
970600;96284.0;19235.0;77049.0
970700;96680.0;19231.0;77449.0
970800;96284.0;19235.0;77049.0
970900;96284.0;19235.0;77049.0
971000;96444.0;19235.0;77209.0
971100;96528.0;19279.0;77249.0
971200;96390.0;19261.0;77129.0
971300;96390.0;19261.0;77129.0
971400;96376.5;19247.5;77129.0
971500;96381.0;19252.0;77129.0
971600;96390.0;19261.0;77129.0
971700;96385.5;19256.5;77129.0
971800;96279.0;19270.0;77009.0
971900;96385.5;19256.5;77129.0
972000;96439.0;19270.0;77169.0
972100;96479.0;19270.0;77209.0
972200;96359.0;19270.0;77089.0
972300;96359.0;19270.0;77089.0
972400;96465.5;19256.5;77209.0
972500;96479.0;19270.0;77209.0
972600;96479.0;19270.0;77209.0
972700;96452.0;19243.0;77209.0
972800;96479.0;19270.0;77209.0
972900;96479.0;19270.0;77209.0
973000;96519.0;19270.0;77249.0
973100;96559.0;19270.0;77289.0
973200;96545.5;19256.5;77289.0
973300;96559.0;19270.0;77289.0
973400;96545.5;19256.5;77289.0
973500;96550.0;19261.0;77289.0
973600;96550.0;19261.0;77289.0
973700;96536.5;19247.5;77289.0
973800;96486.5;19197.5;77289.0
973900;96486.5;19197.5;77289.0
974000;96598.0;19269.0;77329.0
974100;96638.0;19269.0;77369.0
974200;96664.0;19295.0;77369.0
974300;96651.0;19282.0;77369.0
974400;96531.0;19282.0;77249.0
974500;96677.0;19308.0;77369.0
974600;96651.0;19282.0;77369.0
974700;96664.0;19295.0;77369.0
974800;96692.0;19323.0;77369.0
974900;96692.0;19323.0;77369.0
975000;96700.5;19331.5;77369.0
975100;96755.0;19306.0;77449.0
975200;96772.0;19323.0;77449.0
975300;96754.0;19305.0;77449.0
975400;96754.0;19305.0;77449.0
975500;96664.0;19335.0;77329.0
975600;96664.0;19335.0;77329.0
975700;96790.0;19341.0;77449.0
975800;96808.0;19359.0;77449.0
975900;96790.0;19341.0;77449.0
976000;96986.0;19377.0;77609.0
976100;96870.0;19341.0;77529.0
976200;96870.0;19341.0;77529.0
976300;96888.0;19359.0;77529.0
976400;96870.0;19341.0;77529.0
976500;96948.0;19419.0;77529.0
976600;96948.0;19419.0;77529.0
976700;96930.0;19401.0;77529.0
976800;96930.0;19401.0;77529.0
976900;96810.0;19401.0;77409.0
977000;96952.0;19383.0;77569.0
977100;97010.0;19401.0;77609.0
977200;96552.0;19383.0;77169.0
977300;97043.0;19434.0;77609.0
977400;97028.0;19419.0;77609.0
977500;97099.5;19370.5;77729.0
977600;97038.0;19429.0;77609.0
977700;97005.5;19396.5;77609.0
977800;97038.0;19429.0;77609.0
977900;97038.0;19429.0;77609.0
978000;97078.0;19429.0;77649.0
978100;97225.0;19416.0;77809.0
978200;97118.0;19429.0;77689.0
978300;97225.0;19416.0;77809.0
978400;97035.0;19466.0;77569.0
978500;97145.0;19456.0;77689.0
978600;97545.0;19456.0;78089.0
978700;97245.0;19436.0;77809.0
978800;97135.0;19446.0;77689.0
978900;97145.0;19456.0;77689.0
979000;97175.0;19446.0;77729.0
979100;97335.0;19446.0;77889.0
979200;97215.0;19446.0;77769.0
979300;97215.0;19446.0;77769.0
979400;97215.0;19446.0;77769.0
979500;97215.0;19446.0;77769.0
979600;97215.0;19446.0;77769.0
979700;97205.0;19436.0;77769.0
979800;97205.0;19436.0;77769.0
979900;97220.0;19451.0;77769.0
980000;97370.0;19441.0;77929.0
980100;97405.0;19436.0;77969.0
980200;97285.0;19436.0;77849.0
980300;97155.0;19426.0;77729.0
980400;97295.0;19446.0;77849.0
980500;97285.0;19436.0;77849.0
980600;97300.0;19451.0;77849.0
980700;97285.0;19436.0;77849.0
980800;97165.0;19436.0;77729.0
980900;97285.0;19436.0;77849.0
981000;97495.0;19486.0;78009.0
981100;97287.5;19478.5;77809.0
981200;96945.0;19456.0;77489.0
981300;97505.0;19456.0;78049.0
981400;97385.0;19456.0;77929.0
981500;97385.0;19456.0;77929.0
981600;97370.0;19441.0;77929.0
981700;97370.0;19441.0;77929.0
981800;97490.0;19441.0;78049.0
981900;97392.5;19463.5;77929.0
982000;97395.0;19426.0;77969.0
982100;97450.0;19441.0;78009.0
982200;97450.0;19441.0;78009.0
982300;97322.5;19433.5;77889.0
982400;97450.0;19441.0;78009.0
982500;97450.0;19441.0;78009.0
982600;97450.0;19441.0;78009.0
982700;97465.0;19456.0;78009.0
982800;97465.0;19456.0;78009.0
982900;97465.0;19456.0;78009.0
983000;97505.0;19456.0;78049.0
983100;97560.0;19471.0;78089.0
983200;97440.0;19471.0;77969.0
983300;97560.0;19471.0;78089.0
983400;97560.0;19471.0;78089.0
983500;97432.5;19463.5;77969.0
983600;97440.0;19471.0;77969.0
983700;97417.5;19448.5;77969.0
983800;97567.5;19478.5;78089.0
983900;97575.0;19486.0;78089.0
984000;97615.0;19486.0;78129.0
984100;97737.5;19448.5;78289.0
984200;97572.5;19403.5;78169.0
984300;97668.0;19499.0;78169.0
984400;97649.0;19480.0;78169.0
984500;97673.0;19504.0;78169.0
984600;97553.0;19504.0;78049.0
984700;97673.0;19504.0;78169.0
984800;97553.0;19504.0;78049.0
984900;97673.0;19504.0;78169.0
985000;97193.0;19504.0;77689.0
985100;97753.0;19504.0;78249.0
985200;97769.5;19520.5;78249.0
985300;97764.0;19515.0;78249.0
985400;97791.5;19542.5;78249.0
985500;97785.0;19536.0;78249.0
985600;97785.0;19536.0;78249.0
985700;97653.0;19524.0;78129.0
985800;97677.0;19548.0;78129.0
985900;97905.0;19536.0;78369.0
986000;97825.0;19536.0;78289.0
986100;97745.0;19536.0;78209.0
986200;97737.0;19528.0;78209.0
986300;97877.0;19548.0;78329.0
986400;97886.0;19557.0;78329.0
986500;98006.0;19557.0;78449.0
986600;98006.0;19557.0;78449.0
986700;98022.5;19573.5;78449.0
986800;98051.5;19602.5;78449.0
986900;97931.5;19602.5;78329.0
987000;97969.0;19600.0;78369.0
987100;98014.0;19605.0;78409.0
987200;98024.0;19615.0;78409.0
987300;98061.0;19652.0;78409.0
987400;97941.0;19652.0;78289.0
987500;98050.0;19641.0;78409.0
987600;97930.0;19641.0;78289.0
987700;98170.0;19641.0;78529.0
987800;98061.0;19652.0;78409.0
987900;97941.0;19652.0;78289.0
988000;97997.5;19668.5;78329.0
988100;98141.0;19652.0;78489.0
988200;98261.0;19652.0;78609.0
988300;98501.0;19652.0;78849.0
988400;98261.0;19652.0;78609.0
988500;98141.0;19652.0;78489.0
988600;98157.5;19668.5;78489.0
988700;98186.0;19697.0;78489.0
988800;98186.0;19697.0;78489.0
988900;98168.0;19679.0;78489.0
989000;98328.0;19679.0;78649.0
989100;98262.0;19693.0;78569.0
989200;98142.0;19693.0;78449.0
989300;98142.0;19693.0;78449.0
989400;98260.0;19691.0;78569.0
989500;98140.0;19691.0;78449.0
989600;98257.5;19688.5;78569.0
989700;98262.0;19693.0;78569.0
989800;98261.0;19692.0;78569.0
989900;98262.0;19693.0;78569.0
990000;98301.5;19692.5;78609.0
990100;98345.5;19696.5;78649.0
990200;98342.0;19693.0;78649.0
990300;98343.5;19694.5;78649.0
990400;98339.5;19690.5;78649.0
990500;98223.0;19694.0;78529.0
990600;98342.0;19693.0;78649.0
990700;98343.0;19694.0;78649.0
990800;98341.0;19692.0;78649.0
990900;98342.0;19693.0;78649.0
991000;98382.0;19693.0;78689.0
991100;98302.0;19693.0;78609.0
991200;98422.0;19693.0;78729.0
991300;98421.5;19692.5;78729.0
991400;98654.0;19765.0;78889.0
991500;98486.0;19757.0;78729.0
991600;98286.0;19757.0;78529.0
991700;98486.0;19757.0;78729.0
991800;98494.0;19765.0;78729.0
991900;98366.0;19757.0;78609.0
992000;98406.0;19757.0;78649.0
992100;98566.0;19757.0;78809.0
992200;98558.0;19749.0;78809.0
992300;98558.0;19749.0;78809.0
992400;98558.0;19749.0;78809.0
992500;98574.0;19765.0;78809.0
992600;98554.0;19745.0;78809.0
992700;98566.0;19757.0;78809.0
992800;98558.0;19749.0;78809.0
992900;98574.0;19765.0;78809.0
993000;98606.0;19757.0;78849.0
993100;98654.0;19765.0;78889.0
993200;98558.0;19669.0;78889.0
993300;98742.0;19853.0;78889.0
993400;98684.5;19795.5;78889.0
993500;98696.0;19807.0;78889.0
993600;98576.0;19807.0;78769.0
993700;98684.5;19795.5;78889.0
993800;98696.0;19807.0;78889.0
993900;98816.0;19807.0;79009.0
994000;98747.5;19818.5;78929.0
994100;98810.5;19841.5;78969.0
994200;98810.5;19841.5;78969.0
994300;98776.0;19807.0;78969.0
994400;98896.0;19807.0;79089.0
994500;98861.5;19772.5;79089.0
994600;98753.0;19784.0;78969.0
994700;98873.0;19784.0;79089.0
994800;98633.0;19784.0;78849.0
994900;98656.0;19807.0;78849.0
995000;98873.5;19864.5;79009.0
995100;99313.0;19784.0;79529.0
995200;98879.0;19830.0;79049.0
995300;98879.0;19830.0;79049.0
995400;98921.0;19872.0;79049.0
995500;98921.0;19872.0;79049.0
995600;98921.0;19872.0;79049.0
995700;98946.5;19897.5;79049.0
995800;98887.0;19838.0;79049.0
995900;98904.0;19855.0;79049.0
996000;98944.0;19855.0;79089.0
996100;99035.0;19906.0;79129.0
996200;98984.0;19855.0;79129.0
996300;98544.0;19855.0;78689.0
996400;98984.0;19855.0;79129.0
996500;98432.5;19863.5;78569.0
996600;98967.0;19838.0;79129.0
996700;98847.0;19838.0;79009.0
996800;98984.0;19855.0;79129.0
996900;98992.5;19863.5;79129.0
997000;98946.5;19897.5;79049.0
997100;99096.0;19887.0;79209.0
997200;99096.0;19887.0;79209.0
997300;99127.5;19918.5;79209.0
997400;99033.0;19824.0;79209.0
997500;99096.0;19887.0;79209.0
997600;99117.0;19908.0;79209.0
997700;99127.5;19918.5;79209.0
997800;99117.0;19908.0;79209.0
997900;99018.0;19929.0;79089.0
998000;99178.0;19929.0;79249.0
998100;99197.0;19908.0;79289.0
998200;99239.0;19950.0;79289.0
998300;99197.0;19908.0;79289.0
998400;99197.0;19908.0;79289.0
998500;99077.0;19908.0;79169.0
998600;99218.0;19929.0;79289.0
998700;99338.0;19929.0;79409.0
998800;99161.0;19992.0;79169.0
998900;99197.0;19908.0;79289.0
999000;99117.0;19908.0;79209.0
999100;99277.0;19908.0;79369.0
999200;99157.0;19908.0;79249.0
999300;99277.0;19908.0;79369.0
999400;99188.5;19939.5;79249.0
999500;99277.0;19908.0;79369.0
999600;99277.0;19908.0;79369.0
999700;99277.0;19908.0;79369.0
999800;99308.5;19939.5;79369.0
999900;99277.0;19908.0;79369.0
