timestamp;total;ASH_COATED_OSMIUM;INTARIAN_PEPPER_ROOT
0;-187.5;0.0;-187.5
100;-273.0;0.0;-273.0
200;-327.0;0.0;-327.0
300;-436.5;0.0;-436.5
400;-618.0;-24.0;-594.0
500;-587.0;16.0;-603.0
600;-519.0;8.0;-527.0
700;-511.0;16.0;-527.0
800;-523.0;4.0;-527.0
900;-625.0;16.0;-641.0
1000;-625.0;16.0;-641.0
1100;-523.0;4.0;-527.0
1200;-503.0;24.0;-527.0
1300;-523.0;4.0;-527.0
1400;-511.0;16.0;-527.0
1500;-483.0;44.0;-527.0
1600;-433.0;18.0;-451.0
1700;-461.0;28.0;-489.0
1800;-417.0;34.0;-451.0
1900;-417.0;34.0;-451.0
2000;-427.0;24.0;-451.0
2100;-427.0;24.0;-451.0
2200;-427.0;24.0;-451.0
2300;-427.0;24.0;-451.0
2400;-429.0;22.0;-451.0
2500;-381.0;32.0;-413.0
2600;-347.0;28.0;-375.0
2700;-727.0;28.0;-755.0
2800;-351.0;24.0;-375.0
2900;-5.0;28.0;-33.0
3000;-469.0;20.0;-489.0
3100;-359.0;16.0;-375.0
3200;-351.0;24.0;-375.0
3300;-351.0;24.0;-375.0
3400;-351.0;24.0;-375.0
3500;-313.0;24.0;-337.0
3600;-313.0;24.0;-337.0
3700;-275.0;24.0;-299.0
3800;-293.0;6.0;-299.0
3900;-275.0;24.0;-299.0
4000;-283.0;16.0;-299.0
4100;-287.0;12.0;-299.0
4200;-165.0;20.0;-185.0
4300;-279.0;20.0;-299.0
4400;-279.0;20.0;-299.0
4500;-165.0;20.0;-185.0
4600;-317.0;20.0;-337.0
4700;-199.0;24.0;-223.0
4800;-351.0;24.0;-375.0
4900;-197.0;26.0;-223.0
5000;-291.0;20.0;-311.0
5100;-171.0;20.0;-191.0
5200;-171.0;20.0;-191.0
5300;-171.0;20.0;-191.0
5400;-179.0;12.0;-191.0
5500;-215.0;16.0;-231.0
5600;-95.0;16.0;-111.0
5700;-495.0;16.0;-511.0
5800;-487.0;24.0;-511.0
5900;29.0;20.0;9.0
6000;-97.0;14.0;-111.0
6100;-97.0;14.0;-111.0
6200;-211.0;20.0;-231.0
6300;-91.0;20.0;-111.0
6400;-91.0;20.0;-111.0
6500;-51.0;20.0;-71.0
6600;-135.0;16.0;-151.0
6700;-15.0;16.0;-31.0
6800;-135.0;16.0;-151.0
6900;-145.0;6.0;-151.0
7000;-19.0;12.0;-31.0
7100;-15.0;16.0;-31.0
7200;-15.0;16.0;-31.0
7300;-15.0;16.0;-31.0
7400;-19.0;12.0;-31.0
7500;-59.0;12.0;-71.0
7600;-50.0;21.0;-71.0
7700;-45.0;26.0;-71.0
7800;-45.0;26.0;-71.0
7900;76.0;27.0;49.0
8000;194.0;25.0;169.0
8100;74.0;25.0;49.0
8200;74.0;25.0;49.0
8300;73.5;24.5;49.0
8400;113.5;24.5;89.0
8500;115.0;26.0;89.0
8600;155.0;26.0;129.0
8700;155.0;26.0;129.0
8800;36.0;27.0;9.0
8900;152.0;23.0;129.0
9000;154.5;25.5;129.0
9100;159.0;30.0;129.0
9200;155.0;26.0;129.0
9300;76.0;27.0;49.0
9400;41.0;-8.0;49.0
9500;296.0;47.0;249.0
9600;307.0;58.0;249.0
9700;318.0;69.0;249.0
9800;256.0;47.0;209.0
9900;267.0;58.0;209.0
10000;152.5;63.5;89.0
10100;272.5;63.5;209.0
10200;245.0;36.0;209.0
10300;365.0;36.0;329.0
10400;250.5;41.5;209.0
10500;210.5;41.5;169.0
10600;227.0;58.0;169.0
10700;712.0;63.0;649.0
10800;226.0;57.0;169.0
10900;346.0;57.0;289.0
11000;448.0;39.0;409.0
11100;208.0;39.0;169.0
11200;208.0;39.0;169.0
11300;352.0;63.0;289.0
11400;352.0;63.0;289.0
11500;398.0;69.0;329.0
11600;435.0;66.0;369.0
11700;432.0;63.0;369.0
11800;432.0;63.0;369.0
11900;432.0;63.0;369.0
12000;432.0;63.0;369.0
12100;441.0;72.0;369.0
12200;432.0;63.0;369.0
12300;432.0;63.0;369.0
12400;432.0;63.0;369.0
12500;472.0;63.0;409.0
12600;112.0;63.0;49.0
12700;383.0;54.0;329.0
12800;506.0;57.0;449.0
12900;392.0;63.0;329.0
13000;512.0;63.0;449.0
13100;638.0;69.0;569.0
13200;506.0;57.0;449.0
13300;512.0;63.0;449.0
13400;512.0;63.0;449.0
13500;552.0;63.0;489.0
13600;592.0;63.0;529.0
13700;592.0;63.0;529.0
13800;592.0;63.0;529.0
13900;958.0;69.0;889.0
14000;598.0;69.0;529.0
14100;616.0;87.0;529.0
14200;589.0;60.0;529.0
14300;598.0;69.0;529.0
14400;435.0;66.0;369.0
14500;626.0;57.0;569.0
14600;767.0;78.0;689.0
14700;740.0;51.0;689.0
14800;690.0;81.0;609.0
14900;684.0;75.0;609.0
15000;669.0;60.0;609.0
15100;699.0;90.0;609.0
15200;690.0;81.0;609.0
15300;696.0;87.0;609.0
15400;687.0;78.0;609.0
15500;650.0;81.0;569.0
15600;784.0;95.0;689.0
15700;786.0;97.0;689.0
15800;794.0;105.0;689.0
15900;782.0;93.0;689.0
16000;910.0;101.0;809.0
16100;780.0;91.0;689.0
16200;784.0;95.0;689.0
16300;790.0;101.0;689.0
16400;790.0;101.0;689.0
16500;824.0;95.0;729.0
16600;870.0;101.0;769.0
16700;866.0;97.0;769.0
16800;866.0;97.0;769.0
16900;868.0;99.0;769.0
17000;868.0;99.0;769.0
17100;986.0;97.0;889.0
17200;862.0;93.0;769.0
17300;862.0;93.0;769.0
17400;502.0;93.0;409.0
17500;906.0;97.0;809.0
17600;942.0;93.0;849.0
17700;942.0;93.0;849.0
17800;938.0;89.0;849.0
17900;942.0;93.0;849.0
18000;942.0;93.0;849.0
18100;942.0;93.0;849.0
18200;946.0;97.0;849.0
18300;946.0;97.0;849.0
18400;948.0;99.0;849.0
18500;982.0;93.0;889.0
18600;986.0;97.0;889.0
18700;1110.0;101.0;1009.0
18800;1030.0;101.0;929.0
18900;1042.0;113.0;929.0
19000;1034.0;105.0;929.0
19100;1030.0;101.0;929.0
19200;1026.0;97.0;929.0
19300;1024.0;95.0;929.0
19400;1152.0;103.0;1049.0
19500;1070.0;101.0;969.0
19600;1190.0;101.0;1089.0
19700;1190.0;101.0;1089.0
19800;1118.0;109.0;1009.0
19900;1118.0;109.0;1009.0
20000;1118.0;109.0;1009.0
20100;1118.0;109.0;1009.0
20200;1118.0;109.0;1009.0
20300;1238.0;109.0;1129.0
20400;1118.0;109.0;1009.0
20500;1158.0;109.0;1049.0
20600;1198.0;109.0;1089.0
20700;1198.0;109.0;1089.0
20800;1198.0;109.0;1089.0
20900;1078.0;109.0;969.0
21000;1318.0;109.0;1209.0
21100;1198.0;109.0;1089.0
21200;1198.0;109.0;1089.0
21300;1198.0;109.0;1089.0
21400;1198.0;109.0;1089.0
21500;1238.0;109.0;1129.0
21600;1278.0;109.0;1169.0
21700;1278.0;109.0;1169.0
21800;1278.0;109.0;1169.0
21900;1278.0;109.0;1169.0
22000;1278.0;109.0;1169.0
22100;1278.0;109.0;1169.0
22200;1398.0;109.0;1289.0
22300;1188.0;99.0;1089.0
22400;1406.0;117.0;1289.0
22500;1406.0;117.0;1289.0
22600;1366.0;117.0;1249.0
22700;1378.0;129.0;1249.0
22800;1366.0;117.0;1249.0
22900;1366.0;117.0;1249.0
23000;1246.0;117.0;1129.0
23100;846.0;117.0;729.0
23200;1205.0;76.0;1129.0
23300;1369.0;120.0;1249.0
23400;1396.5;147.5;1249.0
23500;1356.5;147.5;1209.0
23600;1454.5;125.5;1329.0
23700;1449.0;120.0;1329.0
23800;1449.0;120.0;1329.0
23900;1460.0;131.0;1329.0
24000;1460.0;131.0;1329.0
24100;1460.0;131.0;1329.0
24200;1340.0;131.0;1209.0
24300;1471.0;142.0;1329.0
24400;1358.0;29.0;1329.0
24500;1548.0;179.0;1369.0
24600;1558.0;149.0;1409.0
24700;1578.0;169.0;1409.0
24800;1458.0;169.0;1289.0
24900;1578.0;169.0;1409.0
25000;1578.0;169.0;1409.0
25100;1774.0;245.0;1529.0
25200;1732.0;203.0;1529.0
25300;1594.0;185.0;1409.0
25400;1646.0;197.0;1449.0
25500;1166.0;197.0;969.0
25600;1692.0;203.0;1489.0
25700;1674.0;185.0;1489.0
25800;1662.0;173.0;1489.0
25900;1698.0;209.0;1489.0
26000;1806.0;197.0;1609.0
26100;1806.0;197.0;1609.0
26200;1806.0;197.0;1609.0
26300;1812.0;203.0;1609.0
26400;1594.0;185.0;1409.0
26500;1794.0;185.0;1609.0
26600;1748.0;179.0;1569.0
26700;1754.0;185.0;1569.0
26800;1650.0;81.0;1569.0
26900;1710.0;141.0;1569.0
27000;1650.0;201.0;1449.0
27100;1650.0;201.0;1449.0
27200;1790.0;221.0;1569.0
27300;1690.0;201.0;1489.0
27400;1770.0;201.0;1569.0
27500;1770.0;201.0;1569.0
27600;1950.0;221.0;1729.0
27700;1870.0;221.0;1649.0
27800;1870.0;221.0;1649.0
27900;1870.0;221.0;1649.0
28000;1870.0;221.0;1649.0
28100;1990.0;221.0;1769.0
28200;1870.0;221.0;1649.0
28300;1870.0;221.0;1649.0
28400;1870.0;221.0;1649.0
28500;1910.0;221.0;1689.0
28600;1970.0;241.0;1729.0
28700;1970.0;241.0;1729.0
28800;1990.0;261.0;1729.0
28900;2110.0;261.0;1849.0
29000;1990.0;261.0;1729.0
29100;1990.0;261.0;1729.0
29200;1990.0;261.0;1729.0
29300;1970.0;241.0;1729.0
29400;1990.0;261.0;1729.0
29500;2000.0;231.0;1769.0
29600;2130.0;241.0;1889.0
29700;2050.0;241.0;1809.0
29800;2050.0;241.0;1809.0
29900;2050.0;241.0;1809.0
30000;1890.0;241.0;1649.0
30100;2050.0;241.0;1809.0
30200;1890.0;201.0;1689.0
30300;2030.0;221.0;1809.0
30400;2050.0;241.0;1809.0
30500;2070.0;221.0;1849.0
30600;2120.0;231.0;1889.0
30700;1990.0;221.0;1769.0
30800;2230.0;221.0;2009.0
30900;2260.0;251.0;2009.0
31000;2230.0;221.0;2009.0
31100;2110.0;221.0;1889.0
31200;2110.0;221.0;1889.0
31300;2110.0;221.0;1889.0
31400;2230.0;221.0;2009.0
31500;2110.0;181.0;1929.0
31600;2290.0;241.0;2049.0
31700;2070.0;221.0;1849.0
31800;2040.0;191.0;1849.0
31900;2050.0;201.0;1849.0
32000;2190.0;221.0;1969.0
32100;2190.0;221.0;1969.0
32200;2190.0;221.0;1969.0
32300;2210.0;241.0;1969.0
32400;2180.0;211.0;1969.0
32500;2650.0;201.0;2449.0
32600;2150.0;221.0;1929.0
32700;2130.0;201.0;1929.0
32800;2270.0;221.0;2049.0
32900;2250.0;201.0;2049.0
33000;2200.0;151.0;2049.0
33100;2130.0;201.0;1929.0
33200;2270.0;221.0;2049.0
33300;2630.0;221.0;2409.0
33400;2370.0;201.0;2169.0
33500;2370.0;201.0;2169.0
33600;2150.0;221.0;1929.0
33700;2330.0;201.0;2129.0
33800;2380.0;251.0;2129.0
33900;2230.0;221.0;2009.0
34000;2370.0;241.0;2129.0
34100;2370.0;241.0;2129.0
34200;2370.0;241.0;2129.0
34300;2290.0;241.0;2049.0
34400;2410.0;241.0;2169.0
34500;2410.0;241.0;2169.0
34600;2450.0;241.0;2209.0
34700;2450.0;241.0;2209.0
34800;2450.0;241.0;2209.0
34900;2450.0;241.0;2209.0
35000;2450.0;241.0;2209.0
35100;2570.0;241.0;2329.0
35200;2590.0;261.0;2329.0
35300;2340.0;211.0;2129.0
35400;2490.0;241.0;2249.0
35500;2470.0;221.0;2249.0
35600;2390.0;221.0;2169.0
35700;2890.0;241.0;2649.0
35800;2130.0;241.0;1889.0
35900;2550.0;261.0;2289.0
36000;2510.0;221.0;2289.0
36100;2550.0;261.0;2289.0
36200;2550.0;261.0;2289.0
36300;2550.0;261.0;2289.0
36400;2690.0;281.0;2409.0
36500;2610.0;281.0;2329.0
36600;2490.0;241.0;2249.0
36700;2610.0;241.0;2369.0
36800;2620.0;251.0;2369.0
36900;2630.0;261.0;2369.0
37000;2620.0;251.0;2369.0
37100;2510.0;261.0;2249.0
37200;2510.0;261.0;2249.0
37300;2530.0;241.0;2289.0
37400;2630.0;261.0;2369.0
37500;2700.0;291.0;2409.0
37600;2740.0;291.0;2449.0
37700;2810.0;281.0;2529.0
37800;2924.0;355.0;2569.0
37900;2618.0;289.0;2329.0
38000;2738.0;289.0;2449.0
38100;2572.0;283.0;2289.0
38200;2720.0;271.0;2449.0
38300;2720.0;271.0;2449.0
38400;2378.0;289.0;2089.0
38500;2366.0;277.0;2089.0
38600;2898.0;289.0;2609.0
38700;2806.0;277.0;2529.0
38800;2818.0;289.0;2529.0
38900;2788.0;259.0;2529.0
39000;2668.0;259.0;2409.0
39100;2806.0;277.0;2529.0
39200;2806.0;277.0;2529.0
39300;2794.0;265.0;2529.0
39400;2806.0;277.0;2529.0
39500;2806.0;277.0;2529.0
39600;2886.0;277.0;2609.0
39700;2886.0;277.0;2609.0
39800;2886.0;277.0;2609.0
39900;2880.0;271.0;2609.0
40000;2886.0;277.0;2609.0
40100;2886.0;277.0;2609.0
40200;2994.0;265.0;2729.0
40300;2886.0;277.0;2609.0
40400;2868.0;259.0;2609.0
40500;2834.0;265.0;2569.0
40600;2954.0;265.0;2689.0
40700;3034.0;265.0;2769.0
40800;2954.0;265.0;2689.0
40900;3068.0;259.0;2809.0
41000;2822.0;253.0;2569.0
41100;2942.0;253.0;2689.0
41200;2942.0;253.0;2689.0
41300;2942.0;253.0;2689.0
41400;2942.0;253.0;2689.0
41500;2942.0;253.0;2689.0
41600;3010.0;241.0;2769.0
41700;3364.0;235.0;3129.0
41800;3064.0;295.0;2769.0
41900;2872.0;223.0;2649.0
42000;2598.0;229.0;2369.0
42100;3010.0;241.0;2769.0
42200;2890.0;241.0;2649.0
42300;2912.0;223.0;2689.0
42400;2992.0;223.0;2769.0
42500;3034.0;265.0;2769.0
42600;2958.0;229.0;2729.0
42700;2946.0;217.0;2729.0
42800;3210.0;241.0;2969.0
42900;3078.0;229.0;2849.0
43000;2522.0;193.0;2329.0
43100;3090.0;241.0;2849.0
43200;3102.0;253.0;2849.0
43300;3222.0;253.0;2969.0
43400;3090.0;241.0;2849.0
43500;3130.0;241.0;2889.0
43600;3152.0;223.0;2929.0
43700;3170.0;241.0;2929.0
43800;3170.0;241.0;2929.0
43900;3170.0;241.0;2929.0
44000;3170.0;241.0;2929.0
44100;3170.0;241.0;2929.0
44200;3062.0;133.0;2929.0
44300;3322.0;273.0;3049.0
44400;2942.0;253.0;2689.0
44500;3222.0;253.0;2969.0
44600;3172.0;283.0;2889.0
44700;2882.0;273.0;2609.0
44800;2738.0;129.0;2609.0
44900;3278.0;269.0;3009.0
45000;3278.0;269.0;3009.0
45100;3278.0;269.0;3009.0
45200;3137.0;128.0;3009.0
45300;3137.0;128.0;3009.0
45400;3324.0;315.0;3009.0
45500;3364.0;315.0;3049.0
45600;3364.0;315.0;3049.0
45700;3404.0;315.0;3089.0
45800;3490.0;281.0;3209.0
45900;3421.0;332.0;3089.0
46000;3421.0;332.0;3089.0
46100;3319.0;230.0;3089.0
46200;3370.0;281.0;3089.0
46300;3251.0;162.0;3089.0
46400;3336.0;247.0;3089.0
46500;3590.5;461.5;3129.0
46600;3453.0;324.0;3129.0
46700;3373.0;324.0;3049.0
46800;3093.0;324.0;2769.0
46900;3468.0;299.0;3169.0
47000;3285.5;236.5;3049.0
47100;3555.5;386.5;3169.0
47200;3493.0;324.0;3169.0
47300;3568.0;399.0;3169.0
47400;3493.0;324.0;3169.0
47500;3533.0;324.0;3209.0
47600;3598.0;349.0;3249.0
47700;3678.0;349.0;3329.0
47800;3598.0;349.0;3249.0
47900;3478.0;349.0;3129.0
48000;3718.0;349.0;3369.0
48100;4053.0;324.0;3729.0
48200;3560.5;311.5;3249.0
48300;3598.0;349.0;3249.0
48400;3518.0;349.0;3169.0
48500;3688.0;399.0;3289.0
48600;3703.0;374.0;3329.0
48700;3703.0;374.0;3329.0
48800;3703.0;374.0;3329.0
48900;3703.0;374.0;3329.0
49000;3703.0;374.0;3329.0
49100;3703.0;374.0;3329.0
49200;3558.0;349.0;3209.0
49300;3703.0;374.0;3329.0
49400;3904.0;455.0;3449.0
49500;3760.0;391.0;3369.0
49600;3800.0;391.0;3409.0
49700;3856.0;367.0;3489.0
49800;3856.0;367.0;3489.0
49900;3856.0;367.0;3489.0
50000;3760.0;351.0;3409.0
50100;3904.0;375.0;3529.0
50200;3792.0;383.0;3409.0
50300;3744.0;335.0;3409.0
50400;3880.0;351.0;3529.0
50500;3800.0;351.0;3449.0
50600;3704.0;335.0;3369.0
50700;3840.0;351.0;3489.0
50800;3824.0;335.0;3489.0
50900;3832.0;343.0;3489.0
51000;3880.0;391.0;3489.0
51100;3816.0;327.0;3489.0
51200;3912.0;303.0;3609.0
51300;3848.0;319.0;3529.0
51400;3848.0;359.0;3489.0
51500;3848.0;319.0;3529.0
51600;3760.0;311.0;3449.0
51700;3888.0;319.0;3569.0
51800;3912.0;343.0;3569.0
51900;3768.0;319.0;3449.0
52000;3872.0;303.0;3569.0
52100;3888.0;319.0;3569.0
52200;3888.0;319.0;3569.0
52300;3888.0;319.0;3569.0
52400;3904.0;335.0;3569.0
52500;3888.0;319.0;3569.0
52600;3968.0;319.0;3649.0
52700;3968.0;319.0;3649.0
52800;3832.0;303.0;3529.0
52900;4088.0;319.0;3769.0
53000;3968.0;319.0;3649.0
53100;4008.0;359.0;3649.0
53200;3952.0;303.0;3649.0
53300;3952.0;303.0;3649.0
53400;3952.0;303.0;3649.0
53500;3976.0;287.0;3689.0
53600;3648.0;319.0;3329.0
53700;3896.0;287.0;3609.0
53800;3928.0;199.0;3729.0
53900;4168.0;319.0;3849.0
54000;3928.0;319.0;3609.0
54100;3928.0;319.0;3609.0
54200;4132.0;283.0;3849.0
54300;4024.0;295.0;3729.0
54400;4060.0;331.0;3729.0
54500;4132.0;283.0;3849.0
54600;4172.0;283.0;3889.0
54700;4164.0;355.0;3809.0
54800;4236.0;307.0;3929.0
54900;4128.0;319.0;3809.0
55000;4284.0;355.0;3929.0
55100;4128.0;319.0;3809.0
55200;4128.0;319.0;3809.0
55300;4128.0;319.0;3809.0
55400;4104.0;295.0;3809.0
55500;4144.0;295.0;3849.0
55600;4184.0;295.0;3889.0
55700;4304.0;295.0;4009.0
55800;4184.0;295.0;3889.0
55900;4208.0;319.0;3889.0
56000;4172.0;283.0;3889.0
56100;4244.0;355.0;3889.0
56200;4244.0;355.0;3889.0
56300;4284.0;355.0;3929.0
56400;4056.0;247.0;3809.0
56500;4056.0;247.0;3809.0
56600;4336.0;367.0;3969.0
56700;4312.0;343.0;3969.0
56800;4300.0;331.0;3969.0
56900;4444.0;355.0;4089.0
57000;4216.0;367.0;3849.0
57100;4336.0;367.0;3969.0
57200;4336.0;367.0;3969.0
57300;4336.0;367.0;3969.0
57400;4360.0;391.0;3969.0
57500;4376.0;367.0;4009.0
57600;4352.0;343.0;4009.0
57700;4440.0;391.0;4049.0
57800;4272.0;343.0;3929.0
57900;4392.0;343.0;4049.0
58000;4392.0;343.0;4049.0
58100;4365.0;196.0;4169.0
58200;4393.5;344.5;4049.0
58300;4360.5;311.5;4049.0
58400;4410.0;361.0;4049.0
58500;4400.5;311.5;4089.0
58600;4490.0;361.0;4129.0
58700;4490.0;361.0;4129.0
58800;4539.5;410.5;4129.0
58900;4457.0;328.0;4129.0
59000;4523.0;394.0;4129.0
59100;4523.0;394.0;4129.0
59200;4965.5;476.5;4489.0
59300;4523.0;394.0;4129.0
59400;4523.0;394.0;4129.0
59500;4563.0;394.0;4169.0
59600;4603.0;394.0;4209.0
59700;4438.0;229.0;4209.0
59800;4603.0;394.0;4209.0
59900;4603.0;394.0;4209.0
60000;4450.0;361.0;4089.0
60100;4570.0;361.0;4209.0
60200;4483.0;394.0;4089.0
60300;4739.5;410.5;4329.0
60400;4570.0;361.0;4209.0
60500;4659.5;410.5;4249.0
60600;4546.5;377.5;4169.0
60700;4683.0;394.0;4289.0
60800;4852.5;443.5;4409.0
60900;4716.0;427.0;4289.0
61000;4650.0;361.0;4289.0
61100;4683.0;394.0;4289.0
61200;4732.5;443.5;4289.0
61300;4716.0;427.0;4289.0
61400;4803.0;394.0;4409.0
61500;4723.0;394.0;4329.0
61600;4553.0;184.0;4369.0
61700;4830.5;461.5;4369.0
61800;4950.5;461.5;4489.0
61900;4858.0;369.0;4489.0
62000;4812.0;443.0;4369.0
62100;4756.5;387.5;4369.0
62200;4756.5;387.5;4369.0
62300;4830.5;461.5;4369.0
62400;4895.0;406.0;4489.0
62500;4870.5;461.5;4409.0
62600;4892.0;443.0;4449.0
62700;4910.5;461.5;4449.0
62800;4855.0;406.0;4449.0
62900;4892.0;443.0;4449.0
63000;4892.0;443.0;4449.0
63100;4975.0;406.0;4569.0
63200;4855.0;406.0;4449.0
63300;4818.0;369.0;4449.0
63400;4984.5;535.5;4449.0
63500;5104.5;535.5;4569.0
63600;5064.5;535.5;4529.0
63700;4898.0;369.0;4529.0
63800;4898.0;369.0;4529.0
63900;4981.0;332.0;4649.0
64000;4861.0;332.0;4529.0
64100;4824.0;295.0;4529.0
64200;4741.0;332.0;4409.0
64300;4424.0;295.0;4129.0
64400;4861.0;332.0;4529.0
64500;4901.0;332.0;4569.0
64600;4941.0;332.0;4609.0
64700;4941.0;332.0;4609.0
64800;4821.0;332.0;4489.0
64900;4941.0;332.0;4609.0
65000;4941.0;332.0;4609.0
65100;4885.5;276.5;4609.0
65200;4941.0;332.0;4609.0
65300;4941.0;332.0;4609.0
65400;4941.0;332.0;4609.0
65500;4677.5;108.5;4569.0
65600;5045.0;356.0;4689.0
65700;5090.0;401.0;4689.0
65800;5045.0;356.0;4689.0
65900;5112.5;423.5;4689.0
66000;5112.5;423.5;4689.0
66100;5135.0;446.0;4689.0
66200;5022.5;333.5;4689.0
66300;5210.0;401.0;4809.0
66400;4965.0;356.0;4609.0
66500;5130.0;401.0;4729.0
66600;5170.0;401.0;4769.0
66700;5170.0;401.0;4769.0
66800;5215.0;446.0;4769.0
66900;5125.0;356.0;4769.0
67000;5125.0;356.0;4769.0
67100;5125.0;356.0;4769.0
67200;5095.0;446.0;4649.0
67300;5095.0;446.0;4649.0
67400;5125.0;356.0;4769.0
67500;5165.0;356.0;4809.0
67600;5525.0;356.0;5169.0
67700;5205.0;356.0;4849.0
67800;5280.0;311.0;4969.0
67900;5137.5;288.5;4849.0
68000;5137.5;288.5;4849.0
68100;5130.0;401.0;4729.0
68200;5250.0;401.0;4849.0
68300;5250.0;401.0;4849.0
68400;5250.0;401.0;4849.0
68500;5290.0;401.0;4889.0
68600;5335.0;446.0;4889.0
68700;5420.0;491.0;4929.0
68800;5375.0;446.0;4929.0
68900;5375.0;446.0;4929.0
69000;5375.0;446.0;4929.0
69100;5495.0;446.0;5049.0
69200;5375.0;446.0;4929.0
69300;5285.0;356.0;4929.0
69400;5330.0;401.0;4929.0
69500;5392.5;423.5;4969.0
69600;5410.0;401.0;5009.0
69700;5455.0;446.0;5009.0
69800;5455.0;446.0;5009.0
69900;5335.0;446.0;4889.0
70000;5122.5;513.5;4609.0
70100;5455.0;446.0;5009.0
70200;5455.0;446.0;5009.0
70300;5455.0;446.0;5009.0
70400;5642.5;513.5;5129.0
70500;5562.5;513.5;5049.0
70600;5460.0;491.0;4969.0
70700;5490.0;401.0;5089.0
70800;5535.0;446.0;5089.0
70900;5535.0;446.0;5089.0
71000;5535.0;446.0;5089.0
71100;5535.0;446.0;5089.0
71200;5355.0;266.0;5089.0
71300;5535.0;446.0;5089.0
71400;5580.0;491.0;5089.0
71500;5220.0;491.0;4729.0
71600;5740.0;491.0;5249.0
71700;5540.0;491.0;5049.0
71800;5585.0;536.0;5049.0
71900;5570.0;401.0;5169.0
72000;5615.0;446.0;5169.0
72100;5562.5;513.5;5049.0
72200;5660.0;491.0;5169.0
72300;5292.5;243.5;5049.0
72400;5660.0;491.0;5169.0
72500;5655.0;446.0;5209.0
72600;5575.0;446.0;5129.0
72700;5860.0;491.0;5369.0
72800;5537.5;288.5;5249.0
72900;5740.0;491.0;5249.0
73000;5785.0;536.0;5249.0
73100;5340.0;491.0;4849.0
73200;5340.0;491.0;4849.0
73300;5740.0;491.0;5249.0
73400;5972.5;603.5;5369.0
73500;5780.0;491.0;5289.0
73600;5900.0;491.0;5409.0
73700;5700.0;491.0;5209.0
73800;5865.0;536.0;5329.0
73900;5730.0;401.0;5329.0
74000;5640.0;311.0;5329.0
74100;5865.0;536.0;5329.0
74200;5910.0;581.0;5329.0
74300;5910.0;581.0;5329.0
74400;5820.0;491.0;5329.0
74500;5837.5;468.5;5369.0
74600;5945.0;536.0;5409.0
74700;5990.0;581.0;5409.0
74800;5877.5;468.5;5409.0
74900;5825.0;536.0;5289.0
75000;5945.0;536.0;5409.0
75100;5945.0;536.0;5409.0
75200;5967.5;558.5;5409.0
75300;5990.0;581.0;5409.0
75400;5922.5;513.5;5409.0
75500;6030.0;581.0;5449.0
75600;6030.0;581.0;5449.0
75700;6190.0;581.0;5609.0
75800;6070.0;581.0;5489.0
75900;6070.0;581.0;5489.0
76000;6190.0;581.0;5609.0
76100;6257.5;648.5;5609.0
76200;5882.5;513.5;5369.0
76300;6070.0;581.0;5489.0
76400;6002.5;513.5;5489.0
76500;6097.5;648.5;5449.0
76600;6150.0;581.0;5569.0
76700;6510.0;581.0;5929.0
76800;6082.5;513.5;5569.0
76900;6270.0;581.0;5689.0
77000;6195.0;626.0;5569.0
77100;6037.5;468.5;5569.0
77200;6150.0;581.0;5569.0
77300;6240.0;671.0;5569.0
77400;6270.0;581.0;5689.0
77500;6145.0;536.0;5609.0
77600;6145.0;536.0;5609.0
77700;6185.0;536.0;5649.0
77800;5840.0;311.0;5529.0
77900;6185.0;536.0;5649.0
78000;6185.0;536.0;5649.0
78100;6350.0;581.0;5769.0
78200;6305.0;536.0;5769.0
78300;6230.0;581.0;5649.0
78400;6060.0;491.0;5569.0
78500;6135.0;446.0;5689.0
78600;6220.0;491.0;5729.0
78700;6220.0;491.0;5729.0
78800;6220.0;491.0;5729.0
78900;6220.0;491.0;5729.0
79000;6377.5;648.5;5729.0
79100;6265.0;536.0;5729.0
79200;6220.0;491.0;5729.0
79300;6265.0;536.0;5729.0
79400;6220.0;491.0;5729.0
79500;6260.0;491.0;5769.0
79600;6412.5;603.5;5809.0
79700;6345.0;536.0;5809.0
79800;6465.0;536.0;5929.0
79900;6345.0;536.0;5809.0
80000;6345.0;536.0;5809.0
80100;6397.5;468.5;5929.0
80200;6345.0;536.0;5809.0
80300;6458.5;769.5;5689.0
80400;6394.0;585.0;5809.0
80500;6575.5;646.5;5929.0
80600;6433.0;544.0;5889.0
80700;6274.0;585.0;5689.0
80800;6274.0;585.0;5689.0
80900;6515.0;626.0;5889.0
81000;6474.0;585.0;5889.0
81100;6474.0;585.0;5889.0
81200;6474.0;585.0;5889.0
81300;6515.0;626.0;5889.0
81400;6594.0;585.0;6009.0
81500;6432.0;503.0;5929.0
81600;6472.0;503.0;5969.0
81700;6413.5;564.5;5849.0
81800;6513.0;544.0;5969.0
81900;6513.0;544.0;5969.0
82000;6311.0;462.0;5849.0
82100;6791.0;462.0;6329.0
82200;6472.0;503.0;5969.0
82300;6571.5;482.5;6089.0
82400;6513.0;544.0;5969.0
82500;6553.0;544.0;6009.0
82600;6473.0;544.0;5929.0
82700;6593.0;544.0;6049.0
82800;6531.5;482.5;6049.0
82900;6552.0;503.0;6049.0
83000;6912.0;503.0;6409.0
83100;6552.0;503.0;6049.0
83200;6593.0;544.0;6049.0
83300;6531.5;482.5;6049.0
83400;6631.0;462.0;6169.0
83500;6633.0;544.0;6089.0
83600;6676.0;667.0;6009.0
83700;6793.0;544.0;6249.0
83800;6772.5;523.5;6249.0
83900;6652.5;523.5;6129.0
84000;6714.0;585.0;6129.0
84100;7074.0;585.0;6489.0
84200;6875.0;626.0;6249.0
84300;6714.0;585.0;6129.0
84400;7337.5;728.5;6609.0
84500;7235.0;626.0;6609.0
84600;6835.0;626.0;6209.0
84700;6835.0;626.0;6209.0
84800;7236.0;667.0;6569.0
84900;6756.0;667.0;6089.0
85000;6876.0;667.0;6209.0
85100;6852.5;523.5;6329.0
85200;6794.0;585.0;6209.0
85300;6794.0;585.0;6209.0
85400;6955.0;626.0;6329.0
85500;7235.0;626.0;6609.0
85600;6935.5;646.5;6289.0
85700;6915.0;626.0;6289.0
85800;7035.0;626.0;6409.0
85900;6915.0;626.0;6289.0
86000;6915.0;626.0;6289.0
86100;6956.0;667.0;6289.0
86200;6956.0;667.0;6289.0
86300;6915.0;626.0;6289.0
86400;6956.0;667.0;6289.0
86500;6996.0;667.0;6329.0
86600;7075.0;626.0;6449.0
86700;6954.0;585.0;6369.0
86800;6892.5;523.5;6369.0
86900;6954.0;585.0;6369.0
87000;6954.0;585.0;6369.0
87100;7036.0;667.0;6369.0
87200;6995.0;626.0;6369.0
87300;6954.0;585.0;6369.0
87400;7115.0;626.0;6489.0
87500;7035.0;626.0;6409.0
87600;7139.5;810.5;6329.0
87700;7195.0;626.0;6569.0
87800;7145.0;816.0;6329.0
87900;6929.0;600.0;6329.0
88000;7241.0;672.0;6569.0
88100;7121.0;672.0;6449.0
88200;6965.0;636.0;6329.0
88300;7205.0;636.0;6569.0
88400;6915.0;546.0;6369.0
88500;7009.0;600.0;6409.0
88600;7209.0;600.0;6609.0
88700;7303.0;654.0;6649.0
88800;7231.0;582.0;6649.0
88900;7249.0;600.0;6649.0
89000;6919.0;510.0;6409.0
89100;7201.0;672.0;6529.0
89200;7081.0;672.0;6409.0
89300;7039.0;510.0;6529.0
89400;7285.0;636.0;6649.0
89500;7205.0;636.0;6569.0
89600;7299.0;690.0;6609.0
89700;7245.0;636.0;6609.0
89800;7365.0;636.0;6729.0
89900;7245.0;636.0;6609.0
90000;7281.0;672.0;6609.0
90100;7197.0;708.0;6489.0
90200;7125.0;636.0;6489.0
90300;7245.0;636.0;6609.0
90400;7401.0;672.0;6729.0
90500;7321.0;672.0;6649.0
90600;7241.0;672.0;6569.0
90700;7535.0;726.0;6809.0
90800;7325.0;636.0;6689.0
90900;7397.0;708.0;6689.0
91000;7361.0;672.0;6689.0
91100;7589.0;780.0;6809.0
91200;7517.0;708.0;6809.0
91300;7397.0;708.0;6689.0
91400;7445.0;636.0;6809.0
91500;7321.0;672.0;6649.0
91600;7423.0;654.0;6769.0
91700;7005.0;636.0;6369.0
91800;7405.0;636.0;6769.0
91900;7405.0;636.0;6769.0
92000;7405.0;636.0;6769.0
92100;7441.0;672.0;6769.0
92200;7561.0;672.0;6889.0
92300;7579.0;690.0;6889.0
92400;7597.0;708.0;6889.0
92500;7597.0;708.0;6889.0
92600;7877.0;708.0;7169.0
92700;7437.0;708.0;6729.0
92800;7521.0;672.0;6849.0
92900;7401.0;672.0;6729.0
93000;7683.0;834.0;6849.0
93100;7557.0;708.0;6849.0
93200;7529.0;680.0;6849.0
93300;7473.0;624.0;6849.0
93400;7529.0;680.0;6849.0
93500;7541.0;652.0;6889.0
93600;7661.0;652.0;7009.0
93700;7581.0;652.0;6929.0
93800;7609.0;680.0;6929.0
93900;7609.0;680.0;6929.0
94000;7609.0;680.0;6929.0
94100;7581.0;652.0;6929.0
94200;7581.0;652.0;6929.0
94300;7729.0;680.0;7049.0
94400;7581.0;652.0;6929.0
94500;7537.0;568.0;6969.0
94600;7671.0;582.0;7089.0
94700;7633.0;624.0;7009.0
94800;7605.0;596.0;7009.0
94900;7577.0;568.0;7009.0
95000;7725.0;596.0;7129.0
95100;7177.0;568.0;6609.0
95200;7619.0;610.0;7009.0
95300;7577.0;568.0;7009.0
95400;7497.0;568.0;6929.0
95500;7617.0;568.0;7049.0
95600;7629.0;540.0;7089.0
95700;7629.0;540.0;7089.0
95800;7805.0;596.0;7209.0
95900;7721.0;512.0;7209.0
96000;7629.0;540.0;7089.0
96100;7629.0;540.0;7089.0
96200;7629.0;540.0;7089.0
96300;7819.0;610.0;7209.0
96400;7643.0;554.0;7089.0
96500;7669.0;540.0;7129.0
96600;7709.0;540.0;7169.0
96700;7723.0;554.0;7169.0
96800;7695.0;526.0;7169.0
96900;7667.0;498.0;7169.0
97000;7709.0;540.0;7169.0
97100;7709.0;540.0;7169.0
97200;7709.0;540.0;7169.0
97300;7625.0;456.0;7169.0
97400;7405.0;596.0;6809.0
97500;7697.0;568.0;7129.0
97600;7859.0;610.0;7249.0
97700;7697.0;568.0;7129.0
97800;7789.0;540.0;7249.0
97900;7817.0;568.0;7249.0
98000;7817.0;568.0;7249.0
98100;7909.0;540.0;7369.0
98200;7789.0;540.0;7249.0
98300;7789.0;540.0;7249.0
98400;7817.0;568.0;7249.0
98500;7777.0;568.0;7209.0
98600;7855.0;526.0;7329.0
98700;7685.0;356.0;7329.0
98800;7909.0;580.0;7329.0
98900;7957.0;628.0;7329.0
99000;7941.0;612.0;7329.0
99100;7781.0;452.0;7329.0
99200;7909.0;580.0;7329.0
99300;7861.0;532.0;7329.0
99400;7909.0;580.0;7329.0
99500;7917.0;548.0;7369.0
99600;7837.0;548.0;7289.0
99700;7957.0;548.0;7409.0
99800;7837.0;548.0;7289.0
99900;7957.0;548.0;7409.0
100000;7957.0;548.0;7409.0
100100;7693.0;404.0;7289.0
100200;8045.0;516.0;7529.0
100300;7837.0;548.0;7289.0
100400;7893.0;484.0;7409.0
100500;7965.0;516.0;7449.0
100600;7973.0;484.0;7489.0
100700;8125.0;516.0;7609.0
100800;8037.0;548.0;7489.0
100900;8109.0;500.0;7609.0
101000;8053.0;564.0;7489.0
101100;8005.0;516.0;7489.0
101200;7917.0;548.0;7369.0
101300;8005.0;516.0;7489.0
101400;8053.0;564.0;7489.0
101500;8045.0;516.0;7529.0
101600;8085.0;516.0;7569.0
101700;8085.0;516.0;7569.0
101800;8085.0;516.0;7569.0
101900;8205.0;516.0;7689.0
102000;8269.0;580.0;7689.0
102100;8085.0;516.0;7569.0
102200;7957.0;388.0;7569.0
102300;8085.0;516.0;7569.0
102400;8173.0;564.0;7609.0
102500;8157.0;548.0;7609.0
102600;8157.0;628.0;7529.0
102700;8245.0;596.0;7649.0
102800;8261.0;612.0;7649.0
102900;8229.0;580.0;7649.0
103000;8229.0;580.0;7649.0
103100;8197.0;548.0;7649.0
103200;8245.0;596.0;7649.0
103300;8101.0;452.0;7649.0
103400;8165.0;516.0;7649.0
103500;8237.0;548.0;7689.0
103600;8277.0;548.0;7729.0
103700;8157.0;548.0;7609.0
103800;8277.0;548.0;7729.0
103900;8309.0;580.0;7729.0
104000;8309.0;580.0;7729.0
104100;8389.0;660.0;7729.0
104200;8341.0;612.0;7729.0
104300;8221.0;612.0;7609.0
104400;8229.0;580.0;7649.0
104500;8349.0;580.0;7769.0
104600;8357.0;548.0;7809.0
104700;8389.0;580.0;7809.0
104800;8389.0;580.0;7809.0
104900;8389.0;580.0;7809.0
105000;8269.0;580.0;7689.0
105100;8269.0;580.0;7689.0
105200;8389.0;580.0;7809.0
105300;8421.0;612.0;7809.0
105400;8421.0;612.0;7809.0
105500;8413.0;564.0;7849.0
105600;8485.0;596.0;7889.0
105700;8501.0;612.0;7889.0
105800;8501.0;612.0;7889.0
105900;8517.0;628.0;7889.0
106000;8469.0;580.0;7889.0
106100;8517.0;628.0;7889.0
106200;8589.0;580.0;8009.0
106300;8437.0;548.0;7889.0
106400;8453.0;564.0;7889.0
106500;8509.0;580.0;7929.0
106600;8629.0;580.0;8049.0
106700;8637.0;548.0;8089.0
106800;8549.0;580.0;7969.0
106900;8429.0;580.0;7849.0
107000;8485.0;516.0;7969.0
107100;8397.0;548.0;7849.0
107200;8397.0;548.0;7849.0
107300;8517.0;548.0;7969.0
107400;8549.0;580.0;7969.0
107500;8701.0;612.0;8089.0
107600;8629.0;580.0;8049.0
107700;8661.0;612.0;8049.0
107800;8661.0;612.0;8049.0
107900;8749.0;580.0;8169.0
108000;8613.0;564.0;8049.0
108100;8781.0;612.0;8169.0
108200;8629.0;580.0;8049.0
108300;8597.0;548.0;8049.0
108400;8613.0;564.0;8049.0
108500;8669.0;580.0;8089.0
108600;8789.0;580.0;8209.0
108700;8829.0;580.0;8249.0
108800;9189.0;580.0;8609.0
108900;9237.0;628.0;8609.0
109000;9205.0;596.0;8609.0
109100;8829.0;580.0;8249.0
109200;8621.0;612.0;8009.0
109300;8741.0;612.0;8129.0
109400;9101.0;612.0;8489.0
109500;8797.0;548.0;8249.0
109600;8797.0;548.0;8249.0
109700;8661.0;452.0;8209.0
109800;8741.0;532.0;8209.0
109900;8757.0;548.0;8209.0
110000;8725.0;516.0;8209.0
110100;8757.0;548.0;8209.0
110200;8877.0;548.0;8329.0
110300;8805.0;596.0;8209.0
110400;8709.0;580.0;8129.0
110500;8829.0;580.0;8249.0
110600;8869.0;580.0;8289.0
110700;8869.0;580.0;8289.0
110800;8765.0;596.0;8169.0
110900;8837.0;548.0;8289.0
111000;8821.0;532.0;8289.0
111100;8869.0;580.0;8289.0
111200;8869.0;580.0;8289.0
111300;9229.0;580.0;8649.0
111400;8869.0;580.0;8289.0
111500;8973.0;644.0;8329.0
111600;8949.0;580.0;8369.0
111700;8949.0;580.0;8369.0
111800;8949.0;580.0;8369.0
111900;8981.0;612.0;8369.0
112000;9013.0;644.0;8369.0
112100;9013.0;644.0;8369.0
112200;9013.0;644.0;8369.0
112300;8981.0;612.0;8369.0
112400;9021.0;612.0;8409.0
112500;8925.0;516.0;8409.0
112600;9061.0;612.0;8449.0
112700;8965.0;516.0;8449.0
112800;9181.0;612.0;8569.0
112900;9061.0;612.0;8449.0
113000;9093.0;644.0;8449.0
113100;9093.0;644.0;8449.0
113200;9029.0;580.0;8449.0
113300;9029.0;580.0;8449.0
113400;9029.0;580.0;8449.0
113500;9149.0;580.0;8569.0
113600;9109.0;580.0;8529.0
113700;9109.0;580.0;8529.0
113800;9109.0;580.0;8529.0
113900;9229.0;580.0;8649.0
114000;9109.0;580.0;8529.0
114100;9229.0;580.0;8649.0
114200;9157.0;628.0;8529.0
114300;9061.0;532.0;8529.0
114400;9061.0;532.0;8529.0
114500;9149.0;580.0;8569.0
114600;9237.0;548.0;8689.0
114700;9277.0;548.0;8729.0
114800;9157.0;548.0;8609.0
114900;9037.0;548.0;8489.0
115000;9037.0;548.0;8489.0
115100;9172.5;683.5;8489.0
115200;9143.0;534.0;8609.0
115300;9177.5;568.5;8609.0
115400;9143.0;534.0;8609.0
115500;9160.0;511.0;8649.0
115600;9234.0;465.0;8769.0
115700;9308.5;499.5;8809.0
115800;9246.0;557.0;8689.0
115900;9246.0;557.0;8689.0
116000;9223.0;534.0;8689.0
116100;9200.0;511.0;8689.0
116200;9308.5;499.5;8809.0
116300;9257.5;568.5;8689.0
116400;9246.0;557.0;8689.0
116500;9063.0;534.0;8529.0
116600;9229.0;580.0;8649.0
116700;9240.5;591.5;8649.0
116800;9326.0;557.0;8769.0
116900;9326.0;557.0;8769.0
117000;9326.0;557.0;8769.0
117100;9326.0;557.0;8769.0
117200;9360.5;591.5;8769.0
117300;9349.0;580.0;8769.0
117400;9326.0;557.0;8769.0
117500;9320.0;511.0;8809.0
117600;9532.0;603.0;8929.0
117700;9463.0;534.0;8929.0
117800;9383.0;534.0;8849.0
117900;9406.0;557.0;8849.0
118000;9406.0;557.0;8849.0
118100;9406.0;557.0;8849.0
118200;9406.0;557.0;8849.0
118300;9406.0;557.0;8849.0
118400;9406.0;557.0;8849.0
118500;9526.0;557.0;8969.0
118600;9400.5;591.5;8809.0
118700;9497.5;568.5;8929.0
118800;9486.0;557.0;8929.0
118900;9486.0;557.0;8929.0
119000;9606.0;557.0;9049.0
119100;9571.0;642.0;8929.0
119200;9451.0;642.0;8809.0
119300;9499.5;570.5;8929.0
119400;9499.5;570.5;8929.0
119500;9479.0;590.0;8889.0
119600;9599.0;590.0;9009.0
119700;9599.0;590.0;9009.0
119800;9618.5;609.5;9009.0
119900;9618.5;609.5;9009.0
120000;9504.0;495.0;9009.0
120100;9596.0;587.0;9009.0
120200;9619.0;610.0;9009.0
120300;9573.0;564.0;9009.0
120400;9596.0;587.0;9009.0
120500;9659.0;610.0;9049.0
120600;9613.0;564.0;9049.0
120700;9653.0;564.0;9089.0
120800;9653.0;564.0;9089.0
120900;9676.0;587.0;9089.0
121000;9641.5;552.5;9089.0
121100;9584.0;495.0;9089.0
121200;9653.0;564.0;9089.0
121300;9676.0;587.0;9089.0
121400;9641.5;552.5;9089.0
121500;9614.0;565.0;9049.0
121600;9641.0;592.0;9049.0
121700;9761.0;592.0;9169.0
121800;9641.0;592.0;9049.0
121900;9761.0;592.0;9169.0
122000;9761.0;592.0;9169.0
122100;9725.0;556.0;9169.0
122200;9761.0;592.0;9169.0
122300;9761.0;592.0;9169.0
122400;9681.0;592.0;9089.0
122500;9721.0;592.0;9129.0
122600;9719.5;470.5;9249.0
122700;9895.0;646.0;9249.0
122800;9841.0;592.0;9249.0
122900;9468.0;619.0;8849.0
123000;9841.0;592.0;9249.0
123100;9868.0;619.0;9249.0
123200;9868.0;619.0;9249.0
123300;9841.0;592.0;9249.0
123400;9814.0;565.0;9249.0
123500;9854.0;565.0;9289.0
123600;9894.0;565.0;9329.0
123700;9894.0;565.0;9329.0
123800;9894.0;565.0;9329.0
123900;9774.0;565.0;9209.0
124000;9988.5;659.5;9329.0
124100;9868.5;659.5;9209.0
124200;9894.0;565.0;9329.0
124300;9894.0;565.0;9329.0
124400;9919.5;470.5;9449.0
124500;9934.0;565.0;9369.0
124600;9974.0;565.0;9409.0
124700;10080.5;551.5;9529.0
124800;9974.0;565.0;9409.0
124900;10001.0;592.0;9409.0
125000;9814.0;565.0;9249.0
125100;9854.0;565.0;9289.0
125200;9974.0;565.0;9409.0
125300;9974.0;565.0;9409.0
125400;9947.0;538.0;9409.0
125500;9987.0;538.0;9449.0
125600;10027.0;538.0;9489.0
125700;10147.0;538.0;9609.0
125800;10027.0;538.0;9489.0
125900;10027.0;538.0;9489.0
126000;10094.5;605.5;9489.0
126100;9986.5;497.5;9489.0
126200;10027.0;538.0;9489.0
126300;10027.0;538.0;9489.0
126400;10027.0;538.0;9489.0
126500;10094.0;565.0;9529.0
126600;10187.0;538.0;9649.0
126700;10120.5;551.5;9569.0
126800;9898.0;329.0;9569.0
126900;9898.0;329.0;9569.0
127000;10090.0;521.0;9569.0
127100;10090.0;521.0;9569.0
127200;10122.0;553.0;9569.0
127300;10154.0;585.0;9569.0
127400;10154.0;585.0;9569.0
127500;9881.0;352.0;9529.0
127600;10190.0;541.0;9649.0
127700;10190.0;541.0;9649.0
127800;10268.0;499.0;9769.0
127900;10190.0;541.0;9649.0
128000;10232.0;583.0;9649.0
128100;10148.0;499.0;9649.0
128200;10211.0;562.0;9649.0
128300;10127.0;478.0;9649.0
128400;10190.0;541.0;9649.0
128500;10272.0;583.0;9689.0
128600;10312.0;583.0;9729.0
128700;10270.0;541.0;9729.0
128800;10348.0;499.0;9849.0
128900;10270.0;541.0;9729.0
129000;10270.0;541.0;9729.0
129100;10390.0;541.0;9849.0
129200;10375.0;646.0;9729.0
129300;10186.0;457.0;9729.0
129400;10228.0;499.0;9729.0
129500;10373.0;604.0;9769.0
129600;9851.0;562.0;9289.0
129700;10350.0;541.0;9809.0
129800;10308.0;499.0;9809.0
129900;10540.5;731.5;9809.0
130000;10326.0;517.0;9809.0
130100;10326.0;517.0;9809.0
130200;10359.0;550.0;9809.0
130300;9959.0;550.0;9409.0
130400;10295.5;566.5;9729.0
130500;10446.0;517.0;9929.0
130600;10373.0;484.0;9889.0
130700;10439.0;550.0;9889.0
130800;10439.0;550.0;9889.0
130900;10439.0;550.0;9889.0
131000;10439.0;550.0;9889.0
131100;10406.0;517.0;9889.0
131200;10319.0;550.0;9769.0
131300;10472.0;583.0;9889.0
131400;10439.0;550.0;9889.0
131500;10512.0;583.0;9929.0
131600;10552.0;583.0;9969.0
131700;10552.0;583.0;9969.0
131800;10552.0;583.0;9969.0
131900;10552.0;583.0;9969.0
132000;10601.5;632.5;9969.0
132100;10552.0;583.0;9969.0
132200;10552.0;583.0;9969.0
132300;10552.0;583.0;9969.0
132400;10492.0;403.0;10089.0
132500;10644.0;555.0;10089.0
132600;10642.0;593.0;10049.0
132700;10642.0;593.0;10049.0
132800;10800.0;631.0;10169.0
132900;10503.0;574.0;9929.0
133000;10964.0;555.0;10409.0
133100;10604.0;555.0;10049.0
133200;10642.0;593.0;10049.0
133300;10484.0;555.0;9929.0
133400;10642.0;593.0;10049.0
133500;10682.0;593.0;10089.0
133600;10722.0;593.0;10129.0
133700;10640.0;631.0;10009.0
133800;10842.0;593.0;10249.0
133900;10532.0;403.0;10129.0
134000;10760.0;631.0;10129.0
134100;10861.0;612.0;10249.0
134200;10741.0;612.0;10129.0
134300;10760.0;631.0;10129.0
134400;10680.0;631.0;10049.0
134500;10842.0;593.0;10249.0
134600;10878.0;669.0;10209.0
134700;10916.0;707.0;10209.0
134800;10840.0;631.0;10209.0
134900;10878.0;669.0;10209.0
135000;10878.0;669.0;10209.0
135100;10840.0;631.0;10209.0
135200;10960.0;631.0;10329.0
135300;10859.0;650.0;10209.0
135400;10960.0;631.0;10329.0
135500;11240.0;631.0;10609.0
135600;10806.0;517.0;10289.0
135700;10863.0;574.0;10289.0
135800;10920.0;631.0;10289.0
135900;10920.0;631.0;10289.0
136000;10863.0;574.0;10289.0
136100;10863.0;574.0;10289.0
136200;10800.0;631.0;10169.0
136300;10939.0;650.0;10289.0
136400;10897.0;688.0;10209.0
136500;11074.0;745.0;10329.0
136600;11000.0;631.0;10369.0
136700;10962.0;593.0;10369.0
136800;10842.0;593.0;10249.0
136900;10962.0;593.0;10369.0
137000;11044.0;555.0;10489.0
137100;10804.0;555.0;10249.0
137200;10924.0;555.0;10369.0
137300;10962.0;593.0;10369.0
137400;11120.0;631.0;10489.0
137500;11040.0;631.0;10409.0
137600;11217.0;688.0;10529.0
137700;11238.0;669.0;10569.0
137800;11004.0;555.0;10449.0
137900;11099.0;650.0;10449.0
138000;10922.0;593.0;10329.0
138100;11200.0;631.0;10569.0
138200;11162.0;593.0;10569.0
138300;11105.0;536.0;10569.0
138400;11042.0;593.0;10449.0
138500;11124.0;555.0;10569.0
138600;11122.0;593.0;10529.0
138700;11122.0;593.0;10529.0
138800;11141.0;612.0;10529.0
138900;11160.0;631.0;10529.0
139000;11059.0;650.0;10409.0
139100;11179.0;650.0;10529.0
139200;11160.0;631.0;10529.0
139300;11198.0;669.0;10529.0
139400;11080.0;631.0;10449.0
139500;11143.0;574.0;10569.0
139600;11263.0;574.0;10689.0
139700;11240.0;631.0;10609.0
139800;11398.0;669.0;10729.0
139900;11278.0;669.0;10609.0
140000;11436.0;707.0;10729.0
140100;11316.0;707.0;10609.0
140200;11354.0;745.0;10609.0
140300;11316.0;707.0;10609.0
140400;11455.0;726.0;10729.0
140500;11299.0;650.0;10649.0
140600;11419.0;650.0;10769.0
140700;11434.0;745.0;10689.0
140800;11453.0;764.0;10689.0
140900;11516.0;707.0;10809.0
141000;11396.0;707.0;10689.0
141100;11402.0;593.0;10809.0
141200;11396.0;707.0;10689.0
141300;11396.0;707.0;10689.0
141400;11274.0;745.0;10529.0
141500;11474.0;745.0;10729.0
141600;11594.0;745.0;10849.0
141700;11672.0;783.0;10889.0
141800;11552.0;783.0;10769.0
141900;11514.0;745.0;10769.0
142000;11634.0;745.0;10889.0
142100;11634.0;745.0;10889.0
142200;11634.0;745.0;10889.0
142300;11514.0;745.0;10769.0
142400;11434.0;745.0;10689.0
142500;11474.0;745.0;10729.0
142600;11594.0;745.0;10849.0
142700;11594.0;745.0;10849.0
142800;11594.0;745.0;10849.0
142900;11594.0;745.0;10849.0
143000;11537.0;688.0;10849.0
143100;11594.0;745.0;10849.0
143200;11632.0;783.0;10849.0
143300;11556.0;707.0;10849.0
143400;11632.0;783.0;10849.0
143500;11672.0;783.0;10889.0
143600;11712.0;783.0;10929.0
143700;11387.0;578.0;10809.0
143800;11777.5;728.5;11049.0
143900;11799.0;750.0;11049.0
144000;11765.0;836.0;10929.0
144100;11885.0;836.0;11049.0
144200;11602.0;793.0;10809.0
144300;11842.0;793.0;11049.0
144400;11722.0;793.0;10929.0
144500;11762.0;793.0;10969.0
144600;11882.0;793.0;11089.0
144700;11882.0;793.0;11089.0
144800;11802.0;793.0;11009.0
144900;11802.0;793.0;11009.0
145000;11802.0;793.0;11009.0
145100;11802.0;793.0;11009.0
145200;11814.5;685.5;11129.0
145300;11845.0;836.0;11009.0
145400;11765.0;836.0;10929.0
145500;11842.0;793.0;11049.0
145600;11842.0;793.0;11049.0
145700;11882.0;793.0;11089.0
145800;11839.0;750.0;11089.0
145900;11959.0;750.0;11209.0
146000;11882.0;793.0;11089.0
146100;11805.0;836.0;10969.0
146200;11882.0;793.0;11089.0
146300;11860.5;771.5;11089.0
146400;11925.0;836.0;11089.0
146500;11965.0;836.0;11129.0
146600;11965.0;836.0;11129.0
146700;11962.0;793.0;11169.0
146800;12082.0;793.0;11289.0
146900;11919.0;750.0;11169.0
147000;12069.5;900.5;11169.0
147100;11897.5;728.5;11169.0
147200;11962.0;793.0;11169.0
147300;11897.5;728.5;11169.0
147400;11962.0;793.0;11169.0
147500;12082.0;793.0;11289.0
147600;11922.0;793.0;11129.0
147700;11922.0;793.0;11129.0
147800;12042.0;793.0;11249.0
147900;12128.0;879.0;11249.0
148000;12128.0;879.0;11249.0
148100;12149.5;900.5;11249.0
148200;12149.5;900.5;11249.0
148300;12192.5;943.5;11249.0
148400;12205.0;836.0;11369.0
148500;12232.5;943.5;11289.0
148600;12232.5;943.5;11289.0
148700;12082.0;793.0;11289.0
148800;12122.0;793.0;11329.0
148900;12002.0;793.0;11209.0
149000;12122.0;793.0;11329.0
149100;11885.5;556.5;11329.0
149200;12177.5;728.5;11449.0
149300;12196.0;707.0;11489.0
149400;12076.0;707.0;11369.0
149500;12269.5;900.5;11369.0
149600;12266.5;857.5;11409.0
149700;12159.0;750.0;11409.0
149800;12180.5;771.5;11409.0
149900;12202.0;793.0;11409.0
150000;12202.0;793.0;11409.0
150100;12322.0;793.0;11529.0
150200;12386.5;857.5;11529.0
150300;12266.5;857.5;11409.0
150400;12245.0;836.0;11409.0
150500;12119.0;750.0;11369.0
150600;12359.0;750.0;11609.0
150700;12110.0;621.0;11489.0
150800;12239.0;750.0;11489.0
150900;12239.0;750.0;11489.0
151000;12282.0;793.0;11489.0
151100;12402.0;793.0;11609.0
151200;12162.0;793.0;11369.0
151300;12282.0;793.0;11489.0
151400;12300.5;771.5;11529.0
151500;12365.0;836.0;11529.0
151600;12420.5;771.5;11649.0
151700;12405.0;836.0;11569.0
151800;12448.0;879.0;11569.0
151900;12448.0;879.0;11569.0
152000;12405.0;836.0;11569.0
152100;12405.0;836.0;11569.0
152200;12482.0;793.0;11689.0
152300;12362.0;793.0;11569.0
152400;12362.0;793.0;11569.0
152500;12402.0;793.0;11609.0
152600;12522.0;793.0;11729.0
152700;12562.0;793.0;11769.0
152800;12442.0;793.0;11649.0
152900;12442.0;793.0;11649.0
153000;12442.0;793.0;11649.0
153100;12442.0;793.0;11649.0
153200;12485.0;836.0;11649.0
153300;12485.0;836.0;11649.0
153400;12562.0;793.0;11769.0
153500;12562.0;793.0;11769.0
153600;12565.0;836.0;11729.0
153700;12445.0;836.0;11609.0
153800;12522.0;793.0;11729.0
153900;12359.0;750.0;11609.0
154000;12522.0;793.0;11729.0
154100;12565.0;836.0;11729.0
154200;12586.5;857.5;11729.0
154300;12925.0;836.0;12089.0
154400;12442.0;793.0;11649.0
154500;12669.5;900.5;11769.0
154600;12559.0;750.0;11809.0
154700;12602.0;793.0;11809.0
154800;12722.0;793.0;11929.0
154900;12765.0;836.0;11929.0
155000;12786.5;857.5;11929.0
155100;12962.0;793.0;12169.0
155200;12602.0;793.0;11809.0
155300;12962.0;793.0;12169.0
155400;12602.0;793.0;11809.0
155500;12771.0;922.0;11849.0
155600;12682.0;793.0;11889.0
155700;13162.0;793.0;12369.0
155800;12617.5;728.5;11889.0
155900;12725.0;836.0;11889.0
156000;12725.0;836.0;11889.0
156100;12725.0;836.0;11889.0
156200;12605.0;836.0;11769.0
156300;12725.0;836.0;11889.0
156400;12845.0;836.0;12009.0
156500;12845.0;836.0;12009.0
156600;12949.5;900.5;12049.0
156700;12805.0;836.0;11969.0
156800;12882.0;793.0;12089.0
156900;12676.0;707.0;11969.0
157000;12642.0;793.0;11849.0
157100;12771.0;922.0;11849.0
157200;12848.0;879.0;11969.0
157300;12848.0;879.0;11969.0
157400;12805.0;836.0;11969.0
157500;12845.0;836.0;12009.0
157600;12885.0;836.0;12049.0
157700;12765.0;836.0;11929.0
157800;12829.5;900.5;11929.0
157900;12876.0;707.0;12169.0
158000;13005.0;836.0;12169.0
158100;12885.0;836.0;12049.0
158200;12885.0;836.0;12049.0
158300;12885.0;836.0;12049.0
158400;12826.5;857.5;11969.0
158500;12946.5;857.5;12089.0
158600;12882.0;793.0;12089.0
158700;12922.0;793.0;12129.0
158800;12965.0;836.0;12129.0
158900;12922.0;793.0;12129.0
159000;12922.0;793.0;12129.0
159100;12737.5;728.5;12009.0
159200;12922.0;793.0;12129.0
159300;12845.0;836.0;12009.0
159400;12759.0;750.0;12009.0
159500;12919.0;750.0;12169.0
159600;12937.5;728.5;12209.0
159700;13002.0;793.0;12209.0
159800;12851.5;642.5;12209.0
159900;13122.0;793.0;12329.0
160000;13002.0;793.0;12209.0
160100;13002.0;793.0;12209.0
160200;13057.5;728.5;12329.0
160300;12959.0;750.0;12209.0
160400;12959.0;750.0;12209.0
160500;13159.0;750.0;12409.0
160600;13137.5;728.5;12409.0
160700;13039.0;750.0;12289.0
160800;13103.5;814.5;12289.0
160900;13125.0;836.0;12289.0
161000;13082.0;793.0;12289.0
161100;13125.0;836.0;12289.0
161200;13082.0;793.0;12289.0
161300;13060.5;771.5;12289.0
161400;13082.0;793.0;12289.0
161500;13042.0;793.0;12249.0
161600;13042.0;793.0;12249.0
161700;13042.0;793.0;12249.0
161800;13205.0;836.0;12369.0
161900;13042.0;793.0;12249.0
162000;13162.0;793.0;12369.0
162100;13076.0;707.0;12369.0
162200;13239.0;750.0;12489.0
162300;13226.5;857.5;12369.0
162400;13054.5;685.5;12369.0
162500;13159.0;750.0;12409.0
162600;13159.0;750.0;12409.0
162700;13220.5;771.5;12449.0
162800;13199.0;750.0;12449.0
162900;13263.5;814.5;12449.0
163000;13319.0;750.0;12569.0
163100;13319.0;750.0;12569.0
163200;13177.5;728.5;12449.0
163300;13242.0;793.0;12449.0
163400;13199.0;750.0;12449.0
163500;13239.0;750.0;12489.0
163600;13236.0;707.0;12529.0
163700;13236.0;707.0;12529.0
163800;13180.5;771.5;12409.0
163900;13171.5;642.5;12529.0
164000;13236.0;707.0;12529.0
164100;13236.0;707.0;12529.0
164200;12771.5;642.5;12129.0
164300;13377.5;728.5;12649.0
164400;13313.0;664.0;12649.0
164500;13153.0;664.0;12489.0
164600;13273.0;664.0;12609.0
164700;13273.0;664.0;12609.0
164800;13436.0;707.0;12729.0
164900;13436.0;707.0;12729.0
165000;13436.0;707.0;12729.0
165100;13393.0;664.0;12729.0
165200;13153.0;664.0;12489.0
165300;13110.0;621.0;12489.0
165400;13273.0;664.0;12609.0
165500;13535.5;886.5;12649.0
165600;13400.0;711.0;12689.0
165700;13200.0;711.0;12489.0
165800;13419.5;730.5;12689.0
165900;13280.0;711.0;12569.0
166000;13400.0;711.0;12689.0
166100;13637.0;828.0;12809.0
166200;13400.0;711.0;12689.0
166300;13280.0;711.0;12569.0
166400;13319.0;750.0;12569.0
166500;13420.5;691.5;12729.0
166600;13441.0;672.0;12769.0
166700;13519.0;750.0;12769.0
166800;13519.0;750.0;12769.0
166900;13519.0;750.0;12769.0
167000;13519.0;750.0;12769.0
167100;13519.0;750.0;12769.0
167200;13460.5;691.5;12769.0
167300;13519.0;750.0;12769.0
167400;13439.0;750.0;12689.0
167500;13520.0;711.0;12809.0
167600;13560.0;711.0;12849.0
167700;13560.0;711.0;12849.0
167800;13521.0;672.0;12849.0
167900;13599.0;750.0;12849.0
168000;13560.0;711.0;12849.0
168100;13482.0;633.0;12849.0
168200;13521.0;672.0;12849.0
168300;13521.0;672.0;12849.0
168400;13521.0;672.0;12849.0
168500;13522.0;633.0;12889.0
168600;13559.0;750.0;12809.0
168700;13679.0;750.0;12929.0
168800;13662.5;613.5;13049.0
168900;13484.0;555.0;12929.0
169000;13721.0;672.0;13049.0
169100;13562.0;633.0;12929.0
169200;13640.0;711.0;12929.0
169300;13601.0;672.0;12929.0
169400;13733.0;804.0;12929.0
169500;13649.0;680.0;12969.0
169600;13720.0;711.0;13009.0
169700;13809.0;680.0;13129.0
169800;13735.5;726.5;13009.0
169900;13289.0;680.0;12609.0
170000;13793.5;664.5;13129.0
170100;13538.0;649.0;12889.0
170200;13600.0;711.0;12889.0
170300;13600.0;711.0;12889.0
170400;13720.0;711.0;13009.0
170500;14120.0;711.0;13409.0
170600;13800.0;711.0;13089.0
170700;13800.0;711.0;13089.0
170800;13769.0;680.0;13089.0
170900;13722.5;633.5;13089.0
171000;13769.0;680.0;13089.0
171100;13800.0;711.0;13089.0
171200;13769.0;680.0;13089.0
171300;13769.0;680.0;13089.0
171400;13769.0;680.0;13089.0
171500;13800.0;711.0;13089.0
171600;13880.0;711.0;13169.0
171700;13911.0;742.0;13169.0
171800;13880.0;711.0;13169.0
171900;14151.0;742.0;13409.0
172000;13713.5;664.5;13049.0
172100;13880.0;711.0;13169.0
172200;13833.5;664.5;13169.0
172300;13880.0;711.0;13169.0
172400;13880.0;711.0;13169.0
172500;13951.0;742.0;13209.0
172600;14311.0;742.0;13569.0
172700;14068.5;819.5;13249.0
172800;13991.0;742.0;13249.0
172900;14111.0;742.0;13369.0
173000;13991.0;742.0;13249.0
173100;13898.0;649.0;13249.0
173200;14037.5;788.5;13249.0
173300;13871.0;742.0;13129.0
173400;13991.0;742.0;13249.0
173500;14015.5;726.5;13289.0
173600;14071.0;742.0;13329.0
173700;14071.0;742.0;13329.0
173800;14071.0;742.0;13329.0
173900;13982.0;773.0;13209.0
174000;14400.0;711.0;13689.0
174100;14133.0;804.0;13329.0
174200;14222.0;773.0;13449.0
174300;14102.0;773.0;13329.0
174400;14102.0;773.0;13329.0
174500;14102.0;773.0;13329.0
174600;14213.0;804.0;13409.0
174700;14302.0;773.0;13529.0
174800;14290.5;881.5;13409.0
174900;14182.0;773.0;13409.0
175000;14542.0;773.0;13769.0
175100;14302.0;773.0;13529.0
175200;14271.0;742.0;13529.0
175300;14302.0;773.0;13529.0
175400;14213.0;804.0;13409.0
175500;14253.0;804.0;13449.0
175600;14142.0;773.0;13369.0
175700;14262.0;773.0;13489.0
175800;14262.0;773.0;13489.0
175900;14262.0;773.0;13489.0
176000;14142.0;773.0;13369.0
176100;14200.0;711.0;13489.0
176200;14231.0;742.0;13489.0
176300;14111.0;742.0;13369.0
176400;14107.0;618.0;13489.0
176500;14351.0;742.0;13609.0
176600;14191.0;742.0;13449.0
176700;14191.0;742.0;13449.0
176800;14311.0;742.0;13569.0
176900;14311.0;742.0;13569.0
177000;14311.0;742.0;13569.0
177100;14431.0;742.0;13689.0
177200;14191.0;742.0;13449.0
177300;14342.0;773.0;13569.0
177400;14280.0;711.0;13569.0
177500;14240.0;711.0;13529.0
177600;14440.0;711.0;13729.0
177700;14329.0;680.0;13649.0
177800;14360.0;711.0;13649.0
177900;14360.0;711.0;13649.0
178000;14391.0;742.0;13649.0
178100;14360.0;711.0;13649.0
178200;13824.5;695.5;13129.0
178300;14391.0;742.0;13649.0
178400;14360.0;711.0;13649.0
178500;14329.0;680.0;13649.0
178600;14406.5;757.5;13649.0
178700;14382.0;773.0;13609.0
178800;14471.0;742.0;13729.0
178900;14471.0;742.0;13729.0
179000;14502.0;773.0;13729.0
179100;14862.0;773.0;14089.0
179200;14862.0;773.0;14089.0
179300;14342.0;773.0;13569.0
179400;14502.0;773.0;13729.0
179500;14462.0;773.0;13689.0
179600;14662.0;773.0;13889.0
179700;14582.0;773.0;13809.0
179800;14582.0;773.0;13809.0
179900;14702.0;773.0;13929.0
180000;14582.0;773.0;13809.0
180100;14462.0;773.0;13689.0
180200;14628.5;819.5;13809.0
180300;14582.0;773.0;13809.0
180400;14702.0;773.0;13929.0
180500;14622.0;773.0;13849.0
180600;14542.0;773.0;13769.0
180700;14615.5;726.5;13889.0
180800;14662.0;773.0;13889.0
180900;14782.0;773.0;14009.0
181000;14569.0;680.0;13889.0
181100;14662.0;773.0;13889.0
181200;14693.0;804.0;13889.0
181300;14782.0;773.0;14009.0
181400;14693.0;804.0;13889.0
181500;14764.0;835.0;13929.0
181600;14779.5;850.5;13929.0
181700;14684.0;835.0;13849.0
181800;14684.0;835.0;13849.0
181900;14757.5;788.5;13969.0
182000;14804.0;835.0;13969.0
182100;14684.0;835.0;13849.0
182200;14804.0;835.0;13969.0
182300;14726.5;757.5;13969.0
182400;14613.0;804.0;13809.0
182500;14813.0;804.0;14009.0
182600;14853.0;804.0;14049.0
182700;14942.0;773.0;14169.0
182800;14822.0;773.0;14049.0
182900;14806.5;757.5;14049.0
183000;14853.0;804.0;14049.0
183100;14853.0;804.0;14049.0
183200;14899.5;850.5;14049.0
183300;14853.0;804.0;14049.0
183400;14884.0;835.0;14049.0
183500;14884.0;835.0;14049.0
183600;14964.0;835.0;14129.0
183700;14917.5;788.5;14129.0
183800;14964.0;835.0;14129.0
183900;14933.0;804.0;14129.0
184000;14995.0;866.0;14129.0
184100;15088.0;959.0;14129.0
184200;14886.5;757.5;14129.0
184300;15115.0;866.0;14249.0
184400;15084.0;835.0;14249.0
184500;15004.0;835.0;14169.0
184600;14955.0;866.0;14089.0
184700;15183.0;974.0;14209.0
184800;15062.0;853.0;14209.0
184900;15106.0;897.0;14209.0
185000;14956.0;747.0;14209.0
185100;15096.0;887.0;14209.0
185200;15054.0;845.0;14209.0
185300;15054.0;845.0;14209.0
185400;15124.0;915.0;14209.0
185500;15468.0;859.0;14609.0
185600;15164.0;915.0;14249.0
185700;15176.0;887.0;14289.0
185800;15176.0;887.0;14289.0
185900;15176.0;887.0;14289.0
186000;15232.0;943.0;14289.0
186100;15296.0;887.0;14409.0
186200;15296.0;887.0;14409.0
186300;15296.0;887.0;14409.0
186400;15268.0;859.0;14409.0
186500;15216.0;887.0;14329.0
186600;15228.0;859.0;14369.0
186700;15228.0;859.0;14369.0
186800;15228.0;859.0;14369.0
186900;15200.0;831.0;14369.0
187000;15186.0;817.0;14369.0
187100;15256.0;887.0;14369.0
187200;15432.0;943.0;14489.0
187300;15228.0;859.0;14369.0
187400;15204.0;915.0;14289.0
187500;15296.0;887.0;14409.0
187600;15360.0;831.0;14529.0
187700;15388.0;859.0;14529.0
187800;15336.0;887.0;14449.0
187900;15428.0;859.0;14569.0
188000;15322.0;873.0;14449.0
188100;15280.0;831.0;14449.0
188200;14880.0;831.0;14049.0
188300;15400.0;831.0;14569.0
188400;15414.0;845.0;14569.0
188500;15400.0;831.0;14569.0
188600;15332.0;803.0;14529.0
188700;15332.0;803.0;14529.0
188800;15332.0;803.0;14529.0
188900;15424.0;775.0;14649.0
189000;15424.0;775.0;14649.0
189100;15268.0;859.0;14409.0
189200;15388.0;859.0;14529.0
189300;15240.0;831.0;14409.0
189400;15332.0;803.0;14529.0
189500;15456.0;887.0;14569.0
189600;15468.0;859.0;14609.0
189700;14913.0;704.0;14209.0
189800;15028.5;819.5;14209.0
189900;15268.5;819.5;14449.0
190000;15478.0;869.0;14609.0
190100;15511.0;902.0;14609.0
190200;15511.0;902.0;14609.0
190300;15478.0;869.0;14609.0
190400;15478.0;869.0;14609.0
190500;15518.0;869.0;14649.0
190600;15591.0;902.0;14689.0
190700;15541.5;852.5;14689.0
190800;15574.5;885.5;14689.0
190900;15591.0;902.0;14689.0
191000;15591.0;902.0;14689.0
191100;15541.5;852.5;14689.0
191200;15541.5;852.5;14689.0
191300;15591.0;902.0;14689.0
191400;15511.0;902.0;14609.0
191500;15664.0;935.0;14729.0
191600;15671.0;902.0;14769.0
191700;15671.0;902.0;14769.0
191800;15638.0;869.0;14769.0
191900;15638.0;869.0;14769.0
192000;15720.5;951.5;14769.0
192100;15534.5;885.5;14649.0
192200;15737.0;968.0;14769.0
192300;15505.0;736.0;14769.0
192400;15685.0;916.0;14769.0
192500;15765.0;956.0;14809.0
192600;15885.0;956.0;14929.0
192700;15805.0;956.0;14849.0
192800;15805.0;956.0;14849.0
192900;15925.0;956.0;14969.0
193000;15845.0;996.0;14849.0
193100;15805.0;956.0;14849.0
193200;15885.0;916.0;14969.0
193300;15967.5;1118.5;14849.0
193400;15810.0;961.0;14849.0
193500;15815.0;926.0;14889.0
193600;15802.5;873.5;14929.0
193700;15682.5;873.5;14809.0
193800;15890.0;961.0;14929.0
193900;15992.5;943.5;15049.0
194000;16010.0;961.0;15049.0
194100;15890.0;961.0;14929.0
194200;15890.0;961.0;14929.0
194300;15750.0;821.0;14929.0
194400;15925.0;996.0;14929.0
194500;15925.0;996.0;14929.0
194600;16005.0;996.0;15009.0
194700;16022.5;1013.5;15009.0
194800;15970.0;961.0;15009.0
194900;15587.5;978.5;14609.0
195000;15935.0;926.0;15009.0
195100;15935.0;926.0;15009.0
195200;16020.0;891.0;15129.0
195300;15935.0;926.0;15009.0
195400;15935.0;926.0;15009.0
195500;15895.0;926.0;14969.0
195600;16015.0;926.0;15089.0
195700;16015.0;926.0;15089.0
195800;15930.0;961.0;14969.0
195900;15732.5;803.5;14929.0
196000;15980.0;891.0;15089.0
196100;16015.0;926.0;15089.0
196200;15962.5;873.5;15089.0
196300;16015.0;926.0;15089.0
196400;15812.5;803.5;15009.0
196500;16055.0;926.0;15129.0
196600;16010.0;961.0;15049.0
196700;15695.0;926.0;14769.0
196800;16217.5;1048.5;15169.0
196900;16095.0;926.0;15169.0
197000;16095.0;926.0;15169.0
197100;16095.0;926.0;15169.0
197200;15975.0;926.0;15049.0
197300;16095.0;926.0;15169.0
197400;15962.5;873.5;15089.0
197500;16135.0;926.0;15209.0
197600;16122.5;873.5;15249.0
197700;16055.0;926.0;15129.0
197800;16055.0;926.0;15129.0
197900;16295.0;926.0;15369.0
198000;16055.0;926.0;15129.0
198100;16175.0;926.0;15249.0
198200;16055.0;926.0;15129.0
198300;16175.0;926.0;15249.0
198400;16175.0;926.0;15249.0
198500;16135.0;926.0;15209.0
198600;15982.0;653.0;15329.0
198700;16354.0;905.0;15449.0
198800;16234.0;905.0;15329.0
198900;16171.0;842.0;15329.0
199000;16171.0;842.0;15329.0
199100;16276.0;947.0;15329.0
199200;16396.0;947.0;15449.0
199300;16312.0;863.0;15449.0
199400;16234.0;905.0;15329.0
199500;16274.0;905.0;15369.0
199600;16152.0;863.0;15289.0
199700;16152.0;863.0;15289.0
199800;16152.0;863.0;15289.0
199900;16272.0;863.0;15409.0
200000;16392.0;863.0;15529.0
200100;16272.0;863.0;15409.0
200200;16146.0;737.0;15409.0
200300;16411.0;842.0;15569.0
200400;16314.0;905.0;15409.0
200500;16312.0;863.0;15449.0
200600;16312.0;863.0;15449.0
200700;16352.0;863.0;15489.0
200800;16352.0;863.0;15489.0
200900;16472.0;863.0;15609.0
201000;16232.0;863.0;15369.0
201100;16436.0;947.0;15489.0
201200;16472.0;863.0;15609.0
201300;16472.0;863.0;15609.0
201400;16350.0;821.0;15529.0
201500;16350.0;821.0;15529.0
201600;16350.0;821.0;15529.0
201700;16390.0;821.0;15569.0
201800;16369.0;800.0;15569.0
201900;16306.0;737.0;15569.0
202000;16390.0;821.0;15569.0
202100;16468.0;779.0;15689.0
202200;16390.0;821.0;15569.0
202300;16348.0;779.0;15569.0
202400;16262.0;653.0;15609.0
202500;16262.0;653.0;15609.0
202600;16388.0;779.0;15609.0
202700;16428.0;779.0;15649.0
202800;16548.0;779.0;15769.0
202900;16527.0;758.0;15769.0
203000;16548.0;779.0;15769.0
203100;16224.0;695.0;15529.0
203200;16344.0;695.0;15649.0
203300;16386.0;737.0;15649.0
203400;16426.0;737.0;15689.0
203500;16744.0;695.0;16049.0
203600;16588.0;779.0;15809.0
203700;16409.0;800.0;15609.0
203800;16586.0;737.0;15849.0
203900;16304.0;695.0;15609.0
204000;16466.0;737.0;15729.0
204100;16346.0;737.0;15609.0
204200;16466.0;737.0;15729.0
204300;16746.0;737.0;16009.0
204400;16548.0;779.0;15769.0
204500;16443.0;674.0;15769.0
204600;16464.0;695.0;15769.0
204700;16546.0;737.0;15809.0
204800;16426.0;737.0;15689.0
204900;16504.0;695.0;15809.0
205000;16546.0;737.0;15809.0
205100;16588.0;779.0;15809.0
205200;16546.0;737.0;15809.0
205300;16693.0;884.0;15809.0
205400;16628.0;779.0;15849.0
205500;16628.0;779.0;15849.0
205600;16668.0;779.0;15889.0
205700;16710.0;821.0;15889.0
205800;16590.0;821.0;15769.0
205900;16752.0;863.0;15889.0
206000;16986.0;737.0;16249.0
206100;16626.0;737.0;15889.0
206200;16710.0;821.0;15889.0
206300;16479.0;590.0;15889.0
206400;16708.0;779.0;15929.0
206500;16750.0;821.0;15929.0
206600;16750.0;821.0;15929.0
206700;16985.0;1016.0;15969.0
206800;16855.5;886.5;15969.0
206900;16800.0;831.0;15969.0
207000;16837.0;868.0;15969.0
207100;16846.5;997.5;15849.0
207200;16680.0;831.0;15849.0
207300;16680.0;831.0;15849.0
207400;16766.0;757.0;16009.0
207500;16803.0;794.0;16009.0
207600;16760.0;831.0;15929.0
207700;16824.5;775.5;16049.0
207800;16843.0;794.0;16049.0
207900;16861.5;812.5;16049.0
208000;16723.0;794.0;15929.0
208100;16963.0;794.0;16169.0
208200;16843.0;794.0;16049.0
208300;16704.5;775.5;15929.0
208400;16920.0;831.0;16089.0
208500;16864.5;775.5;16089.0
208600;16975.5;886.5;16089.0
208700;17015.5;886.5;16129.0
208800;16960.0;831.0;16129.0
208900;17117.0;868.0;16249.0
209000;16867.5;738.5;16129.0
209100;16997.0;868.0;16129.0
209200;16960.0;831.0;16129.0
209300;16941.5;812.5;16129.0
209400;16674.0;905.0;15769.0
209500;17037.0;868.0;16169.0
209600;17037.0;868.0;16169.0
209700;16947.5;738.5;16209.0
209800;17077.0;868.0;16209.0
209900;17040.0;831.0;16209.0
210000;17021.5;812.5;16209.0
210100;16957.0;868.0;16089.0
210200;17077.0;868.0;16209.0
210300;17077.0;868.0;16209.0
210400;17015.5;886.5;16129.0
210500;17154.0;905.0;16249.0
210600;17191.0;942.0;16249.0
210700;17369.5;960.5;16409.0
210800;17231.0;942.0;16289.0
210900;17305.0;1016.0;16289.0
211000;17129.5;960.5;16169.0
211100;17129.5;960.5;16169.0
211200;17194.0;905.0;16289.0
211300;17157.0;868.0;16289.0
211400;16732.5;923.5;15809.0
211500;17160.0;831.0;16329.0
211600;17280.0;831.0;16449.0
211700;17200.0;831.0;16369.0
211800;17237.0;868.0;16369.0
211900;17237.0;868.0;16369.0
212000;17237.0;868.0;16369.0
212100;17560.0;831.0;16729.0
212200;17597.0;868.0;16729.0
212300;17181.5;812.5;16369.0
212400;17277.0;868.0;16409.0
212500;17258.5;849.5;16409.0
212600;17314.0;905.0;16409.0
212700;17099.0;650.0;16449.0
212800;17339.0;890.0;16449.0
212900;16819.0;890.0;15929.0
213000;17459.0;890.0;16569.0
213100;17339.0;890.0;16449.0
213200;17339.0;890.0;16449.0
213300;17507.0;938.0;16569.0
213400;17507.0;938.0;16569.0
213500;17379.0;890.0;16489.0
213600;17499.0;890.0;16609.0
213700;17419.0;890.0;16529.0
213800;17299.0;890.0;16409.0
213900;17275.0;746.0;16529.0
214000;17419.0;890.0;16529.0
214100;17227.0;818.0;16409.0
214200;17299.0;890.0;16409.0
214300;17299.0;890.0;16409.0
214400;17411.0;842.0;16569.0
214500;17363.0;794.0;16569.0
214600;17451.0;842.0;16609.0
214700;17403.0;794.0;16609.0
214800;17403.0;794.0;16609.0
214900;17571.0;842.0;16729.0
215000;17451.0;842.0;16609.0
215100;17451.0;842.0;16609.0
215200;17403.0;794.0;16609.0
215300;17403.0;794.0;16609.0
215400;17443.0;794.0;16649.0
215500;17443.0;794.0;16649.0
215600;17371.0;722.0;16649.0
215700;17555.0;866.0;16689.0
215800;17363.0;794.0;16569.0
215900;17483.0;794.0;16689.0
216000;17555.0;866.0;16689.0
216100;17651.0;842.0;16809.0
216200;17363.0;794.0;16569.0
216300;17459.0;770.0;16689.0
216400;17603.0;794.0;16809.0
216500;17475.0;746.0;16729.0
216600;17571.0;842.0;16729.0
216700;17571.0;842.0;16729.0
216800;17563.0;794.0;16769.0
216900;17922.5;1033.5;16889.0
217000;17618.0;849.0;16769.0
217100;17556.5;787.5;16769.0
217200;17300.0;931.0;16369.0
217300;17515.5;746.5;16769.0
217400;17760.5;951.5;16809.0
217500;17699.0;890.0;16809.0
217600;17699.0;890.0;16809.0
217700;17740.0;931.0;16809.0
217800;17096.0;767.0;16329.0
217900;17496.0;767.0;16729.0
218000;17841.5;992.5;16849.0
218100;17780.0;931.0;16849.0
218200;17780.0;931.0;16849.0
218300;17534.0;685.0;16849.0
218400;17779.0;890.0;16889.0
218500;17699.0;890.0;16809.0
218600;17699.0;890.0;16809.0
218700;17939.0;890.0;17049.0
218800;17819.0;890.0;16929.0
218900;17819.0;890.0;16929.0
219000;17819.0;890.0;16929.0
219100;17819.0;890.0;16929.0
219200;17819.0;890.0;16929.0
219300;17778.0;849.0;16929.0
219400;17900.0;931.0;16969.0
219500;17779.0;890.0;16889.0
219600;17797.5;828.5;16969.0
219700;17837.5;828.5;17009.0
219800;17899.0;890.0;17009.0
219900;17957.5;828.5;17129.0
220000;17739.0;890.0;16849.0
220100;17858.0;849.0;17009.0
220200;17899.0;890.0;17009.0
220300;17940.0;931.0;17009.0
220400;18060.0;931.0;17129.0
220500;17898.0;849.0;17049.0
220600;17539.0;890.0;16649.0
220700;17979.0;890.0;17089.0
220800;17979.0;890.0;17089.0
220900;17958.5;869.5;17089.0
221000;18140.0;931.0;17209.0
221100;18140.0;931.0;17209.0
221200;17900.0;931.0;16969.0
221300;18020.0;931.0;17089.0
221400;18060.0;931.0;17129.0
221500;17860.0;931.0;16929.0
221600;18016.0;767.0;17249.0
221700;18223.0;1054.0;17169.0
221800;18079.5;910.5;17169.0
221900;18100.0;931.0;17169.0
222000;18100.0;931.0;17169.0
222100;18021.0;972.0;17049.0
222200;18021.0;972.0;17049.0
222300;18062.0;1013.0;17049.0
222400;18160.5;951.5;17209.0
222500;18121.5;992.5;17129.0
222600;18101.0;972.0;17129.0
222700;17978.0;849.0;17129.0
222800;18341.0;972.0;17369.0
222900;18221.0;972.0;17249.0
223000;18180.0;931.0;17249.0
223100;18323.5;1074.5;17249.0
223200;18221.0;972.0;17249.0
223300;18262.0;1013.0;17249.0
223400;18261.0;972.0;17289.0
223500;18261.0;972.0;17289.0
223600;18199.5;910.5;17289.0
223700;18421.0;972.0;17449.0
223800;18421.0;972.0;17449.0
223900;18491.0;1162.0;17329.0
224000;18311.0;982.0;17329.0
224100;18347.0;1018.0;17329.0
224200;18347.0;1018.0;17329.0
224300;18329.0;1000.0;17329.0
224400;18195.0;746.0;17449.0
224500;18281.0;992.0;17289.0
224600;18361.0;992.0;17369.0
224700;18521.0;992.0;17529.0
224800;18401.0;992.0;17409.0
224900;18401.0;992.0;17409.0
225000;18401.0;992.0;17409.0
225100;18442.0;1033.0;17409.0
225200;18380.5;971.5;17409.0
225300;18562.0;1033.0;17529.0
225400;18482.0;1033.0;17449.0
225500;18441.0;992.0;17449.0
225600;18482.0;1033.0;17449.0
225700;18522.0;1033.0;17489.0
225800;18402.0;1033.0;17369.0
225900;18522.0;1033.0;17489.0
226000;18624.5;1135.5;17489.0
226100;18522.0;1033.0;17489.0
226200;18522.0;1033.0;17489.0
226300;18522.0;1033.0;17489.0
226400;18582.5;1053.5;17529.0
226500;18521.0;992.0;17529.0
226600;18521.0;992.0;17529.0
226700;18643.0;1074.0;17569.0
226800;18602.0;1033.0;17569.0
226900;18602.0;1033.0;17569.0
227000;18602.0;1033.0;17569.0
227100;18338.5;889.5;17449.0
227200;18523.0;1074.0;17449.0
227300;18561.0;992.0;17569.0
227400;18601.0;992.0;17609.0
227500;18601.0;992.0;17609.0
227600;18562.0;1033.0;17529.0
227700;18600.0;951.0;17649.0
227800;18641.0;992.0;17649.0
227900;18559.0;910.0;17649.0
228000;18480.0;951.0;17529.0
228100;18439.0;910.0;17529.0
228200;18600.0;951.0;17649.0
228300;18743.0;1094.0;17649.0
228400;18613.0;924.0;17689.0
228500;18533.0;924.0;17609.0
228600;18533.0;924.0;17609.0
228700;18533.0;924.0;17609.0
228800;18499.0;890.0;17609.0
228900;18499.0;890.0;17609.0
229000;18619.0;890.0;17729.0
229100;18533.0;924.0;17609.0
229200;18517.0;788.0;17729.0
229300;18550.0;941.0;17609.0
229400;18207.0;958.0;17249.0
229500;18846.0;1077.0;17769.0
229600;18847.0;958.0;17889.0
229700;18853.0;924.0;17929.0
229800;18733.0;924.0;17809.0
229900;18579.0;890.0;17689.0
230000;18767.0;958.0;17809.0
230100;18733.0;924.0;17809.0
230200;18733.0;924.0;17809.0
230300;18682.0;873.0;17809.0
230400;18739.0;890.0;17849.0
230500;18756.0;907.0;17849.0
230600;18739.0;890.0;17849.0
230700;18659.0;890.0;17769.0
230800;18813.0;924.0;17889.0
230900;18779.0;890.0;17889.0
231000;18779.0;890.0;17889.0
231100;18779.0;890.0;17889.0
231200;18779.0;890.0;17889.0
231300;18659.0;890.0;17769.0
231400;18950.0;941.0;18009.0
231500;18887.0;958.0;17929.0
231600;18419.0;890.0;17529.0
231700;18859.0;890.0;17969.0
231800;18859.0;890.0;17969.0
231900;18859.0;890.0;17969.0
232000;19236.0;907.0;18329.0
232100;18859.0;890.0;17969.0
232200;18825.0;856.0;17969.0
232300;18893.0;924.0;17969.0
232400;18848.0;839.0;18009.0
232500;18865.0;856.0;18009.0
232600;18950.0;941.0;18009.0
232700;18939.0;890.0;18049.0
232800;18870.0;941.0;17929.0
232900;19024.0;975.0;18049.0
233000;19059.0;890.0;18169.0
233100;18939.0;890.0;18049.0
233200;18939.0;890.0;18049.0
233300;18819.0;890.0;17929.0
233400;18979.0;890.0;18089.0
233500;18860.0;771.0;18089.0
233600;18979.0;890.0;18089.0
233700;19171.0;1042.0;18129.0
233800;19017.0;888.0;18129.0
233900;18939.0;930.0;18009.0
234000;19059.0;930.0;18129.0
234100;19059.0;930.0;18129.0
234200;19179.0;930.0;18249.0
234300;19179.0;930.0;18249.0
234400;19099.0;930.0;18169.0
234500;19099.0;930.0;18169.0
234600;19099.0;930.0;18169.0
234700;19097.0;888.0;18209.0
234800;19259.0;930.0;18329.0
234900;19259.0;930.0;18329.0
235000;19259.0;930.0;18329.0
235100;19167.0;958.0;18209.0
235200;19139.0;930.0;18209.0
235300;19181.0;972.0;18209.0
235400;19179.0;930.0;18249.0
235500;19015.0;846.0;18169.0
235600;19299.0;930.0;18369.0
235700;19247.0;958.0;18289.0
235800;19247.0;958.0;18289.0
235900;19219.0;930.0;18289.0
236000;19247.0;958.0;18289.0
236100;19113.0;944.0;18169.0
236200;19099.0;930.0;18169.0
236300;19339.0;930.0;18409.0
236400;19301.0;972.0;18329.0
236500;19259.0;930.0;18329.0
236600;19301.0;972.0;18329.0
236700;19461.0;972.0;18489.0
236800;19461.0;972.0;18489.0
236900;19003.0;754.0;18249.0
237000;19511.5;1142.5;18369.0
237100;19419.0;1050.0;18369.0
237200;19363.5;994.5;18369.0
237300;19483.5;994.5;18489.0
237400;19440.5;1031.5;18409.0
237500;19342.0;1013.0;18329.0
237600;19385.0;976.0;18409.0
237700;19785.0;976.0;18809.0
237800;19425.0;976.0;18449.0
237900;19425.0;976.0;18449.0
238000;19369.5;920.5;18449.0
238100;19554.5;1105.5;18449.0
238200;19268.0;939.0;18329.0
238300;19425.0;976.0;18449.0
238400;19465.0;976.0;18489.0
238500;19483.5;994.5;18489.0
238600;19465.0;976.0;18489.0
238700;19560.5;1031.5;18529.0
238800;19366.5;957.5;18409.0
238900;19542.0;1013.0;18529.0
239000;19542.0;1013.0;18529.0
239100;19542.0;1013.0;18529.0
239200;19616.0;1087.0;18529.0
239300;19505.0;976.0;18529.0
239400;19625.0;976.0;18649.0
239500;19545.0;976.0;18569.0
239600;19520.5;1031.5;18489.0
239700;19640.5;1031.5;18609.0
239800;19465.0;976.0;18489.0
239900;19474.0;865.0;18609.0
240000;19585.0;976.0;18609.0
240100;19529.5;920.5;18609.0
240200;19548.0;939.0;18609.0
240300;19548.0;939.0;18609.0
240400;19532.5;883.5;18649.0
240500;19588.0;939.0;18649.0
240600;19588.0;939.0;18649.0
240700;19588.0;939.0;18649.0
240800;19572.5;883.5;18689.0
240900;19859.0;1050.0;18809.0
241000;19591.0;902.0;18689.0
241100;19628.0;939.0;18689.0
241200;19609.5;920.5;18689.0
241300;19729.5;920.5;18809.0
241400;19631.0;902.0;18729.0
241500;19686.5;957.5;18729.0
241600;19668.0;939.0;18729.0
241700;19745.0;976.0;18769.0
241800;19652.5;883.5;18769.0
241900;19671.0;902.0;18769.0
242000;19551.0;902.0;18649.0
242100;20031.0;902.0;19129.0
242200;19634.0;865.0;18769.0
242300;19791.0;902.0;18889.0
242400;19671.0;902.0;18769.0
242500;19772.5;883.5;18889.0
242600;19865.0;976.0;18889.0
242700;19686.5;957.5;18729.0
242800;19871.0;902.0;18969.0
242900;19751.0;902.0;18849.0
243000;19788.0;939.0;18849.0
243100;19871.0;902.0;18969.0
243200;19788.0;939.0;18849.0
243300;19631.0;902.0;18729.0
243400;19689.5;920.5;18769.0
243500;19791.0;902.0;18889.0
243600;19923.5;994.5;18929.0
243700;19951.0;902.0;19049.0
243800;19831.0;902.0;18929.0
243900;19988.0;939.0;19049.0
244000;19868.0;939.0;18929.0
244100;19868.0;939.0;18929.0
244200;19600.0;791.0;18809.0
244300;19785.0;976.0;18809.0
244400;19982.0;1013.0;18969.0
244500;19889.5;920.5;18969.0
244600;20112.0;1103.0;19009.0
244700;20052.0;1043.0;19009.0
244800;19992.0;983.0;19009.0
244900;20322.0;953.0;19369.0
245000;20082.0;953.0;19129.0
245100;20082.0;953.0;19129.0
245200;19962.0;953.0;19009.0
245300;19872.0;863.0;19009.0
245400;20002.0;953.0;19049.0
245500;19972.0;923.0;19049.0
245600;19892.0;923.0;18969.0
245700;19862.0;893.0;18969.0
245800;19892.0;923.0;18969.0
245900;20012.0;923.0;19089.0
246000;19892.0;923.0;18969.0
246100;19937.0;848.0;19089.0
246200;20042.0;953.0;19089.0
246300;19892.0;923.0;18969.0
246400;20052.0;923.0;19129.0
246500;20002.0;953.0;19049.0
246600;20082.0;953.0;19129.0
246700;20122.0;953.0;19169.0
246800;20272.0;983.0;19289.0
246900;20152.0;983.0;19169.0
247000;20077.0;908.0;19169.0
247100;20122.0;953.0;19169.0
247200;20122.0;953.0;19169.0
247300;20092.0;923.0;19169.0
247400;20117.0;908.0;19209.0
247500;20237.0;1028.0;19209.0
247600;20222.0;1013.0;19209.0
247700;20112.0;863.0;19249.0
247800;20322.0;953.0;19369.0
247900;20172.0;923.0;19249.0
248000;20232.0;983.0;19249.0
248100;20172.0;923.0;19249.0
248200;20202.0;953.0;19249.0
248300;20322.0;953.0;19369.0
248400;20322.0;953.0;19369.0
248500;20212.0;923.0;19289.0
248600;20182.0;893.0;19289.0
248700;20252.0;923.0;19329.0
248800;20222.0;893.0;19329.0
248900;20222.0;893.0;19329.0
249000;20132.0;923.0;19209.0
249100;20252.0;923.0;19329.0
249200;20222.0;893.0;19329.0
249300;20252.0;923.0;19329.0
249400;20292.0;923.0;19369.0
249500;20292.0;923.0;19369.0
249600;20382.0;893.0;19489.0
249700;20362.0;953.0;19409.0
249800;20482.0;953.0;19529.0
249900;20377.0;968.0;19409.0
250000;20497.0;968.0;19529.0
250100;20377.0;968.0;19409.0
250200;20497.0;968.0;19529.0
250300;20332.0;923.0;19409.0
250400;20372.0;923.0;19449.0
250500;20247.0;878.0;19369.0
250600;20372.0;923.0;19449.0
250700;20352.0;863.0;19489.0
250800;20337.0;848.0;19489.0
250900;20382.0;893.0;19489.0
251000;20502.0;893.0;19609.0
251100;20502.0;893.0;19609.0
251200;20382.0;893.0;19489.0
251300;20382.0;893.0;19489.0
251400;20502.0;893.0;19609.0
251500;20362.0;833.0;19529.0
251600;20422.0;893.0;19529.0
251700;20462.0;893.0;19569.0
251800;20462.0;893.0;19569.0
251900;20342.0;893.0;19449.0
252000;20462.0;893.0;19569.0
252100;20492.0;923.0;19569.0
252200;20462.0;893.0;19569.0
252300;20462.0;893.0;19569.0
252400;20477.0;908.0;19569.0
252500;20437.0;908.0;19529.0
252600;20502.0;893.0;19609.0
252700;20422.0;893.0;19529.0
252800;20542.0;893.0;19649.0
252900;20662.0;893.0;19769.0
253000;20572.0;923.0;19649.0
253100;20542.0;893.0;19649.0
253200;20392.0;863.0;19529.0
253300;20452.0;923.0;19529.0
253400;20612.0;923.0;19689.0
253500;20457.0;848.0;19609.0
253600;20582.0;893.0;19689.0
253700;20537.0;848.0;19689.0
253800;20537.0;848.0;19689.0
253900;20652.0;923.0;19729.0
254000;20622.0;893.0;19729.0
254100;20622.0;893.0;19729.0
254200;20652.0;923.0;19729.0
254300;20652.0;923.0;19729.0
254400;20622.0;893.0;19729.0
254500;20687.0;998.0;19689.0
254600;20842.0;953.0;19889.0
254700;20822.0;1013.0;19809.0
254800;20942.0;1013.0;19929.0
254900;20642.0;953.0;19689.0
255000;20742.0;933.0;19809.0
255100;20722.0;913.0;19809.0
255200;20722.0;913.0;19809.0
255300;20742.0;933.0;19809.0
255400;20782.0;933.0;19849.0
255500;20732.0;963.0;19769.0
255600;20775.0;1006.0;19769.0
255700;20840.0;951.0;19889.0
255800;20949.0;940.0;20009.0
255900;20829.0;940.0;19889.0
256000;20731.0;962.0;19769.0
256100;20840.0;951.0;19889.0
256200;20840.0;951.0;19889.0
256300;20834.5;945.5;19889.0
256400;20960.0;951.0;20009.0
256500;20880.0;951.0;19929.0
256600;21011.0;962.0;20049.0
256700;20914.5;945.5;19969.0
256800;20811.0;962.0;19849.0
256900;20811.0;962.0;19849.0
257000;20827.5;978.5;19849.0
257100;20920.0;951.0;19969.0
257200;20920.0;951.0;19969.0
257300;20969.5;1000.5;19969.0
257400;20982.0;973.0;20009.0
257500;20982.0;973.0;20009.0
257600;20913.0;984.0;19929.0
257700;21033.0;984.0;20049.0
257800;20913.0;984.0;19929.0
257900;21049.5;1000.5;20049.0
258000;21049.5;1000.5;20049.0
258100;21049.5;1000.5;20049.0
258200;21055.0;1006.0;20049.0
258300;21164.0;995.0;20169.0
258400;21062.0;973.0;20089.0
258500;21073.0;984.0;20089.0
258600;21100.5;1011.5;20089.0
258700;20993.0;984.0;20009.0
258800;21124.0;995.0;20129.0
258900;21004.0;995.0;20009.0
259000;21135.0;1006.0;20129.0
259100;21140.5;1011.5;20129.0
259200;21135.0;1006.0;20129.0
259300;21135.0;1006.0;20129.0
259400;21066.0;1017.0;20049.0
259500;20786.0;1017.0;19769.0
259600;21300.5;1011.5;20289.0
259700;21324.0;995.0;20329.0
259800;21204.0;995.0;20209.0
259900;21193.0;984.0;20209.0
260000;21215.0;1006.0;20209.0
260100;21187.5;978.5;20209.0
260200;21182.0;973.0;20209.0
260300;21084.0;995.0;20089.0
260400;21233.0;984.0;20249.0
260500;21142.0;973.0;20169.0
260600;21233.0;984.0;20249.0
260700;21284.0;995.0;20289.0
260800;21284.0;995.0;20289.0
260900;21273.0;984.0;20289.0
261000;21175.0;1006.0;20169.0
261100;21164.0;995.0;20169.0
261200;21273.0;984.0;20289.0
261300;21273.0;984.0;20289.0
261400;21393.0;984.0;20409.0
261500;21302.0;973.0;20329.0
261600;21211.0;962.0;20249.0
261700;21211.0;962.0;20249.0
261800;21353.0;984.0;20369.0
261900;21440.0;951.0;20489.0
262000;21471.0;982.0;20489.0
262100;21334.5;965.5;20369.0
262200;21339.0;970.0;20369.0
262300;21339.0;970.0;20369.0
262400;21379.0;970.0;20409.0
262500;21376.0;967.0;20409.0
262600;21382.0;973.0;20409.0
262700;21422.0;973.0;20449.0
262800;21420.5;971.5;20449.0
262900;21422.0;973.0;20449.0
263000;21419.0;970.0;20449.0
263100;21417.5;968.5;20449.0
263200;21542.0;973.0;20569.0
263300;21582.0;973.0;20609.0
263400;21462.0;973.0;20489.0
263500;21462.0;973.0;20489.0
263600;21469.5;980.5;20489.0
263700;21629.5;980.5;20649.0
263800;21379.0;970.0;20409.0
263900;21099.0;970.0;20129.0
264000;21499.0;970.0;20529.0
264100;21379.0;970.0;20409.0
264200;21499.0;970.0;20529.0
264300;21496.0;967.0;20529.0
264400;21493.0;964.0;20529.0
264500;21462.0;973.0;20489.0
264600;21542.0;973.0;20569.0
264700;21580.5;971.5;20609.0
264800;21577.5;968.5;20609.0
264900;21564.0;955.0;20609.0
265000;21573.0;964.0;20609.0
265100;21173.0;964.0;20209.0
265200;21573.0;964.0;20609.0
265300;21573.0;964.0;20609.0
265400;21619.0;970.0;20649.0
265500;21216.0;967.0;20249.0
265600;21610.0;961.0;20649.0
265700;21650.0;961.0;20689.0
265800;21653.0;964.0;20689.0
265900;21770.0;961.0;20809.0
266000;21650.0;961.0;20689.0
266100;21648.5;959.5;20689.0
266200;21653.0;964.0;20689.0
266300;21653.0;964.0;20689.0
266400;21690.0;961.0;20729.0
266500;21690.0;961.0;20729.0
266600;21690.0;961.0;20729.0
266700;21690.0;961.0;20729.0
266800;21730.0;961.0;20769.0
266900;21850.0;961.0;20889.0
267000;22094.5;965.5;21129.0
267100;21731.5;962.5;20769.0
267200;21623.5;974.5;20649.0
267300;21730.0;961.0;20769.0
267400;21367.0;958.0;20409.0
267500;21770.0;961.0;20809.0
267600;21770.0;961.0;20809.0
267700;21810.0;961.0;20849.0
267800;21807.0;958.0;20849.0
267900;21762.0;913.0;20849.0
268000;21827.0;978.0;20849.0
268100;21866.0;1017.0;20849.0
268200;21427.0;978.0;20449.0
268300;21827.0;978.0;20849.0
268400;21847.5;958.5;20889.0
268500;21787.0;978.0;20809.0
268600;21800.0;991.0;20809.0
268700;22027.0;978.0;21049.0
268800;22027.0;978.0;21049.0
268900;21907.0;978.0;20929.0
269000;21894.0;965.0;20929.0
269100;21907.0;978.0;20929.0
269200;21800.0;991.0;20809.0
269300;21844.5;1035.5;20809.0
269400;21804.0;995.0;20809.0
269500;21804.0;995.0;20809.0
269600;22093.0;1004.0;21089.0
269700;22004.0;995.0;21009.0
269800;22124.0;995.0;21129.0
269900;22004.0;995.0;21009.0
270000;22013.0;1004.0;21009.0
270100;22013.0;1004.0;21009.0
270200;22013.0;1004.0;21009.0
270300;22013.0;1004.0;21009.0
270400;22053.0;1004.0;21049.0
270500;22053.0;1004.0;21049.0
270600;22093.0;1004.0;21089.0
270700;22204.0;995.0;21209.0
270800;22084.0;995.0;21089.0
270900;22075.0;986.0;21089.0
271000;22102.0;1013.0;21089.0
271100;22102.0;1013.0;21089.0
271200;22084.0;995.0;21089.0
271300;22088.5;999.5;21089.0
271400;22142.0;1013.0;21129.0
271500;22044.0;995.0;21049.0
271600;22133.0;1004.0;21129.0
271700;22155.0;986.0;21169.0
271800;22164.0;995.0;21169.0
271900;22044.0;995.0;21049.0
272000;22155.0;986.0;21169.0
272100;22155.0;986.0;21169.0
272200;22155.0;986.0;21169.0
272300;22155.0;986.0;21169.0
272400;22195.0;986.0;21209.0
272500;22186.0;977.0;21209.0
272600;22359.5;990.5;21369.0
272700;22346.0;977.0;21369.0
272800;22106.0;977.0;21129.0
272900;22101.5;972.5;21129.0
273000;22226.0;977.0;21249.0
273100;22194.5;945.5;21249.0
273200;22226.0;977.0;21249.0
273300;22226.0;977.0;21249.0
273400;22146.0;977.0;21169.0
273500;22266.0;977.0;21289.0
273600;22279.5;990.5;21289.0
273700;22292.5;963.5;21329.0
273800;22279.0;950.0;21329.0
273900;22186.0;977.0;21209.0
274000;22306.0;977.0;21329.0
274100;22297.0;968.0;21329.0
274200;22306.0;977.0;21329.0
274300;22657.0;968.0;21689.0
274400;22337.0;968.0;21369.0
274500;22328.0;959.0;21369.0
274600;21955.0;986.0;20969.0
274700;22377.0;968.0;21409.0
274800;22257.0;968.0;21289.0
274900;22377.0;968.0;21409.0
275000;22386.0;977.0;21409.0
275100;22386.0;977.0;21409.0
275200;22386.0;977.0;21409.0
275300;22399.5;990.5;21409.0
275400;22426.0;977.0;21449.0
275500;22426.0;977.0;21449.0
275600;22546.0;977.0;21569.0
275700;22457.0;968.0;21489.0
275800;22457.0;968.0;21489.0
275900;22466.0;977.0;21489.0
276000;22466.0;977.0;21489.0
276100;22470.5;981.5;21489.0
276200;22568.0;959.0;21609.0
276300;22484.0;995.0;21489.0
276400;22425.0;896.0;21529.0
276500;22505.0;896.0;21609.0
276600;22425.0;896.0;21529.0
276700;22426.0;977.0;21449.0
276800;22564.0;995.0;21569.0
276900;22555.0;986.0;21569.0
277000;22435.0;986.0;21449.0
277100;22471.0;1022.0;21449.0
277200;22573.0;1004.0;21569.0
277300;22573.0;1004.0;21569.0
277400;22622.0;1013.0;21609.0
277500;22613.0;1004.0;21609.0
277600;22631.0;1022.0;21609.0
277700;22791.0;1022.0;21769.0
277800;22671.0;1022.0;21649.0
277900;22725.0;1076.0;21649.0
278000;22671.0;1022.0;21649.0
278100;22791.0;1022.0;21769.0
278200;22689.0;1040.0;21649.0
278300;22689.0;1040.0;21649.0
278400;22689.0;1040.0;21649.0
278500;22729.0;1040.0;21689.0
278600;22729.0;1040.0;21689.0
278700;23267.0;1058.0;22209.0
278800;22769.0;1040.0;21729.0
278900;22769.0;1040.0;21729.0
279000;22769.0;1040.0;21729.0
279100;22796.0;1067.0;21729.0
279200;22769.0;1040.0;21729.0
279300;22889.0;1040.0;21849.0
279400;22827.0;1058.0;21769.0
279500;22809.0;1040.0;21769.0
279600;22809.0;1040.0;21769.0
279700;22827.0;1058.0;21769.0
279800;23014.0;1085.0;21929.0
279900;22747.0;1058.0;21689.0
280000;22849.0;1040.0;21809.0
280100;22849.0;1040.0;21809.0
280200;22849.0;1040.0;21809.0
280300;22702.0;1013.0;21689.0
280400;22853.0;1004.0;21849.0
280500;22924.0;995.0;21929.0
280600;22871.0;1022.0;21849.0
280700;22711.0;1022.0;21689.0
280800;22929.0;1040.0;21889.0
280900;22902.0;1013.0;21889.0
281000;22920.0;1031.0;21889.0
281100;22893.0;1004.0;21889.0
281200;22893.0;1004.0;21889.0
281300;22893.0;1004.0;21889.0
281400;22933.0;1004.0;21929.0
281500;22870.0;941.0;21929.0
281600;22906.0;977.0;21929.0
281700;22973.0;1004.0;21969.0
281800;23093.0;1004.0;22089.0
281900;22836.0;867.0;21969.0
282000;22716.0;867.0;21849.0
282100;22927.0;958.0;21969.0
282200;22979.0;1010.0;21969.0
282300;22979.0;1010.0;21969.0
282400;23125.0;1036.0;22089.0
282500;23099.0;1010.0;22089.0
282600;23019.0;1010.0;22009.0
282700;23033.0;984.0;22049.0
282800;23033.0;984.0;22049.0
282900;23085.0;1036.0;22049.0
283000;23085.0;1036.0;22049.0
283100;23124.0;1075.0;22049.0
283200;23059.0;1010.0;22049.0
283300;23124.0;1075.0;22049.0
283400;23151.0;1062.0;22089.0
283500;23151.0;1062.0;22089.0
283600;23151.0;1062.0;22089.0
283700;23191.0;1062.0;22129.0
283800;23191.0;1062.0;22129.0
283900;23097.0;1088.0;22009.0
284000;23217.0;1088.0;22129.0
284100;23178.0;1049.0;22129.0
284200;23217.0;1088.0;22129.0
284300;23071.0;1062.0;22009.0
284400;23311.0;1062.0;22249.0
284500;23192.0;1023.0;22169.0
284600;23351.0;1062.0;22289.0
284700;23271.0;1062.0;22209.0
284800;23271.0;1062.0;22209.0
284900;23271.0;1062.0;22209.0
285000;23177.0;1088.0;22089.0
285100;23151.0;1062.0;22089.0
285200;23099.0;1010.0;22089.0
285300;23323.0;1114.0;22209.0
285400;23324.0;1075.0;22249.0
285500;23389.0;1140.0;22249.0
285600;23389.0;1140.0;22249.0
285700;23351.0;1062.0;22289.0
285800;23377.0;1088.0;22289.0
285900;23364.0;1075.0;22289.0
286000;23471.0;1062.0;22409.0
286100;22831.0;1062.0;21769.0
286200;23351.0;1062.0;22289.0
286300;23191.0;1062.0;22129.0
286400;23430.0;1101.0;22329.0
286500;23391.0;1062.0;22329.0
286600;23550.0;1101.0;22449.0
286700;23457.0;1088.0;22369.0
286800;23457.0;1088.0;22369.0
286900;23538.0;1049.0;22489.0
287000;23431.0;1062.0;22369.0
287100;23590.0;1101.0;22489.0
287200;23311.0;1062.0;22249.0
287300;23392.0;1023.0;22369.0
287400;23512.0;1023.0;22489.0
287500;23391.0;1062.0;22329.0
287600;23591.0;1062.0;22529.0
287700;23511.0;1062.0;22449.0
287800;23511.0;1062.0;22449.0
287900;23511.0;1062.0;22449.0
288000;23085.0;1036.0;22049.0
288100;23459.0;1010.0;22449.0
288200;23365.0;1036.0;22329.0
288300;23365.0;1036.0;22329.0
288400;23564.0;1075.0;22489.0
288500;23590.0;1101.0;22489.0
288600;23551.0;1062.0;22489.0
288700;23607.0;958.0;22649.0
288800;23565.0;1036.0;22529.0
288900;23445.0;1036.0;22409.0
289000;23471.0;1062.0;22409.0
289100;23510.0;1101.0;22409.0
289200;23591.0;1062.0;22529.0
289300;23617.0;1088.0;22529.0
289400;23457.0;888.0;22569.0
289500;23649.0;1080.0;22569.0
289600;23737.0;1048.0;22689.0
289700;23609.0;1000.0;22609.0
289800;23777.0;1048.0;22729.0
289900;23657.0;1048.0;22609.0
290000;23609.0;1000.0;22609.0
290100;23657.0;1048.0;22609.0
290200;23489.0;1000.0;22489.0
290300;23625.0;1016.0;22609.0
290400;23777.0;1048.0;22729.0
290500;23793.0;1064.0;22729.0
290600;23785.0;1016.0;22769.0
290700;23753.0;1064.0;22689.0
290800;23825.0;1016.0;22809.0
290900;23705.0;1016.0;22689.0
291000;23737.0;1048.0;22689.0
291100;23737.0;1048.0;22689.0
291200;23857.0;1048.0;22809.0
291300;23569.0;1000.0;22569.0
291400;23777.0;1048.0;22729.0
291500;23809.0;1080.0;22729.0
291600;23881.0;1032.0;22849.0
291700;23849.0;1080.0;22769.0
291800;23817.0;1048.0;22769.0
291900;23817.0;1048.0;22769.0
292000;23745.0;1096.0;22649.0
292100;23817.0;1048.0;22769.0
292200;23657.0;888.0;22769.0
292300;23969.0;1080.0;22889.0
292400;23841.0;1032.0;22809.0
292500;23745.0;1016.0;22729.0
292600;23825.0;1016.0;22809.0
292700;23865.0;1016.0;22849.0
292800;23865.0;1016.0;22849.0
292900;23865.0;1016.0;22849.0
293000;23801.0;952.0;22849.0
293100;23897.0;1048.0;22849.0
293200;23897.0;1048.0;22849.0
293300;23833.0;984.0;22849.0
293400;23833.0;984.0;22849.0
293500;23985.0;1096.0;22889.0
293600;23905.0;1016.0;22889.0
293700;23545.0;1016.0;22529.0
293800;23793.0;984.0;22809.0
293900;23913.0;984.0;22929.0
294000;23945.0;1016.0;22929.0
294100;24065.0;1016.0;23049.0
294200;23945.0;1016.0;22929.0
294300;23913.0;984.0;22929.0
294400;23985.0;1016.0;22969.0
294500;24049.0;1080.0;22969.0
294600;23953.0;1064.0;22889.0
294700;23905.0;1016.0;22889.0
294800;23985.0;1096.0;22889.0
294900;24025.0;1016.0;23009.0
295000;24057.0;1048.0;23009.0
295100;24057.0;1048.0;23009.0
295200;23985.0;1096.0;22889.0
295300;24105.0;1096.0;23009.0
295400;24129.0;1080.0;23049.0
295500;24129.0;1080.0;23049.0
295600;24097.0;1048.0;23049.0
295700;24169.0;1080.0;23089.0
295800;24289.0;1080.0;23209.0
295900;24169.0;1080.0;23089.0
296000;24169.0;1080.0;23089.0
296100;24169.0;1080.0;23089.0
296200;24169.0;1080.0;23089.0
296300;24169.0;1080.0;23089.0
296400;24289.0;1080.0;23209.0
296500;24289.0;1080.0;23209.0
296600;24329.0;1080.0;23249.0
296700;24369.0;1080.0;23289.0
296800;24217.0;1048.0;23169.0
296900;24305.0;1016.0;23289.0
297000;24217.0;1048.0;23169.0
297100;24239.0;1190.0;23049.0
297200;24109.0;1060.0;23049.0
297300;24229.0;1060.0;23169.0
297400;24282.0;1073.0;23209.0
297500;24241.0;1112.0;23129.0
297600;24202.0;1073.0;23129.0
297700;24309.0;1060.0;23249.0
297800;24309.0;1060.0;23249.0
297900;24481.0;1112.0;23369.0
298000;24361.0;1112.0;23249.0
298100;24335.0;1086.0;23249.0
298200;24335.0;1086.0;23249.0
298300;24335.0;1086.0;23249.0
298400;24335.0;1086.0;23249.0
298500;24256.0;1047.0;23209.0
298600;24349.0;1060.0;23289.0
298700;24389.0;1060.0;23329.0
298800;24402.0;1073.0;23329.0
298900;24389.0;1060.0;23329.0
299000;24389.0;1060.0;23329.0
299100;24269.0;1060.0;23209.0
299200;24389.0;1060.0;23329.0
299300;24389.0;1060.0;23329.0
299400;24509.0;1060.0;23449.0
299500;24455.0;1086.0;23369.0
299600;24455.0;1086.0;23369.0
299700;24455.0;1086.0;23369.0
299800;24495.0;1086.0;23409.0
299900;24495.0;1086.0;23409.0
300000;24495.0;1086.0;23409.0
300100;24495.0;1086.0;23409.0
300200;24521.0;1112.0;23409.0
300300;24521.0;1112.0;23409.0
300400;24441.0;1112.0;23329.0
300500;24470.0;1021.0;23449.0
300600;24522.0;1073.0;23449.0
300700;24601.0;1112.0;23489.0
300800;24575.0;1086.0;23489.0
300900;24614.0;1125.0;23489.0
301000;24201.0;1112.0;23089.0
301100;24601.0;1112.0;23489.0
301200;24481.0;1112.0;23369.0
301300;24575.0;1086.0;23489.0
301400;24680.0;1151.0;23529.0
301500;24615.0;1086.0;23529.0
301600;24654.0;1125.0;23529.0
301700;24707.0;1138.0;23569.0
301800;24707.0;1138.0;23569.0
301900;24827.0;1138.0;23689.0
302000;24707.0;1138.0;23569.0
302100;24759.0;1190.0;23569.0
302200;24733.0;1164.0;23569.0
302300;24759.0;1190.0;23569.0
302400;24734.0;1125.0;23609.0
302500;24547.0;1138.0;23409.0
302600;24547.0;1138.0;23409.0
302700;24784.0;1255.0;23529.0
302800;24905.5;1256.5;23649.0
302900;24905.5;1256.5;23649.0
303000;24820.0;1171.0;23649.0
303100;24839.0;1190.0;23649.0
303200;24940.0;1171.0;23769.0
303300;24700.0;1171.0;23529.0
303400;24850.5;1161.5;23689.0
303500;24780.0;1171.0;23609.0
303600;24831.5;1142.5;23689.0
303700;24900.0;1171.0;23729.0
303800;24900.0;1171.0;23729.0
303900;24900.0;1171.0;23729.0
304000;24900.0;1171.0;23729.0
304100;24947.5;1218.5;23729.0
304200;24780.0;1171.0;23609.0
304300;24780.0;1171.0;23609.0
304400;24902.0;1133.0;23769.0
304500;24749.5;1180.5;23569.0
304600;24921.0;1152.0;23769.0
304700;24961.0;1152.0;23809.0
304800;24961.0;1152.0;23809.0
304900;24961.0;1152.0;23809.0
305000;24961.0;1152.0;23809.0
305100;24942.0;1133.0;23809.0
305200;24942.0;1133.0;23809.0
305300;24841.0;1152.0;23689.0
305400;25001.0;1152.0;23849.0
305500;25081.0;1152.0;23929.0
305600;24601.0;1152.0;23449.0
305700;25041.0;1152.0;23889.0
305800;24921.0;1152.0;23769.0
305900;25022.0;1133.0;23889.0
306000;25420.0;1171.0;24249.0
306100;25151.5;1142.5;24009.0
306200;25041.0;1152.0;23889.0
306300;25060.0;1171.0;23889.0
306400;25180.0;1171.0;24009.0
306500;25071.5;1142.5;23929.0
306600;25119.0;1190.0;23929.0
306700;25260.0;1171.0;24089.0
306800;25140.0;1171.0;23969.0
306900;25168.5;1199.5;23969.0
307000;25058.0;1209.0;23849.0
307100;25001.0;1152.0;23849.0
307200;25159.0;1190.0;23969.0
307300;25178.0;1209.0;23969.0
307400;25199.0;1190.0;24009.0
307500;24999.0;1190.0;23809.0
307600;25218.0;1209.0;24009.0
307700;25218.0;1209.0;24009.0
307800;25237.0;1228.0;24009.0
307900;24839.0;1190.0;23649.0
308000;25305.5;1256.5;24049.0
308100;25138.0;1209.0;23929.0
308200;25128.5;1199.5;23929.0
308300;25138.0;1209.0;23929.0
308400;24749.5;1180.5;23569.0
308500;25326.5;1237.5;24089.0
308600;25317.0;1228.0;24089.0
308700;25357.0;1228.0;24129.0
308800;25218.0;1209.0;24009.0
308900;25338.0;1209.0;24129.0
309000;25439.0;1190.0;24249.0
309100;25218.0;1209.0;24009.0
309200;25319.0;1190.0;24129.0
309300;25328.5;1199.5;24129.0
309400;25458.0;1209.0;24249.0
309500;25458.0;1209.0;24249.0
309600;25458.0;1209.0;24249.0
309700;25298.0;1209.0;24089.0
309800;25355.0;1266.0;24089.0
309900;25418.0;1209.0;24209.0
310000;25418.0;1209.0;24209.0
310100;25437.0;1228.0;24209.0
310200;25437.0;1228.0;24209.0
310300;25514.0;1305.0;24209.0
310400;25569.0;1240.0;24329.0
310500;25495.5;1246.5;24249.0
310600;25502.0;1253.0;24249.0
310700;25529.0;1240.0;24289.0
310800;25529.0;1240.0;24289.0
310900;25516.0;1227.0;24289.0
311000;25509.5;1220.5;24289.0
311100;25509.5;1220.5;24289.0
311200;25129.0;1240.0;23889.0
311300;25649.0;1240.0;24409.0
311400;25569.0;1240.0;24329.0
311500;25569.0;1240.0;24329.0
311600;25582.0;1253.0;24329.0
311700;25949.5;1220.5;24729.0
311800;25596.0;1227.0;24369.0
311900;25635.0;1266.0;24369.0
312000;25646.0;1277.0;24369.0
312100;25498.0;1249.0;24249.0
312200;25564.5;1195.5;24369.0
312300;25564.5;1195.5;24369.0
312400;25643.0;1234.0;24409.0
312500;25665.0;1256.0;24409.0
312600;25785.0;1256.0;24529.0
312700;25683.0;1234.0;24449.0
312800;25563.0;1234.0;24329.0
312900;25694.0;1245.0;24449.0
313000;25705.0;1256.0;24449.0
313100;25694.0;1245.0;24449.0
313200;25694.0;1245.0;24449.0
313300;25618.5;1169.5;24449.0
313400;25632.0;1263.0;24369.0
313500;25632.0;1263.0;24369.0
313600;25752.0;1263.0;24489.0
313700;25724.0;1195.0;24529.0
313800;25929.0;1280.0;24649.0
313900;25834.5;1305.5;24529.0
314000;25809.0;1280.0;24529.0
314100;25809.0;1280.0;24529.0
314200;25826.0;1297.0;24529.0
314300;25672.0;1263.0;24409.0
314400;25929.0;1280.0;24649.0
314500;25849.0;1280.0;24569.0
314600;25823.5;1254.5;24569.0
314700;25889.0;1280.0;24609.0
314800;25889.0;1280.0;24609.0
314900;25992.0;1263.0;24729.0
315000;25992.0;1263.0;24729.0
315100;25752.0;1263.0;24489.0
315200;25863.5;1254.5;24609.0
315300;25863.5;1254.5;24609.0
315400;25929.0;1280.0;24649.0
315500;25929.0;1280.0;24649.0
315600;25815.5;1166.5;24649.0
315700;25943.0;1254.0;24689.0
315800;25880.5;1191.5;24689.0
315900;25873.0;1304.0;24569.0
316000;25943.0;1254.0;24689.0
316100;25968.0;1279.0;24689.0
316200;25943.0;1254.0;24689.0
316300;26030.5;1341.5;24689.0
316400;26030.5;1341.5;24689.0
316500;26008.0;1279.0;24729.0
316600;26008.0;1279.0;24729.0
316700;26008.0;1279.0;24729.0
316800;26048.0;1279.0;24769.0
316900;26168.0;1279.0;24889.0
317000;26060.5;1291.5;24769.0
317100;26048.0;1279.0;24769.0
317200;25965.5;1316.5;24649.0
317300;26218.0;1329.0;24889.0
317400;26080.5;1191.5;24889.0
317500;26130.5;1241.5;24889.0
317600;26033.0;1304.0;24729.0
317700;25983.0;1254.0;24729.0
317800;26153.0;1304.0;24849.0
317900;26128.0;1279.0;24849.0
318000;26128.0;1279.0;24849.0
318100;26248.0;1279.0;24969.0
318200;26128.0;1279.0;24849.0
318300;25970.5;1241.5;24729.0
318400;26248.0;1279.0;24969.0
318500;26168.0;1279.0;24889.0
318600;26168.0;1279.0;24889.0
318700;26328.0;1279.0;25049.0
318800;26315.5;1266.5;25049.0
318900;26208.0;1279.0;24929.0
319000;26208.0;1279.0;24929.0
319100;26208.0;1279.0;24929.0
319200;26170.5;1241.5;24929.0
319300;26233.0;1304.0;24929.0
319400;26103.0;1254.0;24849.0
319500;26248.0;1279.0;24969.0
319600;26248.0;1279.0;24969.0
319700;26143.0;1254.0;24889.0
319800;26143.0;1254.0;24889.0
319900;26168.0;1279.0;24889.0
320000;26180.5;1291.5;24889.0
320100;26313.0;1304.0;25009.0
320200;26193.0;1304.0;24889.0
320300;26338.0;1329.0;25009.0
320400;26433.0;1304.0;25129.0
320500;26390.5;1341.5;25049.0
320600;26365.5;1316.5;25049.0
320700;26430.5;1341.5;25089.0
320800;26330.5;1241.5;25089.0
320900;26418.0;1329.0;25089.0
321000;26418.0;1329.0;25089.0
321100;26418.0;1329.0;25089.0
321200;26418.0;1329.0;25089.0
321300;26298.0;1329.0;24969.0
321400;26458.0;1329.0;25129.0
321500;26458.0;1329.0;25129.0
321600;26458.0;1329.0;25129.0
321700;26533.0;1404.0;25129.0
321800;26498.0;1329.0;25169.0
321900;26618.0;1329.0;25289.0
322000;26498.0;1329.0;25169.0
322100;26498.0;1329.0;25169.0
322200;26498.0;1329.0;25169.0
322300;26485.5;1316.5;25169.0
322400;26510.5;1341.5;25169.0
322500;26458.0;1329.0;25129.0
322600;26458.0;1329.0;25129.0
322700;26578.0;1329.0;25249.0
322800;26420.5;1291.5;25129.0
322900;26578.0;1329.0;25249.0
323000;26578.0;1329.0;25249.0
323100;26540.5;1291.5;25249.0
323200;26938.0;1329.0;25609.0
323300;26553.0;1304.0;25249.0
323400;26618.0;1329.0;25289.0
323500;26538.0;1329.0;25209.0
323600;26643.0;1354.0;25289.0
323700;26683.0;1354.0;25329.0
323800;26645.5;1316.5;25329.0
323900;26645.5;1316.5;25329.0
324000;26708.0;1379.0;25329.0
324100;26803.0;1354.0;25449.0
324200;26683.0;1354.0;25329.0
324300;26683.0;1354.0;25329.0
324400;26485.5;1316.5;25169.0
324500;26685.5;1316.5;25369.0
324600;26698.0;1329.0;25369.0
324700;26908.0;1379.0;25529.0
324800;26788.0;1379.0;25409.0
324900;26668.0;1379.0;25289.0
325000;26643.0;1354.0;25289.0
325100;26763.0;1354.0;25409.0
325200;26725.5;1316.5;25409.0
325300;26725.5;1316.5;25409.0
325400;26645.5;1316.5;25329.0
325500;26895.5;1366.5;25529.0
325600;26835.5;1266.5;25569.0
325700;26805.5;1316.5;25489.0
325800;26748.0;1379.0;25369.0
325900;26760.5;1391.5;25369.0
326000;26843.0;1354.0;25489.0
326100;26963.0;1354.0;25609.0
326200;26880.5;1391.5;25489.0
326300;26843.0;1354.0;25489.0
326400;26883.0;1354.0;25529.0
326500;26803.0;1354.0;25449.0
326600;26858.0;1329.0;25529.0
326700;27043.0;1354.0;25689.0
326800;26910.5;1341.5;25569.0
326900;26923.0;1354.0;25569.0
327000;26860.5;1291.5;25569.0
327100;26848.0;1279.0;25569.0
327200;27068.0;1379.0;25689.0
327300;26980.5;1291.5;25689.0
327400;26975.5;1366.5;25609.0
327500;26913.0;1304.0;25609.0
327600;27298.0;1329.0;25969.0
327700;26978.0;1329.0;25649.0
327800;26858.0;1329.0;25529.0
327900;26920.5;1391.5;25529.0
328000;26908.0;1379.0;25529.0
328100;27028.0;1379.0;25649.0
328200;27148.0;1379.0;25769.0
328300;27065.5;1416.5;25649.0
328400;27043.0;1354.0;25689.0
328500;27428.0;1379.0;26049.0
328600;27213.0;1404.0;25809.0
328700;27493.0;1404.0;26089.0
328800;27108.0;1379.0;25729.0
328900;27083.0;1354.0;25729.0
329000;27108.0;1379.0;25729.0
329100;27108.0;1379.0;25729.0
329200;27133.0;1404.0;25729.0
329300;27133.0;1404.0;25729.0
329400;27173.0;1404.0;25769.0
329500;27173.0;1404.0;25769.0
329600;27305.5;1416.5;25889.0
329700;27068.0;1379.0;25689.0
329800;27068.0;1379.0;25689.0
329900;27188.0;1379.0;25809.0
330000;27068.0;1379.0;25689.0
330100;27225.5;1416.5;25809.0
330200;27068.0;1379.0;25689.0
330300;27191.5;1502.5;25689.0
330400;27097.0;1408.0;25689.0
330500;27246.5;1397.5;25849.0
330600;27246.5;1397.5;25849.0
330700;27255.0;1366.0;25889.0
330800;27265.5;1376.5;25889.0
330900;27417.0;1408.0;26009.0
331000;27417.0;1408.0;26009.0
331100;27265.5;1376.5;25889.0
331200;27265.5;1376.5;25889.0
331300;27417.0;1408.0;26009.0
331400;27316.0;1387.0;25929.0
331500;27337.0;1408.0;25929.0
331600;27337.0;1408.0;25929.0
331700;27356.0;1387.0;25969.0
331800;27377.0;1408.0;25969.0
331900;27303.5;1334.5;25969.0
332000;27377.0;1408.0;25969.0
332100;27366.5;1397.5;25969.0
332200;27356.0;1387.0;25969.0
332300;27356.0;1387.0;25969.0
332400;27396.0;1387.0;26009.0
332500;27396.0;1387.0;26009.0
332600;27827.5;1418.5;26409.0
332700;27587.5;1418.5;26169.0
332800;27436.0;1387.0;26049.0
332900;27383.5;1334.5;26049.0
333000;27337.0;1408.0;25929.0
333100;27457.0;1408.0;26049.0
333200;27523.0;1474.0;26049.0
333300;27448.0;1399.0;26049.0
333400;27488.0;1399.0;26089.0
333500;27458.0;1369.0;26089.0
333600;27488.0;1399.0;26089.0
333700;27528.0;1399.0;26129.0
333800;27393.0;1384.0;26009.0
333900;27993.0;1384.0;26609.0
334000;27520.5;1391.5;26129.0
334100;27400.5;1391.5;26009.0
334200;27513.0;1384.0;26129.0
334300;27513.0;1384.0;26129.0
334400;27553.0;1384.0;26169.0
334500;27425.5;1376.5;26049.0
334600;27568.0;1399.0;26169.0
334700;27608.0;1399.0;26209.0
334800;27465.5;1376.5;26089.0
334900;27608.0;1399.0;26209.0
335000;27608.0;1399.0;26209.0
335100;27608.0;1399.0;26209.0
335200;27713.0;1384.0;26329.0
335300;27713.0;1384.0;26329.0
335400;28015.5;1406.5;26609.0
335500;27655.5;1406.5;26249.0
335600;27753.0;1384.0;26369.0
335700;27673.0;1384.0;26289.0
335800;27688.0;1399.0;26289.0
335900;27673.0;1384.0;26289.0
336000;27545.5;1376.5;26169.0
336100;27861.5;1452.5;26409.0
336200;27692.0;1403.0;26289.0
336300;27572.0;1403.0;26169.0
336400;27721.0;1392.0;26329.0
336500;27743.0;1414.0;26329.0
336600;27532.0;1403.0;26129.0
336700;27772.0;1403.0;26369.0
336800;27761.0;1392.0;26369.0
336900;27761.0;1392.0;26369.0
337000;27685.0;1436.0;26249.0
337100;27755.5;1386.5;26369.0
337200;27772.0;1403.0;26369.0
337300;27761.0;1392.0;26369.0
337400;27761.0;1392.0;26369.0
337500;27904.5;1375.5;26529.0
337600;27801.0;1392.0;26409.0
337700;27852.0;1403.0;26449.0
337800;27802.5;1353.5;26449.0
337900;27824.5;1375.5;26449.0
338000;27841.0;1392.0;26449.0
338100;27841.0;1392.0;26449.0
338200;27846.5;1397.5;26449.0
338300;27819.0;1370.0;26449.0
338400;27859.0;1370.0;26489.0
338500;27761.0;1392.0;26369.0
338600;27990.0;1381.0;26609.0
338700;27910.0;1381.0;26529.0
338800;28030.0;1381.0;26649.0
338900;27910.0;1381.0;26529.0
339000;28030.0;1381.0;26649.0
339100;27921.0;1392.0;26529.0
339200;27910.0;1381.0;26529.0
339300;28052.0;1403.0;26649.0
339400;27944.5;1375.5;26569.0
339500;27841.0;1392.0;26449.0
339600;27961.0;1392.0;26569.0
339700;28001.0;1392.0;26609.0
339800;28012.0;1403.0;26609.0
339900;28012.0;1403.0;26609.0
340000;27897.5;1408.5;26489.0
340100;27881.0;1392.0;26489.0
340200;27892.0;1403.0;26489.0
340300;27990.0;1381.0;26609.0
340400;27926.5;1397.5;26529.0
340500;28030.0;1381.0;26649.0
340600;28041.0;1392.0;26649.0
340700;28081.0;1392.0;26689.0
340800;28081.0;1392.0;26689.0
340900;28081.0;1392.0;26689.0
341000;28070.0;1381.0;26689.0
341100;28201.0;1392.0;26809.0
341200;28086.5;1397.5;26689.0
341300;28206.5;1397.5;26809.0
341400;28110.0;1381.0;26729.0
341500;28110.0;1381.0;26729.0
341600;28110.0;1381.0;26729.0
341700;28150.0;1381.0;26769.0
341800;28150.0;1381.0;26769.0
341900;28144.5;1375.5;26769.0
342000;28161.0;1392.0;26769.0
342100;28161.0;1392.0;26769.0
342200;28150.0;1381.0;26769.0
342300;28139.0;1370.0;26769.0
342400;28259.0;1370.0;26889.0
342500;28299.0;1370.0;26929.0
342600;28190.0;1381.0;26809.0
342700;28235.5;1386.5;26849.0
342800;28230.0;1381.0;26849.0
342900;28257.5;1408.5;26849.0
343000;28257.5;1408.5;26849.0
343100;28148.5;1419.5;26729.0
343200;28159.0;1310.0;26849.0
343300;28279.0;1430.0;26849.0
343400;28319.0;1430.0;26889.0
343500;28319.0;1430.0;26889.0
343600;28319.0;1430.0;26889.0
343700;28359.0;1430.0;26929.0
343800;28339.0;1410.0;26929.0
343900;28359.0;1430.0;26929.0
344000;27959.0;1430.0;26529.0
344100;28379.0;1450.0;26929.0
344200;28259.0;1450.0;26809.0
344300;28389.0;1460.0;26929.0
344400;28379.0;1410.0;26969.0
344500;28399.0;1430.0;26969.0
344600;27939.0;1450.0;26489.0
344700;28559.0;1430.0;27129.0
344800;28409.0;1400.0;27009.0
344900;28019.0;1410.0;26609.0
345000;28419.0;1410.0;27009.0
345100;28419.0;1410.0;27009.0
345200;28389.0;1380.0;27009.0
345300;28269.0;1380.0;26889.0
345400;28459.0;1410.0;27049.0
345500;28139.0;1410.0;26729.0
345600;28399.0;1430.0;26969.0
345700;28519.0;1430.0;27089.0
345800;28499.0;1410.0;27089.0
345900;28499.0;1410.0;27089.0
346000;28349.0;1380.0;26969.0
346100;28539.0;1450.0;27089.0
346200;28499.0;1410.0;27089.0
346300;28499.0;1410.0;27089.0
346400;28539.0;1410.0;27129.0
346500;28559.0;1430.0;27129.0
346600;28539.0;1410.0;27129.0
346700;28679.0;1390.0;27289.0
346800;28559.0;1390.0;27169.0
346900;28599.0;1430.0;27169.0
347000;28499.0;1330.0;27169.0
347100;28709.0;1420.0;27289.0
347200;28539.0;1370.0;27169.0
347300;28447.0;1278.0;27169.0
347400;28607.0;1398.0;27209.0
347500;28751.0;1422.0;27329.0
347600;28751.0;1422.0;27329.0
347700;28767.0;1398.0;27369.0
347800;28587.0;1458.0;27129.0
347900;28551.0;1422.0;27129.0
348000;28599.0;1470.0;27129.0
348100;28647.0;1398.0;27249.0
348200;28647.0;1398.0;27249.0
348300;28647.0;1398.0;27249.0
348400;28767.0;1398.0;27369.0
348500;28807.0;1398.0;27409.0
348600;28747.0;1458.0;27289.0
348700;28703.0;1374.0;27329.0
348800;28727.0;1398.0;27329.0
348900;28727.0;1398.0;27329.0
349000;28679.0;1350.0;27329.0
349100;28679.0;1350.0;27329.0
349200;28727.0;1398.0;27329.0
349300;28655.0;1326.0;27329.0
349400;28491.0;1242.0;27249.0
349500;28575.0;1326.0;27249.0
349600;28659.0;1290.0;27369.0
349700;28615.0;1326.0;27289.0
349800;28819.0;1290.0;27529.0
349900;28735.0;1326.0;27409.0
350000;28543.0;1254.0;27289.0
350100;28615.0;1326.0;27289.0
350200;28735.0;1326.0;27409.0
350300;28711.0;1302.0;27409.0
350400;28667.0;1338.0;27329.0
350500;28787.0;1338.0;27449.0
350600;28751.0;1302.0;27449.0
350700;28767.0;1278.0;27489.0
350800;28623.0;1254.0;27369.0
350900;28887.0;1278.0;27609.0
351000;28791.0;1302.0;27489.0
351100;28791.0;1302.0;27489.0
351200;28635.0;1266.0;27369.0
351300;28671.0;1302.0;27369.0
351400;28795.0;1266.0;27529.0
351500;28831.0;1302.0;27529.0
351600;28855.0;1326.0;27529.0
351700;28871.0;1302.0;27569.0
351800;28847.0;1278.0;27569.0
351900;28955.0;1386.0;27569.0
352000;28895.0;1326.0;27569.0
352100;29039.0;1350.0;27689.0
352200;28711.0;1302.0;27409.0
352300;29219.0;1290.0;27929.0
352400;28899.0;1290.0;27609.0
352500;28911.0;1302.0;27609.0
352600;28911.0;1302.0;27609.0
352700;28951.0;1302.0;27649.0
352800;28903.0;1254.0;27649.0
352900;28807.0;1278.0;27529.0
353000;29023.0;1254.0;27769.0
353100;28963.0;1314.0;27649.0
353200;28927.0;1278.0;27649.0
353300;28927.0;1278.0;27649.0
353400;28967.0;1278.0;27689.0
353500;29087.0;1278.0;27809.0
353600;28567.0;1278.0;27289.0
353700;29007.0;1278.0;27729.0
353800;28607.0;1278.0;27329.0
353900;29007.0;1278.0;27729.0
354000;28983.0;1254.0;27729.0
354100;28947.0;1218.0;27729.0
354200;28959.0;1230.0;27729.0
354300;29055.0;1206.0;27849.0
354400;28999.0;1230.0;27769.0
354500;29035.0;1266.0;27769.0
354600;28999.0;1230.0;27769.0
354700;29039.0;1230.0;27809.0
354800;29039.0;1230.0;27809.0
354900;29183.0;1254.0;27929.0
355000;29123.0;1194.0;27929.0
355100;29027.0;1218.0;27809.0
355200;28919.0;1230.0;27689.0
355300;28895.0;1206.0;27689.0
355400;28959.0;1230.0;27729.0
355500;29079.0;1230.0;27849.0
355600;28999.0;1230.0;27769.0
355700;29275.0;1266.0;28009.0
355800;29047.0;1278.0;27769.0
355900;29143.0;1254.0;27889.0
356000;29119.0;1230.0;27889.0
356100;29119.0;1230.0;27889.0
356200;29263.0;1254.0;28009.0
356300;29143.0;1254.0;27889.0
356400;29183.0;1254.0;27929.0
356500;29051.0;1242.0;27809.0
356600;29127.0;1278.0;27849.0
356700;29175.0;1206.0;27969.0
356800;29343.0;1254.0;28089.0
356900;29223.0;1254.0;27969.0
357000;29235.0;1266.0;27969.0
357100;29319.0;1230.0;28089.0
357200;29175.0;1206.0;27969.0
357300;29319.0;1230.0;28089.0
357400;29239.0;1230.0;28009.0
357500;29239.0;1230.0;28009.0
357600;29239.0;1230.0;28009.0
357700;29399.0;1230.0;28169.0
357800;29279.0;1230.0;28049.0
357900;29135.0;1206.0;27929.0
358000;29087.0;1158.0;27929.0
358100;29279.0;1230.0;28049.0
358200;29279.0;1230.0;28049.0
358300;28879.0;1230.0;27649.0
358400;29679.0;1230.0;28449.0
358500;29439.0;1230.0;28209.0
358600;29319.0;1230.0;28089.0
358700;29479.0;1230.0;28249.0
358800;29515.0;1266.0;28249.0
358900;29359.0;1230.0;28129.0
359000;29103.0;1254.0;27849.0
359100;29227.0;1218.0;28009.0
359200;29383.0;1254.0;28129.0
359300;29383.0;1254.0;28129.0
359400;29435.0;1266.0;28169.0
359500;29423.0;1254.0;28169.0
359600;29463.0;1254.0;28209.0
359700;29343.0;1254.0;28089.0
359800;29391.0;1182.0;28209.0
359900;29463.0;1254.0;28209.0
360000;29823.0;1254.0;28569.0
360100;29595.0;1266.0;28329.0
360200;29475.0;1266.0;28209.0
360300;29595.0;1266.0;28329.0
360400;29595.0;1266.0;28329.0
360500;29623.0;1254.0;28369.0
360600;29479.0;1230.0;28249.0
360700;29639.0;1230.0;28409.0
360800;29543.0;1254.0;28289.0
360900;29543.0;1254.0;28289.0
361000;29663.0;1254.0;28409.0
361100;29687.0;1278.0;28409.0
361200;29567.0;1278.0;28289.0
361300;29567.0;1278.0;28289.0
361400;29607.0;1278.0;28329.0
361500;29523.0;1194.0;28329.0
361600;29207.0;1278.0;27929.0
361700;29647.0;1278.0;28369.0
361800;29767.0;1278.0;28489.0
361900;29623.0;1254.0;28369.0
362000;29671.0;1302.0;28369.0
362100;29791.0;1302.0;28489.0
362200;29815.0;1326.0;28489.0
362300;29671.0;1302.0;28369.0
362400;29711.0;1302.0;28409.0
362500;29831.0;1302.0;28529.0
362600;29831.0;1302.0;28529.0
362700;29867.0;1338.0;28529.0
362800;29775.0;1326.0;28449.0
362900;29775.0;1326.0;28449.0
363000;29739.0;1290.0;28449.0
363100;29751.0;1302.0;28449.0
363200;29848.0;1399.0;28449.0
363300;29799.0;1350.0;28449.0
363400;29804.0;1315.0;28489.0
363500;29931.0;1322.0;28609.0
363600;29818.0;1329.0;28489.0
363700;29830.0;1301.0;28529.0
363800;29851.0;1322.0;28529.0
363900;29731.0;1322.0;28409.0
364000;29851.0;1322.0;28529.0
364100;29851.0;1322.0;28529.0
364200;29957.0;1308.0;28649.0
364300;29837.0;1308.0;28529.0
364400;29891.0;1322.0;28569.0
364500;29877.0;1308.0;28569.0
364600;29877.0;1308.0;28569.0
364700;29917.0;1308.0;28609.0
364800;29917.0;1308.0;28609.0
364900;29882.0;1273.0;28609.0
365000;29882.0;1273.0;28609.0
365100;29917.0;1308.0;28609.0
365200;30023.0;1294.0;28729.0
365300;29903.0;1294.0;28609.0
365400;29503.0;1294.0;28209.0
365500;29943.0;1294.0;28649.0
365600;29943.0;1294.0;28649.0
365700;29921.0;1352.0;28569.0
365800;30041.0;1352.0;28689.0
365900;30001.0;1312.0;28689.0
366000;29881.0;1312.0;28569.0
366100;30011.0;1322.0;28689.0
366200;29996.0;1307.0;28689.0
366300;29991.0;1302.0;28689.0
366400;30041.0;1312.0;28729.0
366500;30031.0;1302.0;28729.0
366600;30041.0;1312.0;28729.0
366700;30201.0;1312.0;28889.0
366800;29911.0;1302.0;28609.0
366900;29961.0;1312.0;28649.0
367000;29961.0;1312.0;28649.0
367100;30201.0;1312.0;28889.0
367200;30086.0;1317.0;28769.0
367300;30096.0;1327.0;28769.0
367400;30121.0;1312.0;28809.0
367500;30111.0;1302.0;28809.0
367600;30131.0;1322.0;28809.0
367700;30291.0;1322.0;28969.0
367800;30051.0;1322.0;28729.0
367900;30291.0;1322.0;28969.0
368000;30306.0;1337.0;28969.0
368100;29756.0;1307.0;28449.0
368200;30161.0;1312.0;28849.0
368300;30161.0;1312.0;28849.0
368400;30201.0;1312.0;28889.0
368500;30201.0;1312.0;28889.0
368600;30166.0;1277.0;28889.0
368700;30231.0;1302.0;28929.0
368800;30361.0;1312.0;29049.0
368900;30361.0;1312.0;29049.0
369000;30163.5;1234.5;28929.0
369100;30268.0;1339.0;28929.0
369200;30369.0;1320.0;29049.0
369300;30249.0;1320.0;28929.0
369400;30388.0;1339.0;29049.0
369500;30428.0;1339.0;29089.0
369600;30308.0;1339.0;28969.0
369700;30281.5;1272.5;29009.0
369800;30376.5;1367.5;29009.0
369900;30329.0;1320.0;29009.0
370000;30209.0;1320.0;28889.0
370100;30209.0;1320.0;28889.0
370200;30348.0;1339.0;29009.0
370300;30348.0;1339.0;29009.0
370400;30242.0;1193.0;29049.0
370500;30384.5;1455.5;28929.0
370600;30424.0;1375.0;29049.0
370700;30321.0;1352.0;28969.0
370800;30372.0;1283.0;29089.0
370900;30344.0;1375.0;28969.0
371000;30441.0;1352.0;29089.0
371100;30418.0;1329.0;29089.0
371200;30561.0;1352.0;29209.0
371300;30429.5;1340.5;29089.0
371400;30561.0;1352.0;29209.0
371500;30555.0;1306.0;29249.0
371600;30504.0;1375.0;29129.0
371700;30521.0;1352.0;29169.0
371800;30664.0;1375.0;29289.0
371900;30544.0;1375.0;29169.0
372000;30521.0;1352.0;29169.0
372100;30521.0;1352.0;29169.0
372200;30521.0;1352.0;29169.0
372300;30024.0;1375.0;28649.0
372400;29989.5;1340.5;28649.0
372500;30498.5;1409.5;29089.0
372600;30492.5;1363.5;29129.0
372700;30647.0;1398.0;29249.0
372800;30504.0;1375.0;29129.0
372900;30612.5;1363.5;29249.0
373000;30709.5;1340.5;29369.0
373100;31041.5;1432.5;29609.0
373200;30647.0;1398.0;29249.0
373300;30624.0;1375.0;29249.0
373400;30624.0;1375.0;29249.0
373500;30664.0;1375.0;29289.0
373600;30664.0;1375.0;29289.0
373700;30704.0;1375.0;29329.0
373800;30704.0;1375.0;29329.0
373900;30704.0;1375.0;29329.0
374000;30704.0;1375.0;29329.0
374100;30824.0;1375.0;29449.0
374200;30704.0;1375.0;29329.0
374300;30669.5;1340.5;29329.0
374400;30721.0;1352.0;29369.0
374500;30767.0;1398.0;29369.0
374600;30744.0;1375.0;29369.0
374700;30795.5;1386.5;29409.0
374800;30784.0;1375.0;29409.0
374900;30784.0;1375.0;29409.0
375000;30807.0;1398.0;29409.0
375100;30830.0;1421.0;29409.0
375200;30761.0;1352.0;29409.0
375300;30818.5;1409.5;29409.0
375400;30824.0;1375.0;29449.0
375500;30624.0;1375.0;29249.0
375600;30801.0;1352.0;29449.0
375700;30829.5;1340.5;29489.0
375800;30864.0;1375.0;29489.0
375900;30887.0;1398.0;29489.0
376000;30864.0;1375.0;29489.0
376100;30961.0;1352.0;29609.0
376200;30864.0;1375.0;29489.0
376300;30744.0;1375.0;29369.0
376400;30904.0;1375.0;29529.0
376500;30938.5;1409.5;29529.0
376600;30824.0;1375.0;29449.0
376700;30544.0;1375.0;29169.0
376800;30847.0;1398.0;29449.0
376900;30847.0;1398.0;29449.0
377000;30944.0;1375.0;29569.0
377100;30921.0;1352.0;29569.0
377200;30955.5;1386.5;29569.0
377300;30944.0;1375.0;29569.0
377400;30875.5;1386.5;29489.0
377500;30984.0;1375.0;29609.0
377600;31104.0;1375.0;29729.0
377700;31024.0;1375.0;29649.0
377800;31178.5;1409.5;29769.0
377900;31024.0;1375.0;29649.0
378000;31024.0;1375.0;29649.0
378100;31024.0;1375.0;29649.0
378200;31024.0;1375.0;29649.0
378300;31024.0;1375.0;29649.0
378400;31098.5;1409.5;29689.0
378500;31098.5;1409.5;29689.0
378600;31087.0;1398.0;29689.0
378700;31087.0;1398.0;29689.0
378800;31127.0;1398.0;29729.0
378900;31127.0;1398.0;29729.0
379000;31115.5;1386.5;29729.0
379100;31150.0;1421.0;29729.0
379200;31150.0;1421.0;29729.0
379300;31150.0;1421.0;29729.0
379400;31213.0;1444.0;29769.0
379500;31190.0;1421.0;29769.0
379600;31259.0;1490.0;29769.0
379700;31230.0;1421.0;29809.0
379800;31253.0;1444.0;29809.0
379900;31230.0;1421.0;29809.0
380000;31373.0;1444.0;29929.0
380100;31253.0;1444.0;29809.0
380200;31276.0;1467.0;29809.0
380300;31241.5;1432.5;29809.0
380400;31316.0;1467.0;29849.0
380500;31104.0;1375.0;29729.0
380600;31270.0;1421.0;29849.0
380700;31293.0;1444.0;29849.0
380800;31333.0;1444.0;29889.0
380900;31333.0;1444.0;29889.0
381000;31333.0;1444.0;29889.0
381100;31333.0;1444.0;29889.0
381200;31333.0;1444.0;29889.0
381300;31333.0;1444.0;29889.0
381400;31373.0;1444.0;29929.0
381500;31350.0;1421.0;29929.0
381600;31338.5;1409.5;29929.0
381700;31533.0;1444.0;30089.0
381800;31390.0;1421.0;29969.0
381900;31390.0;1421.0;29969.0
382000;31293.0;1444.0;29849.0
382100;31270.0;1421.0;29849.0
382200;31727.0;1398.0;30329.0
382300;31367.0;1398.0;29969.0
382400;31384.0;1375.0;30009.0
382500;31407.0;1398.0;30009.0
382600;31350.0;1421.0;29929.0
382700;31550.5;1501.5;30049.0
382800;31396.0;1467.0;29929.0
382900;31636.0;1467.0;30169.0
383000;31447.0;1398.0;30049.0
383100;31830.0;1421.0;30409.0
383200;31590.0;1421.0;30169.0
383300;31447.0;1398.0;30049.0
383400;31344.0;1375.0;29969.0
383500;31464.0;1375.0;30089.0
383600;31564.0;1475.0;30089.0
383700;31394.0;1385.0;30009.0
383800;31532.0;1403.0;30129.0
383900;31514.0;1385.0;30129.0
384000;31514.0;1385.0;30129.0
384100;31532.0;1403.0;30129.0
384200;31376.0;1367.0;30009.0
384300;31514.0;1385.0;30129.0
384400;31581.0;1412.0;30169.0
384500;31452.0;1403.0;30049.0
384600;31572.0;1403.0;30169.0
384700;31612.0;1403.0;30209.0
384800;31668.5;1459.5;30209.0
384900;31602.5;1393.5;30209.0
385000;31619.0;1410.0;30209.0
385100;31619.0;1410.0;30209.0
385200;31619.0;1410.0;30209.0
385300;31755.5;1426.5;30329.0
385400;31675.5;1426.5;30249.0
385500;31648.0;1399.0;30249.0
385600;31606.5;1437.5;30169.0
385700;31699.0;1410.0;30289.0
385800;31710.0;1421.0;30289.0
385900;31710.0;1421.0;30289.0
386000;31710.0;1421.0;30289.0
386100;31830.0;1421.0;30409.0
386200;31573.5;1404.5;30169.0
386300;31710.0;1421.0;30289.0
386400;31721.0;1432.0;30289.0
386500;31630.0;1421.0;30209.0
386600;31630.0;1421.0;30209.0
386700;31790.0;1421.0;30369.0
386800;31779.0;1410.0;30369.0
386900;31779.0;1410.0;30369.0
387000;31779.0;1410.0;30369.0
387100;31817.5;1448.5;30369.0
387200;31899.0;1410.0;30489.0
387300;31910.0;1421.0;30489.0
387400;31808.0;1399.0;30409.0
387500;31791.5;1382.5;30409.0
387600;31722.5;1393.5;30329.0
387700;31837.0;1388.0;30449.0
387800;31848.0;1399.0;30449.0
387900;31848.0;1399.0;30449.0
388000;31870.0;1421.0;30449.0
388100;31886.5;1437.5;30449.0
388200;31739.0;1410.0;30329.0
388300;31859.0;1410.0;30449.0
388400;31899.0;1410.0;30489.0
388500;31910.0;1421.0;30489.0
388600;31808.0;1399.0;30409.0
388700;32070.0;1421.0;30649.0
388800;31950.0;1421.0;30529.0
388900;31933.5;1404.5;30529.0
389000;31955.5;1426.5;30529.0
389100;31939.0;1410.0;30529.0
389200;31950.0;1421.0;30529.0
389300;31966.5;1437.5;30529.0
389400;31990.0;1421.0;30569.0
389500;32110.0;1421.0;30689.0
389600;31579.0;1410.0;30169.0
389700;32030.0;1421.0;30609.0
389800;32150.0;1421.0;30729.0
389900;31921.0;1432.0;30489.0
390000;31932.0;1443.0;30489.0
390100;31921.0;1432.0;30489.0
390200;32041.0;1432.0;30609.0
390300;31899.0;1410.0;30489.0
390400;31950.0;1421.0;30529.0
390500;32070.0;1421.0;30649.0
390600;32070.0;1421.0;30649.0
390700;32230.0;1421.0;30809.0
390800;32263.0;1454.0;30809.0
390900;32099.0;1410.0;30689.0
391000;32230.0;1421.0;30809.0
391100;31990.0;1421.0;30569.0
391200;32110.0;1421.0;30689.0
391300;32121.0;1432.0;30689.0
391400;32161.0;1432.0;30729.0
391500;32161.0;1432.0;30729.0
391600;32155.5;1426.5;30729.0
391700;32201.0;1432.0;30769.0
391800;32201.0;1432.0;30769.0
391900;32201.0;1432.0;30769.0
392000;32081.0;1432.0;30649.0
392100;32321.0;1432.0;30889.0
392200;32081.0;1432.0;30649.0
392300;32184.5;1415.5;30769.0
392400;32224.5;1415.5;30809.0
392500;32361.0;1432.0;30929.0
392600;32328.0;1399.0;30929.0
392700;32297.5;1448.5;30849.0
392800;32417.5;1448.5;30969.0
392900;32259.0;1410.0;30849.0
393000;32281.0;1432.0;30849.0
393100;32281.0;1432.0;30849.0
393200;32314.0;1465.0;30849.0
393300;32281.0;1432.0;30849.0
393400;32337.5;1448.5;30889.0
393500;32332.0;1443.0;30889.0
393600;32343.0;1454.0;30889.0
393700;32475.5;1426.5;31049.0
393800;32390.0;1341.0;31049.0
393900;32410.0;1481.0;30929.0
394000;32540.0;1491.0;31049.0
394100;32430.0;1501.0;30929.0
394200;32390.0;1461.0;30929.0
394300;32410.0;1481.0;30929.0
394400;32420.0;1451.0;30969.0
394500;32470.0;1501.0;30969.0
394600;32450.0;1481.0;30969.0
394700;32510.0;1501.0;31009.0
394800;32480.0;1471.0;31009.0
394900;32540.0;1531.0;31009.0
395000;32490.0;1481.0;31009.0
395100;32600.0;1471.0;31129.0
395200;32510.0;1501.0;31009.0
395300;32540.0;1531.0;31009.0
395400;32630.0;1501.0;31129.0
395500;32670.0;1501.0;31169.0
395600;32440.0;1471.0;30969.0
395700;32590.0;1501.0;31089.0
395800;32570.0;1481.0;31089.0
395900;32570.0;1481.0;31089.0
396000;32570.0;1481.0;31089.0
396100;32480.0;1511.0;30969.0
396200;32570.0;1481.0;31089.0
396300;32570.0;1481.0;31089.0
396400;32690.0;1481.0;31209.0
396500;32590.0;1461.0;31129.0
396600;32640.0;1511.0;31129.0
396700;32650.0;1481.0;31169.0
396800;32770.0;1481.0;31289.0
396900;32650.0;1481.0;31169.0
397000;32630.0;1461.0;31169.0
397100;32650.0;1481.0;31169.0
397200;32650.0;1481.0;31169.0
397300;32650.0;1481.0;31169.0
397400;32570.0;1481.0;31089.0
397500;32660.0;1451.0;31209.0
397600;32870.0;1541.0;31329.0
397700;32730.0;1481.0;31249.0
397800;32730.0;1481.0;31249.0
397900;32710.0;1461.0;31249.0
398000;32720.0;1471.0;31249.0
398100;32770.0;1521.0;31249.0
398200;32730.0;1481.0;31249.0
398300;32750.0;1501.0;31249.0
398400;32790.0;1501.0;31289.0
398500;32670.0;1501.0;31169.0
398600;32790.0;1501.0;31289.0
398700;32890.0;1561.0;31329.0
398800;32810.0;1481.0;31329.0
398900;32830.0;1501.0;31329.0
399000;32810.0;1481.0;31329.0
399100;32850.0;1521.0;31329.0
399200;32970.0;1521.0;31449.0
399300;32800.0;1471.0;31329.0
399400;32870.0;1501.0;31369.0
399500;32990.0;1501.0;31489.0
399600;32990.0;1501.0;31489.0
399700;32910.0;1501.0;31409.0
399800;32910.0;1501.0;31409.0
399900;32910.0;1501.0;31409.0
400000;32760.0;1471.0;31289.0
400100;32910.0;1501.0;31409.0
400200;32910.0;1501.0;31409.0
400300;33030.0;1501.0;31529.0
400400;32830.0;1501.0;31329.0
400500;32950.0;1501.0;31449.0
400600;32950.0;1501.0;31449.0
400700;32870.0;1501.0;31369.0
400800;33020.0;1531.0;31489.0
400900;32850.0;1481.0;31369.0
401000;32590.0;1501.0;31089.0
401100;32870.0;1501.0;31369.0
401200;32960.0;1471.0;31489.0
401300;32970.0;1481.0;31489.0
401400;33102.5;1573.5;31529.0
401500;32915.0;1506.0;31409.0
401600;33140.0;1491.0;31649.0
401700;33140.0;1491.0;31649.0
401800;33140.0;1491.0;31649.0
401900;33075.0;1506.0;31569.0
402000;33202.5;1513.5;31689.0
402100;33082.5;1513.5;31569.0
402200;33060.0;1491.0;31569.0
402300;33180.0;1491.0;31689.0
402400;33092.5;1483.5;31609.0
402500;33100.0;1491.0;31609.0
402600;33115.0;1506.0;31609.0
402700;33085.0;1476.0;31609.0
402800;33245.0;1476.0;31769.0
402900;33125.0;1476.0;31649.0
403000;33110.0;1461.0;31649.0
403100;33125.0;1476.0;31649.0
403200;33125.0;1476.0;31649.0
403300;33165.0;1476.0;31689.0
403400;33165.0;1476.0;31689.0
403500;32920.0;1431.0;31489.0
403600;33165.0;1476.0;31689.0
403700;33337.5;1528.5;31809.0
403800;33190.0;1461.0;31729.0
403900;33190.0;1461.0;31729.0
404000;33190.0;1461.0;31729.0
404100;33085.0;1476.0;31609.0
404200;33175.0;1446.0;31729.0
404300;33230.0;1461.0;31769.0
404400;33245.0;1476.0;31769.0
404500;33230.0;1461.0;31769.0
404600;33327.5;1438.5;31889.0
404700;33350.0;1461.0;31889.0
404800;33150.0;1461.0;31689.0
404900;33247.5;1438.5;31809.0
405000;33270.0;1461.0;31809.0
405100;33247.5;1438.5;31809.0
405200;33270.0;1461.0;31809.0
405300;33295.0;1446.0;31849.0
405400;33295.0;1446.0;31849.0
405500;33295.0;1446.0;31849.0
405600;33065.0;1416.0;31649.0
405700;33302.5;1453.5;31849.0
405800;33342.5;1453.5;31889.0
405900;33222.5;1453.5;31769.0
406000;33342.5;1453.5;31889.0
406100;33335.0;1446.0;31889.0
406200;33455.0;1446.0;32009.0
406300;33360.0;1431.0;31929.0
406400;33360.0;1431.0;31929.0
406500;33240.0;1431.0;31809.0
406600;33280.0;1431.0;31849.0
406700;33280.0;1431.0;31849.0
406800;33280.0;1431.0;31849.0
406900;33400.0;1431.0;31969.0
407000;33000.0;1431.0;31569.0
407100;33400.0;1431.0;31969.0
407200;33407.5;1438.5;31969.0
407300;33225.0;1416.0;31809.0
407400;33305.0;1416.0;31889.0
407500;33425.0;1416.0;32009.0
407600;33425.0;1416.0;32009.0
407700;33425.0;1416.0;32009.0
407800;33465.0;1416.0;32049.0
407900;33465.0;1416.0;32049.0
408000;33465.0;1416.0;32049.0
408100;33345.0;1416.0;31929.0
408200;33465.0;1416.0;32049.0
408300;33512.5;1423.5;32089.0
408400;33505.0;1416.0;32089.0
408500;33505.0;1416.0;32089.0
408600;33425.0;1416.0;32009.0
408700;33505.0;1416.0;32089.0
408800;33545.0;1416.0;32129.0
408900;33687.5;1438.5;32249.0
409000;33665.0;1416.0;32249.0
409100;33680.0;1431.0;32249.0
409200;33665.0;1416.0;32249.0
409300;33665.0;1416.0;32249.0
409400;33562.5;1393.5;32169.0
409500;33365.0;1316.0;32049.0
409600;33628.0;1459.0;32169.0
409700;33606.0;1437.0;32169.0
409800;33624.0;1415.0;32209.0
409900;33646.0;1437.0;32209.0
410000;33646.0;1437.0;32209.0
410100;33646.0;1437.0;32209.0
410200;33788.0;1459.0;32329.0
410300;33599.0;1470.0;32129.0
410400;33686.0;1437.0;32249.0
410500;33686.0;1437.0;32249.0
410600;33730.0;1481.0;32249.0
410700;33664.0;1415.0;32249.0
410800;33704.0;1415.0;32289.0
410900;33704.0;1415.0;32289.0
411000;33726.0;1437.0;32289.0
411100;33606.0;1437.0;32169.0
411200;33617.0;1448.0;32169.0
411300;33766.0;1437.0;32329.0
411400;33766.0;1437.0;32329.0
411500;33766.0;1437.0;32329.0
411600;33766.0;1437.0;32329.0
411700;33766.0;1437.0;32329.0
411800;33817.0;1448.0;32369.0
411900;33806.0;1437.0;32369.0
412000;33806.0;1437.0;32369.0
412100;33806.0;1437.0;32369.0
412200;33773.0;1404.0;32369.0
412300;33682.0;1393.0;32289.0
412400;33835.0;1426.0;32409.0
412500;33846.0;1437.0;32409.0
412600;33846.0;1437.0;32409.0
412700;33846.0;1437.0;32409.0
412800;33908.0;1459.0;32449.0
412900;34028.0;1459.0;32569.0
413000;33908.0;1459.0;32449.0
413100;33908.0;1459.0;32449.0
413200;33788.0;1459.0;32329.0
413300;33970.0;1481.0;32489.0
413400;33806.0;1437.0;32369.0
413500;33926.0;1437.0;32489.0
413600;33824.0;1415.0;32409.0
413700;33879.0;1470.0;32409.0
413800;33966.0;1437.0;32529.0
413900;33966.0;1437.0;32529.0
414000;34043.0;1514.0;32529.0
414100;33966.0;1437.0;32529.0
414200;33966.0;1437.0;32529.0
414300;33886.0;1437.0;32449.0
414400;33886.0;1437.0;32449.0
414500;34028.0;1459.0;32569.0
414600;33995.0;1426.0;32569.0
414700;34050.0;1481.0;32569.0
414800;34090.0;1481.0;32609.0
414900;34068.0;1459.0;32609.0
415000;34188.0;1459.0;32729.0
415100;34068.0;1459.0;32609.0
415200;34068.0;1459.0;32609.0
415300;34108.0;1459.0;32649.0
415400;33988.0;1459.0;32529.0
415500;34108.0;1459.0;32649.0
415600;34086.0;1437.0;32649.0
415700;34206.0;1437.0;32769.0
415800;34006.0;1437.0;32569.0
415900;34301.0;1492.0;32809.0
416000;34192.0;1503.0;32689.0
416100;34050.0;1481.0;32569.0
416200;34050.0;1481.0;32569.0
416300;34090.0;1481.0;32609.0
416400;34090.0;1481.0;32609.0
416500;34188.0;1459.0;32729.0
416600;34232.0;1503.0;32729.0
416700;34210.0;1481.0;32729.0
416800;34250.0;1481.0;32769.0
416900;34250.0;1481.0;32769.0
417000;34250.0;1481.0;32769.0
417100;34217.0;1448.0;32769.0
417200;34228.0;1459.0;32769.0
417300;34268.0;1459.0;32809.0
417400;34268.0;1459.0;32809.0
417500;34388.0;1459.0;32929.0
417600;34246.0;1437.0;32809.0
417700;34224.0;1415.0;32809.0
417800;34166.0;1437.0;32729.0
417900;34406.0;1437.0;32969.0
418000;34286.0;1437.0;32849.0
418100;34199.0;1470.0;32729.0
418200;34166.0;1437.0;32729.0
418300;34326.0;1437.0;32889.0
418400;34337.0;1448.0;32889.0
418500;34326.0;1437.0;32889.0
418600;34326.0;1437.0;32889.0
418700;34446.0;1437.0;33009.0
418800;34366.0;1437.0;32929.0
418900;34323.0;1514.0;32809.0
419000;34235.0;1426.0;32809.0
419100;34355.0;1426.0;32929.0
419200;34344.0;1415.0;32929.0
419300;34442.0;1393.0;33049.0
419400;34384.0;1415.0;32969.0
419500;34384.0;1415.0;32969.0
419600;34384.0;1415.0;32969.0
419700;34384.0;1415.0;32969.0
419800;34384.0;1415.0;32969.0
419900;34304.0;1415.0;32889.0
420000;34424.0;1415.0;33009.0
420100;34380.0;1371.0;33009.0
420200;34380.0;1371.0;33009.0
420300;34409.0;1360.0;33049.0
420400;34489.0;1360.0;33129.0
420500;34442.0;1393.0;33049.0
420600;34562.0;1393.0;33169.0
420700;34442.0;1393.0;33049.0
420800;34482.0;1393.0;33089.0
420900;34482.0;1393.0;33089.0
421000;34602.0;1393.0;33209.0
421100;34602.0;1393.0;33209.0
421200;34569.0;1360.0;33209.0
421300;34599.0;1470.0;33129.0
421400;34871.0;1382.0;33489.0
421500;34511.0;1382.0;33129.0
421600;34442.0;1393.0;33049.0
421700;34522.0;1393.0;33129.0
421800;34682.0;1393.0;33289.0
421900;34595.0;1426.0;33169.0
422000;34562.0;1393.0;33169.0
422100;34715.0;1426.0;33289.0
422200;34562.0;1393.0;33169.0
422300;34624.0;1415.0;33209.0
422400;34558.0;1349.0;33209.0
422500;34635.0;1426.0;33209.0
422600;34646.0;1437.0;33209.0
422700;34613.0;1404.0;33209.0
422800;34668.0;1459.0;33209.0
422900;34653.0;1404.0;33249.0
423000;34752.0;1503.0;33249.0
423100;34686.0;1437.0;33249.0
423200;34686.0;1437.0;33249.0
423300;34751.0;1382.0;33369.0
423400;34671.0;1382.0;33289.0
423500;34650.0;1481.0;33169.0
423600;34770.0;1481.0;33289.0
423700;34770.0;1481.0;33289.0
423800;34690.0;1481.0;33209.0
423900;35041.5;1592.5;33449.0
424000;34944.0;1495.0;33449.0
424100;34681.5;1472.5;33209.0
424200;34801.5;1472.5;33329.0
424300;34849.0;1480.0;33369.0
424400;34884.0;1435.0;33449.0
424500;34834.0;1465.0;33369.0
424600;34849.0;1480.0;33369.0
424700;34849.0;1480.0;33369.0
424800;35009.0;1480.0;33529.0
424900;34874.0;1465.0;33409.0
425000;34874.0;1465.0;33409.0
425100;34874.0;1465.0;33409.0
425200;34874.0;1465.0;33409.0
425300;34889.0;1480.0;33409.0
425400;34914.0;1465.0;33449.0
425500;34914.0;1465.0;33449.0
425600;34936.5;1487.5;33449.0
425700;35034.0;1465.0;33569.0
425800;35074.0;1465.0;33609.0
425900;34954.0;1465.0;33489.0
426000;34849.0;1480.0;33369.0
426100;34984.0;1495.0;33489.0
426200;34969.0;1480.0;33489.0
426300;35024.0;1495.0;33529.0
426400;35009.0;1480.0;33529.0
426500;35009.0;1480.0;33529.0
426600;35009.0;1480.0;33529.0
426700;35009.0;1480.0;33529.0
426800;35026.5;1457.5;33569.0
426900;35034.0;1465.0;33569.0
427000;35064.0;1495.0;33569.0
427100;35034.0;1465.0;33569.0
427200;35034.0;1465.0;33569.0
427300;35154.0;1465.0;33689.0
427400;35434.0;1465.0;33969.0
427500;35074.0;1465.0;33609.0
427600;35074.0;1465.0;33609.0
427700;35074.0;1465.0;33609.0
427800;35074.0;1465.0;33609.0
427900;35114.0;1465.0;33649.0
428000;35130.0;1481.0;33649.0
428100;35123.0;1474.0;33649.0
428200;35137.0;1488.0;33649.0
428300;35126.5;1477.5;33649.0
428400;35177.0;1488.0;33689.0
428500;35184.0;1495.0;33689.0
428600;35300.5;1491.5;33809.0
428700;35184.0;1495.0;33689.0
428800;35245.0;1516.0;33729.0
428900;35231.0;1502.0;33729.0
429000;35224.0;1495.0;33729.0
429100;35231.0;1502.0;33729.0
429200;35231.0;1502.0;33729.0
429300;35326.5;1477.5;33849.0
429400;35271.0;1502.0;33769.0
429500;35274.5;1505.5;33769.0
429600;35191.0;1502.0;33689.0
429700;35264.0;1495.0;33769.0
429800;35328.0;1519.0;33809.0
429900;35297.5;1488.5;33809.0
430000;35462.5;1533.5;33929.0
430100;35476.0;1547.0;33929.0
430200;35356.0;1547.0;33809.0
430300;35396.0;1547.0;33849.0
430400;35405.0;1556.0;33849.0
430500;35285.0;1556.0;33729.0
430600;35405.0;1556.0;33849.0
430700;35405.0;1556.0;33849.0
430800;35565.0;1556.0;34009.0
430900;35445.0;1556.0;33889.0
431000;35445.0;1556.0;33889.0
431100;35449.5;1560.5;33889.0
431200;35454.0;1565.0;33889.0
431300;35445.0;1556.0;33889.0
431400;35494.0;1565.0;33929.0
431500;35494.0;1565.0;33929.0
431600;35485.0;1556.0;33929.0
431700;35405.0;1556.0;33849.0
431800;35636.0;1547.0;34089.0
431900;35516.0;1547.0;33969.0
432000;35516.0;1547.0;33969.0
432100;34982.5;1533.5;33449.0
432200;35525.0;1556.0;33969.0
432300;35556.0;1547.0;34009.0
432400;35440.5;1551.5;33889.0
432500;35547.0;1538.0;34009.0
432600;35556.0;1547.0;34009.0
432700;35547.0;1538.0;34009.0
432800;35578.0;1529.0;34049.0
432900;35587.0;1538.0;34049.0
433000;35578.0;1529.0;34049.0
433100;35587.0;1538.0;34049.0
433200;35707.0;1538.0;34169.0
433300;35627.5;1578.5;34049.0
433400;35618.0;1529.0;34089.0
433500;35507.0;1538.0;33969.0
433600;35636.0;1547.0;34089.0
433700;35627.0;1538.0;34089.0
433800;35538.0;1529.0;34009.0
433900;35667.0;1538.0;34129.0
434000;35689.5;1560.5;34129.0
434100;35694.0;1565.0;34129.0
434200;35658.0;1529.0;34129.0
434300;35667.0;1538.0;34129.0
434400;35707.0;1538.0;34169.0
434500;35716.0;1547.0;34169.0
434600;35725.0;1556.0;34169.0
434700;35725.0;1556.0;34169.0
434800;35756.0;1547.0;34209.0
434900;35756.0;1547.0;34209.0
435000;35867.0;1538.0;34329.0
435100;35885.0;1556.0;34329.0
435200;35756.0;1547.0;34209.0
435300;35876.0;1547.0;34329.0
435400;35796.0;1547.0;34249.0
435500;35796.0;1547.0;34249.0
435600;35796.0;1547.0;34249.0
435700;35827.5;1578.5;34249.0
435800;35836.0;1547.0;34289.0
435900;35827.0;1538.0;34289.0
436000;35827.0;1538.0;34289.0
436100;36302.5;1533.5;34769.0
436200;35836.0;1547.0;34289.0
436300;35876.0;1547.0;34329.0
436400;35894.0;1565.0;34329.0
436500;35876.0;1547.0;34329.0
436600;35876.0;1547.0;34329.0
436700;35991.5;1542.5;34449.0
436800;35952.0;1583.0;34369.0
436900;35889.0;1520.0;34369.0
437000;35934.0;1565.0;34369.0
437100;35934.0;1565.0;34369.0
437200;35925.0;1556.0;34369.0
437300;35974.0;1565.0;34409.0
437400;35965.0;1556.0;34409.0
437500;36085.0;1556.0;34529.0
437600;36085.0;1556.0;34529.0
437700;35965.0;1556.0;34409.0
437800;36005.0;1556.0;34449.0
437900;36005.0;1556.0;34449.0
438000;36005.0;1556.0;34449.0
438100;35991.5;1542.5;34449.0
438200;36005.0;1556.0;34449.0
438300;36031.5;1542.5;34489.0
438400;36031.5;1542.5;34489.0
438500;36405.0;1556.0;34849.0
438600;36045.0;1556.0;34489.0
438700;35965.0;1556.0;34409.0
438800;36103.0;1574.0;34529.0
438900;36094.0;1565.0;34529.0
439000;36205.0;1556.0;34649.0
439100;36223.0;1574.0;34649.0
439200;35974.0;1565.0;34409.0
439300;36147.5;1578.5;34569.0
439400;36134.0;1565.0;34569.0
439500;36134.0;1565.0;34569.0
439600;36134.0;1565.0;34569.0
439700;36254.0;1565.0;34689.0
439800;36183.0;1574.0;34609.0
439900;36174.0;1565.0;34609.0
440000;36174.0;1565.0;34609.0
440100;36294.0;1565.0;34729.0
440200;36178.5;1569.5;34609.0
440300;36214.0;1565.0;34649.0
440400;36294.0;1565.0;34729.0
440500;36223.0;1574.0;34649.0
440600;36125.0;1556.0;34569.0
440700;36227.5;1578.5;34649.0
440800;36245.0;1556.0;34689.0
440900;36254.0;1565.0;34689.0
441000;36218.0;1529.0;34689.0
441100;36254.0;1565.0;34689.0
441200;36134.0;1565.0;34569.0
441300;36454.0;1565.0;34889.0
441400;36374.0;1565.0;34809.0
441500;36294.0;1565.0;34729.0
441600;36414.0;1565.0;34849.0
441700;36294.0;1565.0;34729.0
441800;36325.0;1556.0;34769.0
441900;36259.0;1490.0;34769.0
442000;36339.0;1570.0;34769.0
442100;36275.0;1506.0;34769.0
442200;36323.0;1554.0;34769.0
442300;36363.0;1554.0;34809.0
442400;36363.0;1554.0;34809.0
442500;36363.0;1554.0;34809.0
442600;36347.0;1538.0;34809.0
442700;36339.0;1530.0;34809.0
442800;36379.0;1530.0;34849.0
442900;36379.0;1530.0;34849.0
443000;36267.0;1538.0;34729.0
443100;36323.0;1594.0;34729.0
443200;36419.0;1570.0;34849.0
443300;36515.0;1546.0;34969.0
443400;36443.0;1554.0;34889.0
443500;36323.0;1554.0;34769.0
443600;36443.0;1554.0;34889.0
443700;36587.0;1578.0;35009.0
443800;36603.0;1554.0;35049.0
443900;36603.0;1554.0;35049.0
444000;36533.0;1604.0;34929.0
444100;36623.0;1574.0;35049.0
444200;36863.0;1574.0;35289.0
444300;36537.0;1568.0;34969.0
444400;36546.0;1577.0;34969.0
444500;36549.0;1580.0;34969.0
444600;36549.0;1580.0;34969.0
444700;36549.0;1580.0;34969.0
444800;36581.5;1572.5;35009.0
444900;36710.5;1581.5;35129.0
445000;36595.0;1586.0;35009.0
445100;36598.0;1589.0;35009.0
445200;36478.0;1589.0;34889.0
445300;36641.0;1592.0;35049.0
445400;36521.0;1592.0;34929.0
445500;36641.0;1592.0;35049.0
445600;36641.0;1592.0;35049.0
445700;36645.5;1596.5;35049.0
445800;36801.0;1592.0;35209.0
445900;36681.0;1592.0;35089.0
446000;36801.0;1592.0;35209.0
446100;36681.0;1592.0;35089.0
446200;36681.0;1592.0;35089.0
446300;36592.0;1583.0;35009.0
446400;36716.5;1587.5;35129.0
446500;36841.0;1592.0;35249.0
446600;36718.0;1589.0;35129.0
446700;36718.0;1589.0;35129.0
446800;36756.5;1587.5;35169.0
446900;36876.5;1587.5;35289.0
447000;36753.5;1584.5;35169.0
447100;36761.0;1592.0;35169.0
447200;36753.5;1584.5;35169.0
447300;36801.0;1592.0;35209.0
447400;36798.0;1589.0;35209.0
447500;36798.0;1589.0;35209.0
447600;36921.0;1592.0;35329.0
447700;36918.0;1589.0;35329.0
447800;36961.0;1592.0;35369.0
447900;36716.5;1587.5;35129.0
448000;36840.0;1591.0;35249.0
448100;36752.0;1623.0;35129.0
448200;36752.0;1623.0;35129.0
448300;36742.0;1613.0;35129.0
448400;36902.0;1613.0;35289.0
448500;36902.0;1613.0;35289.0
448600;37422.0;1613.0;35809.0
448700;36902.0;1613.0;35289.0
448800;36942.0;1613.0;35329.0
448900;37068.0;1619.0;35449.0
449000;36942.0;1613.0;35329.0
449100;36822.0;1613.0;35209.0
449200;36944.0;1615.0;35329.0
449300;36978.0;1609.0;35369.0
449400;37072.0;1623.0;35449.0
449500;37058.0;1609.0;35449.0
449600;37102.0;1613.0;35489.0
449700;37102.0;1613.0;35489.0
449800;36902.0;1613.0;35289.0
449900;37018.0;1609.0;35409.0
450000;37020.0;1611.0;35409.0
450100;37146.0;1617.0;35529.0
450200;37146.0;1617.0;35529.0
450300;37062.0;1613.0;35449.0
450400;37062.0;1613.0;35449.0
450500;37062.0;1613.0;35449.0
450600;37062.0;1613.0;35449.0
450700;37062.0;1613.0;35449.0
450800;37120.0;1631.0;35489.0
450900;36980.0;1611.0;35369.0
451000;36978.0;1609.0;35369.0
451100;37098.0;1609.0;35489.0
451200;37098.0;1609.0;35489.0
451300;37098.0;1609.0;35489.0
451400;37104.0;1615.0;35489.0
451500;37138.0;1609.0;35529.0
451600;37058.0;1609.0;35449.0
451700;37058.0;1609.0;35449.0
451800;37058.0;1609.0;35449.0
451900;37176.0;1607.0;35569.0
452000;37296.0;1607.0;35689.0
452100;37184.0;1615.0;35569.0
452200;37186.0;1617.0;35569.0
452300;37098.0;1609.0;35489.0
452400;37218.0;1609.0;35609.0
452500;37342.0;1613.0;35729.0
452600;37220.0;1611.0;35609.0
452700;37214.0;1605.0;35609.0
452800;37134.0;1605.0;35529.0
452900;37250.0;1601.0;35649.0
453000;37570.0;1561.0;36009.0
453100;37270.0;1621.0;35649.0
453200;37270.0;1621.0;35649.0
453300;37322.0;1633.0;35689.0
453400;37322.0;1633.0;35689.0
453500;37322.0;1633.0;35689.0
453600;37334.0;1645.0;35689.0
453700;37286.0;1597.0;35689.0
453800;36926.0;1597.0;35329.0
453900;37374.0;1645.0;35729.0
454000;37320.0;1591.0;35729.0
454100;37362.0;1633.0;35729.0
454200;37362.0;1633.0;35729.0
454300;37408.0;1639.0;35769.0
454400;37420.0;1651.0;35769.0
454500;37390.0;1621.0;35769.0
454600;37390.0;1621.0;35769.0
454700;37498.0;1609.0;35889.0
454800;37418.0;1609.0;35809.0
454900;37418.0;1609.0;35809.0
455000;37418.0;1609.0;35809.0
455100;37430.0;1621.0;35809.0
455200;37418.0;1609.0;35809.0
455300;37302.0;1573.0;35729.0
455400;37458.0;1609.0;35849.0
455500;37446.0;1597.0;35849.0
455600;37470.0;1621.0;35849.0
455700;37476.0;1627.0;35849.0
455800;37498.0;1609.0;35889.0
455900;37407.0;1518.0;35889.0
456000;37528.0;1639.0;35889.0
456100;37528.0;1639.0;35889.0
456200;37528.0;1639.0;35889.0
456300;37568.0;1639.0;35929.0
456400;37448.0;1639.0;35809.0
456500;37524.0;1595.0;35929.0
456600;37590.0;1661.0;35929.0
456700;37590.0;1661.0;35929.0
456800;37630.0;1661.0;35969.0
456900;37630.0;1661.0;35969.0
457000;37717.0;1628.0;36089.0
457100;37630.0;1661.0;35969.0
457200;37630.0;1661.0;35969.0
457300;37703.0;1694.0;36009.0
457400;37648.0;1639.0;36009.0
457500;37670.0;1661.0;36009.0
457600;37670.0;1661.0;36009.0
457700;37670.0;1661.0;36009.0
457800;37721.0;1672.0;36049.0
457900;37568.0;1639.0;35929.0
458000;37568.0;1639.0;35929.0
458100;37808.0;1639.0;36169.0
458200;37688.0;1639.0;36049.0
458300;37728.0;1639.0;36089.0
458400;37717.0;1628.0;36089.0
458500;37728.0;1639.0;36089.0
458600;37728.0;1639.0;36089.0
458700;37750.0;1661.0;36089.0
458800;37757.0;1628.0;36129.0
458900;37746.0;1617.0;36129.0
459000;37790.0;1661.0;36129.0
459100;37768.0;1639.0;36129.0
459200;37790.0;1661.0;36129.0
459300;37833.0;1584.0;36249.0
459400;37819.0;1650.0;36169.0
459500;37710.0;1661.0;36049.0
459600;37750.0;1661.0;36089.0
459700;37885.0;1716.0;36169.0
459800;37870.0;1661.0;36209.0
459900;37870.0;1661.0;36209.0
460000;37750.0;1661.0;36089.0
460100;37448.0;1639.0;35809.0
460200;37848.0;1639.0;36209.0
460300;37888.0;1639.0;36249.0
460400;37932.0;1683.0;36249.0
460500;37932.0;1683.0;36249.0
460600;37932.0;1683.0;36249.0
460700;38074.0;1705.0;36369.0
460800;37939.0;1650.0;36289.0
460900;37972.0;1683.0;36289.0
461000;37852.0;1683.0;36169.0
461100;37994.0;1705.0;36289.0
461200;37972.0;1683.0;36289.0
461300;38012.0;1683.0;36329.0
461400;37979.0;1650.0;36329.0
461500;37892.0;1683.0;36209.0
461600;38012.0;1683.0;36329.0
461700;37979.0;1650.0;36329.0
461800;38172.0;1683.0;36489.0
461900;38095.0;1606.0;36489.0
462000;38074.0;1705.0;36369.0
462100;37986.0;1617.0;36369.0
462200;38052.0;1683.0;36369.0
462300;38172.0;1683.0;36489.0
462400;38064.0;1775.0;36289.0
462500;38128.0;1719.0;36409.0
462600;38264.0;1695.0;36569.0
462700;38136.0;1727.0;36409.0
462800;38176.0;1727.0;36449.0
462900;38160.0;1711.0;36449.0
463000;38144.0;1695.0;36449.0
463100;38040.0;1711.0;36329.0
463200;38160.0;1711.0;36449.0
463300;38208.0;1719.0;36489.0
463400;38208.0;1719.0;36489.0
463500;38184.0;1695.0;36489.0
463600;38184.0;1695.0;36489.0
463700;38184.0;1695.0;36489.0
463800;38104.0;1695.0;36409.0
463900;38224.0;1695.0;36529.0
464000;38160.0;1631.0;36529.0
464100;38104.0;1695.0;36409.0
464200;38240.0;1711.0;36529.0
464300;38328.0;1679.0;36649.0
464400;38248.0;1679.0;36569.0
464500;38224.0;1655.0;36569.0
464600;38264.0;1695.0;36569.0
464700;38168.0;1679.0;36489.0
464800;38288.0;1679.0;36609.0
464900;38288.0;1679.0;36609.0
465000;38272.0;1663.0;36609.0
465100;38288.0;1679.0;36609.0
465200;38432.0;1703.0;36729.0
465300;38312.0;1663.0;36649.0
465400;38296.0;1647.0;36649.0
465500;38416.0;1647.0;36769.0
465600;38296.0;1647.0;36649.0
465700;38216.0;1647.0;36569.0
465800;38312.0;1623.0;36689.0
465900;38388.0;1699.0;36689.0
466000;37922.0;1633.0;36289.0
466100;38460.0;1651.0;36809.0
466200;38352.0;1663.0;36689.0
466300;38368.0;1639.0;36729.0
466400;38368.0;1639.0;36729.0
466500;38248.0;1639.0;36609.0
466600;38368.0;1639.0;36729.0
466700;38506.0;1657.0;36849.0
466800;38528.0;1639.0;36889.0
466900;38396.0;1627.0;36769.0
467000;38516.0;1627.0;36889.0
467100;38396.0;1627.0;36769.0
467200;38408.0;1639.0;36769.0
467300;38448.0;1639.0;36809.0
467400;38448.0;1639.0;36809.0
467500;38316.0;1627.0;36689.0
467600;38448.0;1639.0;36809.0
467700;38369.5;1560.5;36809.0
467800;38438.0;1709.0;36729.0
467900;38651.0;1682.0;36969.0
468000;38531.0;1682.0;36849.0
468100;38534.0;1685.0;36849.0
468200;38531.0;1682.0;36849.0
468300;38529.0;1640.0;36889.0
468400;38579.0;1690.0;36889.0
468500;38579.0;1690.0;36889.0
468600;38574.0;1685.0;36889.0
468700;38569.0;1680.0;36889.0
468800;38619.0;1690.0;36929.0
468900;38619.0;1690.0;36929.0
469000;38619.0;1690.0;36929.0
469100;38749.0;1700.0;37049.0
469200;38629.0;1700.0;36929.0
469300;38674.0;1705.0;36969.0
469400;38674.0;1705.0;36969.0
469500;38666.5;1697.5;36969.0
469600;38674.0;1705.0;36969.0
469700;38674.0;1705.0;36969.0
469800;38579.0;1690.0;36889.0
469900;38834.0;1705.0;37129.0
470000;38714.0;1705.0;37009.0
470100;38719.0;1710.0;37009.0
470200;38706.5;1697.5;37009.0
470300;38629.0;1700.0;36929.0
470400;38749.0;1700.0;37049.0
470500;38754.0;1705.0;37049.0
470600;38629.0;1700.0;36929.0
470700;38749.0;1700.0;37049.0
470800;38669.0;1700.0;36969.0
470900;38909.0;1700.0;37209.0
471000;38791.5;1702.5;37089.0
471100;38794.0;1705.0;37089.0
471200;38769.0;1680.0;37089.0
471300;38719.0;1630.0;37089.0
471400;38744.0;1735.0;37009.0
471500;38744.0;1735.0;37009.0
471600;38849.0;1720.0;37129.0
471700;38999.0;1750.0;37249.0
471800;38881.5;1712.5;37169.0
471900;38889.0;1720.0;37169.0
472000;38904.0;1735.0;37169.0
472100;38881.5;1712.5;37169.0
472200;38889.0;1720.0;37169.0
472300;38786.5;1697.5;37089.0
472400;39049.0;1720.0;37329.0
472500;38929.0;1720.0;37209.0
472600;38929.0;1720.0;37209.0
472700;38929.0;1720.0;37209.0
472800;38969.0;1720.0;37249.0
472900;38954.0;1705.0;37249.0
473000;39441.5;1712.5;37729.0
473100;38954.0;1705.0;37249.0
473200;39006.5;1757.5;37249.0
473300;39096.5;1727.5;37369.0
473400;39114.0;1705.0;37409.0
473500;38994.0;1705.0;37289.0
473600;38874.0;1705.0;37169.0
473700;38994.0;1705.0;37289.0
473800;39416.5;1727.5;37689.0
473900;39169.0;1720.0;37449.0
474000;39049.0;1720.0;37329.0
474100;38914.0;1705.0;37209.0
474200;38914.0;1705.0;37209.0
474300;39089.0;1720.0;37369.0
474400;39194.0;1705.0;37489.0
474500;39194.0;1705.0;37489.0
474600;39074.0;1705.0;37369.0
474700;39209.0;1720.0;37489.0
474800;39129.0;1720.0;37409.0
474900;39114.0;1705.0;37409.0
475000;38994.0;1705.0;37289.0
475100;38941.5;1652.5;37289.0
475200;39129.0;1720.0;37409.0
475300;39234.0;1705.0;37529.0
475400;39154.0;1705.0;37449.0
475500;39034.0;1705.0;37329.0
475600;39154.0;1705.0;37449.0
475700;39169.0;1720.0;37449.0
475800;39209.0;1720.0;37489.0
475900;39209.0;1720.0;37489.0
476000;39329.0;1720.0;37609.0
476100;39209.0;1720.0;37489.0
476200;39209.0;1720.0;37489.0
476300;39329.0;1720.0;37609.0
476400;39249.0;1720.0;37529.0
476500;39399.0;1750.0;37649.0
476600;39384.0;1735.0;37649.0
476700;39286.5;1757.5;37529.0
476800;39311.5;1742.5;37569.0
476900;39319.0;1750.0;37569.0
477000;39169.0;1720.0;37449.0
477100;39139.0;1690.0;37449.0
477200;39326.5;1757.5;37569.0
477300;38874.0;1705.0;37169.0
477400;38889.0;1720.0;37169.0
477500;39209.0;1720.0;37489.0
477600;39449.0;1720.0;37729.0
477700;39314.0;1705.0;37609.0
477800;39354.0;1705.0;37649.0
477900;39354.0;1705.0;37649.0
478000;39354.0;1705.0;37649.0
478100;39361.5;1712.5;37649.0
478200;39354.0;1705.0;37649.0
478300;39379.0;1690.0;37689.0
478400;39379.0;1690.0;37689.0
478500;39379.0;1690.0;37689.0
478600;39379.0;1690.0;37689.0
478700;39364.0;1675.0;37689.0
478800;39434.0;1705.0;37729.0
478900;39359.0;1630.0;37729.0
479000;39291.5;1682.5;37609.0
479100;39554.0;1705.0;37849.0
479200;39464.0;1735.0;37729.0
479300;39496.5;1727.5;37769.0
479400;39459.0;1690.0;37769.0
479500;39459.0;1690.0;37769.0
479600;39496.5;1727.5;37769.0
479700;39616.5;1727.5;37889.0
479800;39514.0;1705.0;37809.0
479900;39514.0;1705.0;37809.0
480000;39394.0;1705.0;37689.0
480100;39421.5;1612.5;37809.0
480200;39545.0;1736.0;37809.0
480300;39566.0;1717.0;37849.0
480400;39575.5;1726.5;37849.0
480500;39156.5;1707.5;37449.0
480600;39686.0;1717.0;37969.0
480700;39705.0;1736.0;37969.0
480800;39625.0;1736.0;37889.0
480900;39644.0;1755.0;37889.0
481000;39625.0;1736.0;37889.0
481100;39505.0;1736.0;37769.0
481200;39625.0;1736.0;37889.0
481300;39764.0;1755.0;38009.0
481400;39804.0;1755.0;38049.0
481500;39693.5;1764.5;37929.0
481600;39646.0;1717.0;37929.0
481700;39665.0;1736.0;37929.0
481800;39705.0;1736.0;37969.0
481900;39648.0;1679.0;37969.0
482000;39705.0;1736.0;37969.0
482100;39724.0;1755.0;37969.0
482200;39733.5;1764.5;37969.0
482300;39568.0;1679.0;37889.0
482400;39735.5;1726.5;38009.0
482500;39783.0;1774.0;38009.0
482600;39764.0;1755.0;38009.0
482700;39903.0;1774.0;38129.0
482800;39804.0;1755.0;38049.0
482900;39775.5;1726.5;38049.0
483000;39823.0;1774.0;38049.0
483100;39823.0;1774.0;38049.0
483200;39905.0;1736.0;38169.0
483300;39825.0;1736.0;38089.0
483400;40185.0;1736.0;38449.0
483500;39730.0;1641.0;38089.0
483600;39834.5;1745.5;38089.0
483700;39806.0;1717.0;38089.0
483800;39956.5;1707.5;38249.0
483900;39865.0;1736.0;38129.0
484000;39985.0;1736.0;38249.0
484100;39855.5;1726.5;38129.0
484200;39836.5;1707.5;38129.0
484300;39905.0;1736.0;38169.0
484400;39905.0;1736.0;38169.0
484500;39905.0;1736.0;38169.0
484600;39886.0;1717.0;38169.0
484700;39952.5;1783.5;38169.0
484800;39825.0;1736.0;38089.0
484900;39844.0;1755.0;38089.0
485000;39945.0;1736.0;38209.0
485100;39973.5;1764.5;38209.0
485200;39945.0;1736.0;38209.0
485300;39865.0;1736.0;38129.0
485400;39985.0;1736.0;38249.0
485500;39985.0;1736.0;38249.0
485600;40076.5;1707.5;38369.0
485700;39985.0;1736.0;38249.0
485800;39985.0;1736.0;38249.0
485900;39996.5;1707.5;38289.0
486000;39644.0;1755.0;37889.0
486100;39886.0;1717.0;38169.0
486200;40025.0;1736.0;38289.0
486300;40065.0;1736.0;38329.0
486400;40065.0;1736.0;38329.0
486500;39945.0;1736.0;38209.0
486600;40084.0;1755.0;38329.0
486700;39604.0;1755.0;37849.0
486800;40133.5;1764.5;38369.0
486900;40114.5;1745.5;38369.0
487000;40023.0;1774.0;38249.0
487100;40124.0;1755.0;38369.0
487200;40114.5;1745.5;38369.0
487300;40034.5;1745.5;38289.0
487400;40274.5;1745.5;38529.0
487500;40145.0;1736.0;38409.0
487600;40164.0;1755.0;38409.0
487700;40164.0;1755.0;38409.0
487800;40223.0;1774.0;38449.0
487900;40223.0;1774.0;38449.0
488000;40223.0;1774.0;38449.0
488100;40343.0;1774.0;38569.0
488200;40343.0;1774.0;38569.0
488300;40409.5;1840.5;38569.0
488400;40048.0;1679.0;38369.0
488500;40263.0;1774.0;38489.0
488600;40244.0;1755.0;38489.0
488700;40253.5;1764.5;38489.0
488800;40284.0;1755.0;38529.0
488900;40284.0;1755.0;38529.0
489000;40312.5;1783.5;38529.0
489100;40312.5;1783.5;38529.0
489200;40168.0;1639.0;38529.0
489300;40324.0;1795.0;38529.0
489400;40244.0;1795.0;38449.0
489500;40364.0;1795.0;38569.0
489600;40364.0;1795.0;38569.0
489700;40364.0;1795.0;38569.0
489800;40378.0;1769.0;38609.0
489900;40352.0;1743.0;38609.0
490000;40404.0;1795.0;38609.0
490100;40352.0;1743.0;38609.0
490200;40404.0;1795.0;38609.0
490300;40444.0;1795.0;38649.0
490400;40340.0;1691.0;38649.0
490500;40418.0;1769.0;38649.0
490600;40418.0;1769.0;38649.0
490700;40418.0;1769.0;38649.0
490800;40458.0;1769.0;38689.0
490900;40458.0;1769.0;38689.0
491000;40484.0;1795.0;38689.0
491100;40484.0;1795.0;38689.0
491200;40604.0;1795.0;38809.0
491300;40539.0;1730.0;38809.0
491400;40563.0;1834.0;38729.0
491500;40498.0;1769.0;38729.0
491600;40537.0;1808.0;38729.0
491700;40618.0;1769.0;38849.0
491800;40538.0;1769.0;38769.0
491900;40551.0;1782.0;38769.0
492000;40018.0;1769.0;38249.0
492100;40538.0;1769.0;38769.0
492200;40684.0;1795.0;38889.0
492300;40430.0;1821.0;38609.0
492400;40484.0;1795.0;38689.0
492500;40630.0;1821.0;38809.0
492600;40643.0;1834.0;38809.0
492700;40643.0;1834.0;38809.0
492800;40670.0;1821.0;38849.0
492900;40644.0;1795.0;38849.0
493000;40579.0;1730.0;38849.0
493100;40550.0;1821.0;38729.0
493200;40670.0;1821.0;38849.0
493300;40710.0;1821.0;38889.0
493400;40736.0;1847.0;38889.0
493500;40177.0;1808.0;38369.0
493600;40736.0;1847.0;38889.0
493700;40736.0;1847.0;38889.0
493800;40682.0;1873.0;38809.0
493900;40884.0;1955.0;38929.0
494000;40884.0;1955.0;38929.0
494100;40812.0;1883.0;38929.0
494200;40820.0;1891.0;38929.0
494300;41196.0;1867.0;39329.0
494400;40767.0;1918.0;38849.0
494500;40842.0;1873.0;38969.0
494600;40962.0;1873.0;39089.0
494700;40792.0;1903.0;38889.0
494800;41012.0;1883.0;39129.0
494900;40772.0;1883.0;38889.0
495000;40757.0;1868.0;38889.0
495100;41237.0;1868.0;39369.0
495200;41002.0;1873.0;39129.0
495300;40922.0;1873.0;39049.0
495400;41022.0;1853.0;39169.0
495500;40922.0;1873.0;39049.0
495600;40922.0;1873.0;39049.0
495700;40922.0;1873.0;39049.0
495800;40867.0;1898.0;38969.0
495900;40952.0;1863.0;39089.0
496000;40952.0;1863.0;39089.0
496100;40962.0;1873.0;39089.0
496200;40997.0;1908.0;39089.0
496300;41117.0;1908.0;39209.0
496400;41002.0;1873.0;39129.0
496500;40992.0;1863.0;39129.0
496600;40872.0;1863.0;39009.0
496700;40977.0;1848.0;39129.0
496800;41012.0;1843.0;39169.0
496900;41012.0;1843.0;39169.0
497000;41012.0;1843.0;39169.0
497100;41132.0;1843.0;39289.0
497200;41042.0;1873.0;39169.0
497300;41072.0;1863.0;39209.0
497400;40952.0;1863.0;39089.0
497500;40952.0;1863.0;39089.0
497600;41202.0;1873.0;39329.0
497700;41192.0;1863.0;39329.0
497800;41112.0;1863.0;39249.0
497900;41147.0;1898.0;39249.0
498000;41112.0;1863.0;39249.0
498100;40712.0;1863.0;38849.0
498200;41112.0;1863.0;39249.0
498300;41152.0;1863.0;39289.0
498400;41162.0;1873.0;39289.0
498500;41152.0;1863.0;39289.0
498600;41152.0;1863.0;39289.0
498700;41152.0;1863.0;39289.0
498800;41107.0;1898.0;39209.0
498900;41047.0;1838.0;39209.0
499000;41292.0;1843.0;39449.0
499100;41187.0;1858.0;39329.0
499200;41182.0;1853.0;39329.0
499300;41302.0;1853.0;39449.0
499400;41222.0;1853.0;39369.0
499500;41202.0;1833.0;39369.0
499600;41222.0;1853.0;39369.0
499700;41327.0;1838.0;39489.0
499800;41262.0;1853.0;39409.0
499900;41262.0;1853.0;39409.0
500000;41622.0;1853.0;39769.0
500100;41262.0;1853.0;39409.0
500200;41252.0;1843.0;39409.0
500300;41302.0;1853.0;39449.0
500400;41302.0;1853.0;39449.0
500500;41302.0;1853.0;39449.0
500600;41182.0;1853.0;39329.0
500700;41432.0;1863.0;39569.0
500800;41422.0;1853.0;39569.0
500900;41212.0;1843.0;39369.0
501000;41342.0;1853.0;39489.0
501100;41342.0;1853.0;39489.0
501200;41332.0;1843.0;39489.0
501300;41752.0;1863.0;39889.0
501400;41262.0;1853.0;39409.0
501500;41282.0;1753.0;39529.0
501600;41282.0;1873.0;39409.0
501700;41282.0;1873.0;39409.0
501800;41442.0;1873.0;39569.0
501900;41524.0;1955.0;39569.0
502000;41348.0;1899.0;39449.0
502100;41454.0;1885.0;39569.0
502200;41468.0;1899.0;39569.0
502300;41508.0;1899.0;39609.0
502400;41614.0;1885.0;39729.0
502500;41579.0;1850.0;39729.0
502600;41480.0;1871.0;39609.0
502700;41466.0;1857.0;39609.0
502800;41520.0;1871.0;39649.0
502900;41520.0;1871.0;39649.0
503000;41506.0;1857.0;39649.0
503100;41426.0;1777.0;39649.0
503200;41306.0;1777.0;39529.0
503300;41543.0;1854.0;39689.0
503400;41456.0;1887.0;39569.0
503500;41576.0;1887.0;39689.0
503600;41576.0;1887.0;39689.0
503700;41674.0;1865.0;39809.0
503800;41616.0;1887.0;39729.0
503900;41518.0;1909.0;39609.0
504000;41336.0;1887.0;39449.0
504100;41616.0;1887.0;39729.0
504200;41616.0;1887.0;39729.0
504300;41769.0;1920.0;39849.0
504400;41689.0;1920.0;39769.0
504500;41601.0;1832.0;39769.0
504600;41634.0;1865.0;39769.0
504700;41634.0;1865.0;39769.0
504800;41674.0;1865.0;39809.0
504900;41619.0;1810.0;39809.0
505000;41619.0;1810.0;39809.0
505100;41274.0;1865.0;39409.0
505200;41652.0;1843.0;39809.0
505300;41816.0;1887.0;39929.0
505400;41692.0;1843.0;39849.0
505500;41812.0;1843.0;39969.0
505600;41692.0;1843.0;39849.0
505700;41681.0;1832.0;39849.0
505800;41721.0;1832.0;39889.0
505900;41721.0;1832.0;39889.0
506000;41754.0;1865.0;39889.0
506100;41732.0;1843.0;39889.0
506200;41754.0;1865.0;39889.0
506300;41794.0;1865.0;39929.0
506400;41794.0;1865.0;39929.0
506500;41674.0;1865.0;39809.0
506600;41794.0;1865.0;39929.0
506700;41794.0;1865.0;39929.0
506800;41954.0;1865.0;40089.0
506900;41834.0;1865.0;39969.0
507000;41834.0;1865.0;39969.0
507100;41834.0;1865.0;39969.0
507200;41954.0;1865.0;40089.0
507300;41874.0;1865.0;40009.0
507400;41874.0;1865.0;40009.0
507500;41918.0;1909.0;40009.0
507600;41983.0;1854.0;40129.0
507700;41896.0;1887.0;40009.0
507800;41958.0;1909.0;40049.0
507900;41824.5;1775.5;40049.0
508000;41880.0;1951.0;39929.0
508100;41973.0;1924.0;40049.0
508200;41973.0;1924.0;40049.0
508300;41972.5;1883.5;40089.0
508400;42133.0;1924.0;40209.0
508500;41866.0;1897.0;39969.0
508600;41986.0;1897.0;40089.0
508700;41959.0;1870.0;40089.0
508800;42186.5;1937.5;40249.0
508900;42066.5;1937.5;40129.0
509000;42026.0;1897.0;40129.0
509100;42026.0;1897.0;40129.0
509200;42053.0;1924.0;40129.0
509300;42093.0;1924.0;40169.0
509400;42093.0;1924.0;40169.0
509500;42253.0;1924.0;40329.0
509600;42093.0;1924.0;40169.0
509700;42066.0;1897.0;40169.0
509800;42133.0;1924.0;40209.0
509900;42133.0;1924.0;40209.0
510000;42106.0;1897.0;40209.0
510100;42106.0;1897.0;40209.0
510200;42106.0;1897.0;40209.0
510300;42186.5;1937.5;40249.0
510400;42078.5;1829.5;40249.0
510500;42078.5;1829.5;40249.0
510600;42078.5;1829.5;40249.0
510700;42173.0;1924.0;40249.0
510800;42333.0;1924.0;40409.0
510900;42213.0;1924.0;40289.0
511000;42333.0;1924.0;40409.0
511100;42199.5;1910.5;40289.0
511200;42093.0;1924.0;40169.0
511300;42293.5;1964.5;40329.0
511400;42253.0;1924.0;40329.0
511500;42280.0;1951.0;40329.0
511600;42280.0;1951.0;40329.0
511700;42253.0;1924.0;40329.0
511800;42413.0;1924.0;40489.0
511900;42293.0;1924.0;40369.0
512000;42293.0;1924.0;40369.0
512100;42293.0;1924.0;40369.0
512200;42320.0;1951.0;40369.0
512300;42319.5;1910.5;40409.0
512400;42360.0;1951.0;40409.0
512500;42360.0;1951.0;40409.0
512600;42400.5;1991.5;40409.0
512700;42360.0;1951.0;40409.0
512800;42520.0;1951.0;40569.0
512900;42244.0;1795.0;40449.0
513000;42362.0;2033.0;40329.0
513100;42448.0;1999.0;40449.0
513200;42448.0;1999.0;40449.0
513300;42505.0;2016.0;40489.0
513400;42454.0;1965.0;40489.0
513500;42454.0;1965.0;40489.0
513600;42574.0;1965.0;40609.0
513700;42454.0;1965.0;40489.0
513800;42494.0;1965.0;40529.0
513900;42306.0;1897.0;40409.0
514000;42426.0;1897.0;40529.0
514100;42460.0;1931.0;40529.0
514200;42580.0;1931.0;40649.0
514300;42534.0;1965.0;40569.0
514400;42534.0;1965.0;40569.0
514500;42500.0;1931.0;40569.0
514600;42432.0;1863.0;40569.0
514700;42517.0;1948.0;40569.0
514800;42557.0;1948.0;40609.0
514900;42540.0;1931.0;40609.0
515000;42557.0;1948.0;40609.0
515100;42762.0;2033.0;40729.0
515200;42574.0;1965.0;40609.0
515300;42494.0;1965.0;40529.0
515400;42614.0;1965.0;40649.0
515500;42614.0;1965.0;40649.0
515600;42494.0;1965.0;40529.0
515700;42614.0;1965.0;40649.0
515800;42614.0;1965.0;40649.0
515900;42654.0;1965.0;40689.0
516000;42688.0;1999.0;40689.0
516100;42688.0;1999.0;40689.0
516200;42569.0;1880.0;40689.0
516300;42728.0;1999.0;40729.0
516400;42694.0;1965.0;40729.0
516500;42694.0;1965.0;40729.0
516600;42745.0;2016.0;40729.0
516700;42694.0;1965.0;40729.0
516800;42734.0;1965.0;40769.0
516900;42734.0;1965.0;40769.0
517000;42734.0;1965.0;40769.0
517100;42854.0;1965.0;40889.0
517200;42854.0;1965.0;40889.0
517300;42654.0;1965.0;40689.0
517400;42808.0;1999.0;40809.0
517500;42808.0;1999.0;40809.0
517600;42740.0;1931.0;40809.0
517700;42614.0;1965.0;40649.0
517800;42814.0;1965.0;40849.0
517900;42814.0;1965.0;40849.0
518000;42934.0;1965.0;40969.0
518100;42797.0;1948.0;40849.0
518200;42865.0;2016.0;40849.0
518300;42871.0;1982.0;40889.0
518400;42854.0;1965.0;40889.0
518500;42854.0;1965.0;40889.0
518600;42854.0;1965.0;40889.0
518700;42854.0;1965.0;40889.0
518800;42894.0;1965.0;40929.0
518900;42945.0;2016.0;40929.0
519000;43014.0;1965.0;41049.0
519100;43014.0;1965.0;41049.0
519200;42894.0;1965.0;40929.0
519300;42985.0;2016.0;40969.0
519400;42985.0;2016.0;40969.0
519500;42934.0;1965.0;40969.0
519600;43054.0;1965.0;41089.0
519700;42934.0;1965.0;40969.0
519800;42974.0;1965.0;41009.0
519900;42974.0;1965.0;41009.0
520000;42974.0;1965.0;41009.0
520100;42974.0;1965.0;41009.0
520200;42974.0;1965.0;41009.0
520300;43048.0;1999.0;41049.0
520400;43168.0;1999.0;41169.0
520500;43065.0;2016.0;41049.0
520600;43014.0;1965.0;41049.0
520700;43168.0;1999.0;41169.0
520800;43054.0;1965.0;41089.0
520900;42934.0;1965.0;40969.0
521000;43054.0;1965.0;41089.0
521100;43054.0;1965.0;41089.0
521200;42934.0;1965.0;40969.0
521300;43094.0;1965.0;41129.0
521400;43094.0;1965.0;41129.0
521500;43248.0;1999.0;41249.0
521600;43094.0;1965.0;41129.0
521700;43214.0;1965.0;41249.0
521800;43220.0;1931.0;41289.0
521900;43220.0;1931.0;41289.0
522000;43100.0;1931.0;41169.0
522100;43151.0;1982.0;41169.0
522200;43165.0;1996.0;41169.0
522300;43148.0;1939.0;41209.0
522400;43110.0;1901.0;41209.0
522500;43268.0;1939.0;41329.0
522600;43325.0;1996.0;41329.0
522700;43068.0;1939.0;41129.0
522800;43264.0;2015.0;41249.0
522900;43308.0;1939.0;41369.0
523000;43226.0;1977.0;41249.0
523100;43226.0;1977.0;41249.0
523200;43245.0;1996.0;41249.0
523300;43089.0;1920.0;41169.0
523400;43386.0;1977.0;41409.0
523500;43228.0;1939.0;41289.0
523600;42999.0;1710.0;41289.0
523700;43321.0;2032.0;41289.0
523800;43507.0;2178.0;41329.0
523900;43422.0;1973.0;41449.0
524000;43261.0;1932.0;41329.0
524100;43261.0;1932.0;41329.0
524200;43240.5;1911.5;41329.0
524300;43422.0;1973.0;41449.0
524400;43342.0;1973.0;41369.0
524500;43342.0;1973.0;41369.0
524600;43342.0;1973.0;41369.0
524700;43462.0;1973.0;41489.0
524800;43262.0;1973.0;41289.0
524900;43238.5;1829.5;41409.0
525000;43382.0;1973.0;41409.0
525100;43382.0;1973.0;41409.0
525200;43423.0;2014.0;41409.0
525300;43616.0;2167.0;41449.0
525400;43263.0;2014.0;41249.0
525500;43275.0;1946.0;41329.0
525600;43429.0;1980.0;41449.0
525700;43606.0;1997.0;41609.0
525800;43435.0;1946.0;41489.0
525900;43324.0;1715.0;41609.0
526000;43299.0;1930.0;41369.0
526100;43419.0;1930.0;41489.0
526200;43462.0;1973.0;41489.0
526300;43701.0;2092.0;41609.0
526400;43498.0;1969.0;41529.0
526500;43673.0;2144.0;41529.0
526600;43549.0;2020.0;41529.0
526700;43638.0;1989.0;41649.0
526800;43542.5;1973.5;41569.0
526900;43589.0;2020.0;41569.0
527000;43500.0;2051.0;41449.0
527100;43558.0;1989.0;41569.0
527200;43069.0;2020.0;41049.0
527300;44020.0;2051.0;41969.0
527400;43403.0;1794.0;41609.0
527500;43649.0;2040.0;41609.0
527600;43649.0;2040.0;41609.0
527700;43689.0;2040.0;41649.0
527800;43812.0;2163.0;41649.0
527900;43689.0;2040.0;41649.0
528000;43809.0;2040.0;41769.0
528100;43689.0;2040.0;41649.0
528200;43832.5;2183.5;41649.0
528300;43729.0;2040.0;41689.0
528400;43688.0;1999.0;41689.0
528500;43568.0;1999.0;41569.0
528600;43729.0;2040.0;41689.0
528700;43688.0;1999.0;41689.0
528800;43728.0;1999.0;41729.0
528900;43687.0;1958.0;41729.0
529000;43889.0;2040.0;41849.0
529100;43728.0;1999.0;41729.0
529200;43728.0;1999.0;41729.0
529300;43809.0;2040.0;41769.0
529400;43689.0;2040.0;41649.0
529500;43888.0;1999.0;41889.0
529600;43689.0;2040.0;41649.0
529700;43809.0;2040.0;41769.0
529800;44209.0;2040.0;42169.0
529900;43849.0;2040.0;41809.0
530000;43808.0;1999.0;41809.0
530100;43808.0;1999.0;41809.0
530200;43808.0;1999.0;41809.0
530300;43808.0;1999.0;41809.0
530400;43848.0;1999.0;41849.0
530500;43848.0;1999.0;41849.0
530600;43728.0;1999.0;41729.0
530700;43929.0;2040.0;41889.0
530800;43929.0;2040.0;41889.0
530900;43929.0;2040.0;41889.0
531000;43809.0;2040.0;41769.0
531100;43809.0;2040.0;41769.0
531200;43929.0;2040.0;41889.0
531300;43969.0;2040.0;41929.0
531400;43928.0;1999.0;41929.0
531500;43928.0;1999.0;41929.0
531600;44109.5;2060.5;42049.0
531700;43928.0;1999.0;41929.0
531800;43848.0;1999.0;41849.0
531900;43968.0;1999.0;41969.0
532000;44088.0;1999.0;42089.0
532100;43968.0;1999.0;41969.0
532200;44009.0;2040.0;41969.0
532300;44069.5;2060.5;42009.0
532400;44049.0;2040.0;42009.0
532500;44049.0;2040.0;42009.0
532600;44008.0;1999.0;42009.0
532700;43987.5;1978.5;42009.0
532800;43863.5;1814.5;42049.0
532900;44130.0;2081.0;42049.0
533000;44027.5;1978.5;42049.0
533100;44089.0;2040.0;42049.0
533200;43969.0;2040.0;41929.0
533300;44489.0;2040.0;42449.0
533400;44129.0;2040.0;42089.0
533500;44129.0;2040.0;42089.0
533600;44067.5;1978.5;42089.0
533700;44211.0;2122.0;42089.0
533800;44128.0;1999.0;42129.0
533900;44128.0;1999.0;42129.0
534000;44066.5;1937.5;42129.0
534100;44110.5;2101.5;42009.0
534200;44128.0;1999.0;42129.0
534300;44168.0;1999.0;42169.0
534400;44311.5;2142.5;42169.0
534500;44168.0;1999.0;42169.0
534600;44168.0;1999.0;42169.0
534700;44267.5;1978.5;42289.0
534800;44466.0;2177.0;42289.0
534900;44226.0;2017.0;42209.0
535000;44226.0;2017.0;42209.0
535100;44194.0;1985.0;42209.0
535200;44106.0;2017.0;42089.0
535300;44114.0;1985.0;42129.0
535400;44362.0;2113.0;42249.0
535500;44386.0;2017.0;42369.0
535600;44154.0;1905.0;42249.0
535700;44362.0;2113.0;42249.0
535800;44186.0;2017.0;42169.0
535900;44258.0;1969.0;42289.0
536000;44354.0;2065.0;42289.0
536100;44306.0;2017.0;42289.0
536200;44322.0;2033.0;42289.0
536300;44242.0;1953.0;42289.0
536400;44194.0;1985.0;42209.0
536500;44162.0;1953.0;42209.0
536600;44322.0;1873.0;42449.0
536700;44314.0;1985.0;42329.0
536800;44354.0;1985.0;42369.0
536900;44354.0;1985.0;42369.0
537000;44234.0;1985.0;42249.0
537100;44354.0;1985.0;42369.0
537200;44282.0;2033.0;42249.0
537300;44442.0;2033.0;42409.0
537400;44362.0;1953.0;42409.0
537500;44362.0;1953.0;42409.0
537600;44514.0;1985.0;42529.0
537700;44394.0;1985.0;42409.0
537800;44394.0;1985.0;42409.0
537900;44434.0;1985.0;42449.0
538000;44402.0;1953.0;42449.0
538100;44434.0;1985.0;42449.0
538200;44418.0;1969.0;42449.0
538300;44410.0;1921.0;42489.0
538400;44378.0;1889.0;42489.0
538500;44322.0;1953.0;42369.0
538600;44317.0;1708.0;42609.0
538700;44353.0;1864.0;42489.0
538800;44392.0;1903.0;42489.0
538900;44393.0;1864.0;42529.0
539000;44568.5;2039.5;42529.0
539100;44471.0;1942.0;42529.0
539200;44412.5;1883.5;42529.0
539300;44511.0;1942.0;42569.0
539400;44391.0;1942.0;42449.0
539500;44472.0;1903.0;42569.0
539600;44550.0;1981.0;42569.0
539700;44511.0;1942.0;42569.0
539800;44551.0;1942.0;42609.0
539900;44551.0;1942.0;42609.0
540000;44551.0;1942.0;42609.0
540100;44551.0;1942.0;42609.0
540200;44431.0;1942.0;42489.0
540300;44591.0;1942.0;42649.0
540400;44769.5;2000.5;42769.0
540500;44591.0;1942.0;42649.0
540600;44610.5;1961.5;42649.0
540700;44552.0;1903.0;42649.0
540800;44670.0;1981.0;42689.0
540900;44790.0;1981.0;42809.0
541000;44712.0;1903.0;42809.0
541100;44650.5;1961.5;42689.0
541200;44452.5;1883.5;42569.0
541300;44632.0;1903.0;42729.0
541400;44953.0;1864.0;43089.0
541500;44690.5;1961.5;42729.0
541600;44831.0;1942.0;42889.0
541700;44831.0;1942.0;42889.0
541800;44711.0;1942.0;42769.0
541900;44652.5;1883.5;42769.0
542000;44711.0;1942.0;42769.0
542100;44591.0;1942.0;42649.0
542200;44591.0;1942.0;42649.0
542300;45002.0;2113.0;42889.0
542400;44767.0;1958.0;42809.0
542500;44918.0;1989.0;42929.0
542600;44918.0;1989.0;42929.0
542700;44656.0;1927.0;42729.0
542800;44776.0;1927.0;42849.0
542900;44896.0;1927.0;42969.0
543000;44896.0;1927.0;42969.0
543100;44791.5;1942.5;42849.0
543200;44714.0;1865.0;42849.0
543300;44727.0;1958.0;42769.0
543400;44847.0;1958.0;42889.0
543500;44905.0;1896.0;43009.0
543600;44816.0;1927.0;42889.0
543700;44816.0;1927.0;42889.0
543800;44856.0;1927.0;42929.0
543900;44856.0;1927.0;42929.0
544000;44887.0;1958.0;42929.0
544100;44856.0;1927.0;42929.0
544200;44918.0;1989.0;42929.0
544300;44880.5;1911.5;42969.0
544400;45038.5;2069.5;42969.0
544500;44958.0;1989.0;42969.0
544600;44935.0;1966.0;42969.0
544700;45055.0;1966.0;43089.0
544800;44855.0;1966.0;42889.0
544900;44975.0;1966.0;43009.0
545000;45009.5;2000.5;43009.0
545100;44855.0;1966.0;42889.0
545200;44975.0;1966.0;43009.0
545300;44980.5;1931.5;43049.0
545400;45294.5;1885.5;43409.0
545500;44872.0;1943.0;42929.0
545600;44992.0;1943.0;43049.0
545700;45049.5;2000.5;43049.0
545800;45089.5;2000.5;43089.0
545900;45449.5;2000.5;43449.0
546000;45089.5;2000.5;43089.0
546100;45209.5;2000.5;43209.0
546200;45089.5;2000.5;43089.0
546300;45089.5;2000.5;43089.0
546400;45083.5;1954.5;43129.0
546500;45049.0;1920.0;43129.0
546600;45026.0;1897.0;43129.0
546700;45026.0;1897.0;43129.0
546800;45089.0;1920.0;43169.0
546900;45232.0;1943.0;43289.0
547000;45089.0;1920.0;43169.0
547100;45089.0;1920.0;43169.0
547200;44997.0;1828.0;43169.0
547300;44986.0;1897.0;43089.0
547400;45129.0;1920.0;43209.0
547500;45129.0;1920.0;43209.0
547600;45032.0;1943.0;43089.0
547700;45140.5;1931.5;43209.0
547800;45312.0;1943.0;43369.0
547900;45192.0;1943.0;43249.0
548000;44769.0;1920.0;42849.0
548100;45123.0;1874.0;43249.0
548200;45123.0;1874.0;43249.0
548300;45300.5;1931.5;43369.0
548400;45197.0;2028.0;43169.0
548500;45252.0;1963.0;43289.0
548600;45265.0;1976.0;43289.0
548700;45245.5;1956.5;43289.0
548800;45405.5;1956.5;43449.0
548900;45652.0;1963.0;43689.0
549000;45172.0;1963.0;43209.0
549100;45298.5;1969.5;43329.0
549200;45298.5;1969.5;43329.0
549300;45332.0;1963.0;43369.0
549400;45439.0;1950.0;43489.0
549500;45439.0;1950.0;43489.0
549600;45458.5;1969.5;43489.0
549700;45439.0;1950.0;43489.0
549800;45439.0;1950.0;43489.0
549900;45239.0;1950.0;43289.0
550000;45359.0;1950.0;43409.0
550100;45219.5;1930.5;43289.0
550200;45359.0;1950.0;43409.0
550300;45466.0;1937.0;43529.0
550400;45399.0;1950.0;43449.0
550500;45399.0;1950.0;43449.0
550600;45379.5;1930.5;43449.0
550700;45412.0;1963.0;43449.0
550800;45439.0;1950.0;43489.0
550900;45439.0;1950.0;43489.0
551000;45413.0;1924.0;43489.0
551100;45439.0;1950.0;43489.0
551200;45439.0;1950.0;43489.0
551300;45359.0;1950.0;43409.0
551400;45618.5;1969.5;43649.0
551500;45079.0;1950.0;43129.0
551600;45479.0;1950.0;43529.0
551700;45498.5;1969.5;43529.0
551800;45444.5;1995.5;43449.0
551900;45519.0;1950.0;43569.0
552000;45532.0;1963.0;43569.0
552100;45532.0;1963.0;43569.0
552200;45551.5;1982.5;43569.0
552300;45585.0;1976.0;43609.0
552400;45572.0;1963.0;43609.0
552500;45591.5;1982.5;43609.0
552600;45736.0;2007.0;43729.0
552700;45586.0;1977.0;43609.0
552800;45626.0;1977.0;43649.0
552900;45626.0;1977.0;43649.0
553000;45626.0;1977.0;43649.0
553100;45746.0;1977.0;43769.0
553200;45626.0;1977.0;43649.0
553300;45666.0;1977.0;43689.0
553400;45669.0;1980.0;43689.0
553500;45681.0;1992.0;43689.0
553600;45678.0;1989.0;43689.0
553700;45672.0;1983.0;43689.0
553800;45712.0;1983.0;43729.0
553900;45712.0;1983.0;43729.0
554000;45722.0;1993.0;43729.0
554100;45723.5;1994.5;43729.0
554200;45844.0;1995.0;43849.0
554300;45763.0;1994.0;43769.0
554400;45762.0;1993.0;43769.0
554500;45763.0;1994.0;43769.0
554600;45244.0;1995.0;43249.0
554700;45766.0;1997.0;43769.0
554800;45926.0;1997.0;43929.0
554900;45802.0;1993.0;43809.0
555000;46163.0;1994.0;44169.0
555100;45803.0;1994.0;43809.0
555200;45804.0;1995.0;43809.0
555300;45843.0;1994.0;43849.0
555400;45843.0;1994.0;43849.0
555500;45842.0;1993.0;43849.0
555600;45842.0;1993.0;43849.0
555700;45443.5;1994.5;43449.0
555800;45882.0;1993.0;43889.0
555900;45882.0;1993.0;43889.0
556000;46000.5;1991.5;44009.0
556100;45882.0;1993.0;43889.0
556200;45882.0;1993.0;43889.0
556300;45921.5;1992.5;43929.0
556400;45923.0;1994.0;43929.0
556500;45921.0;1992.0;43929.0
556600;45922.0;1993.0;43929.0
556700;45522.0;1993.0;43529.0
556800;46082.5;1993.5;44089.0
556900;45841.0;1992.0;43849.0
557000;46081.0;1992.0;44089.0
557100;46078.0;1989.0;44089.0
557200;46081.0;1992.0;44089.0
557300;46001.0;1992.0;44009.0
557400;45979.0;1970.0;44009.0
557500;46127.0;1998.0;44129.0
557600;46151.0;2022.0;44129.0
557700;46019.0;2010.0;44009.0
557800;46089.0;2040.0;44049.0
557900;46078.0;2029.0;44049.0
558000;45961.0;2032.0;43929.0
558100;45959.0;2030.0;43929.0
558200;46079.0;2030.0;44049.0
558300;45995.0;2026.0;43969.0
558400;46117.0;2028.0;44089.0
558500;46005.0;2036.0;43969.0
558600;46119.0;2030.0;44089.0
558700;46115.0;2026.0;44089.0
558800;46517.0;2028.0;44489.0
558900;46277.0;2028.0;44249.0
559000;46155.0;2026.0;44129.0
559100;46155.0;2026.0;44129.0
559200;46158.0;2029.0;44129.0
559300;46197.0;2028.0;44169.0
559400;46322.0;2033.0;44289.0
559500;46195.0;2026.0;44169.0
559600;46199.0;2030.0;44169.0
559700;46359.0;2030.0;44329.0
559800;46239.0;2030.0;44209.0
559900;46241.0;2032.0;44209.0
560000;46240.0;2031.0;44209.0
560100;46121.0;2032.0;44089.0
560200;46241.0;2032.0;44209.0
560300;46283.0;2034.0;44249.0
560400;46279.0;2030.0;44249.0
560500;46279.0;2030.0;44249.0
560600;46279.0;2030.0;44249.0
560700;46279.0;2030.0;44249.0
560800;46261.0;1972.0;44289.0
560900;46357.0;2068.0;44289.0
561000;46339.0;2050.0;44289.0
561100;45819.0;2050.0;43769.0
561200;46441.0;2032.0;44409.0
561300;45939.0;2050.0;43889.0
561400;46379.0;2050.0;44329.0
561500;46301.0;2092.0;44209.0
561600;46421.0;2092.0;44329.0
561700;46361.0;2032.0;44329.0
561800;46407.0;2038.0;44369.0
561900;46365.0;1996.0;44369.0
562000;46419.0;2050.0;44369.0
562100;46437.0;2068.0;44369.0
562200;46539.0;2050.0;44489.0
562300;46551.0;2062.0;44489.0
562400;46579.0;2050.0;44529.0
562500;46579.0;2050.0;44529.0
562600;46471.0;2062.0;44409.0
562700;46471.0;2062.0;44409.0
562800;46511.0;2062.0;44449.0
562900;46391.0;2062.0;44329.0
563000;46511.0;2062.0;44449.0
563100;46505.0;2056.0;44449.0
563200;46523.0;2074.0;44449.0
563300;46413.0;2044.0;44369.0
563400;46339.0;2050.0;44289.0
563500;46701.0;2092.0;44609.0
563600;46419.0;2050.0;44369.0
563700;46459.0;2050.0;44409.0
563800;46591.0;2062.0;44529.0
563900;46471.0;2062.0;44409.0
564000;46471.0;2062.0;44409.0
564100;46489.0;2080.0;44409.0
564200;46603.0;2074.0;44529.0
564300;46655.0;2086.0;44569.0
564400;46643.0;2074.0;44569.0
564500;46601.0;2032.0;44569.0
564600;46619.0;2050.0;44569.0
564700;46631.0;2062.0;44569.0
564800;46655.0;2086.0;44569.0
564900;46331.0;2122.0;44209.0
565000;46289.0;2080.0;44209.0
565100;46671.0;2062.0;44609.0
565200;46551.0;2062.0;44489.0
565300;46711.0;2062.0;44649.0
565400;46711.0;2062.0;44649.0
565500;46723.0;2074.0;44649.0
565600;46723.0;2074.0;44649.0
565700;46711.0;2062.0;44649.0
565800;46643.0;2074.0;44569.0
565900;46775.0;2086.0;44689.0
566000;46763.0;2074.0;44689.0
566100;46363.0;2074.0;44289.0
566200;46763.0;2074.0;44689.0
566300;47139.0;2050.0;45089.0
566400;46923.0;2074.0;44849.0
566500;46911.0;2062.0;44849.0
566600;46791.0;2062.0;44729.0
566700;46711.0;2062.0;44649.0
566800;46831.0;2062.0;44769.0
566900;46831.0;2062.0;44769.0
567000;46855.0;2086.0;44769.0
567100;46825.0;2056.0;44769.0
567200;46951.0;2062.0;44889.0
567300;46859.0;2050.0;44809.0
567400;46871.0;2062.0;44809.0
567500;46751.0;2062.0;44689.0
567600;46979.0;2050.0;44929.0
567700;46847.0;2038.0;44809.0
567800;46899.0;2050.0;44849.0
567900;46917.0;2068.0;44849.0
568000;46779.0;2050.0;44729.0
568100;46791.0;2062.0;44729.0
568200;47019.0;2050.0;44969.0
568300;46927.0;2038.0;44889.0
568400;46927.0;2038.0;44889.0
568500;46795.0;2026.0;44769.0
568600;46915.0;2026.0;44889.0
568700;46933.0;2044.0;44889.0
568800;46955.0;2026.0;44929.0
568900;46955.0;2026.0;44929.0
569000;46955.0;2026.0;44929.0
569100;46955.0;2026.0;44929.0
569200;46955.0;2026.0;44929.0
569300;47051.0;2002.0;45049.0
569400;46995.0;2026.0;44969.0
569500;46953.0;1984.0;44969.0
569600;47103.0;2014.0;45089.0
569700;46903.0;2014.0;44889.0
569800;46611.0;2002.0;44609.0
569900;47023.0;2014.0;45009.0
570000;47005.0;1996.0;45009.0
570100;47023.0;2014.0;45009.0
570200;47023.0;2014.0;45009.0
570300;47051.0;2002.0;45049.0
570400;47063.0;2014.0;45049.0
570500;47063.0;2014.0;45049.0
570600;47063.0;2014.0;45049.0
570700;47183.0;2014.0;45169.0
570800;47223.0;2014.0;45209.0
570900;47103.0;2014.0;45089.0
571000;47103.0;2014.0;45089.0
571100;46989.0;2020.0;44969.0
571200;47091.0;2002.0;45089.0
571300;47103.0;2014.0;45089.0
571400;47263.0;2014.0;45249.0
571500;47143.0;2014.0;45129.0
571600;47161.0;2032.0;45129.0
571700;47081.0;2032.0;45049.0
571800;47201.0;2032.0;45169.0
571900;47183.0;2014.0;45169.0
572000;47315.0;2026.0;45289.0
572100;47195.0;2026.0;45169.0
572200;47207.0;2038.0;45169.0
572300;47315.0;2026.0;45289.0
572400;47223.0;2014.0;45209.0
572500;47223.0;2014.0;45209.0
572600;47223.0;2014.0;45209.0
572700;47343.0;2014.0;45329.0
572800;47263.0;2014.0;45249.0
572900;47143.0;2014.0;45129.0
573000;47275.0;2026.0;45249.0
573100;47275.0;2026.0;45249.0
573200;47275.0;2026.0;45249.0
573300;47275.0;2026.0;45249.0
573400;47293.0;2044.0;45249.0
573500;46915.0;2026.0;44889.0
573600;47327.0;2038.0;45289.0
573700;47835.0;2026.0;45809.0
573800;47343.0;2014.0;45329.0
573900;47463.0;2014.0;45449.0
574000;47343.0;2014.0;45329.0
574100;47183.0;2014.0;45169.0
574200;47211.0;2002.0;45209.0
574300;47371.0;2002.0;45369.0
574400;47281.0;2032.0;45249.0
574500;47383.0;2014.0;45369.0
574600;47425.0;2056.0;45369.0
574700;47383.0;2014.0;45369.0
574800;47423.0;2014.0;45409.0
574900;47441.0;2032.0;45409.0
575000;47423.0;2014.0;45409.0
575100;47543.0;2014.0;45529.0
575200;47423.0;2014.0;45409.0
575300;47475.0;2026.0;45449.0
575400;47343.0;2014.0;45329.0
575500;47343.0;2014.0;45329.0
575600;47457.0;2008.0;45449.0
575700;47451.0;2002.0;45449.0
575800;47611.0;2002.0;45609.0
575900;47623.0;2014.0;45609.0
576000;47503.0;2014.0;45489.0
576100;47503.0;2014.0;45489.0
576200;47503.0;2014.0;45489.0
576300;47543.0;2014.0;45529.0
576400;47663.0;2014.0;45649.0
576500;47143.0;2014.0;45129.0
576600;47543.0;2014.0;45529.0
576700;47513.0;1984.0;45529.0
576800;47583.0;2014.0;45569.0
576900;47595.0;2026.0;45569.0
577000;47715.0;2026.0;45689.0
577100;47583.0;2014.0;45569.0
577200;47595.0;2026.0;45569.0
577300;47623.0;2014.0;45609.0
577400;47635.0;2026.0;45609.0
577500;47635.0;2026.0;45609.0
577600;47623.0;2014.0;45609.0
577700;47211.0;2002.0;45209.0
577800;47211.0;2002.0;45209.0
577900;47663.0;2014.0;45649.0
578000;47681.0;2032.0;45649.0
578100;47555.0;2026.0;45529.0
578200;47675.0;2026.0;45649.0
578300;47275.0;2026.0;45249.0
578400;47883.0;2074.0;45809.0
578500;47731.0;2042.0;45689.0
578600;47665.0;1976.0;45689.0
578700;47655.0;2046.0;45609.0
578800;47775.0;2046.0;45729.0
578900;47789.0;2060.0;45729.0
579000;47825.5;2096.5;45729.0
579100;47705.5;2096.5;45609.0
579200;47776.0;2047.0;45729.0
579300;47696.0;2047.0;45649.0
579400;47816.0;2047.0;45769.0
579500;47714.0;2065.0;45649.0
579600;47834.0;2065.0;45769.0
579700;47820.5;2051.5;45769.0
579800;47865.0;2056.0;45809.0
579900;47874.0;2065.0;45809.0
580000;47865.0;2056.0;45809.0
580100;47754.0;2065.0;45689.0
580200;47731.5;2042.5;45689.0
580300;47914.0;2065.0;45849.0
580400;47905.0;2056.0;45849.0
580500;48034.0;2065.0;45969.0
580600;47905.0;2056.0;45849.0
580700;47905.0;2056.0;45849.0
580800;48095.0;2086.0;46009.0
580900;47946.5;2057.5;45889.0
581000;47954.0;2065.0;45889.0
581100;47954.0;2065.0;45889.0
581200;48077.0;2068.0;46009.0
581300;47997.0;2068.0;45929.0
581400;47994.0;2065.0;45929.0
581500;47997.0;2068.0;45929.0
581600;47997.0;2068.0;45929.0
581700;47932.0;2083.0;45849.0
581800;48160.0;2071.0;46089.0
581900;47917.0;2068.0;45849.0
582000;47917.0;2068.0;45849.0
582100;47880.0;2071.0;45809.0
582200;47917.0;2068.0;45849.0
582300;48077.0;2068.0;46009.0
582400;48197.0;2068.0;46129.0
582500;48077.0;2068.0;46009.0
582600;48077.0;2068.0;46009.0
582700;48077.0;2068.0;46009.0
582800;48120.0;2071.0;46049.0
582900;47994.0;2065.0;45929.0
583000;48117.0;2068.0;46049.0
583100;48120.0;2071.0;46049.0
583200;48102.0;2053.0;46049.0
583300;48181.0;2092.0;46089.0
583400;48163.0;2074.0;46089.0
583500;48283.0;2074.0;46209.0
583600;48175.0;2086.0;46089.0
583700;48178.0;2089.0;46089.0
583800;48218.0;2089.0;46129.0
583900;48221.0;2092.0;46129.0
584000;48218.0;2089.0;46129.0
584100;48224.0;2095.0;46129.0
584200;48224.0;2095.0;46129.0
584300;48230.0;2101.0;46129.0
584400;48273.0;2104.0;46169.0
584500;48150.0;2101.0;46049.0
584600;48270.0;2101.0;46169.0
584700;48276.0;2107.0;46169.0
584800;48316.0;2107.0;46209.0
584900;48202.0;2113.0;46089.0
585000;48316.0;2107.0;46209.0
585100;48316.0;2107.0;46209.0
585200;48316.0;2107.0;46209.0
585300;48430.0;2101.0;46329.0
585400;48236.0;2107.0;46129.0
585500;48476.0;2107.0;46369.0
585600;48356.0;2107.0;46249.0
585700;48476.0;2107.0;46369.0
585800;48411.0;2122.0;46289.0
585900;48516.0;2107.0;46409.0
586000;48390.0;2101.0;46289.0
586100;48390.0;2101.0;46289.0
586200;48402.0;2113.0;46289.0
586300;48460.0;2131.0;46329.0
586400;48562.0;2113.0;46449.0
586500;48442.0;2113.0;46329.0
586600;48340.0;2131.0;46209.0
586700;48386.0;2137.0;46249.0
586800;48494.0;2125.0;46369.0
586900;48494.0;2125.0;46369.0
587000;48482.0;2113.0;46369.0
587100;48602.0;2113.0;46489.0
587200;48830.0;2101.0;46729.0
587300;48602.0;2113.0;46489.0
587400;48602.0;2113.0;46489.0
587500;48534.0;2125.0;46409.0
587600;48528.0;2119.0;46409.0
587700;48522.0;2113.0;46409.0
587800;48550.0;2101.0;46449.0
587900;48418.0;2089.0;46329.0
588000;48442.0;2113.0;46329.0
588100;48562.0;2113.0;46449.0
588200;48442.0;2113.0;46329.0
588300;48602.0;2113.0;46489.0
588400;48962.0;2113.0;46849.0
588500;48722.0;2113.0;46609.0
588600;48602.0;2113.0;46489.0
588700;48522.0;2113.0;46409.0
588800;48642.0;2113.0;46529.0
588900;48654.0;2125.0;46529.0
589000;48684.0;2035.0;46649.0
589100;48654.0;2125.0;46529.0
589200;48654.0;2125.0;46529.0
589300;48694.0;2125.0;46569.0
589400;48161.0;2152.0;46009.0
589500;48814.0;2125.0;46689.0
589600;48775.0;2206.0;46569.0
589700;48712.0;2143.0;46569.0
589800;48712.0;2143.0;46569.0
589900;48752.0;2143.0;46609.0
590000;48752.0;2143.0;46609.0
590100;48779.0;2170.0;46609.0
590200;48872.0;2143.0;46729.0
590300;48809.0;2080.0;46729.0
590400;48809.0;2080.0;46729.0
590500;48792.0;2143.0;46649.0
590600;48912.0;2143.0;46769.0
590700;48810.0;2161.0;46649.0
590800;48895.0;2206.0;46689.0
590900;48730.0;2161.0;46569.0
591000;48850.0;2161.0;46689.0
591100;48823.0;2134.0;46689.0
591200;48823.0;2134.0;46689.0
591300;48850.0;2161.0;46689.0
591400;48881.0;2152.0;46729.0
591500;48872.0;2143.0;46729.0
591600;48752.0;2143.0;46609.0
591700;48792.0;2143.0;46649.0
591800;48792.0;2143.0;46649.0
591900;49032.0;2143.0;46889.0
592000;48921.0;2152.0;46769.0
592100;48894.0;2125.0;46769.0
592200;48774.0;2125.0;46649.0
592300;48907.0;2098.0;46809.0
592400;48934.0;2125.0;46809.0
592500;48916.0;2107.0;46809.0
592600;48916.0;2107.0;46809.0
592700;48970.0;2161.0;46809.0
592800;49085.0;2116.0;46969.0
592900;48818.0;2089.0;46729.0
593000;48956.0;2107.0;46849.0
593100;48920.0;2071.0;46849.0
593200;49058.0;2089.0;46969.0
593300;48849.0;2080.0;46769.0
593400;48840.0;2071.0;46769.0
593500;48960.0;2071.0;46889.0
593600;48933.0;2044.0;46889.0
593700;48960.0;2071.0;46889.0
593800;49000.0;2071.0;46929.0
593900;49120.0;2071.0;47049.0
594000;49054.0;2125.0;46929.0
594100;49000.0;2071.0;46929.0
594200;48991.0;2062.0;46929.0
594300;48956.0;2107.0;46849.0
594400;49076.0;2107.0;46969.0
594500;49040.0;2071.0;46969.0
594600;48986.0;2017.0;46969.0
594700;49040.0;2071.0;46969.0
594800;49022.0;2053.0;46969.0
594900;49209.0;2080.0;47129.0
595000;49080.0;2071.0;47009.0
595100;49053.0;2044.0;47009.0
595200;49062.0;2053.0;47009.0
595300;48956.0;2107.0;46849.0
595400;49258.0;2089.0;47169.0
595500;49138.0;2089.0;47049.0
595600;49138.0;2089.0;47049.0
595700;49138.0;2089.0;47049.0
595800;49178.0;2089.0;47089.0
595900;49178.0;2089.0;47089.0
596000;49178.0;2089.0;47089.0
596100;49178.0;2089.0;47089.0
596200;49187.0;2098.0;47089.0
596300;49218.0;2089.0;47129.0
596400;49200.0;2071.0;47129.0
596500;49200.0;2071.0;47129.0
596600;49200.0;2071.0;47129.0
596700;49236.0;2107.0;47129.0
596800;49276.0;2107.0;47169.0
596900;49258.0;2089.0;47169.0
597000;49258.0;2089.0;47169.0
597100;49098.0;2089.0;47009.0
597200;49258.0;2089.0;47169.0
597300;49298.0;2089.0;47209.0
597400;49352.0;2143.0;47209.0
597500;49298.0;2089.0;47209.0
597600;49418.0;2089.0;47329.0
597700;49245.0;2116.0;47129.0
597800;49329.0;2080.0;47249.0
597900;49338.0;2089.0;47249.0
598000;49347.0;2098.0;47249.0
598100;49356.0;2107.0;47249.0
598200;49356.0;2107.0;47249.0
598300;49458.0;2089.0;47369.0
598400;49396.0;2107.0;47289.0
598500;49396.0;2107.0;47289.0
598600;49305.0;2016.0;47289.0
598700;49404.0;2115.0;47289.0
598800;49346.0;2137.0;47209.0
598900;49324.0;2115.0;47209.0
599000;49444.0;2115.0;47329.0
599100;49346.0;2137.0;47209.0
599200;49466.0;2137.0;47329.0
599300;49506.0;2137.0;47369.0
599400;49561.0;2192.0;47369.0
599500;49506.0;2137.0;47369.0
599600;49386.0;2137.0;47249.0
599700;49506.0;2137.0;47369.0
599800;49524.0;2115.0;47409.0
599900;49568.0;2159.0;47409.0
600000;49546.0;2137.0;47409.0
600100;49546.0;2137.0;47409.0
600200;49513.0;2104.0;47409.0
600300;49586.0;2137.0;47449.0
600400;49673.0;2104.0;47569.0
600500;49586.0;2137.0;47449.0
600600;49586.0;2137.0;47449.0
600700;49608.0;2159.0;47449.0
600800;49739.0;2170.0;47569.0
600900;49659.0;2170.0;47489.0
601000;49659.0;2170.0;47489.0
601100;49724.0;2115.0;47609.0
601200;49429.0;2060.0;47369.0
601300;49513.0;2104.0;47409.0
601400;49666.0;2137.0;47529.0
601500;49666.0;2137.0;47529.0
601600;49568.0;2159.0;47409.0
601700;49506.0;2137.0;47369.0
601800;49666.0;2137.0;47529.0
601900;49706.0;2137.0;47569.0
602000;49706.0;2137.0;47569.0
602100;49586.0;2137.0;47449.0
602200;49746.0;2137.0;47609.0
602300;49746.0;2137.0;47609.0
602400;49746.0;2137.0;47609.0
602500;49746.0;2137.0;47609.0
602600;49724.0;2115.0;47609.0
602700;49724.0;2115.0;47609.0
602800;49724.0;2115.0;47609.0
602900;49666.0;2137.0;47529.0
603000;49666.0;2137.0;47529.0
603100;49764.0;2115.0;47649.0
603200;49826.0;2137.0;47689.0
603300;49826.0;2137.0;47689.0
603400;49706.0;2137.0;47569.0
603500;49706.0;2137.0;47569.0
603600;49826.0;2137.0;47689.0
603700;49826.0;2137.0;47689.0
603800;49826.0;2137.0;47689.0
603900;49822.0;2093.0;47729.0
604000;49822.0;2093.0;47729.0
604100;49844.0;2115.0;47729.0
604200;49642.0;1993.0;47649.0
604300;49931.0;2162.0;47769.0
604400;49931.0;2162.0;47769.0
604500;50278.0;2149.0;48129.0
604600;50051.0;2162.0;47889.0
604700;50012.0;2123.0;47889.0
604800;49892.0;2123.0;47769.0
604900;49919.0;2110.0;47809.0
605000;49799.0;2110.0;47689.0
605100;49773.0;2084.0;47689.0
605200;49946.0;2097.0;47849.0
605300;49852.0;2123.0;47729.0
605400;49972.0;2123.0;47849.0
605500;49972.0;2123.0;47849.0
605600;49998.0;2149.0;47849.0
605700;50092.0;2123.0;47969.0
605800;49972.0;2123.0;47849.0
605900;49972.0;2123.0;47849.0
606000;50038.0;2149.0;47889.0
606100;49986.0;2097.0;47889.0
606200;50038.0;2149.0;47889.0
606300;50078.0;2149.0;47929.0
606400;50052.0;2123.0;47929.0
606500;50052.0;2123.0;47929.0
606600;50052.0;2123.0;47929.0
606700;50169.0;2240.0;47929.0
606800;50172.0;2123.0;48049.0
606900;50118.0;2149.0;47969.0
607000;49959.0;2110.0;47849.0
607100;49998.0;2149.0;47849.0
607200;50171.0;2162.0;48009.0
607300;50184.0;2175.0;48009.0
607400;50158.0;2149.0;48009.0
607500;50292.0;2123.0;48169.0
607600;50158.0;2149.0;48009.0
607700;50158.0;2149.0;48009.0
607800;50119.0;2110.0;48009.0
607900;50078.0;2149.0;47929.0
608000;50224.0;2175.0;48049.0
608100;50224.0;2175.0;48049.0
608200;50147.0;2058.0;48089.0
608300;50397.0;2188.0;48209.0
608400;50160.0;2071.0;48089.0
608500;50358.0;2149.0;48209.0
608600;50012.0;2123.0;47889.0
608700;50332.0;2123.0;48209.0
608800;50480.0;1991.0;48489.0
608900;50296.0;2167.0;48129.0
609000;50328.0;2199.0;48129.0
609100;50408.0;2279.0;48129.0
609200;50368.0;2199.0;48169.0
609300;50368.0;2199.0;48169.0
609400;50488.0;2199.0;48289.0
609500;50320.0;2151.0;48169.0
609600;50368.0;2199.0;48169.0
609700;50089.0;2040.0;48049.0
609800;50380.0;2211.0;48169.0
609900;50458.0;2249.0;48209.0
610000;50281.0;2192.0;48089.0
610100;50458.0;2249.0;48209.0
610200;50496.0;2287.0;48209.0
610300;50498.0;2249.0;48249.0
610400;50498.0;2249.0;48249.0
610500;50536.0;2287.0;48249.0
610600;50460.0;2211.0;48249.0
610700;50479.0;2230.0;48249.0
610800;50574.0;2325.0;48249.0
610900;50658.0;2249.0;48409.0
611000;50386.0;2097.0;48289.0
611100;50576.0;2287.0;48289.0
611200;50616.0;2287.0;48329.0
611300;50736.0;2287.0;48449.0
611400;50616.0;2287.0;48329.0
611500;50774.0;2325.0;48449.0
611600;50616.0;2287.0;48329.0
611700;50635.0;2306.0;48329.0
611800;50692.0;2363.0;48329.0
611900;50669.0;2420.0;48249.0
612000;50637.0;2268.0;48369.0
612100;50732.0;2363.0;48369.0
612200;50829.0;2420.0;48409.0
612300;50307.0;2458.0;47849.0
612400;50810.0;2401.0;48409.0
612500;50810.0;2401.0;48409.0
612600;50753.0;2344.0;48409.0
612700;50810.0;2401.0;48409.0
612800;50810.0;2401.0;48409.0
612900;50850.0;2401.0;48449.0
613000;50970.0;2401.0;48569.0
613100;50812.0;2363.0;48449.0
613200;50852.0;2363.0;48489.0
613300;50732.0;2363.0;48369.0
613400;51010.0;2401.0;48609.0
613500;50757.0;2268.0;48489.0
613600;50871.0;2382.0;48489.0
613700;50934.0;2325.0;48609.0
613800;50814.0;2325.0;48489.0
613900;50854.0;2325.0;48529.0
614000;50974.0;2325.0;48649.0
614100;50854.0;2325.0;48529.0
614200;50854.0;2325.0;48529.0
614300;50856.0;2287.0;48569.0
614400;50856.0;2287.0;48569.0
614500;50862.0;2173.0;48689.0
614600;50856.0;2287.0;48569.0
614700;50837.0;2268.0;48569.0
614800;50856.0;2287.0;48569.0
614900;50953.0;2344.0;48609.0
615000;50896.0;2287.0;48609.0
615100;50896.0;2287.0;48609.0
615200;50917.0;2268.0;48649.0
615300;50936.0;2287.0;48649.0
615400;51113.0;2344.0;48769.0
615500;51037.0;2268.0;48769.0
615600;50936.0;2287.0;48649.0
615700;50974.0;2325.0;48649.0
615800;50974.0;2325.0;48649.0
615900;51134.0;2325.0;48809.0
616000;51014.0;2325.0;48689.0
616100;50976.0;2287.0;48689.0
616200;51096.0;2287.0;48809.0
616300;51016.0;2287.0;48729.0
616400;51016.0;2287.0;48729.0
616500;50959.0;2230.0;48729.0
616600;51016.0;2287.0;48729.0
616700;51416.0;2287.0;49129.0
616800;50959.0;2230.0;48729.0
616900;51018.0;2249.0;48769.0
617000;51138.0;2249.0;48889.0
617100;51138.0;2249.0;48889.0
617200;51020.0;2211.0;48809.0
617300;51058.0;2249.0;48809.0
617400;50938.0;2249.0;48689.0
617500;51001.0;2192.0;48809.0
617600;51058.0;2249.0;48809.0
617700;50938.0;2249.0;48689.0
617800;51058.0;2249.0;48809.0
617900;51098.0;2249.0;48849.0
618000;51041.0;2192.0;48849.0
618100;51060.0;2211.0;48849.0
618200;51138.0;2249.0;48889.0
618300;51220.0;2211.0;49009.0
618400;51296.0;2287.0;49009.0
618500;51138.0;2249.0;48889.0
618600;51176.0;2287.0;48889.0
618700;50895.0;2006.0;48889.0
618800;51110.0;2221.0;48889.0
618900;51128.5;2199.5;48929.0
619000;51214.5;2285.5;48929.0
619100;51214.5;2285.5;48929.0
619200;51168.5;2199.5;48969.0
619300;51168.5;2199.5;48969.0
619400;51233.0;2264.0;48969.0
619500;51233.0;2264.0;48969.0
619600;51233.0;2264.0;48969.0
619700;51254.5;2285.5;48969.0
619800;51190.0;2221.0;48969.0
619900;51230.0;2221.0;49009.0
620000;51273.0;2264.0;49009.0
620100;51316.0;2307.0;49009.0
620200;51436.0;2307.0;49129.0
620300;51433.0;2264.0;49169.0
620400;51128.5;2199.5;48929.0
620500;51313.0;2264.0;49049.0
620600;51433.0;2264.0;49169.0
620700;51313.0;2264.0;49049.0
620800;51713.0;2264.0;49449.0
620900;51288.5;2199.5;49089.0
621000;51190.0;2221.0;48969.0
621100;51190.0;2221.0;48969.0
621200;51350.0;2221.0;49129.0
621300;51350.0;2221.0;49129.0
621400;51350.0;2221.0;49129.0
621500;51230.0;2221.0;49009.0
621600;51393.0;2264.0;49129.0
621700;51470.0;2221.0;49249.0
621800;51470.0;2221.0;49249.0
621900;51390.0;2221.0;49169.0
622000;51510.0;2221.0;49289.0
622100;51433.0;2264.0;49169.0
622200;51451.5;2242.5;49209.0
622300;51494.5;2285.5;49209.0
622400;51516.0;2307.0;49209.0
622500;51473.0;2264.0;49209.0
622600;51516.0;2307.0;49209.0
622700;51516.0;2307.0;49209.0
622800;51516.0;2307.0;49209.0
622900;51534.5;2285.5;49249.0
623000;51599.0;2350.0;49249.0
623100;51556.0;2307.0;49249.0
623200;51540.5;2371.5;49169.0
623300;51682.0;2393.0;49289.0
623400;51682.0;2393.0;49289.0
623500;51768.0;2479.0;49289.0
623600;51639.0;2350.0;49289.0
623700;51682.0;2393.0;49289.0
623800;51639.0;2350.0;49289.0
623900;51639.0;2350.0;49289.0
624000;51679.0;2350.0;49329.0
624100;51679.0;2350.0;49329.0
624200;51762.0;2393.0;49369.0
624300;51762.0;2393.0;49369.0
624400;51762.0;2393.0;49369.0
624500;51719.0;2350.0;49369.0
624600;51577.5;2328.5;49249.0
624700;51599.0;2350.0;49249.0
624800;51654.5;2285.5;49369.0
624900;51814.5;2285.5;49529.0
625000;51673.0;2264.0;49409.0
625100;51565.5;2156.5;49409.0
625200;51571.5;2242.5;49329.0
625300;51670.0;2221.0;49449.0
625400;51550.0;2221.0;49329.0
625500;51713.0;2264.0;49449.0
625600;51919.0;2350.0;49569.0
625700;51756.0;2307.0;49449.0
625800;51756.0;2307.0;49449.0
625900;51756.0;2307.0;49449.0
626000;51581.0;2092.0;49489.0
626100;51796.0;2307.0;49489.0
626200;51916.0;2307.0;49609.0
626300;51956.0;2307.0;49649.0
626400;51836.0;2307.0;49529.0
626500;51836.0;2307.0;49529.0
626600;51857.5;2328.5;49529.0
626700;51793.0;2264.0;49529.0
626800;51857.5;2328.5;49529.0
626900;51833.0;2264.0;49569.0
627000;51953.0;2264.0;49689.0
627100;51876.0;2307.0;49569.0
627200;51916.0;2307.0;49609.0
627300;51916.0;2307.0;49609.0
627400;52276.0;2307.0;49969.0
627500;51873.0;2264.0;49609.0
627600;51873.0;2264.0;49609.0
627700;51753.0;2264.0;49489.0
627800;51808.5;2199.5;49609.0
627900;51848.5;2199.5;49649.0
628000;51870.0;2221.0;49649.0
628100;51956.0;2307.0;49649.0
628200;51953.0;2264.0;49689.0
628300;51953.0;2264.0;49689.0
628400;51953.0;2264.0;49689.0
628500;52073.0;2264.0;49809.0
628600;51953.0;2264.0;49689.0
628700;51953.0;2264.0;49689.0
628800;51996.0;2307.0;49689.0
628900;52057.5;2328.5;49729.0
629000;51993.0;2264.0;49729.0
629100;52048.5;2199.5;49849.0
629200;51593.0;2264.0;49329.0
629300;51848.5;2199.5;49649.0
629400;51990.0;2221.0;49769.0
629500;51990.0;2221.0;49769.0
629600;52054.5;2285.5;49769.0
629700;51925.5;2156.5;49769.0
629800;51925.5;2156.5;49769.0
629900;51910.0;2221.0;49689.0
630000;51845.5;2156.5;49689.0
630100;52073.0;2264.0;49809.0
630200;51885.5;2156.5;49729.0
630300;52027.0;2178.0;49849.0
630400;52091.5;2242.5;49849.0
630500;52091.5;2242.5;49849.0
630600;52147.0;2178.0;49969.0
630700;52048.5;2199.5;49849.0
630800;52208.5;2199.5;50009.0
630900;52067.0;2178.0;49889.0
631000;52067.0;2178.0;49889.0
631100;52011.5;2242.5;49769.0
631200;52150.0;2221.0;49929.0
631300;52128.5;2199.5;49929.0
631400;52107.0;2178.0;49929.0
631500;52107.0;2178.0;49929.0
631600;52107.0;2178.0;49929.0
631700;51978.0;2049.0;49929.0
631800;52270.0;2221.0;50049.0
631900;52310.0;2221.0;50089.0
632000;52190.0;2221.0;49969.0
632100;52190.0;2221.0;49969.0
632200;52230.0;2221.0;50009.0
632300;52165.5;2156.5;50009.0
632400;52230.0;2221.0;50009.0
632500;52110.0;2221.0;49889.0
632600;52110.0;2221.0;49889.0
632700;52230.0;2221.0;50009.0
632800;52214.5;2285.5;49929.0
632900;52257.5;2328.5;49929.0
633000;52110.0;2221.0;49889.0
633100;52193.0;2264.0;49929.0
633200;52310.0;2221.0;50089.0
633300;52224.0;2135.0;50089.0
633400;52267.0;2178.0;50089.0
633500;52310.0;2221.0;50089.0
633600;52310.0;2221.0;50089.0
633700;52258.0;2049.0;50209.0
633800;52294.5;2285.5;50009.0
633900;52208.5;2199.5;50009.0
634000;52328.5;2199.5;50129.0
634100;52328.5;2199.5;50129.0
634200;52556.0;2307.0;50249.0
634300;52390.0;2221.0;50169.0
634400;52793.0;2264.0;50529.0
634500;52433.0;2264.0;50169.0
634600;52433.0;2264.0;50169.0
634700;52553.0;2264.0;50289.0
634800;52433.0;2264.0;50169.0
634900;52473.0;2264.0;50209.0
635000;52288.5;2199.5;50089.0
635100;52353.0;2264.0;50089.0
635200;52513.0;2264.0;50249.0
635300;52491.5;2242.5;50249.0
635400;52599.0;2350.0;50249.0
635500;52719.0;2350.0;50369.0
635600;52556.0;2307.0;50249.0
635700;52620.5;2371.5;50249.0
635800;52556.0;2307.0;50249.0
635900;52596.0;2307.0;50289.0
636000;52759.0;2350.0;50409.0
636100;52540.5;2371.5;50169.0
636200;52679.0;2350.0;50329.0
636300;52722.0;2393.0;50329.0
636400;52722.0;2393.0;50329.0
636500;52722.0;2393.0;50329.0
636600;52559.0;2350.0;50209.0
636700;52559.0;2350.0;50209.0
636800;52556.0;2307.0;50249.0
636900;52719.0;2350.0;50369.0
637000;52599.0;2350.0;50249.0
637100;52676.0;2307.0;50369.0
637200;52759.0;2350.0;50409.0
637300;52759.0;2350.0;50409.0
637400;52879.0;2350.0;50529.0
637500;52759.0;2350.0;50409.0
637600;52759.0;2350.0;50409.0
637700;52750.0;2221.0;50529.0
637800;52842.0;2393.0;50449.0
637900;52799.0;2350.0;50449.0
638000;52885.0;2436.0;50449.0
638100;52962.0;2393.0;50569.0
638200;52796.0;2307.0;50489.0
638300;52882.0;2393.0;50489.0
638400;52882.0;2393.0;50489.0
638500;52916.0;2307.0;50609.0
638600;52839.0;2350.0;50489.0
638700;52959.0;2350.0;50609.0
638800;52817.5;2328.5;50489.0
638900;52836.0;2307.0;50529.0
639000;52836.0;2307.0;50529.0
639100;52780.5;2371.5;50409.0
639200;52415.0;2006.0;50409.0
639300;52876.0;2307.0;50569.0
639400;52876.0;2307.0;50569.0
639500;52876.0;2307.0;50569.0
639600;52919.0;2350.0;50569.0
639700;52919.0;2350.0;50569.0
639800;52962.0;2393.0;50569.0
639900;53036.0;2307.0;50729.0
640000;52894.5;2285.5;50609.0
640100;53079.0;2350.0;50729.0
640200;53122.0;2393.0;50729.0
640300;53042.0;2393.0;50649.0
640400;52922.0;2393.0;50529.0
640500;53310.0;2541.0;50769.0
640600;53137.5;2488.5;50649.0
640700;53050.0;2401.0;50649.0
640800;53050.0;2401.0;50649.0
640900;53245.0;2436.0;50809.0
641000;53125.0;2436.0;50689.0
641100;53125.0;2436.0;50689.0
641200;53165.0;2436.0;50729.0
641300;53130.0;2401.0;50729.0
641400;53165.0;2436.0;50729.0
641500;53165.0;2436.0;50729.0
641600;53355.0;2506.0;50849.0
641700;53217.5;2488.5;50729.0
641800;53165.0;2436.0;50729.0
641900;53085.0;2436.0;50649.0
642000;53360.0;2471.0;50889.0
642100;53205.0;2436.0;50769.0
642200;53245.0;2436.0;50809.0
642300;53125.0;2436.0;50689.0
642400;53090.0;2401.0;50689.0
642500;53210.0;2401.0;50809.0
642600;53210.0;2401.0;50809.0
642700;53050.0;2401.0;50649.0
642800;53210.0;2401.0;50809.0
642900;53250.0;2401.0;50849.0
643000;52660.0;2331.0;50329.0
643100;53182.5;2453.5;50729.0
643200;53150.0;2261.0;50889.0
643300;53202.5;2313.5;50889.0
643400;53255.0;2366.0;50889.0
643500;53445.0;2436.0;51009.0
643600;53255.0;2366.0;50889.0
643700;53100.0;2331.0;50769.0
643800;53392.5;2383.5;51009.0
643900;53467.5;2418.5;51049.0
644000;53295.0;2366.0;50929.0
644100;53330.0;2401.0;50929.0
644200;53397.5;2348.5;51049.0
644300;53300.0;2331.0;50969.0
644400;53352.5;2383.5;50969.0
644500;53457.5;2488.5;50969.0
644600;53337.5;2488.5;50849.0
644700;53232.5;2383.5;50849.0
644800;53525.0;2436.0;51089.0
644900;53307.5;2418.5;50889.0
645000;53512.5;2383.5;51129.0
645100;53495.0;2366.0;51129.0
645200;53380.0;2331.0;51049.0
645300;53415.0;2366.0;51049.0
645400;53415.0;2366.0;51049.0
645500;53572.5;2523.5;51049.0
645600;53415.0;2366.0;51049.0
645700;53535.0;2366.0;51169.0
645800;53535.0;2366.0;51169.0
645900;53455.0;2366.0;51089.0
646000;53455.0;2366.0;51089.0
646100;53490.0;2401.0;51089.0
646200;53530.0;2401.0;51129.0
646300;53565.0;2436.0;51129.0
646400;53565.0;2436.0;51129.0
646500;53462.5;2453.5;51009.0
646600;53460.0;2331.0;51129.0
646700;53565.0;2436.0;51129.0
646800;53737.5;2488.5;51249.0
646900;53605.0;2436.0;51169.0
647000;53725.0;2436.0;51289.0
647100;53640.0;2471.0;51169.0
647200;53680.0;2471.0;51209.0
647300;53662.5;2453.5;51209.0
647400;53680.0;2471.0;51209.0
647500;53680.0;2471.0;51209.0
647600;53680.0;2471.0;51209.0
647700;53560.0;2471.0;51089.0
647800;53560.0;2471.0;51089.0
647900;53720.0;2471.0;51249.0
648000;53702.5;2453.5;51249.0
648100;53737.5;2488.5;51249.0
648200;53690.0;2401.0;51289.0
648300;53845.0;2436.0;51409.0
648400;53725.0;2436.0;51289.0
648500;53725.0;2436.0;51289.0
648600;53845.0;2436.0;51409.0
648700;53760.0;2471.0;51289.0
648800;53760.0;2471.0;51289.0
648900;53852.5;2523.5;51329.0
649000;53680.0;2471.0;51209.0
649100;53835.0;2506.0;51329.0
649200;53822.5;2453.5;51369.0
649300;53720.0;2471.0;51249.0
649400;53960.0;2471.0;51489.0
649500;53840.0;2471.0;51369.0
649600;53840.0;2471.0;51369.0
649700;53805.0;2436.0;51369.0
649800;53942.5;2453.5;51489.0
649900;53880.0;2471.0;51409.0
650000;53845.0;2436.0;51409.0
650100;53845.0;2436.0;51409.0
650200;53565.0;2436.0;51129.0
650300;53937.5;2488.5;51449.0
650400;53955.0;2506.0;51449.0
650500;53972.5;2523.5;51449.0
650600;53852.5;2523.5;51329.0
650700;53800.0;2471.0;51329.0
650800;54025.0;2576.0;51449.0
650900;53960.0;2471.0;51489.0
651000;53907.5;2418.5;51489.0
651100;53907.5;2418.5;51489.0
651200;54120.0;2471.0;51649.0
651300;54480.0;2471.0;52009.0
651400;54120.0;2471.0;51649.0
651500;53792.5;2383.5;51409.0
651600;54000.0;2471.0;51529.0
651700;54052.5;2523.5;51529.0
651800;54000.0;2471.0;51529.0
651900;53915.0;2506.0;51409.0
652000;54203.0;2634.0;51569.0
652100;54323.0;2634.0;51689.0
652200;54243.0;2634.0;51609.0
652300;54165.5;2556.5;51609.0
652400;54165.5;2556.5;51609.0
652500;54045.5;2556.5;51489.0
652600;54223.5;2494.5;51729.0
652700;54030.0;2541.0;51489.0
652800;54072.5;2463.5;51609.0
652900;54159.0;2510.0;51649.0
653000;54039.0;2510.0;51529.0
653100;54128.0;2479.0;51649.0
653200;54079.0;2510.0;51569.0
653300;54199.0;2510.0;51689.0
653400;54230.0;2541.0;51689.0
653500;54199.0;2510.0;51689.0
653600;54245.5;2556.5;51689.0
653700;54319.0;2510.0;51809.0
653800;54599.0;2510.0;52089.0
653900;54239.0;2510.0;51729.0
654000;54347.5;2618.5;51729.0
654100;54359.0;2510.0;51849.0
654200;54232.5;2463.5;51769.0
654300;54128.0;2479.0;51649.0
654400;54248.0;2479.0;51769.0
654500;54248.0;2479.0;51769.0
654600;54097.0;2448.0;51649.0
654700;54217.0;2448.0;51769.0
654800;54217.0;2448.0;51769.0
654900;54226.0;2417.0;51809.0
655000;54226.0;2417.0;51809.0
655100;54257.0;2448.0;51809.0
655200;54272.5;2463.5;51809.0
655300;54297.0;2448.0;51849.0
655400;54084.0;2235.0;51849.0
655500;54284.0;2435.0;51849.0
655600;54284.0;2435.0;51849.0
655700;54404.0;2435.0;51969.0
655800;54244.0;2475.0;51769.0
655900;54484.0;2475.0;52009.0
656000;54364.0;2475.0;51889.0
656100;54364.0;2475.0;51889.0
656200;54364.0;2475.0;51889.0
656300;54364.0;2475.0;51889.0
656400;54444.0;2515.0;51929.0
656500;54444.0;2515.0;51929.0
656600;54324.0;2515.0;51809.0
656700;54384.0;2455.0;51929.0
656800;54484.0;2555.0;51929.0
656900;54564.0;2595.0;51969.0
657000;54584.0;2495.0;52089.0
657100;54524.0;2555.0;51969.0
657200;54524.0;2515.0;52009.0
657300;54564.0;2555.0;52009.0
657400;54564.0;2555.0;52009.0
657500;54504.0;2615.0;51889.0
657600;54624.0;2615.0;52009.0
657700;54744.0;2615.0;52129.0
657800;54564.0;2555.0;52009.0
657900;54724.0;2555.0;52169.0
658000;54604.0;2555.0;52049.0
658100;54564.0;2515.0;52049.0
658200;54644.0;2555.0;52089.0
658300;54084.0;2555.0;51529.0
658400;54764.0;2555.0;52209.0
658500;54544.0;2575.0;51969.0
658600;54784.0;2695.0;52089.0
658700;54664.0;2575.0;52089.0
658800;54664.0;2575.0;52089.0
658900;54724.0;2595.0;52129.0
659000;54844.0;2595.0;52249.0
659100;54744.0;2615.0;52129.0
659200;54724.0;2555.0;52169.0
659300;54704.0;2535.0;52169.0
659400;54624.0;2455.0;52169.0
659500;54704.0;2535.0;52169.0
659600;54704.0;2655.0;52049.0
659700;54764.0;2595.0;52169.0
659800;54364.0;2595.0;51769.0
659900;54804.0;2595.0;52209.0
660000;54924.0;2595.0;52329.0
660100;54764.0;2555.0;52209.0
660200;54844.0;2595.0;52249.0
660300;54844.0;2595.0;52249.0
660400;54804.0;2555.0;52249.0
660500;54964.0;2595.0;52369.0
660600;54844.0;2595.0;52249.0
660700;54844.0;2595.0;52249.0
660800;54844.0;2595.0;52249.0
660900;54884.0;2595.0;52289.0
661000;55004.0;2595.0;52409.0
661100;54944.0;2655.0;52289.0
661200;54924.0;2595.0;52329.0
661300;54944.0;2615.0;52329.0
661400;54784.0;2455.0;52329.0
661500;54664.0;2535.0;52129.0
661600;55044.0;2715.0;52329.0
661700;54924.0;2595.0;52329.0
661800;55084.0;2635.0;52449.0
661900;54804.0;2555.0;52249.0
662000;54804.0;2555.0;52249.0
662100;55104.0;2615.0;52489.0
662200;54964.0;2555.0;52409.0
662300;55044.0;2635.0;52409.0
662400;54864.0;2575.0;52289.0
662500;54924.0;2515.0;52409.0
662600;55524.0;2595.0;52929.0
662700;55004.0;2595.0;52409.0
662800;55124.0;2595.0;52529.0
662900;55164.0;2595.0;52569.0
663000;55044.0;2595.0;52449.0
663100;55104.0;2535.0;52569.0
663200;55044.0;2555.0;52489.0
663300;55164.0;2555.0;52609.0
663400;55124.0;2515.0;52609.0
663500;55004.0;2515.0;52489.0
663600;55004.0;2515.0;52489.0
663700;55004.0;2515.0;52489.0
663800;55004.0;2515.0;52489.0
663900;54924.0;2515.0;52409.0
664000;55104.0;2575.0;52529.0
664100;55044.0;2515.0;52529.0
664200;55044.0;2515.0;52529.0
664300;55084.0;2515.0;52569.0
664400;55312.5;2743.5;52569.0
664500;55112.5;2743.5;52369.0
664600;55131.0;2562.0;52569.0
664700;55131.0;2562.0;52569.0
664800;54932.0;2363.0;52569.0
664900;55192.0;2583.0;52609.0
665000;55192.0;2583.0;52609.0
665100;55192.0;2583.0;52609.0
665200;55312.0;2583.0;52729.0
665300;55152.0;2623.0;52529.0
665400;55152.0;2623.0;52529.0
665500;55272.0;2623.0;52649.0
665600;55192.0;2543.0;52649.0
665700;55232.0;2583.0;52649.0
665800;55272.0;2623.0;52649.0
665900;55432.0;2623.0;52809.0
666000;55312.0;2623.0;52689.0
666100;55312.0;2623.0;52689.0
666200;55352.0;2623.0;52729.0
666300;55412.0;2563.0;52849.0
666400;55312.0;2583.0;52729.0
666500;55472.0;2623.0;52849.0
666600;55412.0;2683.0;52729.0
666700;55372.0;2643.0;52729.0
666800;55392.0;2663.0;52729.0
666900;55392.0;2623.0;52769.0
667000;55312.0;2543.0;52769.0
667100;55432.0;2663.0;52769.0
667200;55512.0;2703.0;52809.0
667300;55472.0;2663.0;52809.0
667400;55472.0;2663.0;52809.0
667500;55352.0;2663.0;52689.0
667600;55432.0;2623.0;52809.0
667700;55432.0;2623.0;52809.0
667800;55872.0;2663.0;53209.0
667900;55392.0;2663.0;52729.0
668000;55452.0;2723.0;52729.0
668100;55392.0;2663.0;52729.0
668200;55552.0;2663.0;52889.0
668300;55612.0;2723.0;52889.0
668400;55512.0;2623.0;52889.0
668500;55532.0;2643.0;52889.0
668600;55592.0;2703.0;52889.0
668700;55472.0;2703.0;52769.0
668800;55592.0;2703.0;52889.0
668900;55632.0;2703.0;52929.0
669000;55572.0;2643.0;52929.0
669100;55572.0;2643.0;52929.0
669200;55672.0;2703.0;52969.0
669300;55692.0;2723.0;52969.0
669400;55712.0;2743.0;52969.0
669500;55712.0;2743.0;52969.0
669600;55712.0;2743.0;52969.0
669700;55712.0;2743.0;52969.0
669800;55712.0;2743.0;52969.0
669900;55712.0;2703.0;53009.0
670000;55712.0;2703.0;53009.0
670100;55712.0;2703.0;53009.0
670200;55752.0;2703.0;53049.0
670300;55752.0;2703.0;53049.0
670400;55752.0;2703.0;53049.0
670500;55752.0;2703.0;53049.0
670600;55772.0;2723.0;53049.0
670700;55752.0;2703.0;53049.0
670800;55712.0;2743.0;52969.0
670900;55832.0;2743.0;53089.0
671000;55712.0;2743.0;52969.0
671100;55772.0;2683.0;53089.0
671200;55972.0;2843.0;53129.0
671300;55832.0;2703.0;53129.0
671400;55832.0;2703.0;53129.0
671500;55832.0;2703.0;53129.0
671600;55832.0;2703.0;53129.0
671700;55952.0;2703.0;53249.0
671800;55872.0;2743.0;53129.0
671900;55912.0;2743.0;53169.0
672000;55932.0;2763.0;53169.0
672100;55872.0;2703.0;53169.0
672200;55772.0;2563.0;53209.0
672300;55872.0;2663.0;53209.0
672400;55912.0;2703.0;53209.0
672500;55912.0;2703.0;53209.0
672600;55912.0;2703.0;53209.0
672700;55912.0;2703.0;53209.0
672800;55952.0;2743.0;53209.0
672900;55912.0;2663.0;53249.0
673000;55912.0;2663.0;53249.0
673100;55972.0;2723.0;53249.0
673200;56032.0;2663.0;53369.0
673300;56032.0;2623.0;53409.0
673400;56212.0;2803.0;53409.0
673500;55872.0;2583.0;53289.0
673600;56312.0;2623.0;53689.0
673700;55952.0;2663.0;53289.0
673800;55952.0;2663.0;53289.0
673900;55852.0;2643.0;53209.0
674000;55972.0;2643.0;53329.0
674100;55912.0;2463.0;53449.0
674200;55972.0;2523.0;53449.0
674300;56112.0;2663.0;53449.0
674400;56212.0;2843.0;53369.0
674500;55992.0;2623.0;53369.0
674600;55832.0;2463.0;53369.0
674700;56032.0;2663.0;53369.0
674800;55952.0;2663.0;53289.0
674900;56172.0;2763.0;53409.0
675000;56072.0;2663.0;53409.0
675100;55952.0;2663.0;53289.0
675200;56192.0;2663.0;53529.0
675300;56112.0;2663.0;53449.0
675400;56272.0;2703.0;53569.0
675500;56152.0;2703.0;53449.0
675600;56052.0;2603.0;53449.0
675700;56112.0;2663.0;53449.0
675800;56092.0;2643.0;53449.0
675900;56152.0;2663.0;53489.0
676000;56152.0;2663.0;53489.0
676100;56092.0;2603.0;53489.0
676200;56132.0;2603.0;53529.0
676300;56152.0;2623.0;53529.0
676400;56272.0;2743.0;53529.0
676500;56032.0;2623.0;53409.0
676600;56152.0;2623.0;53529.0
676700;56112.0;2583.0;53529.0
676800;56152.0;2623.0;53529.0
676900;56132.0;2563.0;53569.0
677000;56032.0;2583.0;53449.0
677100;56152.0;2583.0;53569.0
677200;56112.0;2503.0;53609.0
677300;56192.0;2583.0;53609.0
677400;56152.0;2543.0;53609.0
677500;56152.0;2543.0;53609.0
677600;56192.0;2583.0;53609.0
677700;56192.0;2583.0;53609.0
677800;56312.0;2583.0;53729.0
677900;56232.0;2583.0;53649.0
678000;56232.0;2583.0;53649.0
678100;56152.0;2503.0;53649.0
678200;56292.0;2603.0;53689.0
678300;56292.0;2603.0;53689.0
678400;56272.0;2583.0;53689.0
678500;56272.0;2583.0;53689.0
678600;56432.0;2583.0;53849.0
678700;56272.0;2583.0;53689.0
678800;56352.0;2543.0;53809.0
678900;56192.0;2583.0;53609.0
679000;56312.0;2583.0;53729.0
679100;56312.0;2583.0;53729.0
679200;56312.0;2543.0;53769.0
679300;56048.0;2279.0;53769.0
679400;56048.0;2279.0;53769.0
679500;56324.0;2555.0;53769.0
679600;56444.0;2555.0;53889.0
679700;56260.0;2371.0;53889.0
679800;56094.0;2325.0;53769.0
679900;56438.0;2509.0;53929.0
680000;56484.0;2555.0;53929.0
680100;56433.0;2624.0;53809.0
680200;56404.0;2555.0;53849.0
680300;56404.0;2555.0;53849.0
680400;56404.0;2555.0;53849.0
680500;56358.0;2509.0;53849.0
680600;56542.0;2693.0;53849.0
680700;56404.0;2555.0;53849.0
680800;56404.0;2555.0;53849.0
680900;56444.0;2555.0;53889.0
681000;56444.0;2555.0;53889.0
681100;56421.0;2532.0;53889.0
681200;56530.0;2601.0;53929.0
681300;56438.0;2509.0;53929.0
681400;56484.0;2555.0;53929.0
681500;56364.0;2555.0;53809.0
681600;56484.0;2555.0;53929.0
681700;56484.0;2555.0;53929.0
681800;56484.0;2555.0;53929.0
681900;56524.0;2555.0;53969.0
682000;56570.0;2601.0;53969.0
682100;56570.0;2601.0;53969.0
682200;56610.0;2601.0;54009.0
682300;56610.0;2601.0;54009.0
682400;56490.0;2601.0;53889.0
682500;56490.0;2601.0;53889.0
682600;56490.0;2601.0;53889.0
682700;56661.0;2532.0;54129.0
682800;56688.0;2279.0;54409.0
682900;56484.0;2555.0;53929.0
683000;56581.0;2532.0;54049.0
683100;56650.0;2601.0;54049.0
683200;56604.0;2555.0;54049.0
683300;56833.0;2624.0;54209.0
683400;56690.0;2601.0;54089.0
683500;56690.0;2601.0;54089.0
683600;56570.0;2601.0;53969.0
683700;56690.0;2601.0;54089.0
683800;56690.0;2601.0;54089.0
683900;57159.0;2670.0;54489.0
684000;56776.0;2647.0;54129.0
684100;56822.0;2693.0;54129.0
684200;56822.0;2693.0;54129.0
684300;56816.0;2647.0;54169.0
684400;56770.0;2601.0;54169.0
684500;56210.0;2601.0;53609.0
684600;56770.0;2601.0;54169.0
684700;56816.0;2647.0;54169.0
684800;56913.0;2624.0;54289.0
684900;56930.0;2601.0;54329.0
685000;56741.0;2532.0;54209.0
685100;56810.0;2601.0;54209.0
685200;56850.0;2601.0;54249.0
685300;56804.0;2555.0;54249.0
685400;56804.0;2555.0;54249.0
685500;56970.0;2601.0;54369.0
685600;56850.0;2601.0;54249.0
685700;56896.0;2647.0;54249.0
685800;56896.0;2647.0;54249.0
685900;56844.0;2555.0;54289.0
686000;56890.0;2601.0;54289.0
686100;56844.0;2555.0;54289.0
686200;56838.0;2509.0;54329.0
686300;56810.0;2601.0;54209.0
686400;56490.0;2601.0;53889.0
686500;56999.0;2670.0;54329.0
686600;56999.0;2670.0;54329.0
686700;56930.0;2601.0;54329.0
686800;56930.0;2601.0;54329.0
686900;57016.0;2647.0;54369.0
687000;57016.0;2647.0;54369.0
687100;56970.0;2601.0;54369.0
687200;57010.0;2601.0;54409.0
687300;56964.0;2555.0;54409.0
687400;57010.0;2601.0;54409.0
687500;56890.0;2601.0;54289.0
687600;56826.0;2417.0;54409.0
687700;56844.0;2555.0;54289.0
687800;56918.0;2509.0;54409.0
687900;57050.0;2601.0;54449.0
688000;57004.0;2555.0;54449.0
688100;57027.0;2578.0;54449.0
688200;57067.0;2578.0;54489.0
688300;57044.0;2555.0;54489.0
688400;57164.0;2555.0;54609.0
688500;56558.0;2509.0;54049.0
688600;56883.0;2394.0;54489.0
688700;57210.0;2601.0;54609.0
688800;57044.0;2555.0;54489.0
688900;57044.0;2555.0;54489.0
689000;57084.0;2555.0;54529.0
689100;57153.0;2624.0;54529.0
689200;57124.0;2555.0;54569.0
689300;57124.0;2555.0;54569.0
689400;56935.0;2486.0;54449.0
689500;57244.0;2555.0;54689.0
689600;56871.0;2302.0;54569.0
689700;56940.0;2371.0;54569.0
689800;56998.0;2509.0;54489.0
689900;56998.0;2509.0;54489.0
690000;57118.0;2509.0;54609.0
690100;56998.0;2509.0;54489.0
690200;57250.0;2601.0;54649.0
690300;57130.0;2601.0;54529.0
690400;57204.0;2555.0;54649.0
690500;57038.0;2509.0;54529.0
690600;57558.0;2509.0;55049.0
690700;57278.0;2509.0;54769.0
690800;57112.0;2463.0;54649.0
690900;57198.0;2509.0;54689.0
691000;57244.0;2555.0;54689.0
691100;57198.0;2509.0;54689.0
691200;56798.0;2509.0;54289.0
691300;57238.0;2509.0;54729.0
691400;57238.0;2509.0;54729.0
691500;57169.0;2440.0;54729.0
691600;57404.0;2555.0;54849.0
691700;57049.0;2440.0;54609.0
691800;57238.0;2509.0;54729.0
691900;57278.0;2509.0;54769.0
692000;57467.0;2578.0;54889.0
692100;57324.0;2555.0;54769.0
692200;57410.0;2601.0;54809.0
692300;57318.0;2509.0;54809.0
692400;57364.0;2555.0;54809.0
692500;56993.0;2624.0;54369.0
692600;57318.0;2509.0;54809.0
692700;57438.0;2509.0;54929.0
692800;57249.0;2440.0;54809.0
692900;57289.0;2440.0;54849.0
693000;57524.0;2555.0;54969.0
693100;57312.0;2463.0;54849.0
693200;57186.0;2417.0;54769.0
693300;57306.0;2417.0;54889.0
693400;57306.0;2417.0;54889.0
693500;57352.0;2463.0;54889.0
693600;57352.0;2463.0;54889.0
693700;57186.0;2417.0;54769.0
693800;57513.0;2624.0;54889.0
693900;57706.0;2417.0;55289.0
694000;57226.0;2417.0;54809.0
694100;57226.0;2417.0;54809.0
694200;57432.0;2463.0;54969.0
694300;57570.0;2601.0;54969.0
694400;57792.0;2463.0;55329.0
694500;57312.0;2463.0;54849.0
694600;57386.0;2417.0;54969.0
694700;57432.0;2463.0;54969.0
694800;57483.0;2394.0;55089.0
694900;57472.0;2463.0;55009.0
695000;57472.0;2463.0;55009.0
695100;57472.0;2463.0;55009.0
695200;57512.0;2463.0;55049.0
695300;57254.0;2325.0;54929.0
695400;57793.0;2624.0;55169.0
695500;57673.0;2624.0;55049.0
695600;57678.0;2509.0;55169.0
695700;57558.0;2509.0;55049.0
695800;57558.0;2509.0;55049.0
695900;57598.0;2509.0;55089.0
696000;57639.0;2670.0;54969.0
696100;57552.0;2463.0;55089.0
696200;57506.0;2417.0;55089.0
696300;57426.0;2417.0;55009.0
696400;57592.0;2463.0;55129.0
696500;57592.0;2463.0;55129.0
696600;57638.0;2509.0;55129.0
696700;57564.0;2555.0;55009.0
696800;57518.0;2509.0;55009.0
696900;57678.0;2509.0;55169.0
697000;57724.0;2555.0;55169.0
697100;57701.0;2532.0;55169.0
697200;57552.0;2463.0;55089.0
697300;57672.0;2463.0;55209.0
697400;57603.0;2394.0;55209.0
697500;57552.0;2463.0;55089.0
697600;57810.0;2601.0;55209.0
697700;57621.0;2532.0;55089.0
697800;57718.0;2509.0;55209.0
697900;57712.0;2463.0;55249.0
698000;57592.0;2463.0;55129.0
698100;57804.0;2555.0;55249.0
698200;57844.0;2555.0;55289.0
698300;57706.0;2417.0;55289.0
698400;57660.0;2371.0;55289.0
698500;57609.0;2440.0;55169.0
698600;57706.0;2417.0;55289.0
698700;57660.0;2371.0;55289.0
698800;57826.0;2417.0;55409.0
698900;57746.0;2417.0;55329.0
699000;57746.0;2417.0;55329.0
699100;57700.0;2371.0;55329.0
699200;57878.0;2509.0;55369.0
699300;57740.0;2371.0;55369.0
699400;57722.0;2233.0;55489.0
699500;57786.0;2417.0;55369.0
699600;57809.0;2440.0;55369.0
699700;57740.0;2371.0;55369.0
699800;57786.0;2417.0;55369.0
699900;57987.0;2578.0;55409.0
700000;57872.0;2463.0;55409.0
700100;57872.0;2463.0;55409.0
700200;57992.0;2463.0;55529.0
700300;57792.0;2463.0;55329.0
700400;57912.0;2463.0;55449.0
700500;57912.0;2463.0;55449.0
700600;57912.0;2463.0;55449.0
700700;57912.0;2463.0;55449.0
700800;57911.0;2302.0;55609.0
700900;57832.0;2463.0;55369.0
701000;57391.0;2302.0;55089.0
701100;57860.0;2371.0;55489.0
701200;57992.0;2463.0;55529.0
701300;57992.0;2463.0;55529.0
701400;58181.0;2532.0;55649.0
701500;57992.0;2463.0;55529.0
701600;58043.0;2394.0;55649.0
701700;58158.0;2509.0;55649.0
701800;58038.0;2509.0;55529.0
701900;57912.0;2463.0;55449.0
702000;57991.0;2302.0;55689.0
702100;58323.0;2394.0;55929.0
702200;57586.0;2417.0;55169.0
702300;58026.0;2417.0;55609.0
702400;58026.0;2417.0;55609.0
702500;58306.0;2417.0;55889.0
702600;58026.0;2417.0;55609.0
702700;58026.0;2417.0;55609.0
702800;58026.0;2417.0;55609.0
702900;58066.0;2417.0;55649.0
703000;57877.0;2348.0;55529.0
703100;58020.0;2371.0;55649.0
703200;57940.0;2371.0;55569.0
703300;57917.0;2348.0;55569.0
703400;57940.0;2371.0;55569.0
703500;58180.0;2371.0;55809.0
703600;58134.0;2325.0;55809.0
703700;58180.0;2371.0;55809.0
703800;58083.0;2394.0;55689.0
703900;57944.0;2095.0;55849.0
704000;58031.0;2302.0;55729.0
704100;58100.0;2371.0;55729.0
704200;58238.0;2509.0;55729.0
704300;58140.0;2371.0;55769.0
704400;58025.0;2256.0;55769.0
704500;58140.0;2371.0;55769.0
704600;58609.0;2440.0;56169.0
704700;58186.0;2417.0;55769.0
704800;58209.0;2440.0;55769.0
704900;58300.0;2371.0;55929.0
705000;58300.0;2371.0;55929.0
705100;58180.0;2371.0;55809.0
705200;58312.0;2463.0;55849.0
705300;58312.0;2463.0;55849.0
705400;58266.0;2417.0;55849.0
705500;58427.0;2578.0;55849.0
705600;58312.0;2463.0;55849.0
705700;57912.0;2463.0;55449.0
705800;58455.0;2486.0;55969.0
705900;58426.0;2417.0;56009.0
706000;58306.0;2417.0;55889.0
706100;58306.0;2417.0;55889.0
706200;58369.0;2440.0;55929.0
706300;58346.0;2417.0;55929.0
706400;58420.0;2371.0;56049.0
706500;58512.0;2463.0;56049.0
706600;58277.0;2348.0;55929.0
706700;58346.0;2417.0;55929.0
706800;58346.0;2417.0;55929.0
706900;58386.0;2417.0;55969.0
707000;58363.0;2394.0;55969.0
707100;58340.0;2371.0;55969.0
707200;58306.0;2417.0;55889.0
707300;58426.0;2417.0;56009.0
707400;58426.0;2417.0;56009.0
707500;58334.0;2325.0;56009.0
707600;58449.0;2440.0;56009.0
707700;58334.0;2325.0;56009.0
707800;58334.0;2325.0;56009.0
707900;58300.0;2371.0;55929.0
708000;58420.0;2371.0;56049.0
708100;58540.0;2371.0;56169.0
708200;58494.0;2325.0;56169.0
708300;58471.0;2302.0;56169.0
708400;58580.0;2371.0;56209.0
708500;58460.0;2371.0;56089.0
708600;58414.0;2325.0;56089.0
708700;58460.0;2371.0;56089.0
708800;58460.0;2371.0;56089.0
708900;58500.0;2371.0;56129.0
709000;58408.0;2279.0;56129.0
709100;58454.0;2325.0;56129.0
709200;58494.0;2325.0;56169.0
709300;58494.0;2325.0;56169.0
709400;58420.0;2371.0;56049.0
709500;58654.0;2325.0;56329.0
709600;58448.0;2279.0;56169.0
709700;58448.0;2279.0;56169.0
709800;58457.0;2288.0;56169.0
709900;58460.0;2251.0;56209.0
710000;58627.0;2418.0;56209.0
710100;58592.0;2263.0;56329.0
710200;58512.0;2263.0;56249.0
710300;58403.5;2154.5;56249.0
710400;58543.0;2294.0;56249.0
710500;58392.0;2263.0;56129.0
710600;58512.0;2263.0;56249.0
710700;58512.0;2263.0;56249.0
710800;58521.0;2232.0;56289.0
710900;58614.0;2325.0;56289.0
711000;58474.5;2185.5;56289.0
711100;58370.0;2201.0;56169.0
711200;58530.0;2201.0;56329.0
711300;58545.5;2216.5;56329.0
711400;58530.0;2201.0;56329.0
711500;58530.0;2201.0;56329.0
711600;58345.0;2016.0;56329.0
711700;58591.0;2262.0;56329.0
711800;58550.0;2221.0;56329.0
711900;58550.0;2221.0;56329.0
712000;58751.0;2262.0;56489.0
712100;58549.0;2180.0;56369.0
712200;58510.0;2221.0;56289.0
712300;58630.0;2221.0;56409.0
712400;58650.5;2241.5;56409.0
712500;58609.5;2200.5;56409.0
712600;58732.5;2323.5;56409.0
712700;58732.5;2323.5;56409.0
712800;58671.0;2262.0;56409.0
712900;58752.0;2303.0;56449.0
713000;59191.0;2262.0;56929.0
713100;58793.0;2344.0;56449.0
713200;58792.0;2303.0;56489.0
713300;58792.0;2303.0;56489.0
713400;58821.5;2452.5;56369.0
713500;58771.0;2282.0;56489.0
713600;58922.0;2313.0;56609.0
713700;58682.0;2313.0;56369.0
713800;58802.0;2313.0;56489.0
713900;58873.0;2344.0;56529.0
714000;58873.0;2344.0;56529.0
714100;58873.0;2344.0;56529.0
714200;58882.0;2313.0;56569.0
714300;58944.0;2375.0;56569.0
714400;58913.0;2344.0;56569.0
714500;58824.0;2375.0;56449.0
714600;58882.0;2313.0;56569.0
714700;58882.0;2313.0;56569.0
714800;58928.5;2359.5;56569.0
714900;58648.0;2159.0;56489.0
715000;58973.0;2364.0;56609.0
715100;58911.5;2302.5;56609.0
715200;58973.0;2364.0;56609.0
715300;59136.0;2487.0;56649.0
715400;59136.0;2487.0;56649.0
715500;59013.0;2364.0;56649.0
715600;59054.0;2405.0;56649.0
715700;59013.0;2364.0;56649.0
715800;59054.0;2405.0;56649.0
715900;59094.0;2405.0;56689.0
716000;59094.0;2405.0;56689.0
716100;59094.0;2405.0;56689.0
716200;58993.5;2384.5;56609.0
716300;59055.0;2446.0;56609.0
716400;59321.0;2592.0;56729.0
716500;59146.0;2417.0;56729.0
716600;59198.5;2469.5;56729.0
716700;59146.0;2417.0;56729.0
716800;59146.0;2417.0;56729.0
716900;59186.0;2417.0;56769.0
717000;59186.0;2417.0;56769.0
717100;59186.0;2417.0;56769.0
717200;59103.5;2294.5;56809.0
717300;59226.0;2417.0;56809.0
717400;59261.0;2452.0;56809.0
717500;59106.0;2417.0;56689.0
717600;59226.0;2417.0;56809.0
717700;59226.0;2417.0;56809.0
717800;59051.0;2242.0;56809.0
717900;59403.5;2434.5;56969.0
718000;59491.0;2522.0;56969.0
718100;59268.5;2539.5;56729.0
718200;59306.0;2417.0;56889.0
718300;59306.0;2417.0;56889.0
718400;59306.0;2417.0;56889.0
718500;59288.5;2399.5;56889.0
718600;59306.0;2417.0;56889.0
718700;59306.0;2417.0;56889.0
718800;59426.0;2417.0;57009.0
718900;59311.0;2382.0;56929.0
719000;59311.0;2382.0;56929.0
719100;59363.5;2434.5;56929.0
719200;59206.0;2277.0;56929.0
719300;59351.0;2382.0;56969.0
719400;59386.0;2417.0;56969.0
719500;59386.0;2417.0;56969.0
719600;59386.0;2417.0;56969.0
719700;59266.0;2417.0;56849.0
719800;59253.5;2364.5;56889.0
719900;59306.0;2417.0;56889.0
720000;59426.0;2417.0;57009.0
720100;59373.5;2364.5;57009.0
720200;59426.0;2417.0;57009.0
720300;59586.0;2417.0;57169.0
720400;59466.0;2417.0;57049.0
720500;59466.0;2417.0;57049.0
720600;59501.0;2452.0;57049.0
720700;59431.0;2382.0;57049.0
720800;59431.0;2382.0;57049.0
720900;59591.0;2382.0;57209.0
721000;59298.5;2329.5;56969.0
721100;59453.5;2364.5;57089.0
721200;59385.5;2376.5;57009.0
721300;59505.5;2376.5;57129.0
721400;59492.0;2363.0;57129.0
721500;59519.0;2390.0;57129.0
721600;59505.5;2376.5;57129.0
721700;59465.0;2336.0;57129.0
721800;59465.0;2336.0;57129.0
721900;59505.0;2336.0;57169.0
722000;59478.0;2309.0;57169.0
722100;59545.5;2376.5;57169.0
722200;59425.0;2336.0;57089.0
722300;59384.5;2295.5;57089.0
722400;59425.0;2336.0;57089.0
722500;59425.0;2336.0;57089.0
722600;59545.0;2336.0;57209.0
722700;59504.5;2295.5;57209.0
722800;59615.0;2406.0;57209.0
722900;59565.0;2316.0;57249.0
723000;59605.0;2356.0;57249.0
723100;59575.0;2326.0;57249.0
723200;59495.0;2326.0;57169.0
723300;59485.0;2316.0;57169.0
723400;59465.0;2296.0;57169.0
723500;59585.0;2296.0;57289.0
723600;59625.0;2336.0;57289.0
723700;59625.0;2336.0;57289.0
723800;59605.0;2316.0;57289.0
723900;59625.0;2296.0;57329.0
724000;59545.0;2336.0;57209.0
724100;59665.0;2336.0;57329.0
724200;59585.0;2336.0;57249.0
724300;59795.0;2426.0;57369.0
724400;59595.0;2346.0;57249.0
724500;59705.0;2336.0;57369.0
724600;59725.0;2356.0;57369.0
724700;59585.0;2336.0;57249.0
724800;59701.0;2212.0;57489.0
724900;59641.0;2352.0;57289.0
725000;59761.0;2352.0;57409.0
725100;59733.0;2324.0;57409.0
725200;59801.0;2352.0;57449.0
725300;59843.0;2394.0;57449.0
725400;59829.0;2380.0;57449.0
725500;59829.0;2380.0;57449.0
725600;59829.0;2380.0;57449.0
725700;59829.0;2380.0;57449.0
725800;59935.0;2366.0;57569.0
725900;59911.0;2422.0;57489.0
726000;59869.0;2380.0;57489.0
726100;59441.0;2352.0;57089.0
726200;59909.0;2380.0;57529.0
726300;59937.0;2408.0;57529.0
726400;59747.0;2338.0;57409.0
726500;59881.0;2352.0;57529.0
726600;59909.0;2380.0;57529.0
726700;60085.0;2436.0;57649.0
726800;59881.0;2352.0;57529.0
726900;59921.0;2352.0;57569.0
727000;59921.0;2352.0;57569.0
727100;59921.0;2352.0;57569.0
727200;59961.0;2352.0;57609.0
727300;60165.0;2436.0;57729.0
727400;59961.0;2352.0;57609.0
727500;60003.0;2394.0;57609.0
727600;60087.0;2478.0;57609.0
727700;59989.0;2380.0;57609.0
727800;59989.0;2380.0;57609.0
727900;60029.0;2380.0;57649.0
728000;60029.0;2380.0;57649.0
728100;60029.0;2380.0;57649.0
728200;60139.0;2450.0;57689.0
728300;60027.0;2338.0;57689.0
728400;60069.0;2380.0;57689.0
728500;60041.0;2352.0;57689.0
728600;60161.0;2352.0;57809.0
728700;60083.0;2394.0;57689.0
728800;60041.0;2352.0;57689.0
728900;59989.0;2380.0;57609.0
729000;60109.0;2380.0;57729.0
729100;60109.0;2380.0;57729.0
729200;60121.0;2352.0;57769.0
729300;60163.0;2394.0;57769.0
729400;60163.0;2394.0;57769.0
729500;60163.0;2394.0;57769.0
729600;60121.0;2352.0;57769.0
729700;60121.0;2352.0;57769.0
729800;60121.0;2352.0;57769.0
729900;60161.0;2352.0;57809.0
730000;60133.0;2324.0;57809.0
730100;60175.0;2366.0;57809.0
730200;60173.0;2324.0;57849.0
730300;59733.0;2324.0;57409.0
730400;60173.0;2324.0;57849.0
730500;60173.0;2324.0;57849.0
730600;60215.0;2366.0;57849.0
730700;60083.0;2394.0;57689.0
730800;60173.0;2324.0;57849.0
730900;60241.0;2352.0;57889.0
731000;60335.5;2446.5;57889.0
731100;60130.0;2361.0;57769.0
731200;60309.0;2380.0;57929.0
731300;60309.0;2380.0;57929.0
731400;60309.0;2380.0;57929.0
731500;60233.0;2304.0;57929.0
731600;60309.0;2380.0;57929.0
731700;60309.0;2380.0;57929.0
731800;60299.5;2370.5;57929.0
731900;60349.0;2380.0;57969.0
732000;60377.5;2408.5;57969.0
732100;60320.5;2351.5;57969.0
732200;60294.0;2285.0;58009.0
732300;60389.0;2380.0;58009.0
732400;60370.0;2361.0;58009.0
732500;60269.0;2380.0;57889.0
732600;60408.0;2399.0;58009.0
732700;60389.0;2380.0;58009.0
732800;60436.5;2427.5;58009.0
732900;60549.0;2380.0;58169.0
733000;60429.0;2380.0;58049.0
733100;60429.0;2380.0;58049.0
733200;60539.5;2370.5;58169.0
733300;60589.0;2380.0;58209.0
733400;60570.0;2361.0;58209.0
733500;60450.0;2361.0;58089.0
733600;60450.0;2361.0;58089.0
733700;60189.0;2220.0;57969.0
733800;60452.0;2363.0;58089.0
733900;60664.0;2415.0;58249.0
734000;60586.0;2337.0;58249.0
734100;60453.0;2324.0;58129.0
734200;60453.0;2324.0;58129.0
734300;60373.0;2324.0;58049.0
734400;60425.0;2376.0;58049.0
734500;60532.0;2363.0;58169.0
734600;60532.0;2363.0;58169.0
734700;60558.0;2389.0;58169.0
734800;60519.0;2350.0;58169.0
734900;60546.0;2337.0;58209.0
735000;60546.0;2337.0;58209.0
735100;60546.0;2337.0;58209.0
735200;60680.0;2311.0;58369.0
735300;60466.0;2337.0;58129.0
735400;60586.0;2337.0;58249.0
735500;60612.0;2363.0;58249.0
735600;60625.0;2376.0;58249.0
735700;60586.0;2337.0;58249.0
735800;60732.0;2363.0;58369.0
735900;60600.0;2311.0;58289.0
736000;60626.0;2337.0;58289.0
736100;60720.0;2311.0;58409.0
736200;60692.0;2363.0;58329.0
736300;60666.0;2337.0;58329.0
736400;60666.0;2337.0;58329.0
736500;60666.0;2337.0;58329.0
736600;60666.0;2337.0;58329.0
736700;60705.0;2376.0;58329.0
736800;60666.0;2337.0;58329.0
736900;60706.0;2337.0;58369.0
737000;60706.0;2337.0;58369.0
737100;60706.0;2337.0;58369.0
737200;60680.0;2311.0;58369.0
737300;60680.0;2311.0;58369.0
737400;60720.0;2311.0;58409.0
737500;61146.0;2337.0;58809.0
737600;60294.0;2285.0;58009.0
737700;60720.0;2311.0;58409.0
737800;60720.0;2311.0;58409.0
737900;60640.0;2311.0;58329.0
738000;60760.0;2311.0;58449.0
738100;60721.0;2272.0;58449.0
738200;60800.0;2311.0;58489.0
738300;60800.0;2311.0;58489.0
738400;60800.0;2311.0;58489.0
738500;60360.0;2311.0;58049.0
738600;60920.0;2311.0;58609.0
738700;60680.0;2311.0;58369.0
738800;60400.0;2311.0;58089.0
738900;60957.0;2428.0;58529.0
739000;60746.0;2337.0;58409.0
739100;60866.0;2337.0;58529.0
739200;60867.0;2298.0;58569.0
739300;60932.0;2363.0;58569.0
739400;60932.0;2363.0;58569.0
739500;61000.0;2311.0;58689.0
739600;60760.0;2311.0;58449.0
739700;60825.0;2376.0;58449.0
739800;61023.0;2454.0;58569.0
739900;61426.0;2337.0;59089.0
740000;61066.0;2337.0;58729.0
740100;60946.0;2337.0;58609.0
740200;61106.0;2337.0;58769.0
740300;61372.0;2363.0;59009.0
740400;60986.0;2337.0;58649.0
740500;60986.0;2337.0;58649.0
740600;61077.0;2428.0;58649.0
740700;60960.0;2311.0;58649.0
740800;60986.0;2337.0;58649.0
740900;60906.0;2337.0;58569.0
741000;61026.0;2337.0;58689.0
741100;60906.0;2337.0;58569.0
741200;61040.0;2311.0;58729.0
741300;61040.0;2311.0;58729.0
741400;61066.0;2337.0;58729.0
741500;60946.0;2337.0;58609.0
741600;60907.0;2298.0;58609.0
741700;60946.0;2337.0;58609.0
741800;61186.0;2337.0;58849.0
741900;61067.0;2298.0;58769.0
742000;61106.0;2337.0;58769.0
742100;61106.0;2337.0;58769.0
742200;61240.0;2311.0;58929.0
742300;61133.0;2324.0;58809.0
742400;61133.0;2324.0;58809.0
742500;61159.0;2350.0;58809.0
742600;61159.0;2350.0;58809.0
742700;61094.0;2285.0;58809.0
742800;61094.0;2285.0;58809.0
742900;61055.0;2246.0;58809.0
743000;61134.0;2285.0;58849.0
743100;61319.0;2350.0;58969.0
743200;61174.0;2285.0;58889.0
743300;61174.0;2285.0;58889.0
743400;61200.0;2311.0;58889.0
743500;61174.0;2285.0;58889.0
743600;61148.0;2259.0;58889.0
743700;61148.0;2259.0;58889.0
743800;61135.0;2246.0;58889.0
743900;61188.0;2259.0;58929.0
744000;61162.0;2233.0;58929.0
744100;61162.0;2233.0;58929.0
744200;61228.0;2259.0;58969.0
744300;61082.0;2233.0;58849.0
744400;61202.0;2233.0;58969.0
744500;61202.0;2233.0;58969.0
744600;61228.0;2259.0;58969.0
744700;61202.0;2233.0;58969.0
744800;61215.0;2246.0;58969.0
744900;61216.0;2207.0;59009.0
745000;61242.0;2233.0;59009.0
745100;61190.0;2181.0;59009.0
745200;61376.0;2207.0;59169.0
745300;61136.0;2207.0;58929.0
745400;61256.0;2207.0;59049.0
745500;61256.0;2207.0;59049.0
745600;61256.0;2207.0;59049.0
745700;61282.0;2233.0;59049.0
745800;61149.0;2220.0;58929.0
745900;61309.0;2220.0;59089.0
746000;61322.0;2233.0;59089.0
746100;61163.0;2194.0;58969.0
746200;61336.0;2207.0;59129.0
746300;61388.0;2259.0;59129.0
746400;61453.0;2324.0;59129.0
746500;61482.0;2233.0;59249.0
746600;61362.0;2233.0;59129.0
746700;61388.0;2259.0;59129.0
746800;61268.0;2259.0;59009.0
746900;61587.0;2298.0;59289.0
747000;61454.0;2285.0;59169.0
747100;61441.0;2272.0;59169.0
747200;61494.0;2285.0;59209.0
747300;61494.0;2285.0;59209.0
747400;61494.0;2285.0;59209.0
747500;61348.0;2259.0;59089.0
747600;61494.0;2285.0;59209.0
747700;61494.0;2285.0;59209.0
747800;61494.0;2285.0;59209.0
747900;61654.0;2285.0;59369.0
748000;61534.0;2285.0;59249.0
748100;61362.0;2233.0;59129.0
748200;61668.0;2259.0;59409.0
748300;61228.0;2259.0;58969.0
748400;61254.0;2285.0;58969.0
748500;61574.0;2285.0;59289.0
748600;61428.0;2259.0;59169.0
748700;61759.0;2350.0;59409.0
748800;61548.0;2259.0;59289.0
748900;61364.0;2155.0;59209.0
749000;61588.0;2259.0;59329.0
749100;61562.0;2233.0;59329.0
749200;61722.0;2233.0;59489.0
749300;61508.0;2259.0;59249.0
749400;61748.0;2259.0;59489.0
749500;61654.0;2285.0;59369.0
749600;61534.0;2285.0;59249.0
749700;61774.0;2285.0;59489.0
749800;61654.0;2285.0;59369.0
749900;61720.0;2311.0;59409.0
750000;61534.0;2285.0;59249.0
750100;61534.0;2285.0;59249.0
750200;61581.0;2132.0;59449.0
750300;61626.0;2177.0;59449.0
750400;61626.0;2177.0;59449.0
750500;61836.0;2267.0;59569.0
750600;61566.0;2117.0;59449.0
750700;61846.0;2117.0;59729.0
750800;61716.0;2267.0;59449.0
750900;61876.0;2267.0;59609.0
751000;61636.0;2267.0;59369.0
751100;61681.0;2312.0;59369.0
751200;61856.0;2327.0;59529.0
751300;61796.0;2267.0;59529.0
751400;61691.0;2162.0;59529.0
751500;61796.0;2267.0;59529.0
751600;61826.0;2297.0;59529.0
751700;61796.0;2267.0;59529.0
751800;61796.0;2267.0;59529.0
751900;61956.0;2267.0;59689.0
752000;61629.0;2060.0;59569.0
752100;61824.0;2255.0;59569.0
752200;61864.0;2255.0;59609.0
752300;61825.0;2216.0;59609.0
752400;61864.0;2255.0;59609.0
752500;61864.0;2255.0;59609.0
752600;61864.0;2255.0;59609.0
752700;61906.0;2177.0;59729.0
752800;62003.5;2274.5;59729.0
752900;61904.0;2255.0;59649.0
753000;62121.5;2352.5;59769.0
753100;62048.0;2399.0;59649.0
753200;61848.0;2279.0;59569.0
753300;61953.0;2264.0;59689.0
753400;62103.0;2294.0;59809.0
753500;61953.0;2264.0;59689.0
753600;61863.0;2294.0;59569.0
753700;61848.0;2159.0;59689.0
753800;61908.0;2339.0;59569.0
753900;62068.0;2339.0;59729.0
754000;61803.0;2234.0;59569.0
754100;62083.0;2234.0;59849.0
754200;62003.0;2234.0;59769.0
754300;62123.0;2234.0;59889.0
754400;61973.0;2204.0;59769.0
754500;61973.0;2204.0;59769.0
754600;61943.0;2174.0;59769.0
754700;61943.0;2174.0;59769.0
754800;61973.0;2204.0;59769.0
754900;62013.0;2204.0;59809.0
755000;61998.0;2189.0;59809.0
755100;61988.0;2059.0;59929.0
755200;61908.0;2059.0;59849.0
755300;62027.0;2178.0;59849.0
755400;62061.0;2212.0;59849.0
755500;62095.0;2246.0;59849.0
755600;62095.0;2246.0;59849.0
755700;61941.0;2212.0;59729.0
755800;62146.0;2297.0;59849.0
755900;62118.0;2229.0;59889.0
756000;61769.0;2280.0;59489.0
756100;62169.0;2280.0;59889.0
756200;62067.0;2178.0;59889.0
756300;62175.0;2246.0;59929.0
756400;62448.0;2399.0;60049.0
756500;62192.0;2263.0;59929.0
756600;62243.0;2314.0;59929.0
756700;62243.0;2314.0;59929.0
756800;62209.0;2280.0;59929.0
756900;62249.0;2280.0;59969.0
757000;62369.0;2280.0;60089.0
757100;62249.0;2280.0;59969.0
757200;62289.0;2280.0;60009.0
757300;62187.0;2178.0;60009.0
757400;62562.0;2433.0;60129.0
757500;62409.0;2280.0;60129.0
757600;62153.0;2144.0;60009.0
757700;62375.0;2246.0;60129.0
757800;62255.0;2246.0;60009.0
757900;62261.0;2212.0;60049.0
758000;62295.0;2246.0;60049.0
758100;62030.5;2381.5;59649.0
758200;62340.0;2251.0;60089.0
758300;62340.0;2251.0;60089.0
758400;62296.5;2207.5;60089.0
758500;62296.5;2207.5;60089.0
758600;62311.0;2222.0;60089.0
758700;62340.0;2251.0;60089.0
758800;62460.0;2251.0;60209.0
758900;62500.0;2251.0;60249.0
759000;62500.0;2251.0;60249.0
759100;62380.0;2251.0;60129.0
759200;62496.5;2207.5;60289.0
759300;62525.5;2236.5;60289.0
759400;62420.0;2251.0;60169.0
759500;62391.0;2222.0;60169.0
759600;62449.0;2280.0;60169.0
759700;62358.0;2309.0;60049.0
759800;62569.0;2280.0;60289.0
759900;62445.5;2236.5;60209.0
760000;62369.0;2280.0;60089.0
760100;62489.0;2280.0;60209.0
760200;62543.5;2294.5;60249.0
760300;62529.0;2280.0;60249.0
760400;62529.0;2280.0;60249.0
760500;62678.0;2309.0;60369.0
760600;62452.5;2323.5;60129.0
760700;62514.5;2265.5;60249.0
760800;62558.0;2309.0;60249.0
760900;62598.0;2309.0;60289.0
761000;62569.0;2280.0;60289.0
761100;62598.0;2309.0;60289.0
761200;62638.0;2309.0;60329.0
761300;62638.0;2309.0;60329.0
761400;62551.0;2222.0;60329.0
761500;62518.0;2309.0;60209.0
761600;62681.5;2352.5;60329.0
761700;62696.0;2367.0;60329.0
761800;62267.0;2338.0;59929.0
761900;62765.0;2396.0;60369.0
762000;62678.0;2309.0;60369.0
762100;62529.0;2280.0;60249.0
762200;62747.0;2338.0;60409.0
762300;62583.5;2294.5;60289.0
762400;62670.5;2381.5;60289.0
762500;62732.5;2323.5;60409.0
762600;62332.5;2323.5;60009.0
762700;62718.0;2309.0;60409.0
762800;62790.5;2381.5;60409.0
762900;62787.0;2338.0;60449.0
763000;62787.0;2338.0;60449.0
763100;62667.0;2338.0;60329.0
763200;62885.0;2396.0;60489.0
763300;62885.0;2396.0;60489.0
763400;62856.0;2367.0;60489.0
763500;62794.0;2425.0;60369.0
763600;62812.5;2323.5;60489.0
763700;62856.0;2367.0;60489.0
763800;62827.0;2338.0;60489.0
763900;62896.0;2367.0;60529.0
764000;62674.0;2425.0;60249.0
764100;62881.5;2352.5;60529.0
764200;62936.0;2367.0;60569.0
764300;62816.0;2367.0;60449.0
764400;62773.0;2204.0;60569.0
764500;62930.5;2361.5;60569.0
764600;62983.0;2414.0;60569.0
764700;62930.5;2361.5;60569.0
764800;62983.0;2414.0;60569.0
764900;63143.0;2414.0;60729.0
765000;63143.0;2414.0;60729.0
765100;63073.0;2344.0;60729.0
765200;62943.0;2414.0;60529.0
765300;63063.0;2414.0;60649.0
765400;63183.0;2414.0;60769.0
765500;63063.0;2414.0;60649.0
765600;63063.0;2414.0;60649.0
765700;62943.0;2414.0;60529.0
765800;63063.0;2414.0;60649.0
765900;62983.0;2414.0;60569.0
766000;63393.0;2344.0;61049.0
766100;63428.0;2379.0;61049.0
766200;63143.0;2414.0;60729.0
766300;63108.0;2379.0;60729.0
766400;63143.0;2414.0;60729.0
766500;63263.0;2414.0;60849.0
766600;63298.0;2449.0;60849.0
766700;63143.0;2414.0;60729.0
766800;63040.5;2431.5;60609.0
766900;63268.0;2379.0;60889.0
767000;63148.0;2379.0;60769.0
767100;63063.0;2414.0;60649.0
767200;63258.0;2449.0;60809.0
767300;63188.0;2379.0;60809.0
767400;63138.0;2449.0;60689.0
767500;63258.0;2449.0;60809.0
767600;63293.0;2484.0;60809.0
767700;63275.5;2466.5;60809.0
767800;63275.5;2466.5;60809.0
767900;63333.0;2484.0;60849.0
768000;63368.0;2519.0;60849.0
768100;63368.0;2519.0;60849.0
768200;63288.0;2519.0;60769.0
768300;63408.0;2519.0;60889.0
768400;63443.0;2554.0;60889.0
768500;63178.0;2289.0;60889.0
768600;63358.0;2589.0;60769.0
768700;63398.0;2509.0;60889.0
768800;63398.0;2509.0;60889.0
768900;63518.0;2589.0;60929.0
769000;63618.0;2569.0;61049.0
769100;63618.0;2569.0;61049.0
769200;63598.0;2629.0;60969.0
769300;63678.0;2589.0;61089.0
769400;63538.0;2569.0;60969.0
769500;63578.0;2609.0;60969.0
769600;63618.0;2649.0;60969.0
769700;63458.0;2609.0;60849.0
769800;63618.0;2649.0;60969.0
769900;63498.0;2609.0;60889.0
770000;63618.0;2609.0;61009.0
770100;63638.0;2629.0;61009.0
770200;63498.0;2569.0;60929.0
770300;63618.0;2569.0;61049.0
770400;63618.0;2569.0;61049.0
770500;63678.0;2629.0;61049.0
770600;63658.0;2609.0;61049.0
770700;63598.0;2549.0;61049.0
770800;63678.0;2629.0;61049.0
770900;63618.0;2529.0;61089.0
771000;63758.0;2549.0;61209.0
771100;63658.0;2569.0;61089.0
771200;63738.0;2609.0;61129.0
771300;63698.0;2689.0;61009.0
771400;63778.0;2649.0;61129.0
771500;63838.0;2589.0;61249.0
771600;63738.0;2609.0;61129.0
771700;63678.0;2549.0;61129.0
771800;64271.0;2742.0;61529.0
771900;63787.0;2618.0;61169.0
772000;63787.0;2618.0;61169.0
772100;63818.0;2649.0;61169.0
772200;63780.5;2571.5;61209.0
772300;63827.0;2618.0;61209.0
772400;63796.0;2587.0;61209.0
772500;63796.0;2587.0;61209.0
772600;63796.0;2587.0;61209.0
772700;63842.5;2633.5;61209.0
772800;63827.0;2618.0;61209.0
772900;63716.0;2587.0;61129.0
773000;63747.0;2618.0;61129.0
773100;63867.0;2618.0;61249.0
773200;63907.0;2618.0;61289.0
773300;64027.0;2618.0;61409.0
773400;64018.5;2729.5;61289.0
773500;63915.0;2626.0;61289.0
773600;64035.0;2626.0;61409.0
773700;63880.5;2591.5;61289.0
773800;63538.0;2649.0;60889.0
773900;63955.0;2626.0;61329.0
774000;63955.0;2626.0;61329.0
774100;63955.0;2626.0;61329.0
774200;64029.5;2660.5;61369.0
774300;64018.0;2649.0;61369.0
774400;64018.0;2649.0;61369.0
774500;64018.0;2649.0;61369.0
774600;64018.0;2649.0;61369.0
774700;64018.0;2649.0;61369.0
774800;63983.5;2614.5;61369.0
774900;64143.5;2614.5;61529.0
775000;63741.0;2452.0;61289.0
775100;63925.0;2516.0;61409.0
775200;64125.0;2676.0;61449.0
775300;64125.0;2676.0;61449.0
775400;64125.0;2676.0;61449.0
775500;64493.0;2644.0;61849.0
775600;63973.0;2644.0;61329.0
775700;64093.0;2644.0;61449.0
775800;64093.0;2644.0;61449.0
775900;64133.0;2644.0;61489.0
776000;64253.0;2644.0;61609.0
776100;64101.0;2612.0;61489.0
776200;64205.0;2676.0;61529.0
776300;64173.0;2644.0;61529.0
776400;64205.0;2676.0;61529.0
776500;64205.0;2676.0;61529.0
776600;64253.0;2724.0;61529.0
776700;64173.0;2644.0;61529.0
776800;64173.0;2644.0;61529.0
776900;64333.0;2644.0;61689.0
777000;64285.0;2596.0;61689.0
777100;64213.0;2644.0;61569.0
777200;64253.0;2644.0;61609.0
777300;64253.0;2644.0;61609.0
777400;64253.0;2644.0;61609.0
777500;64253.0;2644.0;61609.0
777600;64221.0;2612.0;61609.0
777700;64221.0;2612.0;61609.0
777800;64269.0;2660.0;61609.0
777900;64261.0;2612.0;61649.0
778000;64309.0;2660.0;61649.0
778100;64293.0;2644.0;61649.0
778200;64213.0;2644.0;61569.0
778300;64333.0;2644.0;61689.0
778400;64301.0;2612.0;61689.0
778500;64049.0;2360.0;61689.0
778600;64322.0;2633.0;61689.0
778700;64322.0;2633.0;61689.0
778800;64263.5;2574.5;61689.0
778900;64342.5;2613.5;61729.0
779000;64242.0;2633.0;61609.0
779100;64323.0;2594.0;61729.0
779200;64460.5;2691.5;61769.0
779300;64402.0;2633.0;61769.0
779400;64282.0;2633.0;61649.0
779500;64402.0;2633.0;61769.0
779600;64561.0;2672.0;61889.0
779700;64611.5;2442.5;62169.0
779800;64254.0;2645.0;61609.0
779900;64454.0;2645.0;61809.0
780000;64409.0;2600.0;61809.0
780100;64454.0;2645.0;61809.0
780200;64426.5;2577.5;61849.0
780300;64294.0;2645.0;61649.0
780400;64249.0;2600.0;61649.0
780500;64449.0;2600.0;61849.0
780600;64449.0;2600.0;61849.0
780700;64449.0;2600.0;61849.0
780800;64419.0;2690.0;61729.0
780900;64414.0;2645.0;61769.0
781000;64489.0;2600.0;61889.0
781100;64849.0;2600.0;62249.0
781200;64431.5;2622.5;61809.0
781300;64529.0;2600.0;61929.0
781400;64529.0;2600.0;61929.0
781500;64021.5;2532.5;61489.0
781600;64649.0;2600.0;62049.0
781700;64529.0;2600.0;61929.0
781800;64596.5;2667.5;61929.0
781900;64236.5;2667.5;61569.0
782000;64169.0;2600.0;61569.0
782100;64734.0;2645.0;62089.0
782200;64689.0;2600.0;62089.0
782300;64241.5;2352.5;61889.0
782400;64541.5;2532.5;62009.0
782500;64609.0;2600.0;62009.0
782600;64444.0;2555.0;61889.0
782700;64609.0;2600.0;62009.0
782800;64609.0;2600.0;62009.0
782900;64769.0;2600.0;62169.0
783000;64649.0;2600.0;62049.0
783100;64694.0;2645.0;62049.0
783200;64734.0;2645.0;62089.0
783300;64734.0;2645.0;62089.0
783400;64734.0;2645.0;62089.0
783500;64749.0;2780.0;61969.0
783600;64689.0;2600.0;62089.0
783700;64846.5;2757.5;62089.0
783800;64734.0;2645.0;62089.0
783900;64774.0;2645.0;62129.0
784000;64819.0;2690.0;62129.0
784100;64774.0;2645.0;62129.0
784200;64889.0;2600.0;62289.0
784300;64844.0;2555.0;62289.0
784400;64769.0;2600.0;62169.0
784500;64769.0;2600.0;62169.0
784600;64769.0;2600.0;62169.0
784700;64769.0;2600.0;62169.0
784800;64544.0;2375.0;62169.0
784900;64689.0;2600.0;62089.0
785000;64876.5;2667.5;62209.0
785100;64741.5;2532.5;62209.0
785200;64706.5;2577.5;62129.0
785300;64804.0;2555.0;62249.0
785400;64804.0;2555.0;62249.0
785500;64684.0;2555.0;62129.0
785600;64804.0;2555.0;62249.0
785700;64729.0;2600.0;62129.0
785800;64729.0;2600.0;62129.0
785900;64769.0;2600.0;62169.0
786000;64934.0;2645.0;62289.0
786100;64934.0;2645.0;62289.0
786200;65064.0;2735.0;62329.0
786300;64974.0;2645.0;62329.0
786400;64854.0;2645.0;62209.0
786500;64974.0;2645.0;62329.0
786600;64854.0;2645.0;62209.0
786700;64951.5;2622.5;62329.0
786800;64929.0;2600.0;62329.0
786900;64969.0;2600.0;62369.0
787000;65449.0;2600.0;62849.0
787100;65021.5;2532.5;62489.0
787200;65009.0;2600.0;62409.0
787300;65009.0;2600.0;62409.0
787400;64964.0;2555.0;62409.0
787500;65009.0;2600.0;62409.0
787600;64964.0;2555.0;62409.0
787700;65061.5;2532.5;62529.0
787800;65009.0;2600.0;62409.0
787900;65004.0;2555.0;62449.0
788000;65049.0;2600.0;62449.0
788100;64929.0;2600.0;62329.0
788200;64969.0;2600.0;62369.0
788300;64969.0;2600.0;62369.0
788400;65134.0;2645.0;62489.0
788500;65134.0;2645.0;62489.0
788600;65059.0;2690.0;62369.0
788700;64969.0;2600.0;62369.0
788800;65209.0;2600.0;62609.0
788900;65219.0;2690.0;62529.0
789000;65129.0;2600.0;62529.0
789100;65316.5;2667.5;62649.0
789200;65169.0;2600.0;62569.0
789300;65169.0;2600.0;62569.0
789400;65049.0;2600.0;62449.0
789500;65169.0;2600.0;62569.0
789600;65244.0;2555.0;62689.0
789700;65244.0;2555.0;62689.0
789800;65244.0;2555.0;62689.0
789900;65074.0;2465.0;62609.0
790000;65194.0;2465.0;62729.0
790100;65096.5;2487.5;62609.0
790200;65119.0;2510.0;62609.0
790300;65159.0;2510.0;62649.0
790400;65091.5;2442.5;62649.0
790500;65279.0;2510.0;62769.0
790600;65039.0;2510.0;62529.0
790700;65114.0;2465.0;62649.0
790800;65114.0;2465.0;62649.0
790900;65319.0;2510.0;62809.0
791000;65199.0;2510.0;62689.0
791100;65176.5;2487.5;62689.0
791200;65239.0;2510.0;62729.0
791300;65239.0;2510.0;62729.0
791400;65239.0;2510.0;62729.0
791500;65239.0;2510.0;62729.0
791600;65239.0;2510.0;62729.0
791700;64839.0;2510.0;62329.0
791800;64839.0;2510.0;62329.0
791900;65279.0;2510.0;62769.0
792000;65279.0;2510.0;62769.0
792100;65301.5;2532.5;62769.0
792200;65274.0;2465.0;62809.0
792300;65274.0;2465.0;62809.0
792400;65274.0;2465.0;62809.0
792500;65274.0;2465.0;62809.0
792600;65274.0;2465.0;62809.0
792700;65274.0;2465.0;62809.0
792800;65319.0;2510.0;62809.0
792900;65389.0;2420.0;62969.0
793000;65269.0;2420.0;62849.0
793100;65126.5;2397.5;62729.0
793200;65354.0;2465.0;62889.0
793300;65264.0;2375.0;62889.0
793400;65121.5;2352.5;62769.0
793500;65309.0;2420.0;62889.0
793600;65421.5;2532.5;62889.0
793700;65309.0;2420.0;62889.0
793800;65309.0;2420.0;62889.0
793900;65349.0;2420.0;62929.0
794000;65244.0;2195.0;63049.0
794100;65349.0;2420.0;62929.0
794200;65389.0;2420.0;62969.0
794300;65389.0;2420.0;62969.0
794400;65344.0;2375.0;62969.0
794500;65479.0;2510.0;62969.0
794600;65479.0;2510.0;62969.0
794700;65344.0;2375.0;62969.0
794800;65389.0;2420.0;62969.0
794900;65594.0;2465.0;63129.0
795000;65541.5;2532.5;63009.0
795100;65309.0;2420.0;62889.0
795200;65469.0;2420.0;63049.0
795300;65469.0;2420.0;63049.0
795400;65349.0;2420.0;62929.0
795500;65469.0;2420.0;63049.0
795600;65676.0;2627.0;63049.0
795700;65520.0;2471.0;63049.0
795800;65520.0;2471.0;63049.0
795900;65501.5;2412.5;63089.0
796000;65521.0;2432.0;63089.0
796100;65579.5;2490.5;63089.0
796200;65458.5;2529.5;62929.0
796300;65658.5;2529.5;63129.0
796400;65483.0;2354.0;63129.0
796500;65658.5;2529.5;63129.0
796600;65961.0;2432.0;63529.0
796700;65561.0;2432.0;63129.0
796800;65561.0;2432.0;63129.0
796900;65442.0;2393.0;63049.0
797000;65562.0;2393.0;63169.0
797100;65562.0;2393.0;63169.0
797200;65621.5;2412.5;63209.0
797300;65741.5;2412.5;63329.0
797400;65563.0;2354.0;63209.0
797500;65563.0;2354.0;63209.0
797600;65563.0;2354.0;63209.0
797700;65702.5;2373.5;63329.0
797800;65563.0;2354.0;63209.0
797900;65603.0;2354.0;63249.0
798000;65544.5;2295.5;63249.0
798100;65323.0;2354.0;62969.0
798200;65523.0;2354.0;63169.0
798300;65604.0;2315.0;63289.0
798400;65682.0;2393.0;63289.0
798500;65562.0;2393.0;63169.0
798600;65562.0;2393.0;63169.0
798700;65367.0;2198.0;63169.0
798800;65562.0;2393.0;63169.0
798900;66140.5;2451.5;63689.0
799000;65780.5;2451.5;63329.0
799100;65722.0;2393.0;63329.0
799200;65723.0;2354.0;63369.0
799300;65603.0;2354.0;63249.0
799400;65762.0;2393.0;63369.0
799500;65778.5;2529.5;63249.0
799600;65681.0;2432.0;63249.0
799700;65921.0;2432.0;63489.0
799800;65723.0;2354.0;63369.0
799900;66000.0;2471.0;63529.0
800000;65763.0;2354.0;63409.0
800100;65682.0;2393.0;63289.0
800200;65722.0;2393.0;63329.0
800300;65705.5;2256.5;63449.0
800400;65881.0;2432.0;63449.0
800500;65761.0;2432.0;63329.0
800600;65900.5;2451.5;63449.0
800700;65923.0;2354.0;63569.0
800800;65722.0;2393.0;63329.0
800900;65882.0;2393.0;63489.0
801000;65882.0;2393.0;63489.0
801100;65669.0;2180.0;63489.0
801200;65979.0;2450.0;63529.0
801300;66054.0;2405.0;63649.0
801400;65934.0;2405.0;63529.0
801500;65934.0;2405.0;63529.0
801600;66009.0;2360.0;63649.0
801700;65814.0;2405.0;63409.0
801800;65979.0;2450.0;63529.0
801900;65934.0;2405.0;63529.0
802000;65794.0;2225.0;63569.0
802100;65809.0;2360.0;63449.0
802200;65849.0;2360.0;63489.0
802300;65901.5;2292.5;63609.0
802400;66059.0;2450.0;63609.0
802500;65849.0;2360.0;63489.0
802600;65569.0;2360.0;63209.0
802700;65924.0;2315.0;63609.0
802800;66044.0;2315.0;63729.0
802900;65924.0;2315.0;63609.0
803000;66444.0;2315.0;64129.0
803100;66004.0;2315.0;63689.0
803200;66004.0;2315.0;63689.0
803300;65869.0;2180.0;63689.0
803400;65849.0;2360.0;63489.0
803500;65894.0;2405.0;63489.0
803600;65929.0;2360.0;63569.0
803700;66049.0;2360.0;63689.0
803800;66049.0;2360.0;63689.0
803900;66049.0;2360.0;63689.0
804000;65969.0;2360.0;63609.0
804100;66129.0;2360.0;63769.0
804200;66219.0;2450.0;63769.0
804300;66174.0;2405.0;63769.0
804400;65986.5;2337.5;63649.0
804500;66174.0;2405.0;63769.0
804600;66106.5;2337.5;63769.0
804700;66174.0;2405.0;63769.0
804800;66174.0;2405.0;63769.0
804900;66174.0;2405.0;63769.0
805000;66506.5;2337.5;64169.0
805100;66574.0;2405.0;64169.0
805200;66006.5;2157.5;63849.0
805300;66254.0;2405.0;63849.0
805400;65939.0;2090.0;63849.0
805500;66089.0;2360.0;63729.0
805600;65931.5;2202.5;63729.0
805700;66306.5;2337.5;63969.0
805800;66254.0;2405.0;63849.0
805900;66209.0;2360.0;63849.0
806000;66249.0;2360.0;63889.0
806100;66249.0;2360.0;63889.0
806200;66179.0;2450.0;63729.0
806300;66499.0;2450.0;64049.0
806400;66431.5;2382.5;64049.0
806500;66334.0;2405.0;63929.0
806600;66334.0;2405.0;63929.0
806700;66191.5;2382.5;63809.0
806800;66409.0;2360.0;64049.0
806900;66334.0;2405.0;63929.0
807000;66449.0;2360.0;64089.0
807100;66249.0;2360.0;63889.0
807200;66294.0;2405.0;63889.0
807300;66729.0;2360.0;64369.0
807400;66324.0;2315.0;64009.0
807500;66324.0;2315.0;64009.0
807600;66324.0;2315.0;64009.0
807700;66399.0;2270.0;64129.0
807800;66324.0;2315.0;64009.0
807900;66256.5;2247.5;64009.0
808000;66431.5;2382.5;64049.0
808100;66171.5;2202.5;63969.0
808200;66329.0;2360.0;63969.0
808300;66449.0;2360.0;64089.0
808400;66449.0;2360.0;64089.0
808500;66449.0;2360.0;64089.0
808600;66494.0;2405.0;64089.0
808700;66269.0;2180.0;64089.0
808800;66494.0;2405.0;64089.0
808900;66494.0;2405.0;64089.0
809000;66466.5;2337.5;64129.0
809100;66574.0;2405.0;64169.0
809200;66694.0;2405.0;64289.0
809300;66499.0;2450.0;64049.0
809400;66619.0;2450.0;64169.0
809500;66589.0;2540.0;64049.0
809600;66551.5;2382.5;64169.0
809700;66551.5;2382.5;64169.0
809800;66551.5;2382.5;64169.0
809900;66619.0;2450.0;64169.0
810000;66619.0;2450.0;64169.0
810100;66699.0;2450.0;64249.0
810200;66699.0;2450.0;64249.0
810300;66819.0;2450.0;64369.0
810400;66721.5;2472.5;64249.0
810500;66654.0;2405.0;64249.0
810600;66579.0;2450.0;64129.0
810700;66654.0;2405.0;64249.0
810800;66254.0;2405.0;63849.0
810900;66654.0;2405.0;64249.0
811000;66716.5;2427.5;64289.0
811100;66656.5;2247.5;64409.0
811200;66614.0;2405.0;64209.0
811300;66734.0;2405.0;64329.0
811400;66921.5;2472.5;64449.0
811500;66854.0;2405.0;64449.0
811600;66689.0;2360.0;64329.0
811700;66681.5;2472.5;64209.0
811800;66681.5;2472.5;64209.0
811900;66609.0;2360.0;64249.0
812000;66796.5;2427.5;64369.0
812100;66916.5;2427.5;64489.0
812200;66769.0;2360.0;64409.0
812300;66306.5;2337.5;63969.0
812400;66746.5;2337.5;64409.0
812500;66746.5;2337.5;64409.0
812600;66859.0;2450.0;64409.0
812700;66814.0;2405.0;64409.0
812800;66859.0;2450.0;64409.0
812900;66791.5;2382.5;64409.0
813000;66899.0;2450.0;64449.0
813100;66939.0;2450.0;64489.0
813200;66819.0;2450.0;64369.0
813300;66939.0;2450.0;64489.0
813400;66819.0;2450.0;64369.0
813500;66454.0;2405.0;64049.0
813600;66894.0;2405.0;64489.0
813700;66871.5;2382.5;64489.0
813800;66759.0;2270.0;64489.0
813900;66859.0;2450.0;64409.0
814000;66979.0;2450.0;64529.0
814100;67019.0;2450.0;64569.0
814200;67086.5;2517.5;64569.0
814300;67019.0;2450.0;64569.0
814400;67019.0;2450.0;64569.0
814500;67019.0;2450.0;64569.0
814600;67019.0;2450.0;64569.0
814700;66899.0;2450.0;64449.0
814800;67064.0;2495.0;64569.0
814900;66996.5;2427.5;64569.0
815000;66916.5;2427.5;64489.0
815100;67099.0;2450.0;64649.0
815200;67099.0;2450.0;64649.0
815300;67219.0;2450.0;64769.0
815400;67099.0;2450.0;64649.0
815500;67219.0;2450.0;64769.0
815600;67031.5;2382.5;64649.0
815700;67219.0;2450.0;64769.0
815800;67054.0;2405.0;64649.0
815900;67619.0;2450.0;65169.0
816000;67184.0;2495.0;64689.0
816100;67259.0;2450.0;64809.0
816200;67291.5;2562.5;64729.0
816300;67254.0;2405.0;64849.0
816400;67134.0;2405.0;64729.0
816500;67134.0;2405.0;64729.0
816600;66969.0;2360.0;64609.0
816700;67089.0;2360.0;64729.0
816800;67089.0;2360.0;64729.0
816900;67031.5;2382.5;64649.0
817000;66994.0;2225.0;64769.0
817100;67169.0;2360.0;64809.0
817200;67154.0;2225.0;64929.0
817300;67034.0;2225.0;64809.0
817400;67214.0;2405.0;64809.0
817500;67281.5;2472.5;64809.0
817600;67214.0;2405.0;64809.0
817700;67026.5;2337.5;64689.0
817800;67214.0;2405.0;64809.0
817900;67134.0;2405.0;64729.0
818000;67254.0;2405.0;64849.0
818100;67361.5;2472.5;64889.0
818200;67339.0;2450.0;64889.0
818300;67316.5;2427.5;64889.0
818400;67499.0;2450.0;65049.0
818500;67339.0;2450.0;64889.0
818600;67339.0;2450.0;64889.0
818700;67384.0;2495.0;64889.0
818800;67339.0;2450.0;64889.0
818900;67504.0;2495.0;65009.0
819000;67379.0;2450.0;64929.0
819100;67576.5;2607.5;64969.0
819200;67254.0;2405.0;64849.0
819300;67374.0;2405.0;64969.0
819400;67374.0;2405.0;64969.0
819500;66836.5;2427.5;64409.0
819600;67396.5;2427.5;64969.0
819700;67276.5;2427.5;64849.0
819800;67374.0;2405.0;64969.0
819900;67306.5;2337.5;64969.0
820000;67346.5;2337.5;65009.0
820100;67544.0;2495.0;65049.0
820200;67476.5;2427.5;65049.0
820300;67544.0;2495.0;65049.0
820400;67544.0;2495.0;65049.0
820500;67619.0;2450.0;65169.0
820600;67544.0;2495.0;65049.0
820700;67499.0;2450.0;65049.0
820800;67589.0;2540.0;65049.0
820900;67554.0;2585.0;64969.0
821000;67351.5;2382.5;64969.0
821100;67736.5;2607.5;65129.0
821200;67714.0;2585.0;65129.0
821300;67669.0;2540.0;65129.0
821400;67601.5;2472.5;65129.0
821500;67744.0;2495.0;65249.0
821600;67534.0;2405.0;65129.0
821700;67736.5;2607.5;65129.0
821800;67579.0;2450.0;65129.0
821900;67579.0;2450.0;65129.0
822000;67619.0;2450.0;65169.0
822100;67659.0;2450.0;65209.0
822200;67471.5;2382.5;65089.0
822300;67779.0;2450.0;65329.0
822400;67779.0;2450.0;65329.0
822500;68179.0;2450.0;65729.0
822600;67816.5;2607.5;65209.0
822700;67726.5;2517.5;65209.0
822800;67779.0;2450.0;65329.0
822900;67614.0;2405.0;65209.0
823000;67654.0;2405.0;65249.0
823100;67774.0;2405.0;65369.0
823200;67724.0;2315.0;65409.0
823300;67776.5;2607.5;65169.0
823400;67761.5;2472.5;65289.0
823500;68094.0;2405.0;65689.0
823600;67694.0;2405.0;65289.0
823700;67739.0;2450.0;65289.0
823800;67694.0;2405.0;65289.0
823900;67649.0;2360.0;65289.0
824000;67524.0;2315.0;65209.0
824100;67594.0;2225.0;65369.0
824200;67796.5;2427.5;65369.0
824300;67729.0;2360.0;65369.0
824400;67729.0;2360.0;65369.0
824500;67729.0;2360.0;65369.0
824600;67639.0;2270.0;65369.0
824700;67609.0;2360.0;65249.0
824800;67684.0;2315.0;65369.0
824900;67604.0;2315.0;65289.0
825000;67604.0;2315.0;65289.0
825100;67809.0;2360.0;65449.0
825200;68244.0;2315.0;65929.0
825300;67764.0;2315.0;65449.0
825400;67719.0;2270.0;65449.0
825500;67764.0;2315.0;65449.0
825600;68164.0;2315.0;65849.0
825700;68141.5;2292.5;65849.0
825800;67839.0;2270.0;65569.0
825900;67719.0;2270.0;65449.0
826000;67759.0;2270.0;65489.0
826100;67769.0;2360.0;65409.0
826200;67844.0;2315.0;65529.0
826300;67754.0;2225.0;65529.0
826400;67844.0;2315.0;65529.0
826500;67799.0;2270.0;65529.0
826600;67799.0;2270.0;65529.0
826700;67799.0;2270.0;65529.0
826800;67799.0;2270.0;65529.0
826900;67754.0;2225.0;65529.0
827000;68004.0;2315.0;65689.0
827100;67924.0;2315.0;65609.0
827200;67924.0;2315.0;65609.0
827300;67879.0;2270.0;65609.0
827400;67999.0;2270.0;65729.0
827500;67744.0;2135.0;65609.0
827600;67879.0;2270.0;65609.0
827700;67759.0;2270.0;65489.0
827800;67954.0;2225.0;65729.0
827900;68234.0;2225.0;66009.0
828000;67919.0;2270.0;65649.0
828100;67959.0;2270.0;65689.0
828200;68034.0;2225.0;65809.0
828300;67794.0;2225.0;65569.0
828400;68439.0;2270.0;66169.0
828500;68034.0;2225.0;65809.0
828600;67914.0;2225.0;65689.0
828700;68034.0;2225.0;65809.0
828800;68034.0;2225.0;65809.0
828900;67989.0;2180.0;65809.0
829000;68034.0;2225.0;65809.0
829100;67994.0;2225.0;65769.0
829200;67994.0;2225.0;65769.0
829300;67874.0;2225.0;65649.0
829400;67994.0;2225.0;65769.0
829500;67994.0;2225.0;65769.0
829600;67949.0;2180.0;65769.0
829700;67994.0;2225.0;65769.0
829800;68469.0;2180.0;66289.0
829900;68131.5;2202.5;65929.0
830000;68034.0;2225.0;65809.0
830100;68079.0;2270.0;65809.0
830200;68074.0;2225.0;65849.0
830300;68194.0;2225.0;65969.0
830400;68029.0;2180.0;65849.0
830500;67984.0;2135.0;65849.0
830600;67909.0;2180.0;65729.0
830700;68074.0;2225.0;65849.0
830800;68209.0;2360.0;65849.0
830900;68074.0;2225.0;65849.0
831000;68074.0;2225.0;65849.0
831100;68154.0;2225.0;65929.0
831200;68154.0;2225.0;65929.0
831300;68514.0;2225.0;66289.0
831400;68199.0;2270.0;65929.0
831500;68041.5;2112.5;65929.0
831600;68154.0;2225.0;65929.0
831700;67989.0;2180.0;65809.0
831800;68199.0;2270.0;65929.0
831900;68176.5;2247.5;65929.0
832000;68239.0;2270.0;65969.0
832100;68144.0;2135.0;66009.0
832200;68279.0;2270.0;66009.0
832300;68399.0;2270.0;66129.0
832400;68279.0;2270.0;66009.0
832500;68279.0;2270.0;66009.0
832600;68249.0;2360.0;65889.0
832700;68324.0;2315.0;66009.0
832800;68286.5;2157.5;66129.0
832900;68279.0;2270.0;66009.0
833000;68506.5;2337.5;66169.0
833100;68426.5;2337.5;66089.0
833200;68359.0;2270.0;66089.0
833300;68381.5;2292.5;66089.0
833400;68404.0;2315.0;66089.0
833500;68404.0;2315.0;66089.0
833600;68449.0;2360.0;66089.0
833700;68849.0;2360.0;66489.0
833800;68464.0;2495.0;65969.0
833900;68562.5;2593.5;65969.0
834000;68538.0;2409.0;66129.0
834100;68538.0;2409.0;66129.0
834200;68537.0;2368.0;66169.0
834300;68417.0;2368.0;66049.0
834400;68657.0;2368.0;66289.0
834500;68537.0;2368.0;66169.0
834600;68458.0;2409.0;66049.0
834700;68537.0;2368.0;66169.0
834800;68537.0;2368.0;66169.0
834900;68457.0;2368.0;66089.0
835000;68457.0;2368.0;66089.0
835100;68617.0;2368.0;66249.0
835200;68292.0;2163.0;66129.0
835300;68778.0;2409.0;66369.0
835400;68658.0;2409.0;66249.0
835500;68596.5;2347.5;66249.0
835600;68699.0;2450.0;66249.0
835700;68658.0;2409.0;66249.0
835800;68658.0;2409.0;66249.0
835900;68658.0;2409.0;66249.0
836000;68859.0;2450.0;66409.0
836100;68779.0;2450.0;66329.0
836200;68779.0;2450.0;66329.0
836300;68779.0;2450.0;66329.0
836400;68799.5;2470.5;66329.0
836500;68359.5;2470.5;65889.0
836600;68738.0;2409.0;66329.0
836700;68738.0;2409.0;66329.0
836800;68697.0;2368.0;66329.0
836900;68840.5;2511.5;66329.0
837000;68778.0;2409.0;66369.0
837100;68818.0;2409.0;66409.0
837200;68777.0;2368.0;66409.0
837300;68777.0;2368.0;66409.0
837400;68736.0;2327.0;66409.0
837500;68756.5;2347.5;66409.0
837600;68797.5;2388.5;66409.0
837700;68856.0;2327.0;66529.0
837800;68736.0;2327.0;66409.0
837900;68777.0;2368.0;66409.0
838000;68512.5;2183.5;66329.0
838100;68634.5;2265.5;66369.0
838200;68775.0;2286.0;66489.0
838300;68775.0;2286.0;66489.0
838400;68857.0;2368.0;66489.0
838500;68857.0;2368.0;66489.0
838600;68816.0;2327.0;66489.0
838700;68696.0;2327.0;66369.0
838800;68816.0;2327.0;66489.0
838900;68816.0;2327.0;66489.0
839000;68856.0;2327.0;66529.0
839100;68937.0;2368.0;66569.0
839200;69036.5;2347.5;66689.0
839300;68896.0;2327.0;66569.0
839400;69016.0;2327.0;66689.0
839500;68896.0;2327.0;66569.0
839600;68875.5;2306.5;66569.0
839700;68937.0;2368.0;66569.0
839800;69131.0;2562.0;66569.0
839900;69064.0;2375.0;66689.0
840000;68984.0;2375.0;66609.0
840100;69155.0;2426.0;66729.0
840200;69058.0;2409.0;66649.0
840300;68955.0;2426.0;66529.0
840400;68972.0;2443.0;66529.0
840500;69280.0;2511.0;66769.0
840600;69212.0;2443.0;66769.0
840700;69126.0;2477.0;66649.0
840800;69212.0;2443.0;66769.0
840900;69092.0;2443.0;66649.0
841000;69166.0;2477.0;66689.0
841100;68894.0;2165.0;66729.0
841200;69202.0;2473.0;66729.0
841300;69202.0;2473.0;66729.0
841400;69202.0;2473.0;66729.0
841500;69202.0;2473.0;66729.0
841600;69202.0;2473.0;66729.0
841700;69224.0;2495.0;66729.0
841800;69202.0;2473.0;66729.0
841900;69202.0;2473.0;66729.0
842000;69198.0;2429.0;66769.0
842100;69282.0;2473.0;66809.0
842200;69270.0;2341.0;66929.0
842300;69326.0;2517.0;66809.0
842400;69326.0;2517.0;66809.0
842500;69348.0;2539.0;66809.0
842600;69304.0;2495.0;66809.0
842700;69402.0;2473.0;66929.0
842800;69282.0;2473.0;66809.0
842900;69348.0;2539.0;66809.0
843000;69212.0;2363.0;66849.0
843100;69428.0;2539.0;66889.0
843200;69362.0;2473.0;66889.0
843300;69308.0;2539.0;66769.0
843400;69330.0;2561.0;66769.0
843500;69526.0;2517.0;67009.0
843600;69406.0;2517.0;66889.0
843700;69406.0;2517.0;66889.0
843800;69340.0;2451.0;66889.0
843900;69260.0;2451.0;66809.0
844000;69326.0;2517.0;66809.0
844100;69322.0;2473.0;66849.0
844200;69530.0;2561.0;66969.0
844300;69486.0;2517.0;66969.0
844400;69530.0;2561.0;66969.0
844500;69486.0;2517.0;66969.0
844600;69486.0;2517.0;66969.0
844700;69486.0;2517.0;66969.0
844800;69064.0;2495.0;66569.0
844900;69530.0;2561.0;66969.0
845000;69526.0;2517.0;67009.0
845100;69566.0;2517.0;67049.0
845200;69566.0;2517.0;67049.0
845300;69588.0;2539.0;67049.0
845400;69082.0;2473.0;66609.0
845500;69468.0;2539.0;66929.0
845600;69390.0;2341.0;67049.0
845700;69544.0;2495.0;67049.0
845800;69424.0;2495.0;66929.0
845900;69610.0;2561.0;67049.0
846000;69606.0;2517.0;67089.0
846100;69848.0;2719.0;67129.0
846200;69816.0;2567.0;67249.0
846300;69477.0;2348.0;67129.0
846400;69666.0;2537.0;67129.0
846500;69708.0;2579.0;67129.0
846600;69666.0;2537.0;67129.0
846700;69666.0;2537.0;67129.0
846800;69666.0;2537.0;67129.0
846900;69708.0;2579.0;67129.0
847000;69748.0;2579.0;67169.0
847100;69868.0;2579.0;67289.0
847200;69889.0;2600.0;67289.0
847300;69704.0;2495.0;67209.0
847400;69704.0;2495.0;67209.0
847500;69824.0;2495.0;67329.0
847600;69767.0;2558.0;67209.0
847700;69704.0;2495.0;67209.0
847800;69704.0;2495.0;67209.0
847900;69704.0;2495.0;67209.0
848000;69864.0;2495.0;67369.0
848100;69864.0;2495.0;67369.0
848200;69906.0;2537.0;67369.0
848300;69864.0;2495.0;67369.0
848400;69784.0;2495.0;67289.0
848500;69706.0;2537.0;67169.0
848600;69706.0;2537.0;67169.0
848700;69946.0;2537.0;67409.0
848800;69784.0;2495.0;67289.0
848900;69721.0;2432.0;67289.0
849000;69761.0;2432.0;67329.0
849100;69864.0;2495.0;67369.0
849200;69744.0;2495.0;67249.0
849300;70026.0;2537.0;67489.0
849400;69885.0;2516.0;67369.0
849500;69906.0;2537.0;67369.0
849600;69906.0;2537.0;67369.0
849700;69969.0;2600.0;67369.0
849800;70026.0;2537.0;67489.0
849900;69906.0;2537.0;67369.0
850000;69988.0;2579.0;67409.0
850100;69986.0;2537.0;67449.0
850200;69866.0;2537.0;67329.0
850300;69845.0;2516.0;67329.0
850400;69902.0;2453.0;67449.0
850500;69986.0;2537.0;67449.0
850600;69986.0;2537.0;67449.0
850700;69986.0;2537.0;67449.0
850800;69944.0;2495.0;67449.0
850900;69944.0;2495.0;67449.0
851000;70026.0;2537.0;67489.0
851100;70108.0;2579.0;67529.0
851200;69946.0;2537.0;67409.0
851300;69946.0;2537.0;67409.0
851400;70186.0;2537.0;67649.0
851500;70066.0;2537.0;67529.0
851600;70186.0;2537.0;67649.0
851700;70066.0;2537.0;67529.0
851800;70003.0;2474.0;67529.0
851900;69986.0;2537.0;67449.0
852000;69986.0;2537.0;67449.0
852100;70146.0;2537.0;67609.0
852200;70104.0;2495.0;67609.0
852300;70287.0;2558.0;67729.0
852400;70251.0;2642.0;67609.0
852500;70104.0;2495.0;67609.0
852600;70026.0;2537.0;67489.0
852700;70266.0;2537.0;67729.0
852800;70146.0;2537.0;67609.0
852900;70146.0;2537.0;67609.0
853000;70285.0;2516.0;67769.0
853100;70226.0;2537.0;67689.0
853200;70226.0;2537.0;67689.0
853300;70226.0;2537.0;67689.0
853400;70226.0;2537.0;67689.0
853500;70268.0;2579.0;67689.0
853600;70148.0;2579.0;67569.0
853700;70184.0;2495.0;67689.0
853800;70184.0;2495.0;67689.0
853900;70146.0;2537.0;67609.0
854000;70146.0;2537.0;67609.0
854100;70306.0;2537.0;67769.0
854200;70060.0;2411.0;67649.0
854300;70306.0;2537.0;67769.0
854400;70306.0;2537.0;67769.0
854500;70123.0;2474.0;67649.0
854600;70384.0;2495.0;67889.0
854700;70348.0;2579.0;67769.0
854800;70264.0;2495.0;67769.0
854900;70306.0;2537.0;67769.0
855000;70346.0;2537.0;67809.0
855100;70386.0;2537.0;67849.0
855200;70449.0;2600.0;67849.0
855300;70344.0;2495.0;67849.0
855400;70506.0;2537.0;67969.0
855500;70155.0;2306.0;67849.0
855600;70428.0;2579.0;67849.0
855700;70569.0;2600.0;67969.0
855800;70428.0;2579.0;67849.0
855900;70428.0;2579.0;67849.0
856000;70405.0;2516.0;67889.0
856100;70508.0;2579.0;67929.0
856200;70508.0;2579.0;67929.0
856300;70508.0;2579.0;67929.0
856400;70628.0;2579.0;68049.0
856500;70508.0;2579.0;67929.0
856600;70508.0;2579.0;67929.0
856700;70571.0;2642.0;67929.0
856800;70508.0;2579.0;67929.0
856900;70550.0;2621.0;67929.0
857000;70590.0;2621.0;67969.0
857100;70672.0;2663.0;68009.0
857200;70750.0;2621.0;68129.0
857300;70630.0;2621.0;68009.0
857400;70630.0;2621.0;68009.0
857500;70510.0;2621.0;67889.0
857600;70430.0;2621.0;67809.0
857700;70472.0;2663.0;67809.0
857800;70750.0;2621.0;68129.0
857900;70672.0;2663.0;68009.0
858000;70670.0;2621.0;68049.0
858100;70712.0;2663.0;68049.0
858200;70668.0;2579.0;68089.0
858300;70668.0;2579.0;68089.0
858400;70668.0;2579.0;68089.0
858500;70527.0;2558.0;67969.0
858600;70668.0;2579.0;68089.0
858700;70458.0;2369.0;68089.0
858800;70668.0;2579.0;68089.0
858900;70668.0;2579.0;68089.0
859000;70786.0;2537.0;68249.0
859100;70706.0;2537.0;68169.0
859200;70706.0;2537.0;68169.0
859300;70643.0;2474.0;68169.0
859400;70769.0;2600.0;68169.0
859500;70664.0;2495.0;68169.0
859600;70670.0;2621.0;68049.0
859700;70790.0;2621.0;68169.0
859800;70910.0;2621.0;68289.0
859900;70668.0;2579.0;68089.0
860000;70788.0;2579.0;68209.0
860100;70828.0;2579.0;68249.0
860200;70828.0;2579.0;68249.0
860300;70388.0;2579.0;67809.0
860400;70828.0;2579.0;68249.0
860500;70870.0;2621.0;68249.0
860600;70828.0;2579.0;68249.0
860700;70765.0;2516.0;68249.0
860800;70828.0;2579.0;68249.0
860900;70948.0;2579.0;68369.0
861000;70990.0;2621.0;68369.0
861100;70950.0;2621.0;68329.0
861200;71112.0;2663.0;68449.0
861300;71112.0;2663.0;68449.0
861400;70824.0;2495.0;68329.0
861500;71070.0;2621.0;68449.0
861600;71070.0;2621.0;68449.0
861700;70992.0;2663.0;68329.0
861800;70992.0;2663.0;68329.0
861900;71322.0;2873.0;68449.0
862000;71044.0;2675.0;68369.0
862100;71120.0;2711.0;68409.0
862200;71048.0;2639.0;68409.0
862300;71120.0;2711.0;68409.0
862400;71084.0;2675.0;68409.0
862500;71204.0;2675.0;68529.0
862600;71048.0;2639.0;68409.0
862700;71084.0;2675.0;68409.0
862800;71120.0;2711.0;68409.0
862900;71084.0;2675.0;68409.0
863000;71124.0;2675.0;68449.0
863100;71044.0;2675.0;68369.0
863200;71398.0;2549.0;68849.0
863300;71062.0;2693.0;68369.0
863400;71044.0;2675.0;68369.0
863500;71164.0;2675.0;68489.0
863600;70907.5;2418.5;68489.0
863700;71320.0;2711.0;68609.0
863800;71155.0;2666.0;68489.0
863900;71155.0;2666.0;68489.0
864000;71360.0;2711.0;68649.0
864100;71360.0;2711.0;68649.0
864200;70980.0;2531.0;68449.0
864300;70840.0;2711.0;68129.0
864400;71212.5;2643.5;68569.0
864500;71445.0;2756.0;68689.0
864600;71445.0;2756.0;68689.0
864700;71280.0;2711.0;68569.0
864800;71422.5;2733.5;68689.0
864900;71155.0;2666.0;68489.0
865000;71155.0;2666.0;68489.0
865100;71315.0;2666.0;68649.0
865200;71337.5;2688.5;68649.0
865300;71390.0;2621.0;68769.0
865400;71390.0;2621.0;68769.0
865500;71060.0;2531.0;68529.0
865600;71300.0;2531.0;68769.0
865700;71225.0;2576.0;68649.0
865800;71345.0;2576.0;68769.0
865900;71225.0;2576.0;68649.0
866000;71310.0;2621.0;68689.0
866100;71305.0;2576.0;68729.0
866200;71185.0;2576.0;68609.0
866300;71140.0;2531.0;68609.0
866400;71237.5;2508.5;68729.0
866500;71350.0;2621.0;68729.0
866600;71305.0;2576.0;68729.0
866700;71537.5;2688.5;68849.0
866800;71585.0;2576.0;69009.0
866900;71215.0;2486.0;68729.0
867000;71247.5;2598.5;68649.0
867100;71240.0;2351.0;68889.0
867200;71185.0;2576.0;68609.0
867300;71475.0;2666.0;68809.0
867400;71430.0;2621.0;68809.0
867500;71385.0;2576.0;68809.0
867600;71475.0;2666.0;68809.0
867700;71310.0;2621.0;68689.0
867800;71520.0;2711.0;68809.0
867900;71520.0;2711.0;68809.0
868000;71582.5;2733.5;68849.0
868100;71626.0;2737.0;68889.0
868200;71474.0;2585.0;68889.0
868300;71607.0;2718.0;68889.0
868400;71689.0;2680.0;69009.0
868500;71468.0;2699.0;68769.0
868600;71607.0;2718.0;68889.0
868700;71607.0;2718.0;68889.0
868800;71727.0;2718.0;69009.0
868900;71582.0;2813.0;68769.0
869000;71742.0;2813.0;68929.0
869100;71567.0;2718.0;68849.0
869200;71706.0;2737.0;68969.0
869300;71605.0;2756.0;68849.0
869400;71725.0;2756.0;68969.0
869500;71725.0;2756.0;68969.0
869600;71845.0;2756.0;69089.0
869700;71845.0;2756.0;69089.0
869800;71896.0;2927.0;68969.0
869900;71763.0;2794.0;68969.0
870000;71923.0;2794.0;69129.0
870100;71786.0;2737.0;69049.0
870200;71906.0;2737.0;69169.0
870300;71843.0;2794.0;69049.0
870400;71843.0;2794.0;69049.0
870500;71881.0;2832.0;69049.0
870600;71881.0;2832.0;69049.0
870700;71976.0;2927.0;69049.0
870800;71919.0;2870.0;69049.0
870900;71881.0;2832.0;69049.0
871000;71921.0;2832.0;69089.0
871100;72043.0;2794.0;69249.0
871200;71852.0;2603.0;69249.0
871300;71985.0;2856.0;69129.0
871400;72008.0;2879.0;69129.0
871500;71985.0;2856.0;69129.0
871600;71939.0;2810.0;69129.0
871700;71893.0;2764.0;69129.0
871800;71939.0;2810.0;69129.0
871900;71985.0;2856.0;69129.0
872000;71933.0;2764.0;69169.0
872100;71979.0;2810.0;69169.0
872200;72139.0;2810.0;69329.0
872300;72111.0;2902.0;69209.0
872400;72042.0;2833.0;69209.0
872500;72019.0;2810.0;69209.0
872600;71865.0;2856.0;69009.0
872700;71973.0;2764.0;69209.0
872800;72134.0;2925.0;69209.0
872900;72093.0;2764.0;69329.0
873000;72013.0;2764.0;69249.0
873100;72053.0;2764.0;69289.0
873200;72053.0;2764.0;69289.0
873300;72219.0;2810.0;69409.0
873400;72007.0;2718.0;69289.0
873500;72007.0;2718.0;69289.0
873600;72058.0;2649.0;69409.0
873700;71887.0;2718.0;69169.0
873800;72007.0;2718.0;69289.0
873900;71956.0;2787.0;69169.0
874000;72208.0;2879.0;69329.0
874100;72208.0;2879.0;69329.0
874200;72248.0;2879.0;69369.0
874300;72207.0;2718.0;69489.0
874400;71967.0;2718.0;69249.0
874500;72087.0;2718.0;69369.0
874600;72087.0;2718.0;69369.0
874700;72087.0;2718.0;69369.0
874800;71618.0;2649.0;68969.0
874900;72087.0;2718.0;69369.0
875000;72201.0;2672.0;69529.0
875100;72241.0;2672.0;69569.0
875200;72121.0;2672.0;69449.0
875300;72241.0;2672.0;69569.0
875400;72121.0;2672.0;69449.0
875500;72121.0;2672.0;69449.0
875600;72121.0;2672.0;69449.0
875700;72167.0;2718.0;69449.0
875800;72098.0;2649.0;69449.0
875900;72349.5;2900.5;69449.0
876000;72334.0;2725.0;69609.0
876100;72254.0;2725.0;69529.0
876200;72312.5;2783.5;69529.0
876300;72293.0;2764.0;69529.0
876400;72254.0;2725.0;69529.0
876500;72374.0;2725.0;69649.0
876600;72332.0;2803.0;69529.0
876700;72413.0;2764.0;69649.0
876800;72173.0;2764.0;69409.0
876900;72332.0;2803.0;69529.0
877000;72372.0;2803.0;69569.0
877100;72451.0;2842.0;69609.0
877200;72292.0;2803.0;69489.0
877300;72412.0;2803.0;69609.0
877400;72451.0;2842.0;69609.0
877500;72612.5;3003.5;69609.0
877600;72420.0;2811.0;69609.0
877700;72385.0;2776.0;69609.0
877800;72420.0;2811.0;69609.0
877900;72420.0;2811.0;69609.0
878000;72477.5;2828.5;69649.0
878100;72465.0;2776.0;69689.0
878200;72465.0;2776.0;69689.0
878300;72465.0;2776.0;69689.0
878400;72465.0;2776.0;69689.0
878500;72290.0;2601.0;69689.0
878600;72345.0;2776.0;69569.0
878700;72465.0;2776.0;69689.0
878800;72465.0;2776.0;69689.0
878900;72500.0;2811.0;69689.0
879000;72420.0;2811.0;69609.0
879100;72405.0;2636.0;69769.0
879200;72636.0;2867.0;69769.0
879300;72594.0;2825.0;69769.0
879400;72693.0;2804.0;69889.0
879500;72798.0;2909.0;69889.0
879600;72636.0;2867.0;69769.0
879700;72468.0;2699.0;69769.0
879800;72636.0;2867.0;69769.0
879900;72636.0;2867.0;69769.0
880000;72676.0;2867.0;69809.0
880100;72716.0;2867.0;69849.0
880200;72716.0;2867.0;69849.0
880300;72836.0;2867.0;69969.0
880400;72716.0;2867.0;69849.0
880500;72716.0;2867.0;69849.0
880600;72752.0;2783.0;69969.0
880700;72632.0;2783.0;69849.0
880800;72596.0;2867.0;69729.0
880900;72674.0;2825.0;69849.0
881000;72714.0;2825.0;69889.0
881100;72874.0;2825.0;70049.0
881200;72754.0;2825.0;69929.0
881300;72874.0;2825.0;70049.0
881400;72895.0;2966.0;69929.0
881500;72895.0;2966.0;69929.0
881600;72779.5;2850.5;69929.0
881700;72779.5;2850.5;69929.0
881800;72730.0;2801.0;69929.0
881900;72697.0;2768.0;69929.0
882000;72836.0;2867.0;69969.0
882100;72843.0;2834.0;70009.0
882200;72810.0;2801.0;70009.0
882300;72843.0;2834.0;70009.0
882400;72673.5;2784.5;69889.0
882500;72826.5;2817.5;70009.0
882600;72793.5;2784.5;70009.0
882700;72789.5;2660.5;70129.0
882800;72884.5;2875.5;70009.0
882900;72949.0;2940.0;70009.0
883000;72903.0;2854.0;70049.0
883100;73007.5;2918.5;70089.0
883200;72986.0;2897.0;70089.0
883300;72823.0;2854.0;69969.0
883400;72921.5;2832.5;70089.0
883500;72801.5;2832.5;69969.0
883600;72921.5;2832.5;70089.0
883700;72801.5;2832.5;69969.0
883800;72943.0;2854.0;70089.0
883900;72986.0;2897.0;70089.0
884000;72906.0;2897.0;70009.0
884100;72927.5;2918.5;70009.0
884200;72903.0;2854.0;70049.0
884300;72872.5;2703.5;70169.0
884400;72860.0;2811.0;70049.0
884500;73023.0;2854.0;70169.0
884600;73143.0;2854.0;70289.0
884700;73023.0;2854.0;70169.0
884800;73023.0;2854.0;70169.0
884900;73023.0;2854.0;70169.0
885000;73020.0;2811.0;70209.0
885100;73081.5;2832.5;70249.0
885200;73167.5;2918.5;70249.0
885300;73103.0;2854.0;70249.0
885400;73103.0;2854.0;70249.0
885500;73167.5;2918.5;70249.0
885600;73167.5;2918.5;70249.0
885700;73103.0;2854.0;70249.0
885800;73103.0;2854.0;70249.0
885900;73296.5;3047.5;70249.0
886000;73336.5;3047.5;70289.0
886100;72998.5;2789.5;70209.0
886200;73183.0;2854.0;70329.0
886300;73032.5;2703.5;70329.0
886400;73183.0;2854.0;70329.0
886500;73140.0;2811.0;70329.0
886600;72882.0;2553.0;70329.0
886700;73324.5;2875.5;70449.0
886800;73140.0;2811.0;70329.0
886900;73097.0;2768.0;70329.0
887000;73690.5;2961.5;70729.0
887100;73170.5;2961.5;70209.0
887200;73177.0;2768.0;70409.0
887300;73220.0;2811.0;70409.0
887400;73220.0;2811.0;70409.0
887500;73220.0;2811.0;70409.0
887600;73263.0;2854.0;70409.0
887700;73198.5;2789.5;70409.0
887800;73340.0;2811.0;70529.0
887900;73220.0;2811.0;70409.0
888000;73023.5;2574.5;70449.0
888100;73300.0;2811.0;70489.0
888200;73343.0;2854.0;70489.0
888300;73051.0;2682.0;70369.0
888400;73300.0;2811.0;70489.0
888500;73300.0;2811.0;70489.0
888600;73386.0;2897.0;70489.0
888700;73300.0;2811.0;70489.0
888800;73300.0;2811.0;70489.0
888900;73463.0;2854.0;70609.0
889000;73318.5;2789.5;70529.0
889100;73208.0;2639.0;70569.0
889200;73380.0;2811.0;70569.0
889300;73380.0;2811.0;70569.0
889400;73380.0;2811.0;70569.0
889500;73500.0;2811.0;70689.0
889600;73380.0;2811.0;70569.0
889700;73260.0;2811.0;70449.0
889800;73380.0;2811.0;70569.0
889900;73023.0;2854.0;70169.0
890000;73484.5;2875.5;70609.0
890100;73524.5;2875.5;70649.0
890200;73623.0;2854.0;70769.0
890300;73687.5;2918.5;70769.0
890400;73340.0;2811.0;70529.0
890500;73288.0;2639.0;70649.0
890600;73567.5;2918.5;70649.0
890700;73426.0;2897.0;70529.0
890800;73503.0;2854.0;70649.0
890900;73460.0;2811.0;70649.0
891000;73500.0;2811.0;70689.0
891100;73540.0;2811.0;70729.0
891200;73540.0;2811.0;70729.0
891300;73540.0;2811.0;70729.0
891400;73900.0;2811.0;71089.0
891500;73583.0;2854.0;70729.0
891600;73703.0;2854.0;70849.0
891700;73746.0;2897.0;70849.0
891800;73961.5;2832.5;71129.0
891900;73983.0;2854.0;71129.0
892000;73623.0;2854.0;70769.0
892100;73543.0;2854.0;70689.0
892200;73740.0;2811.0;70929.0
892300;73598.5;2789.5;70809.0
892400;73663.0;2854.0;70809.0
892500;73663.0;2854.0;70809.0
892600;73761.5;2832.5;70929.0
892700;73521.5;2832.5;70689.0
892800;73783.0;2854.0;70929.0
892900;74106.0;2897.0;71209.0
893000;73746.0;2897.0;70849.0
893100;73786.0;2897.0;70889.0
893200;73721.5;2832.5;70889.0
893300;73786.0;2897.0;70889.0
893400;73666.0;2897.0;70769.0
893500;73786.0;2897.0;70889.0
893600;73743.0;2854.0;70889.0
893700;74032.0;2983.0;71049.0
893800;73786.0;2897.0;70889.0
893900;73786.0;2897.0;70889.0
894000;73946.0;2897.0;71049.0
894100;73780.0;2811.0;70969.0
894200;73623.0;2854.0;70769.0
894300;73694.0;2725.0;70969.0
894400;73703.0;2854.0;70849.0
894500;73780.0;2811.0;70969.0
894600;73823.0;2854.0;70969.0
894700;73823.0;2854.0;70969.0
894800;73823.0;2854.0;70969.0
894900;73820.0;3011.0;70809.0
895000;73868.0;2859.0;71009.0
895100;73870.0;2821.0;71049.0
895200;73750.0;2821.0;70929.0
895300;73990.0;2821.0;71169.0
895400;73870.0;2821.0;71049.0
895500;73851.0;2802.0;71049.0
895600;73813.0;2764.0;71049.0
895700;73870.0;2821.0;71049.0
895800;73908.0;2859.0;71049.0
895900;73990.0;2821.0;71169.0
896000;73910.0;2821.0;71089.0
896100;73868.0;2859.0;71009.0
896200;73868.0;2859.0;71009.0
896300;73988.0;2859.0;71129.0
896400;73950.0;2821.0;71129.0
896500;74070.0;2821.0;71249.0
896600;74026.0;2897.0;71129.0
896700;74070.0;2821.0;71249.0
896800;74032.0;2783.0;71249.0
896900;73994.0;2745.0;71249.0
897000;73832.0;2783.0;71049.0
897100;73992.0;2783.0;71209.0
897200;74055.0;2726.0;71329.0
897300;73992.0;2783.0;71209.0
897400;73954.0;2745.0;71209.0
897500;73935.0;2726.0;71209.0
897600;73992.0;2783.0;71209.0
897700;73815.0;2726.0;71089.0
897800;73935.0;2726.0;71209.0
897900;73992.0;2783.0;71209.0
898000;74070.0;2821.0;71249.0
898100;73708.0;2859.0;70849.0
898200;74279.0;2990.0;71289.0
898300;74124.0;2835.0;71289.0
898400;74244.0;2835.0;71409.0
898500;74124.0;2835.0;71289.0
898600;73924.0;2835.0;71089.0
898700;74124.0;2835.0;71289.0
898800;74062.0;2773.0;71289.0
898900;74093.0;2804.0;71289.0
899000;74253.0;2804.0;71449.0
899100;74307.0;2938.0;71369.0
899200;74307.0;2818.0;71489.0
899300;74211.0;2842.0;71369.0
899400;74211.0;2842.0;71369.0
899500;74187.0;2818.0;71369.0
899600;74187.0;2818.0;71369.0
899700;74187.0;2818.0;71369.0
899800;74187.0;2818.0;71369.0
899900;74187.0;2818.0;71369.0
900000;74077.0;2668.0;71409.0
900100;74236.0;2787.0;71449.0
900200;74201.0;2872.0;71329.0
900300;74321.0;2872.0;71449.0
900400;74321.0;2872.0;71449.0
900500;73813.0;2804.0;71009.0
900600;74253.0;2804.0;71449.0
900700;74373.0;2804.0;71569.0
900800;74253.0;2804.0;71449.0
900900;74219.0;2770.0;71449.0
901000;74413.0;2804.0;71609.0
901100;74247.0;2838.0;71409.0
901200;74213.0;2804.0;71409.0
901300;74384.0;2855.0;71529.0
901400;74333.0;2804.0;71529.0
901500;74339.0;2810.0;71529.0
901600;74459.0;2810.0;71649.0
901700;74739.0;2810.0;71929.0
901800;73827.0;2698.0;71129.0
901900;74461.5;2932.5;71529.0
902000;74365.0;2796.0;71569.0
902100;74405.0;2796.0;71609.0
902200;74405.0;2796.0;71609.0
902300;74426.0;2817.0;71609.0
902400;74426.0;2817.0;71609.0
902500;74483.0;2754.0;71729.0
902600;74504.0;2775.0;71729.0
902700;74384.0;2775.0;71609.0
902800;74405.0;2796.0;71609.0
902900;74415.5;2806.5;71609.0
903000;74426.0;2817.0;71609.0
903100;74626.0;2817.0;71809.0
903200;74506.0;2817.0;71689.0
903300;74386.0;2817.0;71569.0
903400;74386.0;2817.0;71569.0
903500;74386.0;2817.0;71569.0
903600;74485.0;2796.0;71689.0
903700;74668.0;2859.0;71809.0
903800;74386.0;2817.0;71569.0
903900;74506.0;2817.0;71689.0
904000;74906.0;2817.0;72089.0
904100;74685.0;2796.0;71889.0
904200;74628.0;2859.0;71769.0
904300;74617.5;2848.5;71769.0
904400;74706.0;2817.0;71889.0
904500;74565.0;2796.0;71769.0
904600;74424.0;2775.0;71649.0
904700;74544.0;2775.0;71769.0
904800;74617.5;2848.5;71769.0
904900;74565.0;2796.0;71769.0
905000;74636.5;2827.5;71809.0
905100;74796.5;2827.5;71969.0
905200;74765.0;2796.0;71969.0
905300;74525.0;2796.0;71729.0
905400;74645.0;2796.0;71849.0
905500;74645.0;2796.0;71849.0
905600;74645.0;2796.0;71849.0
905700;74645.0;2796.0;71849.0
905800;74645.0;2796.0;71849.0
905900;74666.0;2817.0;71849.0
906000;74775.0;2886.0;71889.0
906100;74751.0;2822.0;71929.0
906200;74751.0;2822.0;71929.0
906300;74751.0;2822.0;71929.0
906400;74647.0;2838.0;71809.0
906500;75271.0;2822.0;72449.0
906600;74751.0;2822.0;71929.0
906700;74808.0;2719.0;72089.0
906800;74641.0;2712.0;71929.0
906900;74781.0;2852.0;71929.0
907000;74821.0;2852.0;71969.0
907100;74819.0;2810.0;72009.0
907200;74861.0;2852.0;72009.0
907300;74981.0;2852.0;72129.0
907400;74861.0;2852.0;72009.0
907500;74861.0;2852.0;72009.0
907600;74861.0;2852.0;72009.0
907700;74861.0;2852.0;72009.0
907800;74833.0;2824.0;72009.0
907900;74903.0;2894.0;72009.0
908000;74889.0;2880.0;72009.0
908100;74941.0;2852.0;72089.0
908200;74983.0;2894.0;72089.0
908300;74941.0;2852.0;72089.0
908400;74941.0;2852.0;72089.0
908500;74941.0;2852.0;72089.0
908600;74941.0;2852.0;72089.0
908700;74821.0;2852.0;71969.0
908800;74913.0;2824.0;72089.0
908900;74913.0;2824.0;72089.0
909000;74953.0;2824.0;72129.0
909100;75113.0;2824.0;72289.0
909200;74993.0;2824.0;72169.0
909300;74993.0;2824.0;72169.0
909400;74965.0;2796.0;72169.0
909500;74993.0;2824.0;72169.0
909600;74993.0;2824.0;72169.0
909700;75141.0;2852.0;72289.0
909800;75021.0;2852.0;72169.0
909900;75021.0;2852.0;72169.0
910000;75131.0;2922.0;72209.0
910100;75089.5;2960.5;72129.0
910200;75020.5;2891.5;72129.0
910300;75129.0;2880.0;72249.0
910400;75226.0;2857.0;72369.0
910500;75106.0;2857.0;72249.0
910600;74986.0;2857.0;72129.0
910700;75106.0;2857.0;72249.0
910800;75106.0;2857.0;72249.0
910900;75106.0;2857.0;72249.0
911000;75003.0;2834.0;72169.0
911100;75186.0;2857.0;72329.0
911200;75043.0;2834.0;72209.0
911300;75163.0;2834.0;72329.0
911400;75140.0;2811.0;72329.0
911500;75163.0;2834.0;72329.0
911600;75117.0;2788.0;72329.0
911700;75140.0;2811.0;72329.0
911800;75059.5;2730.5;72329.0
911900;75140.0;2811.0;72329.0
912000;75385.5;2776.5;72609.0
912100;75243.0;2834.0;72409.0
912200;75220.0;2811.0;72409.0
912300;75340.0;2811.0;72529.0
912400;75185.5;2776.5;72409.0
912500;75185.5;2776.5;72409.0
912600;75134.5;2845.5;72289.0
912700;75340.0;2811.0;72529.0
912800;75123.0;2834.0;72289.0
912900;75243.0;2834.0;72409.0
913000;75271.5;2822.5;72449.0
913100;75339.0;2890.0;72449.0
913200;75275.0;2786.0;72489.0
913300;75291.0;2802.0;72489.0
913400;75291.0;2802.0;72489.0
913500;75299.0;2810.0;72489.0
913600;75275.0;2786.0;72489.0
913700;75275.0;2786.0;72489.0
913800;75299.0;2810.0;72489.0
913900;75403.0;2794.0;72609.0
914000;75227.0;2818.0;72409.0
914100;75371.0;2802.0;72569.0
914200;75363.0;2794.0;72569.0
914300;75371.0;2802.0;72569.0
914400;75371.0;2802.0;72569.0
914500;75507.0;2818.0;72689.0
914600;75787.0;2818.0;72969.0
914700;75283.0;2834.0;72449.0
914800;75403.0;2834.0;72569.0
914900;75507.0;2818.0;72689.0
915000;75459.0;2850.0;72609.0
915100;75499.0;2850.0;72649.0
915200;75499.0;2850.0;72649.0
915300;75386.0;2737.0;72649.0
915400;75063.0;2854.0;72209.0
915500;75529.0;2880.0;72649.0
915600;75662.0;2893.0;72769.0
915700;75529.0;2880.0;72649.0
915800;75503.0;2854.0;72649.0
915900;75503.0;2854.0;72649.0
916000;75543.0;2854.0;72689.0
916100;75635.0;2906.0;72729.0
916200;75609.0;2880.0;72729.0
916300;75463.0;2854.0;72609.0
916400;75583.0;2854.0;72729.0
916500;75609.0;2880.0;72729.0
916600;75596.0;2867.0;72729.0
916700;75489.0;2880.0;72609.0
916800;75742.0;2893.0;72849.0
916900;75703.0;2854.0;72849.0
917000;75782.0;2893.0;72889.0
917100;75702.0;2893.0;72809.0
917200;75663.0;2854.0;72809.0
917300;75689.0;2880.0;72809.0
917400;75504.0;2815.0;72689.0
917500;75663.0;2854.0;72809.0
917600;75663.0;2854.0;72809.0
917700;75624.0;2815.0;72809.0
917800;75530.0;2841.0;72689.0
917900;75637.0;2828.0;72809.0
918000;75703.0;2854.0;72849.0
918100;75703.0;2854.0;72849.0
918200;75717.0;2828.0;72889.0
918300;75863.0;2854.0;73009.0
918400;75743.0;2854.0;72889.0
918500;75743.0;2854.0;72889.0
918600;75730.0;2841.0;72889.0
918700;75743.0;2854.0;72889.0
918800;76143.0;2854.0;73289.0
918900;75824.0;2815.0;73009.0
919000;75796.0;2867.0;72929.0
919100;75797.0;2828.0;72969.0
919200;75917.0;2828.0;73089.0
919300;75758.0;2789.0;72969.0
919400;75677.0;2828.0;72849.0
919500;75797.0;2828.0;72969.0
919600;75914.0;2945.0;72969.0
919700;75758.0;2789.0;72969.0
919800;75813.0;2724.0;73089.0
919900;75797.0;2828.0;72969.0
920000;75863.0;2854.0;73009.0
920100;75903.0;2854.0;73049.0
920200;75890.0;2841.0;73049.0
920300;75890.0;2841.0;73049.0
920400;75955.0;2906.0;73049.0
920500;75851.0;2802.0;73049.0
920600;75666.0;2737.0;72929.0
920700;75851.0;2802.0;73049.0
920800;75903.0;2854.0;73049.0
920900;75731.0;2802.0;72929.0
921000;76037.0;2828.0;73209.0
921100;75957.0;2828.0;73129.0
921200;75983.0;2854.0;73129.0
921300;75957.0;2828.0;73129.0
921400;75863.0;2854.0;73009.0
921500;75957.0;2828.0;73129.0
921600;76034.0;2905.0;73129.0
921700;75949.0;2820.0;73129.0
921800;76103.0;2854.0;73249.0
921900;75983.0;2854.0;73129.0
922000;76023.0;2854.0;73169.0
922100;76406.0;2837.0;73569.0
922200;76063.0;2854.0;73209.0
922300;75943.0;2854.0;73089.0
922400;76063.0;2854.0;73209.0
922500;76132.0;2803.0;73329.0
922600;76063.0;2854.0;73209.0
922700;75943.0;2854.0;73089.0
922800;76046.0;2837.0;73209.0
922900;75926.0;2837.0;73089.0
923000;76086.0;2837.0;73249.0
923100;76126.0;2837.0;73289.0
923200;76143.0;2854.0;73289.0
923300;76126.0;2837.0;73289.0
923400;76109.0;2820.0;73289.0
923500;76126.0;2837.0;73289.0
923600;76134.5;2845.5;73289.0
923700;76126.0;2837.0;73289.0
923800;76064.5;2895.5;73169.0
923900;76146.0;2857.0;73289.0
924000;76186.0;2857.0;73329.0
924100;75786.0;2857.0;72929.0
924200;76342.5;2853.5;73489.0
924300;76226.0;2857.0;73369.0
924400;76215.5;2846.5;73369.0
924500;76106.0;2857.0;73249.0
924600;76233.0;2864.0;73369.0
924700;76226.0;2857.0;73369.0
924800;76346.0;2857.0;73489.0
924900;76346.0;2857.0;73489.0
925000;76276.5;2867.5;73409.0
925100;76316.5;2867.5;73449.0
925200;76306.0;2857.0;73449.0
925300;76316.5;2867.5;73449.0
925400;76306.0;2857.0;73449.0
925500;76306.0;2857.0;73449.0
925600;76200.0;2871.0;73329.0
925700;76189.5;2860.5;73329.0
925800;76198.5;2869.5;73329.0
925900;76323.0;2874.0;73449.0
926000;76364.5;2875.5;73489.0
926100;76261.0;2852.0;73409.0
926200;76423.0;2894.0;73529.0
926300;76426.5;2897.5;73529.0
926400;76423.0;2894.0;73529.0
926500;76423.0;2894.0;73529.0
926600;76423.0;2894.0;73529.0
926700;76303.0;2894.0;73409.0
926800;76409.0;2880.0;73529.0
926900;76423.0;2894.0;73529.0
927000;76452.5;2883.5;73569.0
927100;76485.5;2876.5;73609.0
927200;76849.0;2880.0;73969.0
927300;76489.0;2880.0;73609.0
927400;76489.0;2880.0;73609.0
927500;76499.5;2890.5;73609.0
927600;76482.0;2873.0;73609.0
927700;76492.5;2883.5;73609.0
927800;76492.5;2883.5;73609.0
927900;76489.0;2880.0;73609.0
928000;76529.0;2880.0;73649.0
928100;76696.0;2887.0;73809.0
928200;76576.0;2887.0;73689.0
928300;76449.0;2880.0;73569.0
928400;76569.0;2880.0;73689.0
928500;76576.0;2887.0;73689.0
928600;76517.0;2828.0;73689.0
928700;76472.0;2903.0;73569.0
928800;76607.0;2918.0;73689.0
928900;76592.0;2903.0;73689.0
929000;76632.0;2903.0;73729.0
929100;76089.5;2880.5;73209.0
929200;76552.0;2903.0;73649.0
929300;76672.0;2903.0;73769.0
929400;76552.0;2903.0;73649.0
929500;76792.0;2903.0;73889.0
929600;76552.0;2903.0;73649.0
929700;76679.5;2910.5;73769.0
929800;76657.0;2888.0;73769.0
929900;77184.5;2895.5;74289.0
930000;76712.0;2903.0;73809.0
930100;76872.0;2903.0;73969.0
930200;76552.0;2903.0;73649.0
930300;76752.0;2903.0;73849.0
930400;76752.0;2903.0;73849.0
930500;76752.0;2903.0;73849.0
930600;76617.0;2888.0;73729.0
930700;76872.0;2903.0;73969.0
930800;76782.0;2933.0;73849.0
930900;76767.0;2918.0;73849.0
931000;76732.0;2963.0;73769.0
931100;76709.5;2940.5;73769.0
931200;76749.5;2940.5;73809.0
931300;76749.5;2940.5;73809.0
931400;76847.0;2918.0;73929.0
931500;76847.0;2918.0;73929.0
931600;76869.5;2940.5;73929.0
931700;76847.0;2918.0;73929.0
931800;76847.0;2918.0;73929.0
931900;76847.0;2918.0;73929.0
932000;76887.0;2918.0;73969.0
932100;76872.0;2903.0;73969.0
932200;76904.5;2895.5;74009.0
932300;76904.5;2895.5;74009.0
932400;76792.0;2903.0;73889.0
932500;76927.0;2918.0;74009.0
932600;76927.0;2918.0;74009.0
932700;76927.0;2918.0;74009.0
932800;76927.0;2918.0;74009.0
932900;76927.0;2918.0;74009.0
933000;76982.0;2933.0;74049.0
933100;76967.0;2918.0;74049.0
933200;76447.0;2918.0;73529.0
933300;77007.0;2918.0;74089.0
933400;77089.5;2880.5;74209.0
933500;76969.5;2880.5;74089.0
933600;77029.5;2940.5;74089.0
933700;76902.0;2933.0;73969.0
933800;77022.0;2933.0;74089.0
933900;77022.0;2933.0;74089.0
934000;77069.5;2940.5;74129.0
934100;77072.0;2903.0;74169.0
934200;77087.0;2918.0;74169.0
934300;76662.0;2933.0;73729.0
934400;77154.5;2985.5;74169.0
934500;77102.0;2933.0;74169.0
934600;77087.0;2918.0;74169.0
934700;77087.0;2918.0;74169.0
934800;77072.0;2903.0;74169.0
934900;77072.0;2903.0;74169.0
935000;77072.0;2903.0;74169.0
935100;77152.0;2903.0;74249.0
935200;77032.0;2903.0;74129.0
935300;77272.0;2903.0;74369.0
935400;77152.0;2903.0;74249.0
935500;77152.0;2903.0;74249.0
935600;77167.0;2918.0;74249.0
935700;77159.5;2910.5;74249.0
935800;77182.0;2933.0;74249.0
935900;77152.0;2903.0;74249.0
936000;76777.0;2888.0;73889.0
936100;77262.0;2933.0;74329.0
936200;77344.5;2895.5;74449.0
936300;77232.0;2903.0;74329.0
936400;77247.0;2918.0;74329.0
936500;77217.0;2888.0;74329.0
936600;76832.0;2903.0;73929.0
936700;77232.0;2903.0;74329.0
936800;77232.0;2903.0;74329.0
936900;77232.0;2903.0;74329.0
937000;77272.0;2903.0;74369.0
937100;77207.0;2918.0;74289.0
937200;77312.0;2903.0;74409.0
937300;76992.0;2903.0;74089.0
937400;77237.0;2948.0;74289.0
937500;77304.5;2895.5;74409.0
937600;77327.0;2918.0;74409.0
937700;77334.5;2925.5;74409.0
937800;77514.5;2985.5;74529.0
937900;77394.5;2985.5;74409.0
938000;77367.0;2918.0;74449.0
938100;77367.0;2918.0;74449.0
938200;77407.0;2918.0;74489.0
938300;77549.5;2940.5;74609.0
938400;77384.5;2895.5;74489.0
938500;77407.0;2918.0;74489.0
938600;77287.0;2918.0;74369.0
938700;77287.0;2918.0;74369.0
938800;77407.0;2918.0;74489.0
938900;77527.0;2918.0;74609.0
939000;77342.0;2933.0;74409.0
939100;77472.0;2903.0;74569.0
939200;77607.0;2918.0;74689.0
939300;77487.0;2918.0;74569.0
939400;77487.0;2918.0;74569.0
939500;77487.0;2918.0;74569.0
939600;77487.0;2918.0;74569.0
939700;77487.0;2918.0;74569.0
939800;77434.5;2865.5;74569.0
939900;77434.5;2865.5;74569.0
940000;77707.0;2978.0;74729.0
940100;77692.0;2923.0;74769.0
940200;77452.0;2923.0;74529.0
940300;77587.0;2938.0;74649.0
940400;77572.0;2923.0;74649.0
940500;77582.0;2933.0;74649.0
940600;77447.0;2918.0;74529.0
940700;77582.0;2933.0;74649.0
940800;77687.0;2918.0;74769.0
940900;77447.0;2918.0;74529.0
941000;77536.0;2847.0;74689.0
941100;77533.0;2924.0;74609.0
941200;77808.0;2959.0;74849.0
941300;77674.0;2945.0;74729.0
941400;77674.0;2945.0;74729.0
941500;77554.0;2945.0;74609.0
941600;77688.0;2959.0;74729.0
941700;77688.0;2959.0;74729.0
941800;77688.0;2959.0;74729.0
941900;77688.0;2959.0;74729.0
942000;77728.0;2959.0;74769.0
942100;77768.0;2959.0;74809.0
942200;77648.0;2959.0;74689.0
942300;77768.0;2959.0;74809.0
942400;77782.0;2973.0;74809.0
942500;77810.0;3001.0;74809.0
942600;77902.0;2973.0;74929.0
942700;77382.0;2973.0;74409.0
942800;77782.0;2973.0;74809.0
942900;77648.0;2959.0;74689.0
943000;77801.0;2952.0;74849.0
943100;78026.0;3017.0;75009.0
943200;77976.0;2967.0;75009.0
943300;77976.0;2967.0;75009.0
943400;77856.0;2967.0;74889.0
943500;77736.0;2967.0;74769.0
943600;77736.0;2967.0;74769.0
943700;77746.0;2977.0;74769.0
943800;77856.0;2967.0;74889.0
943900;77726.0;2957.0;74769.0
944000;77891.0;2962.0;74929.0
944100;77936.0;2967.0;74969.0
944200;77951.0;2982.0;74969.0
944300;77946.0;2977.0;74969.0
944400;77946.0;2977.0;74969.0
944500;77946.0;2977.0;74969.0
944600;77946.0;2977.0;74969.0
944700;77936.0;2967.0;74969.0
944800;77946.0;2977.0;74969.0
944900;77811.0;2962.0;74849.0
945000;77826.0;2977.0;74849.0
945100;78376.0;2967.0;75409.0
945200;77906.0;2977.0;74929.0
945300;78036.0;2987.0;75049.0
945400;78496.0;2967.0;75529.0
945500;78046.0;2997.0;75049.0
945600;78036.0;2987.0;75049.0
945700;78121.0;2952.0;75169.0
945800;78036.0;2987.0;75049.0
945900;78156.0;2987.0;75169.0
946000;78076.0;2987.0;75089.0
946100;78131.0;3002.0;75129.0
946200;78236.0;2987.0;75249.0
946300;78126.0;2997.0;75129.0
946400;78246.0;2997.0;75249.0
946500;78126.0;2997.0;75129.0
946600;78116.0;2987.0;75129.0
946700;78116.0;2987.0;75129.0
946800;78116.0;2987.0;75129.0
946900;78126.0;2997.0;75129.0
947000;78156.0;2987.0;75169.0
947100;78191.0;2982.0;75209.0
947200;78206.0;2997.0;75209.0
947300;78316.0;2987.0;75329.0
947400;78345.0;3016.0;75329.0
947500;78214.0;3005.0;75209.0
947600;78216.0;3007.0;75209.0
947700;78184.0;2975.0;75209.0
947800;78232.0;3023.0;75209.0
947900;78220.0;3011.0;75209.0
948000;78276.0;3027.0;75249.0
948100;78264.0;3015.0;75249.0
948200;78308.0;3019.0;75289.0
948300;78312.0;3023.0;75289.0
948400;78304.0;3015.0;75289.0
948500;78288.0;2999.0;75289.0
948600;78304.0;3015.0;75289.0
948700;78304.0;3015.0;75289.0
948800;78312.0;3023.0;75289.0
948900;78712.0;3023.0;75689.0
949000;78360.0;3031.0;75329.0
949100;78512.0;3023.0;75489.0
949200;78280.0;3031.0;75249.0
949300;78322.0;2953.0;75369.0
949400;78274.0;3025.0;75249.0
949500;78304.0;2935.0;75369.0
949600;78412.0;3043.0;75369.0
949700;78514.0;3025.0;75489.0
949800;78412.0;3043.0;75369.0
949900;78532.0;3043.0;75489.0
950000;78332.0;3043.0;75289.0
950100;78492.0;3043.0;75449.0
950200;78501.0;3052.0;75449.0
950300;78528.0;3079.0;75449.0
950400;78426.0;3097.0;75329.0
950500;78372.0;3043.0;75329.0
950600;78492.0;3043.0;75449.0
950700;78372.0;3043.0;75329.0
950800;78399.0;3070.0;75329.0
950900;78492.0;3043.0;75449.0
951000;78550.0;3061.0;75489.0
951100;78596.0;2947.0;75649.0
951200;78632.0;3103.0;75529.0
951300;78464.0;3055.0;75409.0
951400;78572.0;3043.0;75529.0
951500;78572.0;3043.0;75529.0
951600;78560.0;3031.0;75529.0
951700;78716.0;3067.0;75649.0
951800;78704.0;3055.0;75649.0
951900;78728.0;3079.0;75649.0
952000;78624.0;3055.0;75569.0
952100;78664.0;3055.0;75609.0
952200;78784.0;3055.0;75729.0
952300;78760.0;3031.0;75729.0
952400;78640.0;3031.0;75609.0
952500;78640.0;3031.0;75609.0
952600;78520.0;3031.0;75489.0
952700;78640.0;3031.0;75609.0
952800;78712.0;3103.0;75609.0
952900;78664.0;3055.0;75609.0
953000;78812.0;3043.0;75769.0
953100;78600.0;2911.0;75689.0
953200;78880.0;3071.0;75809.0
953300;78912.0;3103.0;75809.0
953400;78592.0;3023.0;75569.0
953500;78760.0;3071.0;75689.0
953600;78776.0;3087.0;75689.0
953700;78696.0;3007.0;75689.0
953800;78696.0;3007.0;75689.0
953900;78879.5;3190.5;75689.0
954000;78792.0;3103.0;75689.0
954100;78767.0;3078.0;75689.0
954200;78752.0;3103.0;75649.0
954300;78872.0;3103.0;75769.0
954400;78967.0;3078.0;75889.0
954500;78609.5;3040.5;75569.0
954600;78847.0;3078.0;75769.0
954700;78727.0;3078.0;75649.0
954800;78917.0;3028.0;75889.0
954900;78942.0;3053.0;75889.0
955000;78982.0;3053.0;75929.0
955100;78827.0;2978.0;75849.0
955200;79047.0;3078.0;75969.0
955300;78927.0;3078.0;75849.0
955400;78877.0;3028.0;75849.0
955500;78939.5;3090.5;75849.0
955600;79097.0;3128.0;75969.0
955700;78864.5;3015.5;75849.0
955800;78902.0;3053.0;75849.0
955900;78502.0;3053.0;75449.0
956000;78979.5;3090.5;75889.0
956100;78982.0;3053.0;75929.0
956200;79019.5;3090.5;75929.0
956300;78982.0;3053.0;75929.0
956400;79032.0;3103.0;75929.0
956500;78982.0;3053.0;75929.0
956600;78982.0;3053.0;75929.0
956700;79032.0;3103.0;75929.0
956800;79095.0;3166.0;75929.0
956900;79014.0;3085.0;75929.0
957000;79032.0;3103.0;75929.0
957100;78996.0;3067.0;75929.0
957200;79112.0;3103.0;76009.0
957300;79094.0;3085.0;76009.0
957400;78636.0;3067.0;75569.0
957500;79250.0;3121.0;76129.0
957600;79085.0;3076.0;76009.0
957700;78992.0;3103.0;75889.0
957800;79112.0;3103.0;76009.0
957900;79112.0;3103.0;76009.0
958000;79112.0;3103.0;76009.0
958100;79339.0;3130.0;76209.0
958200;79192.0;3103.0;76089.0
958300;79192.0;3103.0;76089.0
958400;79192.0;3103.0;76089.0
958500;79192.0;3103.0;76089.0
958600;79192.0;3103.0;76089.0
958700;79210.0;3121.0;76089.0
958800;79303.0;3094.0;76209.0
958900;79183.0;3094.0;76089.0
959000;79361.0;3112.0;76249.0
959100;79668.0;3139.0;76529.0
959200;79410.0;3121.0;76289.0
959300;79170.0;3121.0;76049.0
959400;79326.0;3157.0;76169.0
959500;79326.0;3157.0;76169.0
959600;79371.0;3202.0;76169.0
959700;79290.0;3121.0;76169.0
959800;79317.0;3148.0;76169.0
959900;79308.0;3139.0;76169.0
960000;79276.0;3067.0;76209.0
960100;79370.0;3121.0;76249.0
960200;79250.0;3121.0;76129.0
960300;79250.0;3121.0;76129.0
960400;78948.0;3139.0;75809.0
960500;79388.0;3139.0;76249.0
960600;79388.0;3139.0;76249.0
960700;79370.0;3121.0;76249.0
960800;79370.0;3121.0;76249.0
960900;79210.0;3121.0;76089.0
961000;79290.0;3121.0;76169.0
961100;79535.0;3206.0;76329.0
961200;79472.0;3143.0;76329.0
961300;79373.0;3164.0;76209.0
961400;79592.0;3143.0;76449.0
961500;79606.0;3157.0;76449.0
961600;79380.0;3171.0;76209.0
961700;79500.0;3171.0;76329.0
961800;79486.0;3157.0;76329.0
961900;79472.0;3143.0;76329.0
962000;79505.0;3136.0;76369.0
962100;79526.0;3157.0;76369.0
962200;79566.0;3157.0;76409.0
962300;79686.0;3157.0;76529.0
962400;79566.0;3157.0;76409.0
962500;79524.0;3115.0;76409.0
962600;79566.0;3157.0;76409.0
962700;79686.0;3157.0;76529.0
962800;79587.0;3178.0;76409.0
962900;79566.0;3157.0;76409.0
963000;79606.0;3157.0;76449.0
963100;79646.0;3157.0;76489.0
963200;79512.0;3143.0;76369.0
963300;79632.0;3143.0;76489.0
963400;79759.0;3150.0;76609.0
963500;79738.0;3129.0;76609.0
963600;79618.0;3129.0;76489.0
963700;80004.0;3115.0;76889.0
963800;79618.0;3129.0;76489.0
963900;79632.0;3143.0;76489.0
964000;79644.0;3115.0;76529.0
964100;79644.0;3115.0;76529.0
964200;79684.0;3115.0;76569.0
964300;79244.0;3115.0;76129.0
964400;79244.0;3115.0;76129.0
964500;79691.0;3122.0;76569.0
964600;79684.0;3115.0;76569.0
964700;79677.0;3108.0;76569.0
964800;79797.0;3108.0;76689.0
964900;79684.0;3115.0;76569.0
965000;79858.0;3129.0;76729.0
965100;79778.0;3129.0;76649.0
965200;79729.0;3080.0;76649.0
965300;79778.0;3129.0;76649.0
965400;79778.0;3129.0;76649.0
965500;79764.0;3115.0;76649.0
965600;79813.0;3164.0;76649.0
965700;79736.0;3087.0;76649.0
965800;79750.0;3101.0;76649.0
965900;79750.0;3101.0;76649.0
966000;79750.0;3101.0;76649.0
966100;79830.0;3101.0;76729.0
966200;79858.0;3129.0;76729.0
966300;79844.0;3115.0;76729.0
966400;79844.0;3115.0;76729.0
966500;79823.0;3094.0;76729.0
966600;79963.0;3114.0;76849.0
966700;79861.0;3132.0;76729.0
966800;79852.0;3123.0;76729.0
966900;79846.0;3117.0;76729.0
967000;79892.0;3123.0;76769.0
967100;79935.0;3126.0;76809.0
967200;80055.0;3126.0;76929.0
967300;79806.0;3117.0;76689.0
967400;79926.0;3117.0;76809.0
967500;79920.0;3111.0;76809.0
967600;79926.0;3117.0;76809.0
967700;79926.0;3117.0;76809.0
967800;79926.0;3117.0;76809.0
967900;80326.0;3117.0;77209.0
968000;79960.0;3111.0;76849.0
968100;79883.0;3114.0;76769.0
968200;80006.0;3117.0;76889.0
968300;80126.0;3117.0;77009.0
968400;80126.0;3117.0;77009.0
968500;80006.0;3117.0;76889.0
968600;79880.0;3111.0;76769.0
968700;80009.0;3120.0;76889.0
968800;80006.0;3117.0;76889.0
968900;80003.0;3114.0;76889.0
969000;79982.0;3053.0;76929.0
969100;80061.0;3092.0;76969.0
969200;80061.0;3092.0;76969.0
969300;80100.0;3131.0;76969.0
969400;80113.0;3144.0;76969.0
969500;80100.0;3131.0;76969.0
969600;80220.0;3131.0;77089.0
969700;80233.0;3144.0;77089.0
969800;80106.5;3137.5;76969.0
969900;80080.5;3111.5;76969.0
970000;79740.0;3131.0;76609.0
970100;80167.0;3118.0;77049.0
970200;80180.0;3131.0;77049.0
970300;80060.0;3131.0;76929.0
970400;80180.0;3131.0;77049.0
970500;80180.0;3131.0;77049.0
970600;80167.0;3118.0;77049.0
970700;80580.0;3131.0;77449.0
970800;80167.0;3118.0;77049.0
970900;80167.0;3118.0;77049.0
971000;80327.0;3118.0;77209.0
971100;80354.0;3105.0;77249.0
971200;80260.0;3131.0;77129.0
971300;80260.0;3131.0;77129.0
971400;80279.5;3150.5;77129.0
971500;80273.0;3144.0;77129.0
971600;80260.0;3131.0;77129.0
971700;80266.5;3137.5;77129.0
971800;80127.0;3118.0;77009.0
971900;80266.5;3137.5;77129.0
972000;80287.0;3118.0;77169.0
972100;80327.0;3118.0;77209.0
972200;80207.0;3118.0;77089.0
972300;80207.0;3118.0;77089.0
972400;80346.5;3137.5;77209.0
972500;80327.0;3118.0;77209.0
972600;80327.0;3118.0;77209.0
972700;80366.0;3157.0;77209.0
972800;80327.0;3118.0;77209.0
972900;80327.0;3118.0;77209.0
973000;80367.0;3118.0;77249.0
973100;80407.0;3118.0;77289.0
973200;80426.5;3137.5;77289.0
973300;80407.0;3118.0;77289.0
973400;80426.5;3137.5;77289.0
973500;80420.0;3131.0;77289.0
973600;80420.0;3131.0;77289.0
973700;80439.5;3150.5;77289.0
973800;80477.5;3188.5;77289.0
973900;80477.5;3188.5;77289.0
974000;80468.0;3139.0;77329.0
974100;80508.0;3139.0;77369.0
974200;80490.0;3121.0;77369.0
974300;80499.0;3130.0;77369.0
974400;80379.0;3130.0;77249.0
974500;80481.0;3112.0;77369.0
974600;80499.0;3130.0;77369.0
974700;80490.0;3121.0;77369.0
974800;80490.0;3121.0;77369.0
974900;80490.0;3121.0;77369.0
975000;80485.5;3116.5;77369.0
975100;80579.0;3130.0;77449.0
975200;80570.0;3121.0;77449.0
975300;80588.0;3139.0;77449.0
975400;80588.0;3139.0;77449.0
975500;80450.0;3121.0;77329.0
975600;80450.0;3121.0;77329.0
975700;80579.0;3130.0;77449.0
975800;80570.0;3121.0;77449.0
975900;80579.0;3130.0;77449.0
976000;80721.0;3112.0;77609.0
976100;80659.0;3130.0;77529.0
976200;80659.0;3130.0;77529.0
976300;80650.0;3121.0;77529.0
976400;80659.0;3130.0;77529.0
976500;80645.5;3116.5;77529.0
976600;80645.5;3116.5;77529.0
976700;80659.0;3130.0;77529.0
976800;80659.0;3130.0;77529.0
976900;80539.0;3130.0;77409.0
977000;80712.5;3143.5;77569.0
977100;80739.0;3130.0;77609.0
977200;80312.5;3143.5;77169.0
977300;80667.0;3058.0;77609.0
977400;80757.0;3148.0;77609.0
977500;80923.0;3194.0;77729.0
977600;80767.0;3158.0;77609.0
977700;80787.0;3178.0;77609.0
977800;80767.0;3158.0;77609.0
977900;80767.0;3158.0;77609.0
978000;80807.0;3158.0;77649.0
978100;80975.0;3166.0;77809.0
978200;80847.0;3158.0;77689.0
978300;80975.0;3166.0;77809.0
978400;80719.0;3150.0;77569.0
978500;80847.0;3158.0;77689.0
978600;81247.0;3158.0;78089.0
978700;80983.0;3174.0;77809.0
978800;80855.0;3166.0;77689.0
978900;80847.0;3158.0;77689.0
979000;80895.0;3166.0;77729.0
979100;81055.0;3166.0;77889.0
979200;80935.0;3166.0;77769.0
979300;80935.0;3166.0;77769.0
979400;80935.0;3166.0;77769.0
979500;80935.0;3166.0;77769.0
979600;80935.0;3166.0;77769.0
979700;80943.0;3174.0;77769.0
979800;80943.0;3174.0;77769.0
979900;80931.0;3162.0;77769.0
980000;81099.0;3170.0;77929.0
980100;81143.0;3174.0;77969.0
980200;81023.0;3174.0;77849.0
980300;80911.0;3182.0;77729.0
980400;81015.0;3166.0;77849.0
980500;81023.0;3174.0;77849.0
980600;81011.0;3162.0;77849.0
980700;81023.0;3174.0;77849.0
980800;80903.0;3174.0;77729.0
980900;81023.0;3174.0;77849.0
981000;81175.0;3166.0;78009.0
981100;80979.0;3170.0;77809.0
981200;80671.0;3182.0;77489.0
981300;81231.0;3182.0;78049.0
981400;81111.0;3182.0;77929.0
981500;81111.0;3182.0;77929.0
981600;81119.0;3190.0;77929.0
981700;81119.0;3190.0;77929.0
981800;81239.0;3190.0;78049.0
981900;81107.0;3178.0;77929.0
982000;81167.0;3198.0;77969.0
982100;81199.0;3190.0;78009.0
982200;81199.0;3190.0;78009.0
982300;81083.0;3194.0;77889.0
982400;81199.0;3190.0;78009.0
982500;81199.0;3190.0;78009.0
982600;81199.0;3190.0;78009.0
982700;81191.0;3182.0;78009.0
982800;81191.0;3182.0;78009.0
982900;81191.0;3182.0;78009.0
983000;81231.0;3182.0;78049.0
983100;81263.0;3174.0;78089.0
983200;81143.0;3174.0;77969.0
983300;81263.0;3174.0;78089.0
983400;81263.0;3174.0;78089.0
983500;81147.0;3178.0;77969.0
983600;81143.0;3174.0;77969.0
983700;81155.0;3186.0;77969.0
983800;81259.0;3170.0;78089.0
983900;81255.0;3166.0;78089.0
984000;81295.0;3166.0;78129.0
984100;81475.0;3186.0;78289.0
984200;81379.0;3210.0;78169.0
984300;81343.0;3174.0;78169.0
984400;81351.0;3182.0;78169.0
984500;81375.0;3206.0;78169.0
984600;81255.0;3206.0;78049.0
984700;81375.0;3206.0;78169.0
984800;81255.0;3206.0;78049.0
984900;81375.0;3206.0;78169.0
985000;80895.0;3206.0;77689.0
985100;81455.0;3206.0;78249.0
985200;81431.0;3182.0;78249.0
985300;81439.0;3190.0;78249.0
985400;81399.0;3150.0;78249.0
985500;81439.0;3190.0;78249.0
985600;81439.0;3190.0;78249.0
985700;81343.0;3214.0;78129.0
985800;81295.0;3166.0;78129.0
985900;81559.0;3190.0;78369.0
986000;81479.0;3190.0;78289.0
986100;81399.0;3190.0;78209.0
986200;81415.0;3206.0;78209.0
986300;81495.0;3166.0;78329.0
986400;81519.0;3190.0;78329.0
986500;81639.0;3190.0;78449.0
986600;81639.0;3190.0;78449.0
986700;81615.0;3166.0;78449.0
986800;81647.0;3198.0;78449.0
986900;81527.0;3198.0;78329.0
987000;81575.0;3206.0;78369.0
987100;81599.0;3190.0;78409.0
987200;81567.0;3158.0;78409.0
987300;81583.0;3174.0;78409.0
987400;81463.0;3174.0;78289.0
987500;81599.0;3190.0;78409.0
987600;81479.0;3190.0;78289.0
987700;81719.0;3190.0;78529.0
987800;81583.0;3174.0;78409.0
987900;81463.0;3174.0;78289.0
988000;81479.0;3150.0;78329.0
988100;81663.0;3174.0;78489.0
988200;81783.0;3174.0;78609.0
988300;82023.0;3174.0;78849.0
988400;81783.0;3174.0;78609.0
988500;81663.0;3174.0;78489.0
988600;81639.0;3150.0;78489.0
988700;81519.0;3030.0;78489.0
988800;81519.0;3030.0;78489.0
988900;81663.0;3174.0;78489.0
989000;81823.0;3174.0;78649.0
989100;81743.0;3174.0;78569.0
989200;81623.0;3174.0;78449.0
989300;81623.0;3174.0;78449.0
989400;81791.0;3222.0;78569.0
989500;81671.0;3222.0;78449.0
989600;81851.0;3282.0;78569.0
989700;81743.0;3174.0;78569.0
989800;81767.0;3198.0;78569.0
989900;81743.0;3174.0;78569.0
990000;81795.0;3186.0;78609.0
990100;81739.0;3090.0;78649.0
990200;81823.0;3174.0;78649.0
990300;81787.0;3138.0;78649.0
990400;81883.0;3234.0;78649.0
990500;81679.0;3150.0;78529.0
990600;81823.0;3174.0;78649.0
990700;81799.0;3150.0;78649.0
990800;81847.0;3198.0;78649.0
990900;81823.0;3174.0;78649.0
991000;81863.0;3174.0;78689.0
991100;81783.0;3174.0;78609.0
991200;81903.0;3174.0;78729.0
991300;81915.0;3186.0;78729.0
991400;82063.0;3174.0;78889.0
991500;81879.0;3150.0;78729.0
991600;81679.0;3150.0;78529.0
991700;81879.0;3150.0;78729.0
991800;81903.0;3174.0;78729.0
991900;81759.0;3150.0;78609.0
992000;81799.0;3150.0;78649.0
992100;81959.0;3150.0;78809.0
992200;81935.0;3126.0;78809.0
992300;81935.0;3126.0;78809.0
992400;81935.0;3126.0;78809.0
992500;81983.0;3174.0;78809.0
992600;81923.0;3114.0;78809.0
992700;81959.0;3150.0;78809.0
992800;81935.0;3126.0;78809.0
992900;81983.0;3174.0;78809.0
993000;81999.0;3150.0;78849.0
993100;82063.0;3174.0;78889.0
993200;81855.0;2966.0;78889.0
993300;82127.0;3238.0;78889.0
993400;82042.0;3153.0;78889.0
993500;82059.0;3170.0;78889.0
993600;81939.0;3170.0;78769.0
993700;82042.0;3153.0;78889.0
993800;82059.0;3170.0;78889.0
993900;82179.0;3170.0;79009.0
994000;82116.0;3187.0;78929.0
994100;82190.0;3221.0;78969.0
994200;82190.0;3221.0;78969.0
994300;82139.0;3170.0;78969.0
994400;82259.0;3170.0;79089.0
994500;82208.0;3119.0;79089.0
994600;82105.0;3136.0;78969.0
994700;82225.0;3136.0;79089.0
994800;81985.0;3136.0;78849.0
994900;82019.0;3170.0;78849.0
995000;82264.0;3255.0;79009.0
995100;82665.0;3136.0;79529.0
995200;82253.0;3204.0;79049.0
995300;82253.0;3204.0;79049.0
995400;82253.0;3204.0;79049.0
995500;82253.0;3204.0;79049.0
995600;82253.0;3204.0;79049.0
995700;82304.0;3255.0;79049.0
995800;82185.0;3136.0;79049.0
995900;82219.0;3170.0;79049.0
996000;82259.0;3170.0;79089.0
996100;82401.0;3272.0;79129.0
996200;82299.0;3170.0;79129.0
996300;81859.0;3170.0;78689.0
996400;82299.0;3170.0;79129.0
996500;81756.0;3187.0;78569.0
996600;82265.0;3136.0;79129.0
996700;82145.0;3136.0;79009.0
996800;82299.0;3170.0;79129.0
996900;82316.0;3187.0;79129.0
997000;82236.0;3187.0;79049.0
997100;82379.0;3170.0;79209.0
997200;82379.0;3170.0;79209.0
997300;82430.0;3221.0;79209.0
997400;82277.0;3068.0;79209.0
997500;82379.0;3170.0;79209.0
997600;82413.0;3204.0;79209.0
997700;82430.0;3221.0;79209.0
997800;82413.0;3204.0;79209.0
997900;82327.0;3238.0;79089.0
998000;82487.0;3238.0;79249.0
998100;82493.0;3204.0;79289.0
998200;82561.0;3272.0;79289.0
998300;82493.0;3204.0;79289.0
998400;82493.0;3204.0;79289.0
998500;82373.0;3204.0;79169.0
998600;82527.0;3238.0;79289.0
998700;82647.0;3238.0;79409.0
998800;82509.0;3340.0;79169.0
998900;82493.0;3204.0;79289.0
999000;82413.0;3204.0;79209.0
999100;82573.0;3204.0;79369.0
999200;82453.0;3204.0;79249.0
999300;82573.0;3204.0;79369.0
999400;82504.0;3255.0;79249.0
999500;82573.0;3204.0;79369.0
999600;82573.0;3204.0;79369.0
999700;82573.0;3204.0;79369.0
999800;82624.0;3255.0;79369.0
999900;82573.0;3204.0;79369.0
